slice_id,doi,title,year,in_corpus,evidence_level,on_topic,screened,channelisation_hits,dam_transition_hits,datum_resolved_hits,gauge_comparison_hits,harmonises_datum_hits,historical_as_target_hits,historical_validation_hits,in_situ_only_hits,permanent_tide_hits,quantitative_validation_hits,reports_bathymetry_hits,reports_extent_hits,reports_morphology_hits,reports_vegetation_hits,reports_wse_hits,reports_wse_slope_hits,satellite_observed_hits,satellite_or_dem_hits,spatially_varying_offset_hits,human_checked,human_note
S1_kakhovka_status_quo,10.1029/2023wr036896,The Surface Water and Ocean Topography Mission (SWOT) Prior Lake Database (PLD): Lake Mask and Operational Auxiliaries,2025,False,abstract,False,False,0,0,0,0,0,0,0,0,0,0,0,0,0,0,0,0,0,0,0,False,
S1_kakhovka_status_quo,10.3390/rs16214010,Hydraulics of Time-Variable Water Surface Slope in Rivers Observed by Satellite Altimetry,2024,False,abstract,False,False,0,0,0,0,0,0,0,0,0,0,0,0,0,0,0,0,0,0,0,False,
S1_kakhovka_status_quo,10.1038/s41893-023-01068-x,Impact of the Russia–Ukraine armed conflict on water resources and water infrastructure,2023,False,abstract,False,False,0,0,0,0,0,0,0,0,0,0,0,0,0,0,0,0,0,0,0,False,
S1_kakhovka_status_quo,10.1038/s43247-025-02153-z,The biogeochemical response of the north-western Black Sea to the Kakhovka Dam breach,2025,False,abstract,True,True,0,0,0,0,0,0,0,0,0,0,0,0,0,1,0,0,0,0,0,False,
S1_kakhovka_status_quo,10.1186/s12995-023-00398-y,The environmental health impacts of Russia’s war on Ukraine,2024,False,abstract,True,True,0,0,0,0,0,0,0,0,0,0,0,0,0,1,0,0,0,0,0,False,
S1_kakhovka_status_quo,10.21303/2504-5695.2022.002664,Water reservoirs and the war in Ukraine: environmental problems,2022,False,abstract,False,False,0,0,0,0,0,0,0,0,0,0,0,0,0,0,0,0,0,0,0,False,
S1_kakhovka_status_quo,10.1080/02508060.2023.2247679,The destruction of the Kakhovka dam and its consequences,2023,False,abstract,True,True,0,0,0,0,0,0,0,0,0,0,0,0,0,1,0,0,0,0,0,False,
S1_kakhovka_status_quo,10.3390/w16111483,Multi-Interacting Natural and Anthropogenic Stressors on Freshwater Ecosystems: Their Current Status and Future Prospects for 21st Century,2024,False,abstract,False,False,0,0,0,0,0,0,0,0,0,0,0,0,0,0,0,0,0,0,0,False,
S1_kakhovka_status_quo,10.1029/2024wr038314,Quantification of the Flood Discharge Following the 2023 Kakhovka Dam Breach Using Satellite Remote Sensing,2025,True,full_text,True,True,0,0,0,0,5,0,1,0,0,0,1,50,0,4,39,0,0,0,0,False,
S1_kakhovka_status_quo,10.3390/su13020834,Sustainable Underground Iron Ore Mining in Ukraine with Backfilling Worked-Out Area,2021,False,abstract,False,False,0,0,0,0,0,0,0,0,0,0,0,0,0,0,0,0,0,0,0,False,
S1_kakhovka_status_quo,10.1029/2023ef003910,Rivers and Water Systems as Weapons and Casualties of the Russia‐Ukraine War,2023,True,full_text,True,True,0,0,0,0,0,0,2,0,0,0,0,2,0,9,10,0,0,0,0,False,
S1_kakhovka_status_quo,10.2478/jlecol-2022-0017,The Use of Remote Sensing Data for Investigation of Environmental Consequences of Russia-Ukraine War,2022,True,full_text,True,True,0,0,0,0,0,0,0,0,0,0,0,2,1,17,0,0,0,0,0,False,
S1_kakhovka_status_quo,10.1126/science.adn8655,Environmental effects of the Kakhovka Dam destruction by warfare in Ukraine,2025,False,abstract,True,True,0,0,0,0,0,0,0,0,0,0,1,0,0,2,0,0,0,0,0,False,
S1_kakhovka_status_quo,10.2166/h2oj.2025.058,Dam break analysis of the Nagmati and Dhap dams using HEC-RAS,2025,False,abstract,False,False,0,0,0,0,0,0,0,0,0,0,0,0,0,0,0,0,0,0,0,False,
S1_kakhovka_status_quo,10.1038/s41598-024-54811-5,War drives forest fire risks and highlights the need for more ecologically-sound forest management in post-war Ukraine,2024,False,abstract,False,False,0,0,0,0,0,0,0,0,0,0,0,0,0,0,0,0,0,0,0,False,
S1_kakhovka_status_quo,10.15421/111832,Chemical composition of different types of natural waters in Ukraine,2018,False,abstract,False,False,0,0,0,0,0,0,0,0,0,0,0,0,0,0,0,0,0,0,0,False,
S1_kakhovka_status_quo,10.5194/isprs-archives-xlviii-3-2024-251-2024,Dam Breach Analysis and Damage Assessment of Nova Kakhovka Dam using Satellite data and 1D and 2D Hydrodynamic Modeling,2024,True,full_text,True,True,0,0,0,0,0,0,0,0,0,0,0,16,0,0,1,0,0,0,0,False,
S1_kakhovka_status_quo,10.1038/s41545-025-00459-1,Geographical features and management strategies for microplastic loads in freshwater lakes,2025,False,abstract,False,False,0,0,0,0,0,0,0,0,0,0,0,0,0,0,0,0,0,0,0,False,
S1_kakhovka_status_quo,10.1080/00207233.2024.2314859,Ecology and economics of irrigation in the south of Ukraine following destruction of the Kakhov reservoir,2024,False,abstract,True,True,0,0,0,0,0,0,0,0,0,0,0,0,0,0,0,0,0,0,0,False,
S1_kakhovka_status_quo,10.1080/02508060.2025.2528261,"Hydrosocial territories: imaginaries, materialities, and struggles over knowledge, order and meaning",2025,False,abstract,False,False,0,0,0,0,0,0,0,0,0,0,0,0,0,0,0,0,0,0,0,False,
S1_kakhovka_status_quo,10.1057/s41268-023-00310-5,"The Ukrainian subject, hierarchies of knowledge production and the everyday: An autoethnographic narrative",2023,False,abstract,False,False,0,0,0,0,0,0,0,0,0,0,0,0,0,0,0,0,0,0,0,False,
S1_kakhovka_status_quo,10.1186/s13717-025-00577-1,"Biodiversity effects of the Russia–Ukraine War and the Kakhovka Dam destruction: ecological consequences and predictions for marine, estuarine, and freshwater communities in the northern Black Sea",2025,False,abstract,True,True,0,0,0,0,0,0,1,0,0,0,0,0,0,10,0,0,0,0,0,False,
S1_kakhovka_status_quo,10.3390/w12041104,Assessment of the Dnieper Alluvial Riverbed Stability Affected by Intervention Discharge Downstream of Kaniv Dam,2020,False,abstract,False,False,0,0,0,0,0,0,0,0,0,0,0,0,0,0,0,0,0,0,0,False,
S1_kakhovka_status_quo,10.1002/ece3.8022,Decline of unique Pontocaspian biodiversity in the Black Sea Basin: A review,2021,False,abstract,False,False,0,0,0,0,0,0,0,0,0,0,0,0,0,0,0,0,0,0,0,False,
S1_kakhovka_status_quo,10.1080/00396338.2023.2193092,Ukraine’s Strategy of Attrition,2023,False,abstract,False,False,0,0,0,0,0,0,0,0,0,0,0,0,0,0,0,0,0,0,0,False,
S1_kakhovka_status_quo,10.1038/s44259-025-00099-y,Unravelling the linkages between conflict and antimicrobial resistance,2025,False,abstract,False,False,0,0,0,0,0,0,0,0,0,0,0,0,0,0,0,0,0,0,0,False,
S1_kakhovka_status_quo,10.3389/fenvs.2025.1539520,Impact of war on the environment: ecocide,2025,False,abstract,False,False,0,0,0,0,0,0,0,0,0,0,0,0,0,0,0,0,0,0,0,False,
S1_kakhovka_status_quo,10.59490/jcrfr.2024.0016,Near Real-time Flood Risk Modelling in Response to Increasing Uncertainties in Flood Predictions,2024,False,abstract,True,True,0,0,0,0,0,0,0,0,0,0,0,1,0,0,0,0,0,0,0,False,
S1_kakhovka_status_quo,10.47836/pjst.33.3.14,"Comprehensive Review on Sustainable Dam Infrastructure: Issues and Challenges, Factors Causing Dam Failure and Future Direction in a Globally Changing Climate",2025,False,abstract,False,False,0,0,0,0,0,0,0,0,0,0,0,0,0,0,0,0,0,0,0,False,
S1_kakhovka_status_quo,10.1029/2025wr040585,A Special Collection on Hydrogeodesy in a New Era of Satellites for Better Understanding and Management of Water Resources,2025,False,abstract,False,False,0,0,0,0,0,0,0,0,0,0,0,0,0,0,0,0,0,0,0,False,
S1_kakhovka_status_quo,10.1016/j.wasec.2024.100182,Ukraine’s water security under pressure: Climate change and wartime,2024,False,abstract,True,True,0,0,0,0,0,0,0,0,0,0,0,0,0,0,0,0,0,0,0,False,
S1_kakhovka_status_quo,10.21570/edgg.pg.42.16-22,Ski runs as an alternative habitat for threatened grassland plant species in Japan,2019,False,abstract,False,False,0,0,0,0,0,0,0,0,0,0,0,0,0,0,0,0,0,0,0,False,
S1_kakhovka_status_quo,10.1038/s41559-024-02373-0,A rapid environmental risk assessment of the Kakhovka Dam breach during the Ukraine conflict,2024,False,abstract,True,False,0,0,0,0,0,0,0,0,0,0,0,0,0,0,0,0,0,0,0,False,
S1_kakhovka_status_quo,10.1080/00396338.2024.2309068,Making Attrition Work: A Viable Theory of Victory for Ukraine,2024,False,abstract,False,False,0,0,0,0,0,0,0,0,0,0,0,0,0,0,0,0,0,0,0,False,
S1_kakhovka_status_quo,10.51599/are.2023.09.03.09,Application of accounting for the assessment of war losses for agribusiness enterprises of Ukraine,2023,False,abstract,False,False,0,0,0,0,0,0,0,0,0,0,0,0,0,0,0,0,0,0,0,False,
S1_kakhovka_status_quo,10.1002/wcc.872,Russia in a changing climate,2023,False,abstract,False,False,0,0,0,0,0,0,0,0,0,0,0,0,0,0,0,0,0,0,0,False,
S1_kakhovka_status_quo,10.1080/03066150.2023.2255568,Queen of the fields in wartime: What can Ukrainian corn tell us about the resilience of the global food system?,2023,False,abstract,False,False,0,0,0,0,0,0,0,0,0,0,0,0,0,0,0,0,0,0,0,False,
S1_kakhovka_status_quo,10.1038/s43247-024-01284-z,"Pre-collapse spaceborne deformation monitoring of the Kakhovka dam, Ukraine, from 2017 to 2023",2024,False,abstract,True,True,0,0,0,0,0,0,0,0,0,0,0,3,0,0,0,0,0,0,0,False,
S1_kakhovka_status_quo,10.1080/1943815x.2023.2281920,More river pollution from untreated urban waste due to the Russian-Ukrainian war: a perspective view,2023,False,abstract,False,False,0,0,0,0,0,0,0,0,0,0,0,0,0,0,0,0,0,0,0,False,
S1_kakhovka_status_quo,10.15407/scine20.05.016,Ukraine’s Economy: Resilience Under War and Challenges for Post-War Recovery,2024,False,abstract,False,False,0,0,0,0,0,0,0,0,0,0,0,0,0,0,0,0,0,0,0,False,
S1_kakhovka_status_quo,10.12911/22998993/187961,Natural and Climatic Transformation of the Kakhovka Reservoir after the Destruction of the Dam,2024,False,abstract,True,True,0,0,0,0,0,0,0,0,0,0,0,2,0,2,0,0,0,0,0,False,
S1_kakhovka_status_quo,10.1016/j.jhydrol.2024.131600,Challenges in applying water budget framework for estimating groundwater storage changes from GRACE observations,2024,False,abstract,False,False,0,0,0,0,0,0,0,0,0,0,0,0,0,0,0,0,0,0,0,False,
S1_kakhovka_status_quo,10.21511/ppm.21(3).2023.54,Debt-for-nature or climate swaps in public finance management,2023,False,abstract,False,False,0,0,0,0,0,0,0,0,0,0,0,0,0,0,0,0,0,0,0,False,
S1_kakhovka_status_quo,10.3389/fenvs.2024.1301435,Losses in fishery ecosystem services of the Dnipro river Delta and the Kakhovske reservoir area caused by military actions in Ukraine,2024,False,abstract,True,True,0,0,0,0,0,0,0,0,0,0,0,1,1,8,0,0,0,0,0,False,
S1_kakhovka_status_quo,10.1016/j.nhres.2024.01.006,Remote sensing through the fog of war: Infrastructure damage and environmental change during the Russian-Ukrainian conflict revealed by open-access data,2024,True,full_text,True,True,0,0,0,0,0,0,0,0,0,0,0,37,0,6,0,0,0,0,0,False,
S1_kakhovka_status_quo,10.5194/hess-28-2651-2024,The development of an operational system for estimating irrigation water use reveals socio-political dynamics in Ukraine,2024,False,abstract,True,True,0,0,0,0,0,0,0,0,0,0,0,0,0,0,0,0,0,0,0,False,
S1_kakhovka_status_quo,10.1080/00207233.2024.2320033,The destruction of the Kakhovka dam and the future of the Kakhovske reservoir,2024,False,abstract,True,True,0,0,0,0,0,0,0,0,0,0,0,0,0,1,0,0,0,0,0,False,
S1_kakhovka_status_quo,10.1080/00207233.2024.2314890,Loss of fisheries from destruction of the Kakhovka reservoir,2024,False,abstract,True,True,0,0,0,0,0,0,0,0,0,0,0,0,0,1,0,0,0,0,0,False,
S1_kakhovka_status_quo,10.3389/fmicb.2024.1345684,"Exploring the complex interplay: gut microbiome, stress, and leptospirosis",2024,False,abstract,True,True,0,0,0,0,0,0,0,0,0,0,0,0,0,0,0,0,0,0,0,False,
S1_kakhovka_status_quo,10.5194/esd-15-1179-2024,Negative social tipping dynamics resulting from and reinforcing Earth system destabilization,2024,False,abstract,False,False,0,0,0,0,0,0,0,0,0,0,0,0,0,0,0,0,0,0,0,False,
S1_kakhovka_status_quo,10.3389/fpubh.2024.1394781,Surveillance of human leptospirosis infections in Ukraine between 2018 and 2023,2024,False,abstract,True,True,0,0,0,0,0,0,0,0,0,0,0,0,0,0,0,0,0,0,0,False,
S1_kakhovka_status_quo,10.21203/rs.3.rs-1770802/v1,The use of remote sensing data that is studying the environmental consequences of the Russian invasion of Ukraine,2022,False,abstract,False,False,0,0,0,0,0,0,0,0,0,0,0,0,0,0,0,0,0,0,0,False,
S1_kakhovka_status_quo,10.1080/13642987.2024.2433660,"Ecocide, environmental harm and framework integration at the International Criminal Court",2024,False,abstract,False,False,0,0,0,0,0,0,0,0,0,0,0,0,0,0,0,0,0,0,0,False,
S1_kakhovka_status_quo,10.1016/j.heliyon.2024.e32716,Resistome in a changing environment: Hotspots and vectors of spreading with a focus on the Russian-Ukrainian War,2024,False,abstract,False,False,0,0,0,0,0,0,0,0,0,0,0,0,0,0,0,0,0,0,0,False,
S1_kakhovka_status_quo,10.3390/jmse13010067,Assessing the Black Sea Mesozooplankton Community Following the Nova Kakhovka Dam Breach,2025,False,abstract,True,True,0,0,0,0,0,0,0,0,0,0,0,0,0,1,0,0,0,0,0,False,
S1_kakhovka_status_quo,10.1371/journal.pgph.0003064,Typology and implications of verified attacks on health care in Ukraine in the first 18 months of war,2024,False,abstract,False,False,0,0,0,0,0,0,0,0,0,0,0,0,0,0,0,0,0,0,0,False,
S1_kakhovka_status_quo,10.1177/27538796241287358,The international (in)security order and the climate-conflict-security nexus,2024,False,abstract,False,False,0,0,0,0,0,0,0,0,0,0,0,0,0,0,0,0,0,0,0,False,
S1_kakhovka_status_quo,10.3390/su142012979,Features of Agrarian Sector Deregulation in the Context of Martial Law: Shocks in Food Security,2022,False,abstract,False,False,0,0,0,0,0,0,0,0,0,0,0,0,0,0,0,0,0,0,0,False,
S1_kakhovka_status_quo,10.22215/cjers.v16i2.2765,Implications of the Russian War on Ukraine for Climate Policy and the Geopolitics of Energy,2023,False,abstract,False,False,0,0,0,0,0,0,0,0,0,0,0,0,0,0,0,0,0,0,0,False,
S1_kakhovka_status_quo,10.1111/jfr3.70106,Spatiotemporal Assessment of Affected Population and Built‐Up Area Under Dam‐Breach Scenarios of Kakhovka,2025,False,abstract,True,True,0,0,0,0,0,0,0,0,0,0,0,0,0,0,0,0,0,0,0,False,
S1_kakhovka_status_quo,10.31481/uhmj.32.2023.07,Characteristics of Black Sea dispersion of freshened and polluted transitional waters from the Dnipro-Bug estuary after destruction of the Kakhovka Reservoir dam,2023,False,abstract,True,True,0,0,0,0,0,0,0,0,0,0,0,0,0,0,0,0,0,0,0,False,
S1_kakhovka_status_quo,10.1007/s11269-024-03902-z,Assessing the Catastrophic Environmental Impacts on Dam Breach Using Remote Sensing and Google Earth Engine,2024,False,abstract,False,False,0,0,0,0,0,0,0,0,0,0,0,0,0,0,0,0,0,0,0,False,
S1_kakhovka_status_quo,10.52566/msu-econ1.2024.19,Circular economy as an imperative for sustainable development,2024,False,abstract,False,False,0,0,0,0,0,0,0,0,0,0,0,0,0,0,0,0,0,0,0,False,
S1_kakhovka_status_quo,10.1016/j.ecoser.2025.101725,Understanding the impact of the war on people-nature relationships in Ukraine,2025,False,abstract,False,False,0,0,0,0,0,0,0,0,0,0,0,0,0,0,0,0,0,0,0,False,
S1_kakhovka_status_quo,10.57111/econ/4.2023.23,Determinants of sustainable development in the post-war recovery of Ukraine,2023,False,abstract,False,False,0,0,0,0,0,0,0,0,0,0,0,0,0,0,0,0,0,0,0,False,
S1_kakhovka_status_quo,10.1111/puar.13895,Managing cyberattacks in wartime: The case of Ukraine,2024,False,abstract,False,False,0,0,0,0,0,0,0,0,0,0,0,0,0,0,0,0,0,0,0,False,
S1_kakhovka_status_quo,10.7717/peerj.19607,Hemeroby reveals the dynamics of vegetation cover following the destruction of the Kakhovka Reservoir,2025,False,abstract,True,True,0,0,0,0,0,0,0,0,0,0,0,0,0,15,0,0,0,0,0,False,
S1_kakhovka_status_quo,10.1080/00207233.2023.2245287,"Hidden in plain sight. Global heating, the small water cycle, and the social contract",2023,False,abstract,False,False,0,0,0,0,0,0,0,0,0,0,0,0,0,0,0,0,0,0,0,False,
S1_kakhovka_status_quo,10.12911/22998993/158553,Long-term Changes in the Stability of Agricultural Landscapes in the Areas of Irrigated Agriculture of the Ukraine Steppe Zone,2023,False,abstract,False,False,0,0,0,0,0,0,0,0,0,0,0,0,0,0,0,0,0,0,0,False,
S1_kakhovka_status_quo,10.54337/ijsepm.8112,"Maintaining Ukraine’s grid reliability under rapid growth of renewable electricity share: challenges in the pre-war, war-time, and post-war periods",2024,False,abstract,False,False,0,0,0,0,0,0,0,0,0,0,0,0,0,0,0,0,0,0,0,False,
S1_kakhovka_status_quo,10.1080/01402390.2024.2414079,The war against Ukraine through the prism of Russian military thought,2024,False,abstract,False,False,0,0,0,0,0,0,0,0,0,0,0,0,0,0,0,0,0,0,0,False,
S1_kakhovka_status_quo,10.1038/sj.hdy.6800691,Invasion genetics of a freshwater mussel (Dreissena rostriformis bugensis) in eastern Europe: high gene flow and multiple introductions,2005,False,abstract,False,False,0,0,0,0,0,0,0,0,0,0,0,0,0,0,0,0,0,0,0,False,
S1_kakhovka_status_quo,10.1038/s43247-024-01397-5,Pre-failure operational anomalies of the Kakhovka Dam revealed by satellite data,2024,False,abstract,True,True,0,0,0,0,0,0,0,0,0,0,0,0,1,0,0,0,0,0,0,False,
S1_kakhovka_status_quo,10.32347/2524-0021.2023.44.71-80,The impact of destruction of the Kakhovka dam on the environmental status of the Odesa area of the Black Sea,2023,False,abstract,True,True,0,0,0,0,0,0,0,0,0,0,0,1,0,4,0,0,0,0,0,False,
S1_kakhovka_status_quo,10.31648/aspal.9788,Land degradation in Ukraine as a result of military operations,2025,False,abstract,True,True,0,0,0,0,0,0,0,0,0,0,0,0,2,5,0,0,0,0,0,False,
S1_kakhovka_status_quo,10.1051/kmae/2022023,"Parasite communities and genetic structure of non-native pumpkinseed,Lepomis gibbosus, in different Black Sea drainages of Ukraine",2023,False,abstract,False,False,0,0,0,0,0,0,0,0,0,0,0,0,0,0,0,0,0,0,0,False,
S1_kakhovka_status_quo,10.15421/012418,Complex characteristics of landscape components affected by the disaster at the Ka-hovka Hydropower Plant,2024,False,abstract,False,False,0,0,0,0,0,0,0,0,0,0,0,0,0,0,0,0,0,0,0,False,
S1_kakhovka_status_quo,10.3390/w17162406,Tracing Heavy Metal Pollution in the Romanian Black Sea: A Multi-Matrix Study of Contaminant Profiles and Ecological Risk Across the Continental Shelf and Beyond,2025,False,abstract,False,False,0,0,0,0,0,0,0,0,0,0,0,0,0,0,0,0,0,0,0,False,
S1_kakhovka_status_quo,10.3389/fmars.2024.1248950,Density and abundance estimates of cetaceans in the Black Sea through aerial surveys (ASI/CeNoBS),2024,False,abstract,False,False,0,0,0,0,0,0,0,0,0,0,0,0,0,0,0,0,0,0,0,False,
S1_kakhovka_status_quo,10.2478/jlecol-2024-0014,Natural Processes in the Area of the Former Kakhovske Reservoir After the Destruction of the Kakhovka HPP,2024,False,abstract,True,True,0,0,0,0,0,0,0,0,0,0,0,0,0,1,0,0,0,0,0,False,
S1_kakhovka_status_quo,10.47143/1684-1557/2023.1-2.6,REACTION OF THE MARINE ECOSYSTEM TO THE CONSEQUENCES OF DESTRUCTION OF THE KAKHOVKA RESERVOIR DAM,2023,False,abstract,True,True,0,0,0,0,0,0,0,0,0,0,0,0,0,5,0,0,0,0,0,False,
S1_kakhovka_status_quo,10.21203/rs.3.rs-4137799/v1,"Reach the bottom: plant cover of the former Kakhovka Reservoir, Ukraine",2024,True,full_text,True,True,0,0,0,0,0,0,1,0,0,0,2,11,1,162,2,0,0,0,0,False,
S1_kakhovka_status_quo,10.32846/2306-9716/2023.eco.4-49.2,Analysis of the hydrological situation in the Dnipro-Bug estuary region following the destruction of the Kakhovka hydroelectric power station dam,2023,False,abstract,True,True,0,0,0,0,0,0,0,0,0,0,0,0,0,0,0,0,0,0,0,False,
S1_kakhovka_status_quo,10.31548/forest/1.2024.25,Recovery of Velykyi Luh through ecological restoration of the Kakhovka Reservoir,2024,True,full_text,True,True,0,0,0,0,0,0,24,0,0,0,0,24,1,193,2,0,0,0,0,False,
S1_kakhovka_status_quo,10.54740/ros.2023.017,Hydro-ecological State of Ukrainian Water Bodies Under the Influence of Military Actions,2023,False,abstract,False,False,0,0,0,0,0,0,0,0,0,0,0,0,0,0,0,0,0,0,0,False,
S1_kakhovka_status_quo,10.1109/jstars.2025.3623870,AI-Powered Digital Twin Framework for Land Use Change in Disaster Affected Regions,2025,True,full_text,True,True,0,0,0,0,0,0,6,0,0,0,0,36,0,53,0,0,0,0,0,False,
S1_kakhovka_status_quo,10.15421/112028,"Researches of the chemical composition of surface water in Ukraine, 1920-2020 (review)",2020,False,abstract,False,False,0,0,0,0,0,0,0,0,0,0,0,0,0,0,0,0,0,0,0,False,
S1_kakhovka_status_quo,10.48077/scihor8.2023.127,Financing of Ukrainian agricultural enterprises: Correlation-regression analysis,2023,False,abstract,False,False,0,0,0,0,0,0,0,0,0,0,0,0,0,0,0,0,0,0,0,False,
S1_kakhovka_status_quo,10.15421/012021,Population systems of Eurasian water frogs (Pelophylax) in the south of Ukraine,2020,False,abstract,False,False,0,0,0,0,0,0,0,0,0,0,0,0,0,0,0,0,0,0,0,False,
S1_kakhovka_status_quo,10.1038/sj.hdy.6800395,Dispersal of the Ponto-Caspian amphipod Echinogammarus ischnus: invasion waves from the Pleistocene to the present,2004,False,abstract,False,False,0,0,0,0,0,0,0,0,0,0,0,0,0,0,0,0,0,0,0,False,
S1_kakhovka_status_quo,10.32347/2524-0021.2023.45.5-14,The impact of full-scale armed conflict on water bodies as water supply sources,2023,False,abstract,False,False,0,0,0,0,0,0,0,0,0,0,0,0,0,0,0,0,0,0,0,False,
S1_kakhovka_status_quo,10.2478/euco-2025-0011,Agriculture in Ukraine: Regional and Global Impacts of the War,2025,False,abstract,False,False,0,0,0,0,0,0,0,0,0,0,0,0,0,0,0,0,0,0,0,False,
S1_kakhovka_status_quo,10.15407/scine20.02.003,Sustainable Development Reporting in Emergency Situations,2024,False,abstract,False,False,0,0,0,0,0,0,0,0,0,0,0,0,0,0,0,0,0,0,0,False,
S1_kakhovka_status_quo,10.62271/pjc.16.3.1155.1172,The Impact of EU Criminal Law Policy on the Prevention of Transnational Environmental Crime,2024,False,abstract,False,False,0,0,0,0,0,0,0,0,0,0,0,0,0,0,0,0,0,0,0,False,
S1_kakhovka_status_quo,10.26886/2524-101x.9.5.2023.2,Damage to the Maritime Ecosystems from the Destruction of the Kakhovka Dam and International Mechanisms of its Assessment,2023,False,abstract,True,True,0,0,0,0,0,0,0,0,0,0,0,1,0,2,0,0,0,0,0,False,
S1_kakhovka_status_quo,10.15421/012431,Characteristic of the dried-up zone formed as a result of the breach of the Kahovka dam,2024,False,abstract,False,False,0,0,0,0,0,0,0,0,0,0,0,0,0,0,0,0,0,0,0,False,
S1_kakhovka_status_quo,10.1017/dmp.2024.41,Exploring Cascading Disaster Risk During Complex Emergencies: Chemical Industry Disaster Risk Assessment in the Aftermath of the Kakhovka Dam Bombing in Ukraine,2024,False,abstract,True,True,0,0,0,0,0,0,0,0,0,0,0,1,0,0,0,0,0,0,0,False,
S1_kakhovka_status_quo,10.1007/s42452-025-07404-4,Impact of war on natural and climatic transformation of territories in the irrigation zone of Ukraine,2025,True,full_text,True,True,0,0,0,0,0,0,4,0,0,0,0,19,21,157,8,0,0,0,0,False,
S1_kakhovka_status_quo,10.15421/112019,Use of remote sensing data to study ice cover in the Dnipro Reservoirs,2020,False,abstract,True,True,0,0,0,0,0,0,0,0,0,0,0,1,0,1,0,0,0,0,0,False,
S1_kakhovka_status_quo,10.12912/27197050/192154,The Impact of the Russian Armed Aggression on the Condition of the Water Area of the Dnipro-Buh Estuary System,2024,False,abstract,True,True,0,0,0,0,0,0,0,0,0,0,0,3,0,0,0,0,0,0,0,False,
S1_kakhovka_status_quo,10.3390/w17030302,A Reservoir Dam Monitoring Technology Integrating Improved ABC Algorithm and SVM Algorithm,2025,False,abstract,False,False,0,0,0,0,0,0,0,0,0,0,0,0,0,0,0,0,0,0,0,False,
S1_kakhovka_status_quo,10.32317/2221-1055.202305010,Investment activity in Ukrainian agriculture during the war: New challenges and threats,2023,False,abstract,False,False,0,0,0,0,0,0,0,0,0,0,0,0,0,0,0,0,0,0,0,False,
S1_kakhovka_status_quo,10.1177/0734242x241305909,Exploratory study on the impact of military actions on the environment and infrastructure in the current Ukraine war with a specific focus on waste management,2024,False,abstract,False,False,0,0,0,0,0,0,0,0,0,0,0,0,0,0,0,0,0,0,0,False,
S1_kakhovka_status_quo,10.1038/s43247-025-02826-9,Nutrient asymmetry challenges the sustainability of Ukrainian agriculture,2025,False,abstract,False,False,0,0,0,0,0,0,0,0,0,0,0,0,0,0,0,0,0,0,0,False,
S1_kakhovka_status_quo,10.2478/iclr-2023-0018,Drones on the Frontline: Charting the Use of Drones in the Russo-Ukrainian Conflict and How Their Use May Be Violating International Humanitarian Law,2023,False,abstract,False,False,0,0,0,0,0,0,0,0,0,0,0,0,0,0,0,0,0,0,0,False,
S1_kakhovka_status_quo,10.31481/uhmj.33.2024.05,The impact of the destruction of the Kakhovka reservoir dam on the oceanographic conditions in the north-western part of the Black Sea according to the results of modeling,2024,False,abstract,True,True,0,0,0,0,0,0,0,0,0,0,0,2,1,0,0,0,0,0,0,False,
S1_kakhovka_status_quo,10.15421/012528,Procrustean analysis of the set of spectral indices reveals the transformations in plant community hemeroby and functional structure induced by anthropogenic disasters,2025,False,abstract,True,True,0,0,0,0,0,0,0,0,0,0,0,1,0,14,0,0,0,0,0,False,
S1_kakhovka_status_quo,10.15587/1729-4061.2022.255537,Development of the regulation of hydrobiological monitoring in circulation cooling system of the Zaporizhzhia nuclear power plant,2022,False,abstract,True,True,0,0,0,0,0,0,0,0,0,0,0,0,0,5,0,0,0,0,0,False,
S1_kakhovka_status_quo,10.1525/curh.2023.122.847.301,Interspecies Relations in the Midst of the Russia–Ukraine War,2023,False,abstract,False,False,0,0,0,0,0,0,0,0,0,0,0,0,0,0,0,0,0,0,0,False,
S1_kakhovka_status_quo,10.3390/su172411320,Reconceptualizing Social–Ecological Resilience to Disaster Risks Under Climate Change: A Bibliometric and Theoretical Synthesis,2025,False,abstract,False,False,0,0,0,0,0,0,0,0,0,0,0,0,0,0,0,0,0,0,0,False,
S1_kakhovka_status_quo,10.3390/jmse13112151,Vulnerability of Black Sea Mesozooplankton to Anthropogenic and Climate Forcing,2025,False,abstract,False,False,0,0,0,0,0,0,0,0,0,0,0,0,0,0,0,0,0,0,0,False,
S1_kakhovka_status_quo,10.30516/bilgesci.1072057,The invasive zebra mussel (Dreissena polymorpha) literature review and density reduction synthesis,2022,False,abstract,False,False,0,0,0,0,0,0,0,0,0,0,0,0,0,0,0,0,0,0,0,False,
S1_kakhovka_status_quo,10.1017/ajil.2024.15,A Sleeping Giant? The ENMOD Convention as a Limit on Intentional Environmental Harm in Armed Conflict and Beyond,2024,False,abstract,False,False,0,0,0,0,0,0,0,0,0,0,0,0,0,0,0,0,0,0,0,False,
S1_kakhovka_status_quo,10.1007/s44533-026-00042-8,Two-dimensional HEC-RAS modeling of flood hydrograph generated by a hypothetical Saddle Dam breach: downstream propagation toward Roseires Dam,2026,False,abstract,False,False,0,0,0,0,0,0,0,0,0,0,0,0,0,0,0,0,0,0,0,False,
S1_kakhovka_status_quo,10.26565/2410-7360-2024-61-32,Ecological consequences of the catastrophic destruction of the Kakhovka reservoir dam,2024,False,abstract,True,True,0,0,0,0,0,0,0,0,0,0,0,0,0,1,0,0,0,0,0,False,
S1_kakhovka_status_quo,10.23939/ep2023.04.231,ANALYSIS OF SURFACE WATER QUALITY INDICATORS IN THE DNIPRO-BUG ESTUARY REGION IN THE FIRST MONTHS AFTER THE DESTRUCTION OF THE KAKHOVKA HYDROELECTRIC POWER STATION DAM,2023,False,abstract,True,True,0,0,0,0,0,0,0,0,0,0,0,1,0,0,1,0,0,0,0,False,
S1_kakhovka_status_quo,10.1155/adce/2856022,Downstream Flood Inundation Assessment Due to Dam Breach of Dudhkoshi Storage Hydroelectric Project Using HEC‐RAS 2D,2025,False,abstract,False,False,0,0,0,0,0,0,0,0,0,0,0,0,0,0,0,0,0,0,0,False,
S1_kakhovka_status_quo,10.12912/27197050/202227,Climatic and hydrological conditions for the formation of vegetation cover in the drained Kakhovka reservoir’s territory,2025,False,abstract,True,True,0,0,0,0,0,0,1,0,0,0,0,0,0,17,0,0,0,0,0,False,
S1_kakhovka_status_quo,10.17721/2306-5680.2022.4.1,"FEATURES OF THE HYDROGRAPHY OF EUROPE: RIVERS, LAKES, RESERVOIRS",2022,False,abstract,True,True,0,0,0,0,0,0,0,0,0,0,0,1,0,0,0,0,0,0,0,False,
S1_kakhovka_status_quo,10.31481/uhmj.32.2023.05,Average condition and seasonal variability of the structure and dynamics of transitional waters in the Dnieper-Bug estuary region,2023,False,abstract,True,True,0,0,0,0,0,0,0,0,0,0,0,0,0,0,0,0,0,0,0,False,
S1_kakhovka_status_quo,10.33271/mining17.04.116,Analyzing stability of protective structures as the elements of geotechnical tailing pond safety,2023,False,abstract,False,False,0,0,0,0,0,0,0,0,0,0,0,0,0,0,0,0,0,0,0,False,
S1_kakhovka_status_quo,10.32620/reks.2024.2.01,Research on the state of areas in Ukraine affected by military actions based on remote sensing data and deep learning architectures,2024,True,full_text,True,True,0,0,0,0,0,0,0,0,0,0,0,79,0,0,0,0,0,0,0,False,
S1_kakhovka_status_quo,10.14712/23361964.2024.2,International humanitarian law and ecocide: the war in Ukraine as a case study,2024,False,abstract,False,False,0,0,0,0,0,0,0,0,0,0,0,0,0,0,0,0,0,0,0,False,
S1_kakhovka_status_quo,10.51599/are.2025.11.02.06,"Ukrainian agriculture during the full-scale Russian-Ukrainian war: consequences, policy responses and recovery strategies",2025,False,abstract,False,False,0,0,0,0,0,0,0,0,0,0,0,0,0,0,0,0,0,0,0,False,
S1_kakhovka_status_quo,10.37868/sei.v5i2.id236,Ukraine’s energy supply in the defense sector: The first lessons of war,2023,False,abstract,False,False,0,0,0,0,0,0,0,0,0,0,0,0,0,0,0,0,0,0,0,False,
S1_kakhovka_status_quo,10.31743/sp.16745,Crime of ecocide in Ukraine – environmental consequences of Russian military aggression,2024,False,abstract,False,False,0,0,0,0,0,0,0,0,0,0,0,0,0,0,0,0,0,0,0,False,
S1_kakhovka_status_quo,10.1007/s41134-024-00329-9,Navigating Minefields: Social Work with People with Disabilities in the Context of War,2024,False,abstract,False,False,0,0,0,0,0,0,0,0,0,0,0,0,0,0,0,0,0,0,0,False,
S1_kakhovka_status_quo,10.1016/j.onehlt.2024.100944,Geographical factors and air raid alarms influence leptospirosis epidemiology in Ukraine (2018–2023),2024,False,abstract,False,False,0,0,0,0,0,0,0,0,0,0,0,0,0,0,0,0,0,0,0,False,
S1_kakhovka_status_quo,10.3390/en17081945,Assessment of Spent Nuclear Fuel in Ukrainian Storage System: Inventory and Performance,2024,False,abstract,False,False,0,0,0,0,0,0,0,0,0,0,0,0,0,0,0,0,0,0,0,False,
S1_kakhovka_status_quo,10.3390/phycology5030039,Planktonic Trophic Transitions in the Black Sea: Functional Perspectives and Ecosystem Policy Relevance,2025,False,abstract,False,False,0,0,0,0,0,0,0,0,0,0,0,0,0,0,0,0,0,0,0,False,
S1_kakhovka_status_quo,10.36690/2674-5208-2023-2-51-59,THE MAIN LOSSES OF THE UKRAINIAN ENERGY SYSTEM AS A RESULT OF MASSIVE ATTACKS BY RUSSIA,2023,False,abstract,False,False,0,0,0,0,0,0,0,0,0,0,0,0,0,0,0,0,0,0,0,False,
S1_kakhovka_status_quo,10.7494/geom.2018.12.2.19,Assessment of Observation Network and State of Exploration as to Groundwater Dynamics within Ukrainian Hydrogeological Province of Dnieper River,2018,False,abstract,False,False,0,0,0,0,0,0,0,0,0,0,0,0,0,0,0,0,0,0,0,False,
S1_kakhovka_status_quo,10.3389/frwa.2025.1567262,Water security in the polycrisis: between negative and positive tipping points,2025,False,abstract,False,False,0,0,0,0,0,0,0,0,0,0,0,0,0,0,0,0,0,0,0,False,
S1_kakhovka_status_quo,10.1525/curh.2024.123.855.249,How War Is Rebordering Ukraine,2024,False,abstract,False,False,0,0,0,0,0,0,0,0,0,0,0,0,0,0,0,0,0,0,0,False,
S1_kakhovka_status_quo,10.2478/eko-2022-0009,The Ornithological Zoning of the Azov–Black Sea Dry Steppe Enclave of Europe,2022,False,abstract,False,False,0,0,0,0,0,0,0,0,0,0,0,0,0,0,0,0,0,0,0,False,
S1_kakhovka_status_quo,10.2478/jlecol-2024-0008,The Impact of the Kakhovka Dam Destruction on the Water Temperature in the Lower Reaches of the Dnipro River and the Former Kakhovske Reservoir,2024,False,abstract,True,True,0,0,0,0,0,0,0,0,0,0,0,0,0,0,0,0,0,0,0,False,
S1_kakhovka_status_quo,10.63095/nbseh.25.290237,The Kakhovka Sea Before and After the Destruction of the Kakhovka Dam,2025,False,abstract,True,True,0,0,0,0,0,0,0,0,0,0,0,0,0,0,0,0,0,0,0,False,
S1_kakhovka_status_quo,10.1016/j.scib.2024.03.038,Multifaceted impacts of Ukraine’s Kakhovka Dam destruction,2024,False,abstract,True,False,0,0,0,0,0,0,0,0,0,0,0,0,0,0,0,0,0,0,0,False,
S1_kakhovka_status_quo,10.2478/jlecol-2025-0023,Scenarios for the Functioning of the Kakhovka Reservoir Territory,2025,False,abstract,True,True,0,0,0,0,0,0,0,0,0,0,0,0,0,2,0,0,0,0,0,False,
S1_kakhovka_status_quo,10.32347/2524-0021.2023.44.19-28,Consequences of the Kakhovka Reservoir destruction for irrigation and water supply of the southern part of Ukraine,2023,False,abstract,True,True,0,0,0,0,0,0,1,0,0,0,0,1,1,0,0,0,0,0,0,False,
S1_kakhovka_status_quo,10.33002/jelp040104,Environmental Consequences of the Kakhovka H.P.P. Destruction in Ukraine: Challenge and Opportunity for International Justice,2024,False,abstract,True,True,0,0,0,0,0,0,0,0,0,0,0,0,0,1,0,0,0,0,0,False,
S1_kakhovka_status_quo,10.30970/sbi.1903.838,The future of the Kakhovka Reservoir after ecocide: afforestation and ecosystem service recovery through emergent willow-popular communities,2025,False,abstract,True,True,0,0,0,0,0,0,0,0,0,0,1,0,0,16,0,0,0,0,0,False,
S1_kakhovka_status_quo,10.15407/ukrbotj82.05.488,Initial stages of revegetation at the bottom of the drained Kakhovka Reservoir (Ukraine): synthesis of field surveys and remote sensing,2025,True,full_text,True,True,0,0,0,0,0,0,1,0,0,0,4,14,4,221,3,0,0,0,0,False,
S1_kakhovka_status_quo,10.15587/1729-4061.2020.208467,Application of a logical-probabilistic method of failure and fault trees for predicting emergency situations at pressure hydraulic facilities (the case of Kakhovka hydroelectric complex),2020,False,abstract,True,True,0,0,0,0,0,0,0,0,0,0,0,0,0,0,0,0,0,0,0,False,
S1_kakhovka_status_quo,10.1038/s41598-025-15094-6,Correlation analysis and comprehensive evaluation of dam safety monitoring at Silin hydropower station,2025,False,abstract,False,False,0,0,0,0,0,0,0,0,0,0,0,0,0,0,0,0,0,0,0,False,
S1_kakhovka_status_quo,10.24144/2307-3322.2023.78.2.24,Ecocide in National and International Criminal Law: current challenges and prospects for legal regulation,2023,False,abstract,True,True,0,0,0,0,0,0,1,0,0,0,0,1,0,5,0,0,0,0,0,False,
S1_kakhovka_status_quo,10.5604/01.3001.0053.9115,CBRN THREATS TO UKRAINE DURING THE RUSSIAN AGGRESSION: MITIGATING GAMMA RADIATION HAZARDS-INNOVATIVE COUNTERMEASURES AND DECONTAMINATION STRATEGIES IN THE CONTEXT OF POTENTIAL DESTRUCTION OF THE ZAPORIZHZHIANUCLEAR POWER PLANT,2023,False,abstract,False,False,0,0,0,0,0,0,0,0,0,0,0,0,0,0,0,0,0,0,0,False,
S1_kakhovka_status_quo,10.2305/wuer4443,The State of Ukraine's Protected Areas: an interim update on damages from the full-scale invasion,2023,False,abstract,False,False,0,0,0,0,0,0,0,0,0,0,0,0,0,0,0,0,0,0,0,False,
S1_kakhovka_status_quo,10.32566/ah.2024.2.5,The Crime of Ecocide through Human Rights Approach,2024,False,abstract,False,False,0,0,0,0,0,0,0,0,0,0,0,0,0,0,0,0,0,0,0,False,
S1_kakhovka_status_quo,10.1017/s1816383123000255,Criminalizing reprisals against the natural environment,2023,False,abstract,False,False,0,0,0,0,0,0,0,0,0,0,0,0,0,0,0,0,0,0,0,False,
S1_kakhovka_status_quo,10.1108/jd-10-2023-0203,Fact-checking of political information about the Russo-Ukrainian conflict,2024,False,abstract,False,False,0,0,0,0,0,0,0,0,0,0,0,0,0,0,0,0,0,0,0,False,
S1_kakhovka_status_quo,10.1016/j.segy.2024.100142,Water resiliency score – Is relying on freshwater to generate electricity a good idea?,2024,False,abstract,False,False,0,0,0,0,0,0,0,0,0,0,0,0,0,0,0,0,0,0,0,False,
S1_kakhovka_status_quo,10.3389/frwa.2024.1447378,"Southern Bug River: water security and climate changes perspectives for post-war city of Mykolaiv, Ukraine",2024,False,abstract,False,False,0,0,0,0,0,0,0,0,0,0,0,0,0,0,0,0,0,0,0,False,
S1_kakhovka_status_quo,10.32999/ksu1990-553x/2024-20-3-5,Перший рік відновлення заплавних лісів на дні колишнього Каховського водосховища,2024,False,abstract,False,False,0,0,0,0,0,0,0,0,0,0,0,0,0,0,0,0,0,0,0,False,
S1_kakhovka_status_quo,10.32782/2524-0072/2023-52-67,"ВНУТРІШНІЙ ТУРИЗМ УКРАЇНИ: ТЕНДЕНЦІЇ, ПРОБЛЕМИ ТА МОЖЛИВОСТІ РОЗВИТКУ У ВОЄННИЙ ПЕРІОД",2023,False,abstract,False,False,0,0,0,0,0,0,0,0,0,0,0,0,0,0,0,0,0,0,0,False,
S1_kakhovka_status_quo,10.25225/jvb.24122,"Reproductive traits of the European catfish, Silurus glanis, during the early stages of invasion",2025,False,abstract,False,False,0,0,0,0,0,0,0,0,0,0,0,0,0,0,0,0,0,0,0,False,
S1_kakhovka_status_quo,10.31648/sw.9567,Embracing the Philosophy of Responsible Citizenship - On a Path to Ukraine's Societal Transformation,2023,False,abstract,False,False,0,0,0,0,0,0,0,0,0,0,0,0,0,0,0,0,0,0,0,False,
S1_kakhovka_status_quo,10.1017/s0016774600022642,The fluvial archive of the Middle and Lower Dnieper (a review),2002,False,abstract,False,False,0,0,0,0,0,0,0,0,0,0,0,0,0,0,0,0,0,0,0,False,
S1_kakhovka_status_quo,10.24425/agg.2023.146162,The Nova Kakhovka dam collapse flooding as seen from Sentinel-1 SAR satellite images,2024,False,abstract,True,True,0,0,0,0,0,0,0,0,0,0,0,5,0,0,2,0,0,0,0,False,
S1_kakhovka_status_quo,10.1109/jstars.2025.3592368,Flooded and Irrigation Area Monitoring After the Kakhovka Dam Disaster Based on Machine Learning and Satellite Data,2025,True,full_text,True,True,0,0,0,0,0,0,0,0,0,0,0,33,0,15,5,0,0,0,0,False,
S1_kakhovka_status_quo,10.1007/s11258-026-01634-1,Functional diversity shifts and ruderalisation of floodplain in the early post-disturbance stage after wartime dam destruction in Ukraine,2026,False,abstract,True,True,0,0,0,0,0,0,0,0,0,0,0,0,0,5,0,0,0,0,0,False,
S1_kakhovka_status_quo,10.32347/2411-4049.2021.4.73-99,Probability assessment of the Kyiv reservoir overflow,2021,False,abstract,False,False,0,0,0,0,0,0,0,0,0,0,0,0,0,0,0,0,0,0,0,False,
S1_kakhovka_status_quo,10.1093/jicj/mqae004,Environmental Damage in Ukraine as Environmental War Crime under the Rome Statute,2024,False,abstract,True,True,0,0,0,0,0,0,0,0,0,0,0,0,0,0,0,0,0,0,0,False,
S1_kakhovka_status_quo,10.5194/egusphere-2023-2479,The development of an operational system for estimating irrigation water use reveals socio-political dynamics in Ukraine,2023,False,abstract,True,True,0,0,0,0,0,0,0,0,0,0,0,0,0,0,0,0,0,0,0,False,
S1_kakhovka_status_quo,10.32347/2411-4049.2019.3.33-45,Feasibility analysis of construction of new hydropower plants in Ukraine taking into account the risk of unused possibilities,2019,False,abstract,True,True,0,0,0,0,0,0,0,0,0,0,0,0,0,4,0,0,0,0,0,False,
S1_kakhovka_status_quo,10.26565/2410-7360-2024-60-12,"Manifestations and consequences of water conflicts: case study of the Pechenihy reservoir, Kharkiv region, Ukraine",2024,False,abstract,False,False,0,0,0,0,0,0,0,0,0,0,0,0,0,0,0,0,0,0,0,False,
S1_kakhovka_status_quo,10.14746/rpeis.2024.86.2.01,The Russian invasion of Ukraine: An anti-constitutional moment in international law?,2024,False,abstract,False,False,0,0,0,0,0,0,0,0,0,0,0,0,0,0,0,0,0,0,0,False,
S1_kakhovka_status_quo,10.1016/j.jaridenv.2025.105375,Consequences of human conflicts on aquatic ecosystems in drylands areas: Future management perspective,2025,False,abstract,False,False,0,0,0,0,0,0,0,0,0,0,0,0,0,0,0,0,0,0,0,False,
S1_kakhovka_status_quo,10.1080/13527258.2024.2386699,Remembering the red zones: heritage-making in the more-than-human-worlds of modern conflict,2024,False,abstract,False,False,0,0,0,0,0,0,0,0,0,0,0,0,0,0,0,0,0,0,0,False,
S1_kakhovka_status_quo,10.5821/ace.18.54.12127,Reconstructive Activity in the Context of Urban Life Cycle Phases: the Case of Ukrainian Cities,2024,False,abstract,False,False,0,0,0,0,0,0,0,0,0,0,0,0,0,0,0,0,0,0,0,False,
S1_kakhovka_status_quo,10.32317/ekon.apk/6.2024.10,Assessment of the impact of the Russian-Ukrainian war on the agrarian potential in Kherson region,2024,False,abstract,False,False,0,0,0,0,0,0,0,0,0,0,0,0,0,0,0,0,0,0,0,False,
S1_kakhovka_status_quo,10.36023/ujrs.2025.12.4.296,Картування просторово-часових трансформацій ложа колишнього Каховського водосховища після руйнування греблі за супутниковими знімками Sentinel-2,2025,False,abstract,False,False,0,0,0,0,0,0,0,0,0,0,0,0,0,0,0,0,0,0,0,False,
S1_kakhovka_status_quo,10.3390/w18010054,Phytoplankton Community Shifts Under Nutrient Imbalance in the Yellow River Estuary and Adjacent Coastal Waters,2025,False,abstract,False,False,0,0,0,0,0,0,0,0,0,0,0,0,0,0,0,0,0,0,0,False,
S1_kakhovka_status_quo,10.1080/09540962.2023.2238912,New development: From aid to empowerment—making refugee policy more sustainable,2023,False,abstract,False,False,0,0,0,0,0,0,0,0,0,0,0,0,0,0,0,0,0,0,0,False,
S1_kakhovka_status_quo,10.1080/17502977.2025.2533716,Environmental Harms and Entangled Lifeworlds in the Russia-Ukraine War: A Relational Reframing of Transitional Justice,2025,False,abstract,False,False,0,0,0,0,0,0,0,0,0,0,0,0,0,0,0,0,0,0,0,False,
S1_kakhovka_status_quo,10.3390/fishes10040178,Long-Term Heavy Metal Bioaccumulation in Sprat (Sprattus sprattus) from the Romanian Black Sea: Ecological and Human Health Risks in the Context of Sustainable Fisheries,2025,False,abstract,False,False,0,0,0,0,0,0,0,0,0,0,0,0,0,0,0,0,0,0,0,False,
S1_kakhovka_status_quo,10.32846/2306-9716/2023.eco.4-49.21,Flooding of Ukrainian territories: risks for regional water and food security,2023,False,abstract,False,False,0,0,0,0,0,0,0,0,0,0,0,0,0,0,0,0,0,0,0,False,
S1_kakhovka_status_quo,10.36023/ujrs.2024.11.1.257,Оперативний супутниковий геомоніторинг наслідків руйнування греблі Каховської гідроелектростанції,2024,False,abstract,False,False,0,0,0,0,0,0,0,0,0,0,0,0,0,0,0,0,0,0,0,False,
S1_kakhovka_status_quo,10.18800/kawsaypacha.202402.d013,Analysis of criminal law on ecocide: A case study of war in Ukraine,2024,False,abstract,False,False,0,0,0,0,0,0,0,0,0,0,0,0,0,0,0,0,0,0,0,False,
S1_kakhovka_status_quo,10.15446/bitacora.v35n2.120167,"Energy sustainability of construction industry in Ukraine: awareness, actions, and barriers",2025,False,abstract,False,False,0,0,0,0,0,0,0,0,0,0,0,0,0,0,0,0,0,0,0,False,
S1_kakhovka_status_quo,10.4467/27204383ter.25.016.21519,Critical infrastructure as a target of hybrid and conventional attacks. Lessons from the Ukrainian experience,2025,False,abstract,False,False,0,0,0,0,0,0,0,0,0,0,0,0,0,0,0,0,0,0,0,False,
S1_kakhovka_status_quo,10.51599/are.2024.10.03.02,Fisheries management for food security in the Maldives,2024,False,abstract,False,False,0,0,0,0,0,0,0,0,0,0,0,0,0,0,0,0,0,0,0,False,
S1_kakhovka_status_quo,10.69755/2995-2212.1236,"Environmental Peacebuilding: Yesterday, Today, and Tomorrow",2024,False,abstract,False,False,0,0,0,0,0,0,0,0,0,0,0,0,0,0,0,0,0,0,0,False,
S1_kakhovka_status_quo,10.26565/2075-1893-2022-35-04,Using the latest construction technologies to reduce the harmful effects on inert components of the landscape,2022,False,abstract,False,False,0,0,0,0,0,0,0,0,0,0,0,0,0,0,0,0,0,0,0,False,
S1_kakhovka_status_quo,10.1515/ohs-2018-0035,"Parasitization of monkey goby, Neogobius fluviatilis (Pallas, 1814) (Actinopterygii: Gobiidae), at localities with different salinity levels",2018,False,abstract,False,False,0,0,0,0,0,0,0,0,0,0,0,0,0,0,0,0,0,0,0,False,
S1_kakhovka_status_quo,10.21046/2070-7401-2023-20-3-314-322,The consequences of damage to the Kakhovka Reservoir dam on the Dnieper River,2023,False,abstract,True,False,0,0,0,0,0,0,0,0,0,0,0,0,0,0,0,0,0,0,0,False,
S1_kakhovka_status_quo,10.4236/ojss.2024.146020,Environmental Impact of Kakhovka Dam Breach and Chernobyl Nuclear Power Plant Explosion on Dnieper River Landscape,2024,False,abstract,True,True,0,0,0,0,0,0,0,0,0,0,0,0,0,3,0,0,0,0,0,False,
S1_kakhovka_status_quo,10.1007/s10708-025-11338-0,Hydropolitics of Russian-Ukrainian war: analyzing water governance conflicts in the Dnieper River basin through remote sensing techniques,2025,True,full_text,True,True,0,0,0,0,0,0,8,0,0,0,0,19,0,24,4,0,0,0,0,False,
S1_kakhovka_status_quo,10.33730/2077-4893.4.2023.293751,Рotential threats of Kakhovka catastrophe to bird populations of different ecological groups,2023,False,abstract,True,True,0,0,0,0,0,0,0,0,0,0,0,0,0,8,0,0,0,0,0,False,
S1_kakhovka_status_quo,10.5603/imh.97239,The risk of an epidemic outbreak in southern Ukraine,2023,False,abstract,True,True,0,0,0,0,0,0,0,0,0,0,0,0,0,0,0,0,0,0,0,False,
S1_kakhovka_status_quo,10.31073/mivg202302-371,MONITORING OF WATER BODIES AND RECLAIMED LANDS AFFECTED BY WARFARE USING SATELLITE DATA,2023,True,full_text,True,True,0,0,0,0,0,0,0,0,0,0,0,45,1,25,1,0,0,0,0,False,
S1_kakhovka_status_quo,10.1615/hydrobj.v60.i5.40,Fish Species of the Red Data Book of Ukraine in the Dnieper-Bug Estuary and the Lower Dnieper in the Modern Period,2024,False,abstract,True,True,0,0,0,0,0,0,0,0,0,0,0,2,0,1,0,0,0,0,0,False,
S1_kakhovka_status_quo,10.12775/jehs.2023.37.01.014,Ecocide as a precursor of a particularly acute and postponed genocide of Ukrainian and European population in 2023,2023,False,abstract,True,True,0,0,0,0,0,0,0,0,0,0,0,0,0,4,0,0,0,0,0,False,
S1_kakhovka_status_quo,10.31073/mivg202002-254,Protection of Nova Mayachka village of Oleshky district in Kherson region against the harmful effects of water,2020,False,abstract,True,True,0,0,0,0,0,0,0,0,0,0,0,1,0,0,3,0,0,0,0,False,
S1_kakhovka_status_quo,10.3390/land15040624,Temporal Matching of Unsupervised Cluster Structures for Monitoring Post-Catastrophic Floodplain Dynamics: A Case Study of Khortytsia Island,2026,False,abstract,True,True,0,0,0,0,0,0,0,0,0,0,0,1,0,0,0,0,0,0,0,False,
S1_kakhovka_status_quo,10.17721/1728-2713.108.02,MAGNETIC STUDIES OF SEDIMENTS AND SOILS AS A TOOL FOR DETECTION OF DANGEROUS GEODYNAMIC EXOGENIC PROCESSES ON THE EXAMPLE OF THE KHORTYSYA RESERVE,2025,False,abstract,True,True,0,0,0,0,0,0,0,0,0,0,0,0,0,0,0,0,0,0,0,False,
S1_kakhovka_status_quo,10.15407/ugz2024.04.012,Modern Anthropogenic Hydrosphere of Ukraine,2025,False,abstract,False,False,0,0,0,0,0,0,0,0,0,0,0,0,0,0,0,0,0,0,0,False,
S1_kakhovka_status_quo,10.1111/jfr3.12960,Flood risks from failure of infrastructure,2023,False,abstract,True,True,0,0,0,0,0,0,0,0,0,0,0,5,3,0,2,0,0,0,0,False,
S1_kakhovka_status_quo,10.1177/17506980251372515,Transitional justice and memory-building: Acknowledging the importance of more-than-human worlds,2025,False,abstract,False,False,0,0,0,0,0,0,0,0,0,0,0,0,0,0,0,0,0,0,0,False,
S1_kakhovka_status_quo,10.18052/www.scipress.com/ilns.70.1,Environmental Characteristics by Eco-Sanitary and Toxic Criteria of the Cooling Pond of Zaporizhzhya Nuclear Power Plant (Ukraine),2018,False,abstract,False,False,0,0,0,0,0,0,0,0,0,0,0,0,0,0,0,0,0,0,0,False,
S1_kakhovka_status_quo,10.2478/vzoo-2019-0027,"Structure and Dynamics of Crucians’ Settlements (Cypriniformes, Carassius) in Water Systems of Eastern Ukraine",2019,False,abstract,False,False,0,0,0,0,0,0,0,0,0,0,0,0,0,0,0,0,0,0,0,False,
S1_kakhovka_status_quo,10.15421/032315,Transformation of vegetation under the conditions of the impact of military actions on the natural environment in Ukraine: A review,2023,False,abstract,False,False,0,0,0,0,0,0,0,0,0,0,0,0,0,0,0,0,0,0,0,False,
S1_kakhovka_status_quo,10.32782/naturaljournal.9.2024.32,СУЧАСНИЙ СТАН ВОДНИХ РЕСУРСІВ БАСЕЙНУ ДНІПРА У ПОРІВНЯННІ З РІЧКАМИ ІНШИХ КРАЇН,2024,False,abstract,False,False,0,0,0,0,0,0,0,0,0,0,0,0,0,0,0,0,0,0,0,False,
S1_kakhovka_status_quo,10.20535/2617-9741.2.2024.307360,Assessment of risks to the critical infrastructure of Ukraine in the conditions of russian military aggression,2024,False,abstract,False,False,0,0,0,0,0,0,0,0,0,0,0,0,0,0,0,0,0,0,0,False,
S1_kakhovka_status_quo,10.33445/sds.2022.12.6.12,Методика розрахунку наслідків при проривах (руйнування) гідротехнічних споруд критичної інфраструктури,2022,False,abstract,False,False,0,0,0,0,0,0,0,0,0,0,0,0,0,0,0,0,0,0,0,False,
S1_kakhovka_status_quo,10.26693/ahpsxxi2025.10.075,Ukraine As a Shield For Europe: the Russian Invasion and the Reshaping of International Security,2025,False,abstract,False,False,0,0,0,0,0,0,0,0,0,0,0,0,0,0,0,0,0,0,0,False,
S1_kakhovka_status_quo,10.3390/geographies6010033,Ecosystems as Organisms in Spectral Space: Landscape Corrosion Revealed by Unreliable Classification Zones,2026,False,abstract,False,False,0,0,0,0,0,0,0,0,0,0,0,0,0,0,0,0,0,0,0,False,
S1_kakhovka_status_quo,10.1016/j.rser.2025.115378,The unspoken value of water infrastructure,2025,False,abstract,False,False,0,0,0,0,0,0,0,0,0,0,0,0,0,0,0,0,0,0,0,False,
S1_kakhovka_status_quo,10.62227/as/74105,Ensuring Nuclear Safety in Ukraine in Conditions of War,2024,False,abstract,False,False,0,0,0,0,0,0,0,0,0,0,0,0,0,0,0,0,0,0,0,False,
S1_kakhovka_status_quo,10.4236/oalib.1109592,Possible Accidents Scenarios in Zaporizhzhia Nuclear Power Plant,2023,False,abstract,False,False,0,0,0,0,0,0,0,0,0,0,0,0,0,0,0,0,0,0,0,False,
S1_kakhovka_status_quo,10.7163/gpol.0288,Long-term changes in water level of the northwestern part of the Black Sea,2024,False,abstract,False,False,0,0,0,0,0,0,0,0,0,0,0,0,0,0,0,0,0,0,0,False,
S1_kakhovka_status_quo,10.33146/2307-9878-2023-4(102)-11-25,Methodology of Expert and Accounting Assessment of Damage and Losses from the War in Ukraine,2023,False,abstract,False,False,0,0,0,0,0,0,0,0,0,0,0,0,0,0,0,0,0,0,0,False,
S1_kakhovka_status_quo,10.1007/s40802-024-00246-8,The Unprecedented Ramsar Resolution: Ukrainian Wetlands Protection in Armed Conflict,2023,False,abstract,False,False,0,0,0,0,0,0,0,0,0,0,0,0,0,0,0,0,0,0,0,False,
S1_kakhovka_status_quo,10.15407/nte2025.02.061,Dynamics of the Public Mood of Ukrainians in the Conditions of a Full-Scale Russian-Ukrainian War in 2022–2023 (Exemplified by Vinnytsia Region),2025,False,abstract,False,False,0,0,0,0,0,0,0,0,0,0,0,0,0,0,0,0,0,0,0,False,
S1_kakhovka_status_quo,10.47172/2965-730x.sdgsreview.v5.n01.pe03391,Assessing War Crimes During Armed Conflicts: Insights from Ukraine and Global Standards,2025,False,abstract,False,False,0,0,0,0,0,0,0,0,0,0,0,0,0,0,0,0,0,0,0,False,
S1_kakhovka_status_quo,10.14267/retp2025.03.06,Ukraine’s Green Reconstruction: Environmental Challenges and EU Integration Opportunities,2025,False,abstract,False,False,0,0,0,0,0,0,0,0,0,0,0,0,0,0,0,0,0,0,0,False,
S1_kakhovka_status_quo,10.31548/economics/3.2024.87,Features of implementation of ESG management criteria in Ukrainian agriculture in the context of global challenges and EU integration,2024,False,abstract,False,False,0,0,0,0,0,0,0,0,0,0,0,0,0,0,0,0,0,0,0,False,
S1_kakhovka_status_quo,10.15407/visn2023.08.014,Війна і біобезпека в Україні,2023,False,abstract,False,False,0,0,0,0,0,0,0,0,0,0,0,0,0,0,0,0,0,0,0,False,
S1_kakhovka_status_quo,10.1111/j.1439-0426.2005.00669.x,"Age, growth and reproduction of the Caspian roach (Rutilus rutilus caspicus) in the Anzali and Gomishan wetlands, North Iran",2005,False,abstract,False,False,0,0,0,0,0,0,0,0,0,0,0,0,0,0,0,0,0,0,0,False,
S1_kakhovka_status_quo,10.31338/2544-3135.si.2024-103.4,THE USE OF WATER AS A WEAPON UNDER INTERNATIONAL HUMANITARIAN LAW WITH SPECIAL EMPHASIS ON THE DESTRUCTION OF THE NOVA KAKHOVKA DAM,2024,False,abstract,True,True,0,0,0,0,0,0,0,0,0,0,0,0,0,0,0,0,0,0,0,False,
S1_kakhovka_status_quo,10.2139/ssrn.4807657,Bacteriological Pollution in the Black Sea Coastal Waters after the Destruction of Kakhovka Hydroelectric Power Plant Dam,2024,False,abstract,True,False,0,0,0,0,0,0,0,0,0,0,0,0,0,0,0,0,0,0,0,False,
S1_kakhovka_status_quo,10.1615/interjalgae.v27.i2.50,Response of the Black Sea Planktonic and Benthic Algae to the Consequences of the Kakhovka Reservoir Dam on the Dnipro River (Ukraine) Destruction,2025,False,abstract,True,True,0,0,0,0,0,0,0,0,0,0,0,0,0,2,0,0,0,0,0,False,
S1_kakhovka_status_quo,10.1007/s10661-026-15517-5,Distribution of organic pollutants in Alluvial soils as a result of the destruction of the Kahovka Dam (Ukraine),2026,False,abstract,False,False,0,0,0,0,0,0,0,0,0,0,0,0,0,0,0,0,0,0,0,False,
S1_kakhovka_status_quo,10.15407/alg34.02.104,Reaction of planktonic and benthic algae in the Black Sea to the consequences of the destruction of the Kakhovska Reservoir dam on the Dnipro River (Ukraine),2024,False,abstract,True,True,0,0,0,0,0,0,0,0,0,0,0,0,0,2,0,0,0,0,0,False,
S1_kakhovka_status_quo,10.46925//rdluz.42.09,Environmental Consequences of the Explosion of the Kahovsky Hydroelectric Plant on Biodiversity,2023,False,abstract,True,True,0,0,0,0,0,0,0,0,0,0,0,1,1,2,0,0,0,0,0,False,
S1_kakhovka_status_quo,10.17721/1728-2713.109.14,SPATIAL ANALYSIS OF THE FLOODED LAND AREA OF THE KHERSON REGION NATURE RESERVE USING REMOTE SENSING DATA,2025,False,abstract,True,True,0,0,0,0,0,0,0,0,0,0,0,0,0,1,0,0,0,0,0,False,
S1_kakhovka_status_quo,10.30888/2663-5569.2021-19-03-017,"DAMS AND ENVIRONMENT: LANDSCAPES CHANGE IN THE KANIV RESERVOIR ON THE DNIEPER RIVER, UKRAINE",2018,False,abstract,False,False,0,0,0,0,0,0,0,0,0,0,0,0,0,0,0,0,0,0,0,False,
S1_kakhovka_status_quo,10.17721/1728-2713.109.07,COMPREHENSIVE MODEL OF HEAVY METALS CONTENT AND MAGNETIC PROPERTIES OF SOIL AND SEDIMENTS OF LAKES OF KHORTYSYA RESERVE,2025,False,abstract,True,True,0,0,0,0,0,0,0,0,0,0,0,0,0,1,0,0,0,0,0,False,
S1_kakhovka_status_quo,10.1080/24750263.2025.2455615,"The amphipod Amathillina cristata Sars, 1894 is an overlooked native species in the Black Sea basin: insights from molecular data, historical records and SEM imaging",2025,False,abstract,True,True,0,0,0,0,0,0,1,0,0,0,0,1,0,0,0,0,0,0,0,False,
S1_kakhovka_status_quo,10.24028/gj.v45i6.293309,Long-term forecasting methods of dates of ice break-up and disappearance at the Dnipro Cascade Reservoirs by teleconnection indicators,2023,False,abstract,True,True,0,0,0,0,0,0,0,0,0,0,0,0,0,0,0,0,0,0,0,False,
S1_kakhovka_status_quo,10.15407/ugz2025.02.067,Spatial and Human Challenges of Recovery the De-Occupied Territories of Kherson Region,2025,False,abstract,True,True,0,0,0,0,0,0,0,0,0,0,0,1,0,0,0,0,0,0,0,False,
S1_kakhovka_status_quo,10.51582/interconf.19-20.12.2023.022,The paradoxical policies: Russia's rampant resource quest and the devastating toll on the planet,2023,False,abstract,False,False,0,0,0,0,0,0,0,0,0,0,0,0,0,0,0,0,0,0,0,False,
S1_kakhovka_status_quo,10.3390/su16031097,Application of Granular Microbial Preparation and Silicon Dioxide Analcime for Bioremediation of Ecocide Areas,2024,False,abstract,True,True,0,0,0,0,0,0,0,0,0,0,0,0,0,4,0,0,0,0,0,False,
S1_kakhovka_status_quo,10.24252/aldev.v7i1.54352,Environmental Destruction As A Weapon of War: A Human Rights and Humanitarian Law Perspective,2025,False,abstract,False,False,0,0,0,0,0,0,0,0,0,0,0,0,0,0,0,0,0,0,0,False,
S1_kakhovka_status_quo,10.17504/protocols.io.n92ld59k7v5b/v1,Methods for assessing the temporal dynamics of landscape cover based on procrustean analysis of spectral indices v1,2025,False,abstract,True,True,0,0,0,0,0,0,0,0,0,0,0,1,0,10,0,0,0,0,0,False,
S1_kakhovka_status_quo,10.15407/nte2024.02.044,Artistic Heritage of Polina Raiko in the Space of Modern Culture: Relevant Ideas and Projects,2024,False,abstract,True,True,0,0,0,0,0,0,0,0,0,0,0,0,0,1,0,0,0,0,0,False,
S1_kakhovka_status_quo,10.61976/fsu2024.04.041,"Assessment of the stocks and forecast of the catches of bream (Abramis brama Linnaeus, 1758), common carp (Cyprinus carpio Linnaeus, 1758), roach (Rutilus rutilus Linnaeus, 1758), Prussian carp (Carassius gibelio Bloch, 1782) and pikeperch (Sander lucioperca Linnaeus, 1758) in the Zaporizhzhia (Dnipro) Reservoir for 2025",2024,False,abstract,False,False,0,0,0,0,0,0,0,0,0,0,0,0,0,0,0,0,0,0,0,False,
S1_kakhovka_status_quo,10.3390/su17157100,Water User Associations in Drained and Irrigated Areas for More Sustainable Land and Water Management: Experiences from Poland and Ukraine,2025,False,abstract,False,False,0,0,0,0,0,0,0,0,0,0,0,0,0,0,0,0,0,0,0,False,
S1_kakhovka_status_quo,10.32782/wba.2023.2.3,The state of study of parasites and symbionts of crayfish,2023,False,abstract,False,False,0,0,0,0,0,0,0,0,0,0,0,0,0,0,0,0,0,0,0,False,
S1_kakhovka_status_quo,10.15587/2519-4798.2023.295104,Hygienic assessment of potential health risks for the population of Ukraine and the Kharkiv region as a result of the deterioration of drinking water supply in the conditions of war,2023,False,abstract,False,False,0,0,0,0,0,0,0,0,0,0,0,0,0,0,0,0,0,0,0,False,
S1_kakhovka_status_quo,10.71424/azb76.3.002803,"Inter-primer Binding Site Markers (iPBS) are Used to Describe the Genetic Diversity of Populations of the Black-striped Pipefish Syngnathus abaster Risso, 1827 (Actinopterygii: Syngnathidae) in their Natural and Expansion Ranges in Ukraine",2024,False,abstract,False,False,0,0,0,0,0,0,0,0,0,0,0,0,0,0,0,0,0,0,0,False,
S1_kakhovka_status_quo,10.30525/2661-5169/2025-2-6,CHALLENGES IN THE MANAGEMENT OF AGRICULTURAL LAND RESOURCES DURING UKRAINE’S POST-WAR RECOVERY,2025,False,abstract,False,False,0,0,0,0,0,0,0,0,0,0,0,0,0,0,0,0,0,0,0,False,
S1_kakhovka_status_quo,10.15421/1723113,Кризові екологічні комунікації у період воєнного часу (на прикладі Каховської ГЕС),2023,False,abstract,False,False,0,0,0,0,0,0,0,0,0,0,0,0,0,0,0,0,0,0,0,False,
S1_kakhovka_status_quo,10.61976/fsu2024.01.142,"The course of gametogenesis in narrow-clawed crayfish (Astacus leptodactylus Eschscholtz, 1823) in the condition of water bodies of the Dnieper region",2024,False,abstract,False,False,0,0,0,0,0,0,0,0,0,0,0,0,0,0,0,0,0,0,0,False,
S1_kakhovka_status_quo,10.15421/012606,Habitat classification of the Khortytsia Island floodplain after the Kahovka catastrophe using the European Nature Information System (EUNIS),2026,False,abstract,False,False,0,0,0,0,0,0,0,0,0,0,0,0,0,0,0,0,0,0,0,False,
S1_kakhovka_status_quo,10.1002/rmv.70107,Forecasting Influenza Epidemics and Pandemics in the Age of AI and Machine Learning,2026,False,abstract,False,False,0,0,0,0,0,0,0,0,0,0,0,0,0,0,0,0,0,0,0,False,
S1_kakhovka_status_quo,10.26565/3083-5615-2024-13-10,The risk of spreading infectious diseases as a result of the war in Ukraine from 2014 to the present,2024,False,abstract,False,False,0,0,0,0,0,0,0,0,0,0,0,0,0,0,0,0,0,0,0,False,
S1_kakhovka_status_quo,10.33108/galicianvisnyk_tntu2023.06.139,War as a cause of change in ukraines tourism potential: analysis of organizational and economic measures to restore of domestic tourism,2023,False,abstract,False,False,0,0,0,0,0,0,0,0,0,0,0,0,0,0,0,0,0,0,0,False,
S1_kakhovka_status_quo,10.53373/vuls.2022.41.1.029,THE ANALYSIS OF THE INTERNATIONAL LEGAL FRAMEWORK FOR ENVIRONMENTAL PROTECTION IN CASE OF ARMED CONFLICTS,2023,False,abstract,False,False,0,0,0,0,0,0,0,0,0,0,0,0,0,0,0,0,0,0,0,False,
S1_kakhovka_status_quo,10.5194/essd-18-231-2026,Improved land mask for satellite remote sensing of oceans and inland waters,2026,False,abstract,False,False,0,0,0,0,0,0,0,0,0,0,0,0,0,0,0,0,0,0,0,False,
S1_kakhovka_status_quo,10.3390/jmse14080730,Environmental Drivers and Multi-Trophic Assemblages in the Romanian Black Sea: Insights into Food-Web Structure,2026,False,abstract,False,False,0,0,0,0,0,0,0,0,0,0,0,0,0,0,0,0,0,0,0,False,
S1_kakhovka_status_quo,10.24917/20801653.374.7,Resource losses to Ukrainian tourism caused by full- scale Russian aggression,2023,False,abstract,False,False,0,0,0,0,0,0,0,0,0,0,0,0,0,0,0,0,0,0,0,False,
S1_kakhovka_status_quo,10.31359/1993-0909-2024-31-2-187,Business Resilience Through the Lens of Economically Hazardous Events: the Legal Landscape of Ukraine,2024,False,abstract,False,False,0,0,0,0,0,0,0,0,0,0,0,0,0,0,0,0,0,0,0,False,
S1_kakhovka_status_quo,10.46340/eujem.2023.9.6.2,Environmental Component in the Conditions of Wartime and Post-War Recovery of Ukraine’s Economy,2023,False,abstract,False,False,0,0,0,0,0,0,0,0,0,0,0,0,0,0,0,0,0,0,0,False,
S1_kakhovka_status_quo,10.31073/mivg202401-387,REDUCING OF WATER AND ENERGY RESOURCES CONSUMPTION IN IRRIGATION BASED ON RESOURCE OPTIMISATION,2024,False,abstract,False,False,0,0,0,0,0,0,0,0,0,0,0,0,0,0,0,0,0,0,0,False,
S1_kakhovka_status_quo,10.1080/23311886.2025.2566301,The internal and transnational effects of corruption on the environment: the case of Ukraine,2025,False,abstract,False,False,0,0,0,0,0,0,0,0,0,0,0,0,0,0,0,0,0,0,0,False,
S1_kakhovka_status_quo,10.15421/012608,From species traits to community gradients: Validation of Borhidi-like naturalness indicators in steppe vegetation,2026,False,abstract,False,False,0,0,0,0,0,0,0,0,0,0,0,0,0,0,0,0,0,0,0,False,
S1_kakhovka_status_quo,10.26565/2410-7360-2022-57-21,Ecological problems of irrigated soils in the south of Ukraine,2022,False,abstract,False,False,0,0,0,0,0,0,0,0,0,0,0,0,0,0,0,0,0,0,0,False,
S1_kakhovka_status_quo,10.1016/s0925-8574(00)00096-3,A model for ecosystem state and water quality management in the Dnieper River delta,2000,False,abstract,False,False,0,0,0,0,0,0,0,0,0,0,0,0,0,0,0,0,0,0,0,False,
S1_kakhovka_status_quo,10.15421/011663,The problem of assessing the viability of invasive species in the conditions of the steppe zone of Ukraine,2016,False,abstract,False,False,0,0,0,0,0,0,0,0,0,0,0,0,0,0,0,0,0,0,0,False,
S1_kakhovka_status_quo,10.17951/k.2024.31.1.53-68,The Nova Kakhovka Dam Collapse as an Example of Russia’s Hybrid Warfare in Ukraine: A Threat to Environmental Security and Beyond?,2024,False,abstract,True,True,0,0,0,0,0,0,0,0,0,0,0,0,0,0,0,0,0,0,0,False,
S1_kakhovka_status_quo,10.17721/1728-2721.2023.86.1,IMPACT OF THE DESTRUCTION OF THE KAKHOVKA RESERVOIR ON THE WATER RESOURCES OF SOUTHERN UKRAINE,2023,False,abstract,True,True,0,0,0,0,0,0,0,0,0,0,0,0,0,1,0,0,0,0,0,False,
S1_kakhovka_status_quo,10.31996/mru.2025.3.66-70,Geoecological aspects of assessing the consequences of Kakhovka Reservoir destruction,2025,False,abstract,True,True,0,0,0,0,0,0,0,0,0,0,0,1,1,1,0,0,0,0,0,False,
S1_kakhovka_status_quo,10.5194/isprs-archives-xlviii-5-w3-2025-117-2025,A Complex Study of the Kahovka Reservoir Changes After Dam Collapse,2025,False,abstract,True,True,0,0,0,0,0,0,0,0,0,0,0,1,0,3,0,0,0,0,0,False,
S1_kakhovka_status_quo,10.1007/s13201-026-02814-0,Assessment of water needs in the lower Dnipro sub-basin following the destruction of the Kakhovka reservoir,2026,False,abstract,True,True,0,0,0,0,0,0,0,0,0,0,0,0,0,2,0,0,0,0,0,False,
S1_kakhovka_status_quo,10.21046/2070-7401-2023-20-3-307-313,Multispectral satellite data for monitoring processes after the destruction of Kakhovka Reservoir dam on 6 June 2023,2023,False,abstract,True,True,0,0,0,0,0,0,0,0,0,0,0,0,0,0,0,0,0,0,0,False,
S1_kakhovka_status_quo,10.1016/s0262-4079(23)01021-7,Kakhovka dam in Ukraine bursts,2023,False,abstract,True,False,0,0,0,0,0,0,0,0,0,0,0,0,0,0,0,0,0,0,0,False,
S1_kakhovka_status_quo,10.2139/ssrn.5177796,Using Earth Observation Data to Study the Impacts of the Kakhovka Dam Destruction on Crop Irrigation and Agricultural Management,2025,False,abstract,True,False,0,0,0,0,0,0,0,0,0,0,0,0,0,0,0,0,0,0,0,False,
S1_kakhovka_status_quo,10.33730/2077-4893.1.2024.299939,Content of heavy metals in bottom sediments of drained Kakhovka Reservoir,2024,False,abstract,True,True,0,0,0,0,0,0,0,0,0,0,0,0,0,0,0,0,0,0,0,False,
S1_kakhovka_status_quo,10.1109/jstars.2025.3594119,Knowledge-Driven Flood Intelligent Monitoring (KDFIM) Method: Analyzing the Kakhovka Dam Destruction Incident,2025,True,full_text,True,True,0,0,0,0,0,0,0,0,0,0,0,188,0,12,3,0,0,0,0,False,
S1_kakhovka_status_quo,10.15407/nte2024.04.068,"A Poem on the Sea of Tears, or the Chronicles of a Disaster. Oleksandr Dovzhenko about Kakhovka Hydroelectric Power Plant",2024,False,abstract,True,True,0,0,0,0,0,0,2,0,0,0,0,0,0,2,0,0,0,0,0,False,
S1_kakhovka_status_quo,10.15421/0225215,Current state of soil microbiota in the Zaporizhzhia region of Ukraine,2025,False,abstract,True,True,0,0,0,0,0,0,0,0,0,0,0,0,0,2,0,0,0,0,0,False,
S1_kakhovka_status_quo,10.30890/2709-2313.2024-27-00-028,CHANGES IN THE KEY HYDROLOGICAL FACTORS OF THE LOWER REACHES OF THE DNIEPER WATER ECOSYSTEMS FUNCTIONING AFTER THE KAKHOVKA HYDROELECTRIC POWER STATION DAM WAS DESTROYED,2023,False,abstract,True,True,0,0,0,0,0,0,0,0,0,0,0,0,0,2,0,0,0,0,0,False,
S1_kakhovka_status_quo,10.32846/2306-9716/2024.eco.6-57.21,Monitoring of the state of newly established biotopes and the composition of soils at the bottom of the Kakhovka reservoir,2024,False,abstract,True,True,0,0,0,0,0,0,0,0,0,0,0,0,0,0,0,0,0,0,0,False,
S1_kakhovka_status_quo,10.1038/d41586-023-01954-6,Daily briefing: The science behind extreme wildfires in Canada,2023,False,abstract,False,False,0,0,0,0,0,0,0,0,0,0,0,0,0,0,0,0,0,0,0,False,
S1_kakhovka_status_quo,10.15407/meteorology2024.05.027,"OVERVIEW OF THE RESULTS OF RESEARCH OF RADIOACTIVE CONTAMINATION OF THE KAKHOVKA RESERVOIR, WHICH WERE CONDUCTED AFTER THE ACCIDENT AT THE CHERNOBYL NPP (1986-1921)",2024,False,abstract,True,True,0,0,0,0,0,0,0,0,0,0,0,0,0,0,0,0,0,0,0,False,
S1_kakhovka_status_quo,10.1615/hydrobj.v61.i2.30,Relocation of Fish Populations to Estuaries and Bays of the North-Western Section of the Black Sea as a Consequence of Technogeneous Disasters and Natural Processes in 2023,2025,False,abstract,True,True,0,0,0,0,0,0,0,0,0,0,0,0,0,0,0,0,0,0,0,False,
S1_kakhovka_status_quo,10.26565/1992-4224-2025-43-04,Ecological assessment and forecasting of surface water conditions in the Dnipro river in Zaporizhzhia,2025,False,abstract,True,True,0,0,0,0,0,0,0,0,0,0,0,0,0,1,0,0,0,0,0,False,
S1_kakhovka_status_quo,10.15544/mts.2024.24,ENVIRONMENTAL AND ECONOMIC DAMAGE TO AGRICULTURE AS A RESULT OF THE EXPLOSION OF THE KAHOVSKA HYDROELECTRICAL STATION,2024,False,abstract,True,True,0,0,0,0,0,0,0,0,0,0,0,1,0,1,0,0,0,0,0,False,
S1_kakhovka_status_quo,10.3390/world7010003,The Impact of the Russia–Ukraine War on Water Resources and Infrastructure of Ukraine—A Comprehensive Review,2025,True,full_text,True,True,0,0,0,0,0,0,0,0,0,0,0,4,3,33,0,0,0,0,0,False,
S1_kakhovka_status_quo,10.6001/biologija.2024.70.2-3.1,New challenges regarding the environmental and sanitary condition of Ukrainian water bodies,2024,False,abstract,True,True,0,0,0,0,0,0,0,0,0,0,0,0,0,1,0,0,0,0,0,False,
S1_kakhovka_status_quo,10.37445/adiu.2024.04.15,RESCUE ARCHAEOLOGICAL RESEARCHES AS A COMPONENT OF THE MONUMENT PROTECTION SYSTEM (based on the materials of the rescue expeditions of the 1950s),2024,False,abstract,True,True,0,0,0,0,0,0,3,0,0,0,0,1,0,0,1,0,0,0,0,False,
S1_kakhovka_status_quo,10.31073/mivg202501-416,ESTIMATION OF WATER LOSS FOR TOTAL EVAPORATION FROM THE SURFACE OF PONDS AND RESERVOIRS IN THE INGULETS RIVER BASIN,2025,False,abstract,True,True,0,0,0,0,0,0,1,0,0,0,0,1,0,0,0,0,0,0,0,False,
S1_kakhovka_status_quo,10.36475/9.4.7,CAN CRIMES OF ECOCIDE COMMITTED DURING THE CONFLICT IN UKRAINE BE LEGALLY PUNISHED?,2023,False,abstract,True,True,0,0,0,0,0,0,0,0,0,0,0,0,0,1,0,0,0,0,0,False,
S1_kakhovka_status_quo,10.32782/2663-5941/2024.2/13,APPLICATION OF THE THEORY OF DISASTERS IN RESEARCH OF CONSEQUENCES OF EXPLOSION OF THE KAKHOVKA HYDROELECTRIC POWER PLANT AND MILITARY ACTIONS IN THE CRIMEA,2024,False,abstract,True,False,0,0,0,0,0,0,0,0,0,0,0,0,0,0,0,0,0,0,0,False,
S1_kakhovka_status_quo,10.12911/22998993/202346,Fertigation with sprinklers: Food and water security on the Ukrainian steppe,2025,False,abstract,True,True,0,0,0,0,0,0,0,0,0,0,0,0,0,0,0,0,0,0,0,False,
S1_kakhovka_status_quo,10.26565/2076-1333-2024-37-10,Territorial features of basic food availability in Ukraine in the context of food security analysis,2024,False,abstract,True,True,0,0,0,0,0,0,0,0,0,0,0,0,0,1,0,0,0,0,0,False,
S1_kakhovka_status_quo,10.5281/zenodo.17679950,"Environmental Consequences of War: What Are the Ecological and Geographic Consequences of Military Activities in Ukraine's Industrial and Agricultural Regions, particularly in the Donbas and Southern Steppe Zones?",2025,False,abstract,True,True,0,0,0,0,0,0,0,0,0,0,0,0,0,0,0,0,0,0,0,False,
S1_kakhovka_status_quo,10.1111/tran.12738,Imagining post‐war futures amid cycles of destruction and efforts of reconstruction,2024,False,abstract,False,False,0,0,0,0,0,0,0,0,0,0,0,0,0,0,0,0,0,0,0,False,
S1_kakhovka_status_quo,10.1109/access.2024.3374077,Research on Network Public Opinion in War Damage Incident of Major Water Conservancy Projects,2024,False,abstract,True,True,0,0,0,0,0,0,0,0,0,0,0,0,0,0,0,0,0,0,0,False,
S1_kakhovka_status_quo,10.15589/znp2024.4(497).31,ANALYSIS OF FIRES ON THE KINBURN PENINSULA WHICH OCCURED DURING THE RUSSIAN-UKRAINIAN WAR,2024,False,abstract,True,True,0,0,0,0,0,0,0,0,0,0,0,2,1,6,0,0,0,0,0,False,
S1_kakhovka_status_quo,10.31861/biosystems2019.02.167,"Detection of Squalius cephalus (Linnaeus, 1758), Carassius carassius (Linnaeus, 1758) and the khromist of Rutilus rutilus (Linnaeus, 1758) in the lower reaches of the Dnipro river in recent years",2019,False,abstract,True,True,0,0,0,0,0,0,0,0,0,0,0,0,0,1,0,0,0,0,0,False,
S1_kakhovka_status_quo,10.32782/infrastruct75-29,ANALYSIS OF ENVIRONMENTAL AND ECONOMIC CONSEQUENCES OF THE WAR IN UKRAINE,2023,False,abstract,True,True,0,0,0,0,0,0,0,0,0,0,0,0,0,1,0,0,0,0,0,False,
S1_kakhovka_status_quo,10.1002/gdj3.70027,A High‐Resolution Hydrological Dataset for Ukrainian River Basins With an Interactive Web Interface,2025,False,abstract,True,True,0,0,0,0,0,0,0,0,0,0,0,0,0,1,0,0,0,0,0,False,
S1_kakhovka_status_quo,10.5406/23300841.70.4.11,The Russo-Ukrainian War: The Return of History,2025,False,abstract,True,True,0,0,0,0,0,0,7,0,0,0,0,3,0,0,0,0,0,0,0,False,
S1_kakhovka_status_quo,10.31891/2307-5732-2025-351-75,ВПЛИВ АКТИВНИХ ВІЙСЬКОВИХ ДІЙ НА ЕКОЛОГІЧНИЙ СТАН ҐРУНТОВИХ ТА ВОДНИХ РЕСУРСІВ ПІВДНЯ УКРАЇНИ,2025,False,abstract,False,False,0,0,0,0,0,0,0,0,0,0,0,0,0,0,0,0,0,0,0,False,
S1_kakhovka_status_quo,10.30857/2415-3206.2024.2.7,CONCEPTUAL PRINCIPLES FOR THE FORMATION OF A POLICY FOR THE SUSTAINABLE DEVELOPMENT OF DOMESTIC BUSINESS,2025,False,abstract,True,True,0,0,0,0,0,0,0,0,0,0,0,1,0,0,0,0,0,0,0,False,
S1_kakhovka_status_quo,10.3389/ijph.2025.1609353,Why Scientists Must Engage: Environmental Health in Times of Armed Conflict,2025,False,abstract,True,True,0,0,0,0,0,0,1,0,0,0,0,1,0,3,0,0,0,0,0,False,
S1_kakhovka_status_quo,10.1016/j.cub.2023.08.060,Wars leave nature on the losing side,2023,False,abstract,False,False,0,0,0,0,0,0,0,0,0,0,0,0,0,0,0,0,0,0,0,False,
S1_kakhovka_status_quo,10.1007/s00267-025-02200-7,Streamlined Assessments are Integral to Operationalizing Resilience,2025,False,abstract,False,False,0,0,0,0,0,0,0,0,0,0,0,0,0,0,0,0,0,0,0,False,
S1_kakhovka_status_quo,10.32782/2414-4436/2023-2-12,ЗАБЕЗПЕЧЕННЯ ВОДОПОСТАЧАННЯМ ТЕРИТОРІЙ ТА ГРОМАД ЯК ПРІОРИТЕТНИЙ НАПРЯМ ВЗАЄМОДІЇ ДЕРЖАВНОЇ ВЛАДИ ТА МІСЦЕВОГО САМОВРЯДУВАННЯ,2023,False,abstract,True,True,0,0,0,0,0,0,0,0,0,0,0,0,0,0,0,0,0,0,0,False,
S1_kakhovka_status_quo,10.33730/2077-4893.3.2025.340773,Transformation of landscapes in the conditions of military conflicts,2025,False,abstract,False,False,0,0,0,0,0,0,0,0,0,0,0,0,0,0,0,0,0,0,0,False,
S1_kakhovka_status_quo,10.23939/jeecs2025.02.115,Public Priorities for the Post-War Reconstruction of Ukraine’s Energy Sector,2025,False,abstract,False,False,0,0,0,0,0,0,0,0,0,0,0,0,0,0,0,0,0,0,0,False,
S1_kakhovka_status_quo,10.71424/azb76.4.002803,"Inter-primer Binding Site Markers (iPBS) are Used to Describe the Genetic Diversity of Populations of the Black-striped Pipefish Syngnathus abaster Risso, 1827 (Actinopterygii: Syngnathidae) in their Natural and Expansion Ranges in Ukraine",2024,False,abstract,False,False,0,0,0,0,0,0,0,0,0,0,0,0,0,0,0,0,0,0,0,False,
S1_kakhovka_status_quo,10.14712/23361964.2024.3,Criminal responsibility for ecocide resulting from the military aggression of Russia,2024,False,abstract,False,False,0,0,0,0,0,0,0,0,0,0,0,0,0,0,0,0,0,0,0,False,
S1_kakhovka_status_quo,10.2478/jef-2022-0018,“When They Moved the Cemetery…”: Hybridisation of Belief in the Afterlife After Flood Zone Resettlement in Ukraine,2022,False,abstract,False,False,0,0,0,0,0,0,0,0,0,0,0,0,0,0,0,0,0,0,0,False,
S1_kakhovka_status_quo,10.25364/17.8:2025.2.7,Dealing with Peace in Times of Planetary Emergencies,2025,False,abstract,False,False,0,0,0,0,0,0,0,0,0,0,0,0,0,0,0,0,0,0,0,False,
S1_kakhovka_status_quo,10.32347/2524-0021.2023.45.32-38,Requirements for hydraulic modeling of wartime water supply networks and for CBRN pollution risk management,2023,False,abstract,False,False,0,0,0,0,0,0,0,0,0,0,0,0,0,0,0,0,0,0,0,False,
S1_kakhovka_status_quo,10.30525/2256-0742/2026-12-3-83-92,INVESTMENT AND FINANCIAL SUPPORT FOR THE FUNCTIONING OF CRITICAL INFRASTRUCTURE OF UKRAINE IN THE CONDITIONS OF CRISIS TRANSFORMATIONS,2026,False,abstract,False,False,0,0,0,0,0,0,0,0,0,0,0,0,0,0,0,0,0,0,0,False,
S1_kakhovka_status_quo,10.15802/ampr.v0i25.307636,Anthropological Dimension of Wartime Ecocide: Ecofeminist Methodological Assessments,2024,False,abstract,False,False,0,0,0,0,0,0,0,0,0,0,0,0,0,0,0,0,0,0,0,False,
S1_kakhovka_status_quo,10.31891/dsim-2026-13(14),ЗАБЕЗПЕЧЕННЯ ДОСЯГНЕННЯ ЦІЛЕЙ СТАЛОГО РОЗВИТКУ В УКРАЇНІ В УМОВАХ ВІЙНИ ТА КРИЗОВИХ ТРАНСФОРМАЦІЙ,2026,False,abstract,False,False,0,0,0,0,0,0,0,0,0,0,0,0,0,0,0,0,0,0,0,False,
S1_kakhovka_status_quo,10.30525/2256-0742/2025-11-2-346-351,PROTECTION OF THE ENVIRONMENT DURING ARMED CONFLICTS: ECONOMIC AND INTERNATIONAL LEGAL ASPECTS,2025,False,abstract,False,False,0,0,0,0,0,0,0,0,0,0,0,0,0,0,0,0,0,0,0,False,
S1_kakhovka_status_quo,10.63341/esbur/1.2025.09,Environmental assessment of the impact of hydrocarbon pollution on the condition of cooling ponds,2025,False,abstract,False,False,0,0,0,0,0,0,0,0,0,0,0,0,0,0,0,0,0,0,0,False,
S1_kakhovka_status_quo,10.1186/s12302-025-01220-8,Sustainable management of agricultural soil and water resources: current trends and challenges from global and Ukrainian perspectives,2025,False,abstract,False,False,0,0,0,0,0,0,0,0,0,0,0,0,0,0,0,0,0,0,0,False,
S1_kakhovka_status_quo,10.48550/arxiv.2401.17759,Rapid post-disaster infrastructure damage characterisation enabled by remote sensing and deep learning technologies -- a tiered approach,2024,False,abstract,False,False,0,0,0,0,0,0,0,0,0,0,0,0,0,0,0,0,0,0,0,False,
S1_kakhovka_status_quo,10.15414/ainhlq.2025.0028,Soil Degradation Caused by Military Activities in Ukraine: Challenges and Prospects for Ecological Rehabilitation,2025,False,abstract,False,False,0,0,0,0,0,0,0,0,0,0,0,0,0,0,0,0,0,0,0,False,
S1_kakhovka_status_quo,10.33042/3083-6727-2025-4-192-400-408,ANALYSIS OF THE DYNAMICS OF EMERGENCY SITUATIONS CAUSED BY ROCKET AND ARTILLERY SHELLING,2025,False,abstract,False,False,0,0,0,0,0,0,0,0,0,0,0,0,0,0,0,0,0,0,0,False,
S1_kakhovka_status_quo,10.3390/land14081548,Mapping Multi-Crop Cropland Abandonment in Conflict-Affected Ukraine Based on MODIS Time Series Analysis,2025,False,abstract,False,False,0,0,0,0,0,0,0,0,0,0,0,0,0,0,0,0,0,0,0,False,
S1_kakhovka_status_quo,10.33002/jelp040304,Criminalistics Means and Methods of Combating Ecocide in the Modern Conditions of Military Threats,2024,False,abstract,False,False,0,0,0,0,0,0,0,0,0,0,0,0,0,0,0,0,0,0,0,False,
S1_kakhovka_status_quo,10.70651/3083-6018/2025.10.11,ASSESSMENT OF ENVIRONMENTAL RISKS AND THEIR IMPACT ON THE SUSTAINABLE SOCIO-ECONOMIC DEVELOPMENT OF TERRITORIAL COMMUNITIES,2025,False,abstract,False,False,0,0,0,0,0,0,0,0,0,0,0,0,0,0,0,0,0,0,0,False,
S1_kakhovka_status_quo,10.36475/9.4.2,THE SIGNIFICANCE OF DAMAGE – A CRIMINAL ACT AS PART OF THE ILLEGAL LOGGING OF TREES AND SHRUBS,2023,False,abstract,False,False,0,0,0,0,0,0,0,0,0,0,0,0,0,0,0,0,0,0,0,False,
S1_kakhovka_status_quo,10.5194/essd-2025-543,Improved land mask for satellite remote sensing of oceans and inland waters,2025,False,abstract,False,False,0,0,0,0,0,0,0,0,0,0,0,0,0,0,0,0,0,0,0,False,
S1_kakhovka_status_quo,10.36690/2674-5208-2024-2-101-120,ORTHODOX-INNOVATIVE EXPOSITION OF FINANCIAL MECHANISMS OF THE POST-WAR RECONSTRUCTION OF THE ECONOMY OF UKRAINE,2024,False,abstract,False,False,0,0,0,0,0,0,0,0,0,0,0,0,0,0,0,0,0,0,0,False,
S1_kakhovka_status_quo,10.1163/25889567-bja10037,Ukrainian Zoos Amidst the War – The Threats and Challenges of Running a Zoo during the Military Conflict,2023,False,abstract,False,False,0,0,0,0,0,0,0,0,0,0,0,0,0,0,0,0,0,0,0,False,
S1_kakhovka_status_quo,10.31548/zemleustriy2023.02.03,Geomatic monitoring of environmental hazards in technogenic-loaded territories,2023,False,abstract,False,False,0,0,0,0,0,0,0,0,0,0,0,0,0,0,0,0,0,0,0,False,
S1_kakhovka_status_quo,10.29311/mas.v21i2.4294,Museums as Humanitarian and Spiritual Help for Ukrainians and Crimean Tatars,2023,False,abstract,False,False,0,0,0,0,0,0,0,0,0,0,0,0,0,0,0,0,0,0,0,False,
S1_kakhovka_status_quo,10.31548/law/4.2023.50,Cluster formation as a sustainable rural development tool in Ukraine,2023,False,abstract,False,False,0,0,0,0,0,0,0,0,0,0,0,0,0,0,0,0,0,0,0,False,
S1_kakhovka_status_quo,10.37055/pno/149894,The Ontology of the War in Ukraine – Cold War Revives,2022,False,abstract,False,False,0,0,0,0,0,0,0,0,0,0,0,0,0,0,0,0,0,0,0,False,
S1_kakhovka_status_quo,10.1017/s1816383125100970,Water and survival in war: Upholding IHL’s protective purpose and documenting the hidden toll,2025,False,abstract,False,False,0,0,0,0,0,0,0,0,0,0,0,0,0,0,0,0,0,0,0,False,
S1_kakhovka_status_quo,10.3390/d18020068,Impacts of Extreme Climatic Events on the Community Structure of Zooplankton in the Huayanghe Lakes,2026,False,abstract,False,False,0,0,0,0,0,0,0,0,0,0,0,0,0,0,0,0,0,0,0,False,
S1_kakhovka_status_quo,10.14571/brajets.v16.n3.617-624,Problems of Gender Tolerance Formation in the Context of the Introduction of Martial Law in Ukraine,2023,False,abstract,False,False,0,0,0,0,0,0,0,0,0,0,0,0,0,0,0,0,0,0,0,False,
S1_kakhovka_status_quo,10.32702/2306-6792.2025.11.155,АНАЛІЗ ДЕТЕРМІНАНТ НЕСТАБІЛЬНОСТІ В АГРАРНОМУ СЕКТОРІ УКРАЇНИ,2025,False,abstract,False,False,0,0,0,0,0,0,0,0,0,0,0,0,0,0,0,0,0,0,0,False,
S1_kakhovka_status_quo,10.55689/rcpjm.2024.09.021,Crime de Ecocídio e Direito Internacional Ambiental: o princípio da precaução e o princípio da legalidade,2024,False,abstract,False,False,0,0,0,0,0,0,0,0,0,0,0,0,0,0,0,0,0,0,0,False,
S1_kakhovka_status_quo,10.48077/scihor4.2025.107,Irrigation systems as a factor in increasing productivity in agricultural regions of Ukraine,2025,False,abstract,False,False,0,0,0,0,0,0,0,0,0,0,0,0,0,0,0,0,0,0,0,False,
S1_kakhovka_status_quo,10.1088/1748-9326/ae4d5f,Hydrological and ecological consequences of the Kakhovka dam collapse,2026,False,abstract,True,True,0,0,0,0,0,0,0,0,0,0,0,3,0,1,3,0,0,0,0,False,
S1_kakhovka_status_quo,10.32782/wba.2025.1.20,Research into the consequences of the Kakhovka dam destruction and the reservoir’s drainage for Ukraine’s population,2025,False,abstract,True,False,0,0,0,0,0,0,0,0,0,0,0,0,0,0,0,0,0,0,0,False,
S1_kakhovka_status_quo,10.17721/2308-135x.2023.72.71-77,ANALYSIS OF THE IMPACT OF THE DESTRUCTION OF THE KAKHOVKA RESERVOIR ON THE ECOLOGICAL SYSTEM OF THE KOBLEVE COMMUNITY,2023,False,abstract,True,True,0,0,0,0,0,0,0,0,0,0,0,1,0,3,1,0,0,0,0,False,
S1_kakhovka_status_quo,10.32782/wba.2026.1.9,Hydroecological сonsequences of the destruction of the kakhovka hydropower plant and the drainage of the kakhovka reservoir: from water-regulatory stability to post-irrigation aridization,2026,False,abstract,True,True,0,0,0,0,0,0,0,0,0,0,0,0,0,1,0,0,0,0,0,False,
S1_kakhovka_status_quo,10.21557/dsp.86824866,Kakhovka Dam Breach Changes Ukraine Landscape,2023,False,abstract,True,False,0,0,0,0,0,0,0,0,0,0,0,0,0,0,0,0,0,0,0,False,
S1_kakhovka_status_quo,10.33730/2077-4893.1.2026.354183,Transformation of agricultural landscapes in southern Ukraine after the destruction of the Kakhovka HPP according to remote sensing of the Earth,2026,False,abstract,True,True,0,0,0,0,0,0,0,0,0,0,0,2,1,8,0,0,0,0,0,False,
S1_kakhovka_status_quo,10.24144/2788-6018.2024.06.76,Legal regulation of environmental migration due to the destruction of the Kakhovka Hydroelectric Power Station,2024,False,abstract,True,True,0,0,0,0,0,0,0,0,0,0,0,1,0,1,0,0,0,0,0,False,
S1_kakhovka_status_quo,10.33841/1819-1339-1-49-113-120,Monitoring of the Kakhovka reservoir area based on remote sensing materials,2025,False,abstract,True,True,0,0,0,0,0,0,0,0,0,0,0,1,0,1,0,0,0,0,0,False,
S1_kakhovka_status_quo,10.1016/j.pdisas.2026.100549,"Assessment of the causes of the Kakhovka HPP dam collapse based on a comprehensive analysis of structural monitoring, seismic, and infrasound studies",2026,False,abstract,True,True,0,0,0,0,0,0,0,0,0,0,0,4,0,1,0,0,0,0,0,False,
S1_kakhovka_status_quo,10.26565/2410-7360-2025-63-46,Estimation of the extent of marine pollution as a consequence of the Kakhovka reservoir dam destruction based on simulation results,2025,False,abstract,True,True,0,0,0,0,0,0,0,0,0,0,0,2,1,0,1,0,0,0,0,False,
S1_kakhovka_status_quo,10.22541/au.170602276.61445368/v1,Can a tragic war event provide ecological benefits to threatened fish species?,2024,False,abstract,True,True,0,0,0,0,0,0,0,0,0,0,0,0,0,3,0,0,0,0,0,False,
S1_kakhovka_status_quo,10.5281/zenodo.18293238,Geological aspects of assessing the consequences of Kakhovka reservoir destruction,2025,False,abstract,True,False,0,0,0,0,0,0,0,0,0,0,0,0,0,0,0,0,0,0,0,False,
S1_kakhovka_status_quo,10.21203/rs.3.rs-4480879/v1,Assessment of water needs in the lower Dnipro sub-basin following the destruction of the Kakhovka Reservoir,2024,False,abstract,True,True,0,0,0,0,0,0,0,0,0,0,0,0,0,2,0,0,0,0,0,False,
S1_kakhovka_status_quo,10.5281/zenodo.18293239,Geological aspects of assessing the consequences of Kakhovka reservoir destruction,2025,False,abstract,True,False,0,0,0,0,0,0,0,0,0,0,0,0,0,0,0,0,0,0,0,False,
S1_kakhovka_status_quo,10.5281/zenodo.18289121,Geoecological aspects of assessing the consequences of the destruction of the Kakhovka reservoir,2025,False,abstract,True,False,0,0,0,0,0,0,0,0,0,0,0,0,0,0,0,0,0,0,0,False,
S1_kakhovka_status_quo,10.1163/15718107-bja10094,Mission Impossible,2024,False,abstract,True,True,0,0,0,0,0,0,0,0,0,0,0,0,0,0,0,0,0,0,0,False,
S1_kakhovka_status_quo,10.24144/2307-3322.2025.90.3.3,Transformation of the legal regime of the land occupied by the Kakhovka reservoir,2025,False,abstract,True,True,0,0,0,0,0,0,1,0,0,0,0,0,0,5,0,0,0,0,0,False,
S1_kakhovka_status_quo,10.26565/1992-4224-2026-45-07,Remote sensing assessment of the spatio-temporal transformation of the Kakhovka reservoir after dam destruction using Sentinel-2 data,2026,False,abstract,True,True,0,0,0,0,0,0,0,0,0,0,4,6,0,16,0,0,0,0,0,False,
S1_kakhovka_status_quo,10.32782/wba.2025.2.12,"Results of the sociological research «Kakhovka reservoir: past, present, and future»",2025,False,abstract,True,True,0,0,0,0,0,0,0,0,0,0,0,1,0,0,0,0,0,0,0,False,
S1_kakhovka_status_quo,10.71424/azb77.4.002933,Destruction of the Kakhovka Dam (Ukraine) and Its Impact on Mediterranean Mussel (Mytilus galloprovincialis) Populations in the Gulf of Odesa,2025,False,abstract,True,True,0,0,0,0,0,0,0,0,0,0,0,0,0,0,0,0,0,0,0,False,
S1_kakhovka_status_quo,10.33196/ealr202401013501,War and Environment: What role does international humanitarian law play in the context of environmental protection?,2024,False,abstract,True,True,0,0,0,0,0,0,1,0,0,0,0,0,0,0,0,0,0,0,0,False,
S1_kakhovka_status_quo,10.31359/1993-0909-2023-30-3-256,Ecocide Caused by the Destruction of the Kakhovka Hydroelectric Power Station Dam as A Challenge and A Chance for International Justice,2023,False,abstract,True,True,0,0,0,0,0,0,0,0,0,0,0,0,0,0,0,0,0,0,0,False,
S1_kakhovka_status_quo,10.2139/ssrn.6516481,Using Earth Observation Data to Study the Impacts of the Kakhovka Dam Destruction on Crop Irrigation and Agricultural Management,2026,False,abstract,True,False,0,0,0,0,0,0,0,0,0,0,0,0,0,0,0,0,0,0,0,False,
S1_kakhovka_status_quo,10.24425/pyil.2024.152301,Prosecuting Individuals for Environmental Harm in the Armed Conflict Between Russia and Ukraine: The Case of Destruction of the Kakhovka Dam,2024,False,abstract,True,True,0,0,0,0,0,0,0,0,0,0,0,0,0,2,0,0,0,0,0,False,
S1_kakhovka_status_quo,10.26434/chemrxiv.15003305/v1,Distribution of Organic Pollutants in the Alluvial Soils as a Result of the Destruction of the Kahovka Dam (Ukraine),2026,False,abstract,True,True,0,0,0,0,0,0,0,0,0,0,0,1,0,1,2,0,0,0,0,False,
S1_kakhovka_status_quo,10.5281/zenodo.17859818,WEB GIS APPLICATION FOR MONITORING KAKHOVKA RESERVOIR CHANGES BASED ON COPERNICUS DATA (SENTINEL-2),2025,False,abstract,True,True,0,0,0,0,0,0,0,0,0,0,0,3,0,2,0,0,0,0,0,False,
S1_kakhovka_status_quo,10.21203/rs.3.rs-8403968/v1,SWOT Satellite Altimetry Reveals Extreme Flood Wave After the Kakhovka Dam Collapse,2025,False,abstract,True,False,0,0,0,0,0,0,0,0,0,0,0,0,0,0,0,0,0,0,0,False,
S1_kakhovka_status_quo,10.31223/x5bn4k,ECOCIDE: Quantifying War-Time Environmental Damage: A Difference-in-Differences Analysis of the Kakhovka Dam Destruction,2026,False,abstract,True,True,0,0,0,0,0,0,0,0,0,0,0,2,1,2,0,0,0,0,0,False,
S1_kakhovka_status_quo,10.5281/zenodo.17859817,WEB GIS APPLICATION FOR MONITORING KAKHOVKA RESERVOIR CHANGES BASED ON COPERNICUS DATA (SENTINEL-2),2025,False,abstract,True,True,0,0,0,0,0,0,0,0,0,0,0,3,0,2,0,0,0,0,0,False,
S1_kakhovka_status_quo,10.15421/112628,Water-management balance and hydrochemical forecast for the Pivdenne Reservoir (Kryvyi Rih district) during filling from the Inhulets River due to the destruction of the Kakhovka Dam,2026,False,abstract,True,True,0,0,0,0,0,0,0,0,0,0,1,0,0,1,0,0,0,0,0,False,
S1_kakhovka_status_quo,10.5956/jriet.53.3_134,Kakhovka Dam Disaster and Water Security,2024,False,abstract,True,False,0,0,0,0,0,0,0,0,0,0,0,0,0,0,0,0,0,0,0,False,
S1_kakhovka_status_quo,10.33542/sic2025-2-07,"DOES THE NEXUS OF CONFLICT, ENVIRONMENT, AND SUSTAINABLE DEVELOPMENT DEMAND AN EVOLUTION IN INTERNATIONAL HUMANITARIAN LAW?",2025,False,abstract,True,True,0,0,0,0,0,0,0,0,0,0,0,0,0,0,0,0,0,0,0,False,
S1_kakhovka_status_quo,10.18523/2519-4739.2025.10.1.169-180,Assessment of ecosystem services of the drained Kakhovka Reservoir,2025,False,abstract,True,True,0,0,0,0,0,0,0,0,0,0,0,0,0,11,0,0,0,0,0,False,
S1_kakhovka_status_quo,10.31648/aspal.9883,Consequences of the destruction at the Kakhovka Hydroelectric Power Plant for agriculture in the South of Ukraine,2024,False,abstract,True,True,0,0,0,0,0,0,0,0,0,0,0,0,0,5,0,0,0,0,0,False,
S1_kakhovka_status_quo,10.30836/igs.1025-6814.2025.4.347039,SPATIAL PATTERNS ANALYSIS OF HAZARDOUS EXOGENOUS GEOLOGICAL PROCESSES DEVELOPMENT USING GIS TOOLS WITHIN THE AREA AFFECTED BY THE FORMER KAKHOVKA RESERVOIR,2025,False,abstract,True,True,0,0,0,0,0,0,0,0,0,0,0,1,0,1,0,0,0,0,0,False,
S1_kakhovka_status_quo,10.31767/su.1(112)2026.01.09,Water Use in the Economies of the Regions of the Lower Dnipro Sub-Basin Before and After the Destruction of the Kakhovka Reservoir,2026,False,abstract,True,True,0,0,0,0,0,0,0,0,0,0,0,0,0,0,0,0,0,0,0,False,
S1_kakhovka_status_quo,10.32347/0475-1132.50.2025.252-268,The state of hydraulic structures of hydroelectric power plants of the Dnieper cascade at example of the Dnieper HPP,2025,False,abstract,True,True,0,0,0,0,0,0,0,0,0,0,0,0,0,3,0,0,0,0,0,False,
S1_kakhovka_status_quo,10.17721/2413-7154/2025.93.31-49,POST-WAR RECONSTRUCTION AND URBAN PLANNING IN THE KAKHOVKA RESERVOIR DISASTER REGION,2025,False,abstract,True,True,0,0,0,0,0,0,0,0,0,0,0,0,0,2,0,0,0,0,0,False,
S1_kakhovka_status_quo,10.17721/2306-5680.2024.1.8,CHANGES IN ATMOSPHERIC AEROSOL PARAMETERS DUE TO THE DUST EMISSION FROM THE DRAINED AREAS OF THE KAKHOVKA RESERVOIR,2024,False,abstract,True,True,0,0,0,0,0,0,0,0,0,0,0,0,0,0,0,0,0,0,0,False,
S1_kakhovka_status_quo,10.1145/3744743,Understanding Key Building Attributes Influencing Flood Vulnerability in Masonry Structures after the 2023 Kakhovka Dam Breach in Ukraine,2025,True,full_text,True,True,0,0,0,0,0,0,3,0,0,0,0,2,3,0,0,0,0,0,0,False,
S1_kakhovka_status_quo,10.15407/meteorology2025.07.043,SOLVING HYDROGEOLOGICAL PROBLEMS IN THE CONTEXT OF ASSESSING RESOURCE LOSSES AND THE FEASIBILITY OF RESTORATION OF THE KAKHOVKA RESERVOIR,2025,False,abstract,True,True,0,0,0,0,0,0,0,0,0,0,0,0,0,1,0,0,0,0,0,False,
S1_kakhovka_status_quo,10.59015/wilj.oyho4808,"Ecocide in Armed Conflict: Legal, Ethical, and Jurisdictional Implications of the Kakhovka Dam Destruction under International Criminal Law",2025,False,abstract,True,False,0,0,0,0,0,0,0,0,0,0,0,0,0,0,0,0,0,0,0,False,
S1_kakhovka_status_quo,10.30525/2256-0742/2026-12-3-107-117,ECONOMIC AND LEGAL ANALYSIS OF ENVIRONMENTAL DAMAGES CAUSED BY THE DESTRUCTION OF THE KAKHOVKA HYDROELECTRIC POWER PLANT,2026,False,abstract,True,True,0,0,0,0,0,0,0,0,0,0,0,0,0,5,0,0,0,0,0,False,
S1_kakhovka_status_quo,10.32782/2710-4656/2023.6/10,LANGUAGE REPRESENTATION OF ECOCIDE IN THE GERMAN MASS MEDIA (BASED ON THE EXPLOSION MATERIAL OF KAKHOVKA HPP),2023,False,abstract,True,False,0,0,0,0,0,0,0,0,0,0,0,0,0,0,0,0,0,0,0,False,
S1_kakhovka_status_quo,10.37687/2413-7189.2023.1-2.6,Legal responsibility for committing offenses in the field of environmental protection through the prism of the tragedy at the Kakhovka HPP,2023,False,abstract,True,False,0,0,0,0,0,0,0,0,0,0,0,0,0,0,0,0,0,0,0,False,
S1_kakhovka_status_quo,10.30836/igs.2522-9753.2025.343421,FEATURES OF THE TECHNOLOGY FOR MONITORING THE CHEMICAL STATUS OF GROUNDWATER IN THE LOWER DNIPRO SUB-BASIN AND IN THE AREA AFFECTED BY THE KAKHOVKA RESERVOIR,2025,False,abstract,True,True,0,0,0,0,0,0,0,0,0,0,0,0,0,0,0,0,0,0,0,False,
S1_kakhovka_status_quo,10.68023/byrq4c72,MECHANISMS FOR PROTECTING THE ENVIRONMENT DURING ARMED CONFLICTS IN INTERNATIONAL HUMANITARIAN LAW AND ISSUES OF THEIR IMPLEMENTATION INTO THE NATIONAL LEGISLATION OF UZBEKISTAN,2026,False,abstract,True,True,0,0,0,0,0,0,1,0,0,0,0,0,0,0,0,0,0,0,0,False,
S1_kakhovka_status_quo,10.31521/modecon.v51(2025)-11,Economic consequences of the destruction of the Kakhovka Hydroelectric Power Plant and ways of its restoration,2025,False,abstract,True,True,0,0,0,0,0,0,0,0,0,0,0,0,0,1,0,0,0,0,0,False,
S1_kakhovka_status_quo,10.5281/zenodo.18526999,"Prodromus of the vegetation cover of the southern part of Khortytsia Island (floodplain ecosystems that underwent transformational changes following the destruction of the Kakhovka Reservoir due to the blasting of the Kakhovka Hydropower Plant dam by Russian occupying forces in 2023), based on the results of surveys conducted in 2024–2025.",2026,False,abstract,True,True,0,0,0,0,0,0,0,0,0,0,0,0,0,10,0,0,0,0,0,False,
S1_kakhovka_status_quo,10.5281/zenodo.18526998,"Prodromus of the vegetation cover of the southern part of Khortytsia Island (floodplain ecosystems that underwent transformational changes following the destruction of the Kakhovka Reservoir due to the blasting of the Kakhovka Hydropower Plant dam by Russian occupying forces in 2023), based on the results of surveys conducted in 2024–2025.",2026,False,abstract,True,True,0,0,0,0,0,0,0,0,0,0,0,0,0,10,0,0,0,0,0,False,
S1_kakhovka_status_quo,10.32846/2306-9716/2025.eco.4-61.12,Environmental meteorological conditions as a component of assessing the efficiency of the Kakhovka reservoir,2025,False,abstract,True,True,0,0,0,0,0,0,0,0,0,0,0,0,0,0,0,0,0,0,0,False,
S1_kakhovka_status_quo,10.21046/2070-7401-2025-22-2-326-334,Monitoring the condition of the dried-up zone of the Kakhovka Reservoir in 2023–2024,2025,False,abstract,True,False,0,0,0,0,0,0,0,0,0,0,0,0,0,0,0,0,0,0,0,False,
S1_kakhovka_status_quo,10.32782/wba.2024.2.10,Climatic and hydrological conditions of the formation of vegetation cover on the territory of the darined Kakhovka reservoir,2024,False,abstract,True,True,0,0,0,0,0,0,0,0,0,0,0,0,0,1,0,0,0,0,0,False,
S1_kakhovka_status_quo,10.1080/00139157.2026.2632564,Ecocide in Ukraine: The Role of Environmental Destruction in Hybrid Warfare,2026,False,abstract,True,True,0,0,0,0,0,0,0,0,0,0,0,0,0,0,0,0,0,0,0,False,
S1_kakhovka_status_quo,10.32846/2306-9716/2020.eco.5-32.21,Assessment of the level of use of water resources and the quality of water of the Kakhovka reservoir,2020,False,abstract,True,True,0,0,0,0,0,0,0,0,0,0,0,0,0,0,0,0,0,0,0,False,
S1_kakhovka_status_quo,10.5281/zenodo.21836129,MECHANISMS FOR PROTECTING THE ENVIRONMENT DURING ARMED CONFLICTS IN INTERNATIONAL HUMANITARIAN LAW AND ISSUES OF THEIR IMPLEMENTATION INTO THE NATIONAL LEGISLATION OF UZBEKISTAN,2026,False,abstract,True,True,0,0,0,0,0,0,1,0,0,0,0,0,0,0,0,0,0,0,0,False,
S1_kakhovka_status_quo,10.1615/hydrobj.v62.i5.60,Decrease in External Water Exchange and Possible Ecological Changes in the Floodplain Water Bodies of the Lower Section of the Dnieper River as a Result of the Kakhovka Dam Destruction,2026,False,abstract,True,True,0,0,0,0,0,0,0,0,0,0,0,0,2,0,2,0,0,0,0,False,
S1_kakhovka_status_quo,10.69628/esbur/2.2024.09,The impact of temporary occupation and hostilities on the water conditions of the North Crimean and Kakhovka Main Canals,2024,False,abstract,True,True,0,0,0,0,0,0,0,0,0,0,0,4,1,2,1,0,0,0,0,False,
S1_kakhovka_status_quo,10.4102/jamba.v18i1.2045,Simulation of the Keureuto Dam collapse disaster based on flood distribution,2026,False,abstract,False,False,0,0,0,0,0,0,0,0,0,0,0,0,0,0,0,0,0,0,0,False,
S1_kakhovka_status_quo,10.33644/2313-6679-3-2023-6,CONCRETE AND REINFORCED CONCRETE DAMS UNDER DESIGN OPERATING CONDITIONS. SAFETY REQUIREMENTS,2023,False,abstract,True,True,0,0,0,0,0,0,0,0,0,0,0,0,0,2,0,0,0,0,0,False,
S1_kakhovka_status_quo,10.47143/1684-1557/2026.1.4,DETERMINATION OF THE ACUTE TOXICITY OF CYANOBACTERIAL TOXINS EXTRACT DURING THEIR MASS DEVELOPMENT IN THE ODESA BAY AFTER THE DETONATION THE DAM OF THE KAKHOVKA HYDROELECTRIC POWER PLANT,2026,False,abstract,True,True,0,0,0,0,0,0,0,0,0,0,0,0,0,7,0,0,0,0,0,False,
S1_kakhovka_status_quo,10.31073/agrovisnyk202109-09,Improvement of technology of intake of drainage water filtered from reservoirs and their use,2021,False,abstract,True,True,0,0,0,0,0,0,0,0,0,0,0,0,0,0,0,0,0,0,0,False,
S1_kakhovka_status_quo,10.30836/igs.2522-9753.2025.343914,MATHEMATICAL HYDROGEOLOGICAL MODEL OF THE IMPACT ZONE OF THE DESTROYED KAKHOVKA RESERVOIR AS AN INNOVATIVE TOOL FOR MONITORING AND MANAGING REGIONAL WATER RESOURCES,2025,False,abstract,True,True,0,0,0,0,0,0,0,0,0,0,0,0,1,1,0,0,0,0,0,False,
S1_kakhovka_status_quo,10.18523/2617-4529.2025.8.70-80,Initial stages of formation of floodplain forests of the bottom of the Kakhovка reservoir and forecast of their development,2025,False,abstract,True,True,0,0,0,0,0,0,1,0,0,0,0,0,0,7,0,0,0,0,0,False,
S1_kakhovka_status_quo,10.61976/fsu2025.03.236,"Spermatogenesis disorders in sterlet (Acipenser ruthenus Linnaeus, 1758) in water area of the Kakhovka Reservoir",2025,False,abstract,True,True,0,0,0,0,0,0,0,0,0,0,0,2,0,0,0,0,0,0,0,False,
S1_kakhovka_status_quo,10.32782/2226-0099.2024.138.15,Physic-chemical assessment of the bottom sediments of the Kakhovka Reservoir as a result of military-technogenic influence,2024,False,abstract,True,True,0,0,0,0,0,0,0,0,0,0,0,0,0,0,0,0,0,0,0,False,
S1_kakhovka_status_quo,10.32347/2411-4049.2023.4.91-116,"Geoecological and economic consequences of creation, drainage and possible variants of restoration the Kakhovsky reservoir",2023,False,abstract,True,True,0,0,0,0,0,0,0,0,0,0,0,0,0,0,0,0,0,0,0,False,
S1_kakhovka_status_quo,10.17721/1728-2713.112.15,Monitoring the ecological consequences of war using geographic information systems and remote sensing,2026,False,abstract,True,True,0,0,0,0,0,0,0,0,0,0,0,7,0,3,1,0,0,0,0,False,
S1_kakhovka_status_quo,10.2139/ssrn.6225281,"War-related pollution in Black Sea coastal waters: hydrochemistry, priority pollutant profiles and shoreline oil backtracking",2026,False,abstract,False,False,0,0,0,0,0,0,0,0,0,0,0,0,0,0,0,0,0,0,0,False,
S1_kakhovka_status_quo,10.30838/j.bpsacea.2312.040624.48.1058,ANALYSIS OF THE DESTRUCTION OF UKRAINIAN NUCLEAR FUEL CYCLE ENERGY FACILITIES AS A RESULT OF RUSSIAN MILITARY OPERATIONS,2024,False,abstract,True,True,0,0,0,0,0,0,0,0,0,0,0,1,0,5,0,0,0,0,0,False,
S1_kakhovka_status_quo,10.36495/2312-0614.2025.3.3-7,Factors of locust outbreak in Zaporizhzhia region of Ukraine,2025,False,abstract,True,True,0,0,0,0,0,0,0,0,0,0,0,0,0,0,0,0,0,0,0,False,
S1_kakhovka_status_quo,10.26565/1992-4259-2026-34-04,Use of Sentinel-2 data for compensatory monitoring of surface waters of Ukraine under martial law,2026,False,abstract,True,True,0,0,0,0,0,0,0,0,0,0,0,7,0,0,0,0,0,0,0,False,
S1_kakhovka_status_quo,10.32846/2306-9716/2025.eco.3-60.21,Biodiversity of the flora of the Great Meadow prior to the construction of the Kakhovka hydroelectric station,2025,False,abstract,True,True,0,0,0,0,0,0,3,0,0,0,0,0,0,5,0,0,0,0,0,False,
S1_kakhovka_status_quo,10.15407/meteorology2026.09.050,Evaluation of water-salt regime parameters for the Inhulets river in the technogenic affected zone based on hydrochemical monitoring data,2026,False,abstract,True,True,0,0,0,0,0,0,0,0,0,0,0,0,0,0,0,0,0,0,0,False,
S1_kakhovka_status_quo,10.32851/wba.2019.2.3,Ecology of bivalve mollusk Dreissena in the kakhovka irrigation system,2019,False,abstract,True,False,0,0,0,0,0,0,0,0,0,0,0,0,0,0,0,0,0,0,0,False,
S1_kakhovka_status_quo,10.48084/etasr.11620,Modeling Multiple Dam Breaks: A Case Study on the Hypothetical Failure of Adhaim and Makhool Dams,2025,False,abstract,False,False,0,0,0,0,0,0,0,0,0,0,0,0,0,0,0,0,0,0,0,False,
S1_kakhovka_status_quo,10.17721/1728-2713.90.13,INFLUENCE OF DRAINAGE WELLS IN ANTIFILTRATION DRAINAGE SYSTEM,2020,False,abstract,True,True,0,0,0,0,0,0,0,0,0,0,0,0,0,0,2,0,0,0,0,False,
S1_kakhovka_status_quo,10.54477/lh.25192353.2025.3.pp.88-97,Legal aspects of environmental terrorism in the context of the war in Ukraine: New challenges to global security,2025,False,abstract,True,True,0,0,0,0,0,0,0,0,0,0,0,0,0,1,0,0,0,0,0,False,
S1_kakhovka_status_quo,10.18524/2303-9914.2022.2(41).268700,SOME ASPECTS OF THE LATEST FLOODING IN THE KHERSON REGION,2023,False,abstract,True,True,0,0,0,0,0,0,0,0,0,0,0,0,0,0,1,0,0,0,0,False,
S1_kakhovka_status_quo,10.32846/2306-9716/2024.eco.6-57.17,Targeted criminal destruction of Ukraine’s environment as a consequence of russian aggression,2024,False,abstract,True,True,0,0,0,0,0,0,0,0,0,0,0,0,0,3,0,0,0,0,0,False,
S1_kakhovka_status_quo,10.53368/ep70milbr01,Ecocidio en el contexto de la invasión rusa de Ucrania: patrones bibliométricos y casos de estudio de daño ambiental,2025,False,abstract,True,True,0,0,0,0,0,0,0,0,0,0,0,0,0,0,0,0,0,0,0,False,
S1_kakhovka_status_quo,10.51707/2618-0529-2026-35-02,Analysis of the ecological disaster at the Kakhovka Hydroelectric Power Station using Earth remote sensing methods: scientific and educational aspect,2026,False,abstract,True,True,0,0,0,0,0,0,0,0,0,0,0,1,0,2,0,0,0,0,0,False,
S1_kakhovka_status_quo,10.1163/16000390-12341031,Archaeological Heritage of the Kherson Region: Occupied and Endangered,2026,False,abstract,True,True,0,0,0,0,0,0,2,0,0,0,0,0,0,0,0,0,0,0,0,False,
S1_kakhovka_status_quo,10.66659/2z4fha41,Managing Mississippi and Missouri River Landscapes: A Conversation with Kenneth R. Olson,2026,False,abstract,True,True,0,0,0,0,0,0,0,0,0,0,0,0,1,0,0,0,0,0,0,False,
S1_kakhovka_status_quo,10.5194/essd-2026-107,Bridging the Data Gap: An Enhanced Global Inventory for Statistical Characterization and Hazard Assessment of Landslide Dams,2026,False,abstract,False,False,0,0,0,0,0,0,0,0,0,0,0,0,0,0,0,0,0,0,0,False,
S1_kakhovka_status_quo,10.37659/2663-5070-2023-10-22-29,PROBLEMS OF ASSESSING THE CONSEQUENCES OF MODERN MILITARY MAN-MADE DISASTERS,2023,False,abstract,True,True,0,0,0,0,0,0,0,0,0,0,0,0,0,0,0,0,0,0,0,False,
S1_kakhovka_status_quo,10.24144/2307-3322.2026.94.4.22,Regarding the issue of the international-law qualification of acts related to the destruction of dams or dykes and the infliction of damage on the environment during an armed conflict,2026,False,abstract,False,False,0,0,0,0,0,0,0,0,0,0,0,0,0,0,0,0,0,0,0,False,
S1_kakhovka_status_quo,10.34185/1562-9945-5-162-2026-04,ОЦІНКА ТОЧНОСТІ МЕТОДІВ АВТОМАТИЗОВАНОГО КАРТУВАННЯ ВОДНИХ ПОВЕРХОНЬ НА ОСНОВІ СПЕКТРАЛЬНИХ ІНДЕКСІВ,2026,False,abstract,True,True,0,0,0,0,0,0,0,0,0,0,0,12,0,2,0,0,0,0,0,False,
S1_kakhovka_status_quo,10.2139/ssrn.4776649,Ukraine's Water Security Under Pressure: Climate Change and Wartime,2024,False,abstract,False,False,0,0,0,0,0,0,0,0,0,0,0,0,0,0,0,0,0,0,0,False,
S1_kakhovka_status_quo,10.70651/3041-2498/2026.5.21,CONSEQUENCES OF THE RUSSIAN FEDERATION’S ARMED AGGRESSION FOR UKRAINE’S ENVIRONMENTAL SPHERE,2026,False,abstract,True,True,0,0,0,0,0,0,0,0,0,0,0,0,0,1,0,0,0,0,0,False,
S1_kakhovka_status_quo,10.31721/2306-5451-2025-2-23-89-103,Information and analytical support for the management of threat risks during combat operations,2025,False,abstract,True,True,0,0,0,0,0,0,0,0,0,0,0,0,0,1,0,0,0,0,0,False,
S1_kakhovka_status_quo,10.32347/2411-4049.2024.4.145-156,Geographic information technologies for research ecosystem of Khortytsa island at state of war,2024,False,abstract,True,True,0,0,0,0,0,0,0,0,0,0,0,0,0,3,2,0,0,0,0,False,
S1_kakhovka_status_quo,10.15593/2224-9826/2023.1.09,Experimental study of the mechanical properties of the downstream wedge of a low-pressure dam under conditions of rising flood water levels,2023,False,abstract,False,False,0,0,0,0,0,0,0,0,0,0,0,0,0,0,0,0,0,0,0,False,
S1_kakhovka_status_quo,10.66659/ttv2jt84,"Great River Landscapes of Western Asia and Eastern Europe: Volga, Dnieper, Danube, and Rhine (A Conversation with Kenneth R. Olson)",2026,False,abstract,True,True,0,0,0,0,0,0,1,0,0,0,0,0,0,1,0,0,0,0,0,False,
S1_kakhovka_status_quo,10.31774/2712-9357-2024-14-4-352-370,FEATURES OF THE IMPACT OF ANTHROPOGENIC AND CLIMATIC FACTORS ON THE STATE OF AGRICULTURAL LANDS IN ZAPORIZHIA REGION,2024,False,abstract,True,True,0,0,0,0,0,0,0,0,0,0,0,0,2,1,0,0,0,0,0,False,
S1_kakhovka_status_quo,10.1007/s43832-026-00387-2,Water quality in the Dnipro–Donbas canal (Ukraine) under conditions of war and climate change,2026,False,abstract,True,True,0,0,0,0,0,0,0,0,0,0,0,1,0,1,0,0,0,0,0,False,
S1_kakhovka_status_quo,10.18523/2617-2607.2024.13.38-50,Wholesale Energy Supplies Disruption as the Human Rights Breach: Characterisation and Causality Aspects,2024,False,abstract,False,False,0,0,0,0,0,0,0,0,0,0,0,0,0,0,0,0,0,0,0,False,
S1_kakhovka_status_quo,10.31891/dsim-2026-13(39),ТЕНДЕНЦІЇ РОЗВИТКУ ТА МОНІТОРИНГ КОНКУРЕНТНОГО СЕРЕДОВИЩА В АГРАРНОМУ СЕКТОРІ ЕКОНОМІКИ (РЕГІОНАЛЬНИЙ ТА ГАЛУЗЕВИЙ РОЗРІЗИ),2026,False,abstract,True,True,0,0,0,0,0,0,0,0,0,0,0,2,0,0,0,0,0,0,0,False,
S1_kakhovka_status_quo,10.17161/folklorica.v25i1.18332,Protesting Retrospectively: Oral Memories and Social Practices of Migrants from the Areas of Artificial Water Reservoirs in Soviet Ukraine,2022,False,abstract,False,False,0,0,0,0,0,0,0,0,0,0,0,0,0,0,0,0,0,0,0,False,
S1_kakhovka_status_quo,10.47143/1684-1557/2026.1.3,PREDICTIVE ASSESSMENT OF THE ECOLOGICAL STATUS OF THE UKRAINIAN SECTOR OF THE BLACK SEA BASED ON CHANGES IN MORPHOFUNCTIONAL INDICATORS OF AUTOTROPHIC COMMUNITIES UNDER THE INFLUENCE OF CLIMATIC FACTORS END THE CONSEQUENCES OF MILITARY ACTIONS (PART 2: FO,2026,False,abstract,True,True,0,0,0,0,0,0,0,0,0,0,0,0,0,5,0,0,0,0,0,False,
S1_kakhovka_status_quo,10.1615/hydrobj.v62.i5.10,Phytoplankton of the Northwestern Part of the Black Sea in the Odesa Region under Conditions of a Technogenic Disaster,2026,False,abstract,True,True,0,0,0,0,0,0,0,0,0,0,0,0,0,5,0,0,0,0,0,False,
S1_kakhovka_status_quo,10.63095/nbseh.25.991668,How to Grow Salt-Sensitive Vegetable Crops Under Salinization of Water Bodies in Southern Ukraine: The Potential of Seaweed (Ecklonia maxima) Extracts to Mitigate Salt Stress in Lettuce,2025,False,abstract,True,True,0,0,0,0,0,0,0,0,0,0,0,0,0,3,0,0,0,0,0,False,
S1_kakhovka_status_quo,10.31713/mcit.2024.010,Гідроінформатика як акселератор прийняття рішень в управлінні ремедіацією водних ресурсів: інноваційна агентно-орієнтована модель для Херсонщини,2024,False,abstract,True,True,0,0,0,0,0,0,0,0,0,0,0,0,0,1,0,0,0,0,0,False,
S1_kakhovka_status_quo,10.20998/2313-8890.2026.01.12,ANALYSIS OF THE DYNAMICS AND STRUCTURE OF RESOURCE PROVISION FOR AGRICULTURAL PRODUCTION,2026,False,abstract,True,True,0,0,0,0,0,0,0,0,0,0,0,0,0,0,0,0,0,0,0,False,
S1_kakhovka_status_quo,10.15866/irece.v16i6.26998,"Spending Efficiency Through the Integration of Structural Health, Process and Safety in Sustainable Dam Asset Management",2025,False,abstract,False,False,0,0,0,0,0,0,0,0,0,0,0,0,0,0,0,0,0,0,0,False,
S1_kakhovka_status_quo,10.32846/2306-9716/2026.eco.2-65.39,War-induced degradation of irrigated ecosystems of the Kherson region: geoinformation and remote sensing analysis,2026,False,abstract,True,True,0,0,0,0,0,0,0,0,0,0,0,2,0,8,1,0,0,0,0,False,
S1_kakhovka_status_quo,10.5281/zenodo.17679949,"Environmental Consequences of War: What Are the Ecological and Geographic Consequences of Military Activities in Ukraine's Industrial and Agricultural Regions, particularly in the Donbas and Southern Steppe Zones?",2025,False,abstract,True,True,0,0,0,0,0,0,0,0,0,0,0,0,0,0,0,0,0,0,0,False,
S1_kakhovka_status_quo,10.15372/csd2026724,HYDROCARBONS IN THE WATER AND BOTTOM SEDIMENTS OF THE NORTH CRIMEAN CANAL AND ADJACENT WATER AREAS (CRIMEA) DURING THE CHANGE OF THE WATER REGIMEN OF THE CANAL,2026,False,abstract,True,True,0,0,0,0,0,0,0,0,0,0,0,2,0,0,0,0,0,0,0,False,
S1_kakhovka_status_quo,10.55670/fpll.futech.4.2.1,"Emergency action plan for Haditha dam failure scenario, Al-Anbar, Iraq",2025,False,abstract,False,False,0,0,0,0,0,0,0,0,0,0,0,0,0,0,0,0,0,0,0,False,
S1_kakhovka_status_quo,10.70651/3041-2498/2025.11.04,"ECONOMIC LOSSES FROM THE DESTRUCTION OF WATER SUPPLY SYSTEMS: AN ASSESSMENT FOR HOUSEHOLDS, THE AGRICULTURAL SECTOR, AND INDUSTRY IN UKRAINE",2025,False,abstract,False,False,0,0,0,0,0,0,0,0,0,0,0,0,0,0,0,0,0,0,0,False,
S1_kakhovka_status_quo,10.1029/2025jc023538,Recent Changes and Variability of Suspended Particulate Matter in European and Mediterranean Coastal Waters Inferred From OLCI Data,2026,False,abstract,True,True,0,0,0,0,0,0,0,0,0,0,0,0,0,1,0,0,0,0,0,False,
S1_kakhovka_status_quo,10.15407/meteorology2024.05.039,DEFINITION OF THE NATURALIZED FLOW OF THE DNIPRO USING THE RESTORATION METHOD,2024,False,abstract,True,True,0,0,0,0,0,0,1,0,0,0,0,0,0,0,1,0,0,0,0,False,
S1_kakhovka_status_quo,10.3389/fenvs.2026.1823887,Ecocide in Ukraine: an assessment of geospatial and environmental evidence of war-related ecosystem destruction in Ukraine,2026,False,abstract,False,False,0,0,0,0,0,0,0,0,0,0,0,0,0,0,0,0,0,0,0,False,
S1_kakhovka_status_quo,10.2478/jlecol-2026-0023,Assessing of the Spatio-Temporal Climate and Airborne Pollution Changes and Trends in Ukrainian Steppe Zone,2026,False,abstract,True,True,0,0,0,0,0,0,0,0,0,0,0,0,0,0,0,0,0,0,0,False,
S1_kakhovka_status_quo,10.1093/eurpub/ckaf161.1053,"Enhancing the resilience of water, sanitation and hygiene services in conflict settings",2025,False,abstract,True,True,0,0,0,0,0,0,0,0,0,0,0,0,0,0,0,0,0,0,0,False,
S1_kakhovka_status_quo,10.32846/2306-9716/2023.eco.4-49.1,About pershochergovі come from the renovation and modernization of water supply systems of the territories that have suffered in the aftermath of military activities,2023,False,abstract,True,True,0,0,0,0,0,0,0,0,0,0,0,1,0,3,0,0,0,0,0,False,
S1_kakhovka_status_quo,10.1016/j.rsase.2026.102242,Nuclear safety monitoring under restricted access: A remote sensing and OSINT approach to the Zaporizhzhia nuclear power plant,2026,False,abstract,False,False,0,0,0,0,0,0,0,0,0,0,0,0,0,0,0,0,0,0,0,False,
S1_kakhovka_status_quo,10.32782/bses.100-2,ПРОДОВОЛЬЧА БЕЗПЕКА УКРАЇНИ В УМОВАХ ГЛОБАЛЬНИХ ВИКЛИКІВ: РОЛЬ АГРАРНОГО СЕКТОРУ ТА КЛЮЧОВІ ЧИННИКИ ЗАБЕЗПЕЧЕННЯ СТІЙКОСТІ,2026,False,abstract,True,True,0,0,0,0,0,0,0,0,0,0,0,0,0,0,0,0,0,0,0,False,
S1_kakhovka_status_quo,10.2139/ssrn.6501985,Organic and inorganic contaminants in surface and subsurface sediments from Bulgarian Black Sea waters,2026,False,abstract,False,False,0,0,0,0,0,0,0,0,0,0,0,0,0,0,0,0,0,0,0,False,
S1_kakhovka_status_quo,10.15421/032510,Ecological and structural transformation of floodplain forests of Khortytsia island under post-catastrophic disruption of the hydrological regime,2025,False,abstract,True,True,0,0,0,0,0,0,0,0,0,0,0,5,0,11,1,0,0,0,0,False,
S1_kakhovka_status_quo,10.70651/3041-2498/2025.10.11,THE IMPACT OF THE DESTRUCTION OF UKRAINE’S INDUSTRIAL INFRASTRUCTURE ON INTERNATIONAL COOPERATION AND INVESTMENT ATTRACTIVENESS,2025,False,abstract,False,False,0,0,0,0,0,0,0,0,0,0,0,0,0,0,0,0,0,0,0,False,
S1_kakhovka_status_quo,10.55643/fcaptp.6.65.2025.4926,RUSSIA’S MILITARY AGGRESSION: ANALYSIS OF SOCIO-ECONOMIC CONSEQUENCES OF THE DESTRUCTION OF THE ECOSYSTEM OF UKRAINE,2025,False,abstract,False,False,0,0,0,0,0,0,0,0,0,0,0,0,0,0,0,0,0,0,0,False,
S1_kakhovka_status_quo,10.31548/law/2.2026.28,Energy security strategy under martial law: Environmental risks and areas of their legal regulation,2026,False,abstract,True,True,0,0,0,0,0,0,1,0,0,0,0,0,0,1,0,0,0,0,0,False,
S1_kakhovka_status_quo,10.61976/fsu2024.04.238,Consequences of military actions for aquatic ecosystems and fisheries of Ukraine. Thematic web-bibliography,2024,False,abstract,True,True,0,0,0,0,0,0,0,0,0,0,0,0,0,3,0,0,0,0,0,False,
S1_kakhovka_status_quo,10.32782/2226-0099.2024.140.70,Ecological state of protected massifs of the Dnipro reservoir cascade: theoretical analysis,2024,False,abstract,False,False,0,0,0,0,0,0,0,0,0,0,0,0,0,0,0,0,0,0,0,False,
S1_kakhovka_status_quo,10.1016/j.ijdrr.2025.105837,The new normal: Nuclear facilities as military targets. Establishing operational criteria to enable large-scale operations by crisis and disaster management organisations,2025,False,abstract,True,True,0,0,0,0,0,0,0,0,0,0,0,0,0,4,0,0,0,0,0,False,
S1_kakhovka_status_quo,10.3390/w15152818,Use Case of Water Reservoir Protection as a Critical Infrastructure Element in Slovakia Using a Quantitative Approach,2023,False,abstract,False,False,0,0,0,0,0,0,0,0,0,0,0,0,0,0,0,0,0,0,0,False,
S1_kakhovka_status_quo,10.21203/rs.3.rs-6104856/v1,Nature in the Crossfire: Unveiling Environmental Destruction in Warfare Through Generative AI-Assisted Assessment,2025,False,abstract,False,False,0,0,0,0,0,0,0,0,0,0,0,0,0,0,0,0,0,0,0,False,
S1_kakhovka_status_quo,10.26565/2075-1893-2025-42-05,425th anniversary of the birth of Guillaume Le Vasser de Beauplan and his role in the formation of Ukrainian geography and cartography,2025,False,abstract,True,True,0,0,0,0,0,0,2,0,0,0,0,1,0,0,0,0,0,0,0,False,
S1_kakhovka_status_quo,10.5281/zenodo.17964746,"FROM KURSK TO MARYINO: EVIDENCE FOR COORDINATED RUSSIAN LEADERSHIP TRANSITION FOLLOWING ELITE CONSENSUS A Systematic Analysis of Putin's Death or Incapacitation on November 20, 2024",2025,False,abstract,True,True,0,0,0,0,0,0,0,0,0,0,0,1,0,0,0,0,0,0,0,False,
S1_kakhovka_status_quo,10.31909/26168812.2023-(64)-26,Pedagogical aspects of forming professional competence offuture specialists secondary education (Biology) and tourism (based on the materials of Ukrainian Bessarabia),2023,False,abstract,True,True,0,0,0,0,0,0,0,0,0,0,0,3,0,0,0,0,0,0,0,False,
S1_kakhovka_status_quo,10.69889/7z4en461,"Ecocide in the Modern World: Environmental, Health Economic and Human Rights Dimensions of War‑Related Environmental Destruction",2026,False,abstract,False,False,0,0,0,0,0,0,0,0,0,0,0,0,0,0,0,0,0,0,0,False,
S1_kakhovka_status_quo,10.31891/2415-7929-2024-30-8,THE CONCEPT ECOCIDE: THE LEXICAL AND STYLISTIC MEANS OF ITS VERBALIZATION IN THE ORIGINAL AND TRANSLATION,2024,False,abstract,True,True,0,0,0,0,0,0,0,0,0,0,0,1,0,3,0,0,0,0,0,False,
S1_kakhovka_status_quo,10.33730/2077-4893.2.2025.333824,Current state of terrestrial theriofauna in the agro landscape of the Ingulets-Dnieper interfluve on the example of the national nature park «Kamyanska Sich»,2025,False,abstract,True,True,0,0,0,0,0,0,0,0,0,0,0,0,0,0,0,0,0,0,0,False,
S1_kakhovka_status_quo,10.32782/hst-2025-25-102-15,ENVIRONMENTAL CHALLENGES AS A FACTOR IN THE FORMATION OF MODERN ECONOMIC POLICY,2025,False,abstract,True,True,0,0,0,0,0,0,0,0,0,0,0,0,0,3,0,0,0,0,0,False,
S1_kakhovka_status_quo,10.51423/2524-0471-2024-16-1-10,Crisis Environmental Communications in the Context of Armed Conflict as a Subject of Sociological Analysis,2024,False,abstract,True,True,0,0,0,0,0,0,0,0,0,0,0,0,0,1,0,0,0,0,0,False,
S1_kakhovka_status_quo,10.15802/stp2025/343194,On the Need to Conduct Additional Stress Tests to Evaluate the Safety of the Hydraulic Structures Site at the Zaporizhzhia NPP,2025,False,abstract,False,False,0,0,0,0,0,0,0,0,0,0,0,0,0,0,0,0,0,0,0,False,
S1_kakhovka_status_quo,10.3390/fire9060259,An Integrated Model for Dam Evacuation Under Explosion-Induced Damage: Coupling Physical Damage and Crowd Behavior,2026,False,abstract,False,False,0,0,0,0,0,0,0,0,0,0,0,0,0,0,0,0,0,0,0,False,
S1_kakhovka_status_quo,10.5281/zenodo.20554034,Geospatial Monitoring of Agroclimatic Resource Impacts on Vegetation State at the Onset of the Growing Season,2026,False,abstract,True,True,0,0,0,0,0,0,0,0,0,0,0,0,0,9,0,0,0,0,0,False,
S1_kakhovka_status_quo,10.5281/zenodo.20554033,Geospatial Monitoring of Agroclimatic Resource Impacts on Vegetation State at the Onset of the Growing Season,2026,False,abstract,True,True,0,0,0,0,0,0,0,0,0,0,0,0,0,9,0,0,0,0,0,False,
S1_kakhovka_status_quo,10.5281/zenodo.8266046,ENVIRONMENTAL AND CHEMICAL ASSESSMENT OF THE CONDITION OF THE ENVIRONMENT AFTER THE EXPLOSION OF THE KAHOVSKY HYDROELECTRIC POWER STATIONS,2023,False,abstract,True,True,0,0,0,0,0,0,0,0,0,0,0,1,0,2,0,0,0,0,0,False,
S1_kakhovka_status_quo,10.3197/ge.2016.090205,Steppe by Steppe: Exploring Environmental Change in Southern Ukraine,2016,False,abstract,False,False,0,0,0,0,0,0,0,0,0,0,0,0,0,0,0,0,0,0,0,False,
S1_kakhovka_status_quo,10.15407/archaeologyua2017.04.120,Vytautas Tower According to Modern Photogrammetric Studies,2017,False,abstract,True,True,0,0,0,0,0,0,1,0,0,0,0,0,0,1,0,0,0,0,0,False,
S1_kakhovka_status_quo,10.1051/radiopro/2002187,Comparative analyses of different modelling approaches to simulate radionuclide transport through the Dnieper reservoirs based on extremal flood 1999 scenario,2002,False,abstract,False,False,0,0,0,0,0,0,0,0,0,0,0,0,0,0,0,0,0,0,0,False,
S1_kakhovka_status_quo,10.31548/dopovidi2017.01.001,New Deltaic Landscapes Formation In Large Water Reservoirs: Global Aspect,2017,False,abstract,False,False,0,0,0,0,0,0,0,0,0,0,0,0,0,0,0,0,0,0,0,False,
S1_kakhovka_status_quo,10.22449/1573-160x-2015-3-25-34,The Northern-Crimean Canal as a model object for radioecological study of the Chernobyl radionuclides transport to the Black Sea,2015,False,abstract,False,False,0,0,0,0,0,0,0,0,0,0,0,0,0,0,0,0,0,0,0,False,
S1_kakhovka_status_quo,10.1515/vzoo-2017-0009,Possible Ways of Development of the Breeding Bird Communities of the Lower Dnipro,2017,False,abstract,True,True,0,0,0,0,0,0,0,0,0,0,0,0,0,2,0,0,0,0,0,False,
S2_altimetry_vertical_datum,10.1007/s10712-022-09700-9,Water Resources in Africa under Global Change: Monitoring Surface Waters from Space,2022,False,abstract,True,True,0,0,0,1,0,0,0,0,0,0,0,0,0,0,0,0,0,0,0,False,
S2_altimetry_vertical_datum,10.1029/2021wr031614,A Framework for Estimating Global River Discharge From the Surface Water and Ocean Topography Satellite Mission,2023,False,abstract,True,True,0,0,0,1,0,0,0,0,0,0,0,0,0,0,0,0,0,0,0,False,
S2_altimetry_vertical_datum,10.1029/2022wr032842,ICESat‐2 Based River Surface Slope and Its Impact on Water Level Time Series From Satellite Altimetry,2022,False,abstract,True,True,0,0,0,1,0,0,0,0,0,0,0,0,0,0,0,1,0,0,0,False,
S2_altimetry_vertical_datum,10.1016/j.rse.2016.12.029,"The Ice, Cloud, and land Elevation Satellite-2 (ICESat-2): Science requirements, concept, and implementation",2017,False,abstract,True,True,0,0,0,0,0,0,0,0,0,0,0,0,0,0,0,0,0,0,0,False,
S2_altimetry_vertical_datum,10.1029/2023wr036428,Hydraulic River Models From ICESat‐2 Elevation and Water Surface Slope,2024,False,abstract,True,True,0,0,0,3,0,0,0,0,0,0,0,0,0,0,0,3,0,0,1,False,
S2_altimetry_vertical_datum,10.5194/tc-7-375-2013,"Bedmap2: improved ice bed, surface and thickness datasets for Antarctica",2013,False,abstract,False,False,0,0,0,0,0,0,0,0,0,0,0,0,0,0,0,0,0,0,0,False,
S2_altimetry_vertical_datum,10.3389/fmars.2019.00232,Global Observations of Fine-Scale Ocean Surface Topography With the Surface Water and Ocean Topography (SWOT) Mission,2019,False,abstract,True,True,0,0,0,2,0,0,0,0,0,0,0,0,0,0,0,0,0,0,0,False,
S2_altimetry_vertical_datum,10.1007/s10712-016-9362-6,Lake Volume Monitoring from Space,2016,False,abstract,True,True,0,0,0,1,0,0,0,0,0,0,0,0,0,0,0,0,0,0,0,False,
S2_altimetry_vertical_datum,10.1029/2023wr036896,The Surface Water and Ocean Topography Mission (SWOT) Prior Lake Database (PLD): Lake Mask and Operational Auxiliaries,2025,False,abstract,True,True,0,0,0,0,0,0,0,0,0,0,0,0,0,0,0,0,0,0,0,False,
S2_altimetry_vertical_datum,10.5194/hess-21-751-2017,Application of CryoSat-2 altimetry data for river analysis and modelling,2017,False,abstract,True,True,0,0,0,2,0,0,0,0,0,0,0,0,0,0,0,0,0,0,0,False,
S2_altimetry_vertical_datum,10.1002/2015rg000502,Vertical land motion as a key to understanding sea level change and variability,2015,False,abstract,True,True,0,0,0,3,0,0,0,0,0,0,0,0,0,0,0,0,0,0,0,False,
S2_altimetry_vertical_datum,10.1002/esp.4787,Remotely sensed rivers in the Anthropocene: state of the art and prospects,2019,False,abstract,False,False,0,0,0,0,0,0,0,0,0,0,0,0,0,0,0,0,0,0,0,False,
S2_altimetry_vertical_datum,10.5194/hess-25-1643-2021,Evaluation of historic and operational satellite radar altimetry missions for constructing consistent long-term lake water level records,2021,False,abstract,True,True,0,0,0,3,0,0,0,0,0,0,0,0,0,0,0,0,0,0,0,False,
S2_altimetry_vertical_datum,10.3390/rs13183581,Digital Elevation Models: Terminology and Definitions,2021,False,abstract,True,True,0,0,0,0,1,0,0,0,0,0,0,0,0,0,0,0,0,0,0,False,
S2_altimetry_vertical_datum,10.3389/frsen.2024.1466695,First results of the surface water ocean topography (SWOT) observations to rivers elevation profiles in the Cuvette Centrale of the Congo Basin,2024,False,abstract,True,True,0,0,0,0,0,0,0,0,0,0,0,0,0,0,0,1,0,0,0,False,
S2_altimetry_vertical_datum,10.3390/rs6064952,Atmospheric Corrections for Altimetry Studies over Inland Water,2014,False,abstract,True,True,0,0,0,1,0,0,0,0,0,0,0,0,0,0,0,0,0,0,0,False,
S2_altimetry_vertical_datum,10.5194/essd-14-2463-2022,HydroSat: geometric quantities of the global water cycle from geodetic satellites,2022,False,abstract,True,True,0,0,0,4,0,0,0,0,0,0,0,0,0,0,0,0,0,0,0,False,
S2_altimetry_vertical_datum,10.1029/2009jd012674,"Interannual variability of surface water extent at the global scale, 1993–2004",2010,False,abstract,True,True,0,0,0,2,0,0,0,0,0,0,0,0,0,0,0,0,0,0,0,False,
S2_altimetry_vertical_datum,10.3390/rs10101557,"Fifteen Years of Cal/Val Service to Reference Altimetry Missions: Calibration of Satellite Altimetry at the Permanent Facilities in Gavdos and Crete, Greece",2018,False,abstract,True,True,0,0,0,0,0,0,0,0,0,0,0,0,0,0,0,0,0,0,0,False,
S2_altimetry_vertical_datum,10.1016/j.asr.2021.01.022,Altimetry for the future: Building on 25 years of progress,2021,False,abstract,True,True,0,0,0,1,1,0,0,0,0,0,0,0,0,0,0,0,0,0,0,False,
S2_altimetry_vertical_datum,10.1029/2020rg000728,Amazon Hydrology From Space: Scientific Advances and Future Challenges,2021,False,abstract,False,False,0,0,0,0,0,0,0,0,0,0,0,0,0,0,0,0,0,0,0,False,
S2_altimetry_vertical_datum,10.3319/tao.2008.19.1-2.1(sa),"A Survey of ICESat Coastal Altimetry Applications: Continental Coast, Open Ocean Island, and Inland River",2008,False,abstract,True,True,0,0,0,1,1,0,0,0,0,0,0,0,0,0,0,0,0,0,0,False,
S2_altimetry_vertical_datum,10.3390/rs13112196,Evaluation of the Performances of Radar and Lidar Altimetry Missions for Water Level Retrievals in Mountainous Environment: The Case of the Swiss Lakes,2021,False,abstract,True,True,0,0,0,5,0,0,0,0,0,0,0,0,0,0,0,0,0,0,0,False,
S2_altimetry_vertical_datum,10.1029/2024gl114084,Assessing the Accuracy of SWOT Measurements of Water Bodies in Australia,2025,False,abstract,True,True,0,0,0,1,0,0,0,0,0,0,0,0,0,0,0,0,0,0,0,False,
S2_altimetry_vertical_datum,10.1007/s10712-021-09685-x,Applications and Challenges of GRACE and GRACE Follow-On Satellite Gravimetry,2022,False,abstract,False,False,0,0,0,0,0,0,0,0,0,0,0,0,0,0,0,0,0,0,0,False,
S2_altimetry_vertical_datum,10.5194/hess-24-2207-2020,Assimilation of wide-swath altimetry water elevation anomalies to correct large-scale river routing model parameters,2020,False,abstract,True,True,0,0,0,0,0,0,0,0,0,0,0,0,0,0,0,0,0,0,0,False,
S2_altimetry_vertical_datum,10.1007/s10712-016-9392-0,Monitoring Sea Level in the Coastal Zone with Satellite Altimetry and Tide Gauges,2016,False,abstract,True,True,0,0,0,3,0,0,0,0,0,0,0,0,0,0,0,0,0,0,0,False,
S2_altimetry_vertical_datum,10.1016/j.asr.2019.08.010,A coastal mean sea surface with associated errors in Norway based on new-generation altimetry,2019,False,abstract,True,False,0,0,0,0,0,0,0,0,0,0,0,0,0,0,0,0,0,0,0,False,
S2_altimetry_vertical_datum,10.1029/2001jd000609,Surface water dynamics in the Amazon Basin: Application of satellite radar altimetry,2002,False,abstract,True,True,0,0,0,2,0,0,0,0,0,0,0,0,0,0,0,0,0,0,0,False,
S2_altimetry_vertical_datum,10.5194/gmd-6-929-2013,The SURFEXv7.2 land and ocean surface platform for coupled or offline simulation of earth surface variables and fluxes,2013,False,abstract,False,False,0,0,0,0,0,0,0,0,0,0,0,0,0,0,0,0,0,0,0,False,
S2_altimetry_vertical_datum,10.1016/j.hydroa.2019.100027,Can regional to continental river hydrodynamic models be locally relevant? A cross-scale comparison,2019,True,full_text,True,True,0,0,0,13,1,0,0,0,0,0,0,0,0,0,0,3,0,0,0,False,
S2_altimetry_vertical_datum,10.5194/hess-25-333-2021,Sentinel-3 radar altimetry for river monitoring – a catchment-scale evaluation of satellite water surface elevation from Sentinel-3A and Sentinel-3B,2021,False,abstract,True,True,0,0,0,1,0,0,0,0,0,0,0,0,0,0,0,0,0,0,0,False,
S2_altimetry_vertical_datum,10.3390/w14101613,Monitoring and Analysis of Water Level Changes in Mekong River from ICESat-2 Spaceborne Laser Altimetry,2022,False,abstract,True,True,0,0,0,1,0,0,0,0,0,0,0,0,0,0,0,0,0,0,0,False,
S2_altimetry_vertical_datum,10.1109/jstars.2024.3379874,River Water Level and Water Surface Slope Measurement From Spaceborne Radar and LiDAR Altimetry: Evaluation and Implications for Hydrological Studies in the Ganga River,2024,False,abstract,True,True,0,0,0,3,0,0,0,0,0,0,0,0,0,0,0,2,0,0,0,False,
S2_altimetry_vertical_datum,10.1016/j.jher.2022.07.005,Monitoring water level and volume changes of lakes and reservoirs in the Yellow River Basin using ICESat-2 laser altimetry and Google Earth Engine,2022,False,abstract,True,True,0,0,0,1,0,0,0,0,0,0,0,0,0,0,0,0,0,0,0,False,
S2_altimetry_vertical_datum,10.1007/s00190-018-1131-5,Comparison between geodetic and oceanographic approaches to estimate mean dynamic topography for vertical datum unification: evaluation at Australian tide gauges,2018,False,abstract,False,False,0,0,0,0,0,0,0,0,0,0,0,0,0,0,0,0,0,0,0,False,
S2_altimetry_vertical_datum,10.3390/rs12071107,Remote Sensing of River Discharge: A Review and a Framing for the Discipline,2020,True,full_text,True,True,0,0,0,165,2,0,0,0,0,0,0,0,0,0,0,0,0,0,0,False,
S2_altimetry_vertical_datum,10.1002/2014wr016618,Stage‐discharge rating curves based on satellite altimetry and modeled discharge in the Amazon basin,2016,True,full_text,True,True,0,0,0,61,4,0,0,0,0,0,0,0,0,0,0,3,0,0,0,False,
S2_altimetry_vertical_datum,10.3390/rs11232739,Mapping Water Surface Elevation and Slope in the Mississippi River Delta Using the AirSWOT Ka-Band Interferometric Synthetic Aperture Radar,2019,False,abstract,True,True,0,0,0,2,0,0,0,0,0,0,0,0,0,0,0,2,0,0,0,False,
S2_altimetry_vertical_datum,10.1029/2024rg000871,Satellite Requirements to Capture Water Propagation in Earth's Rivers,2025,True,full_text,True,True,0,0,0,43,2,0,0,0,0,0,0,0,0,0,0,8,0,0,0,False,
S2_altimetry_vertical_datum,10.5194/essd-12-1141-2020,Satellite-based remote sensing data set of global surface water storage change from 1992 to 2018,2020,False,abstract,True,True,0,0,0,0,0,0,0,0,0,0,0,0,0,0,0,0,0,0,0,False,
S2_altimetry_vertical_datum,10.5194/hess-19-4345-2015,DAHITI – an innovative approach for estimating water level time series over inland waters using multi-mission satellite altimetry,2015,False,abstract,True,True,0,0,0,3,0,0,0,0,0,0,0,0,0,0,0,0,0,0,0,False,
S2_altimetry_vertical_datum,10.1117/1.jrs.6.061710,Intercomparison and validation of continental water level products derived from satellite radar altimetry,2012,False,abstract,True,True,0,0,0,6,0,0,0,0,0,0,0,0,0,0,0,0,0,0,0,False,
S2_altimetry_vertical_datum,10.1002/2015wr018237,ICESat‐derived inland water surface spot heights,2016,False,abstract,True,True,0,0,0,0,0,0,0,0,0,0,0,0,0,0,0,0,0,0,0,False,
S2_altimetry_vertical_datum,10.3390/rs16214010,Hydraulics of Time-Variable Water Surface Slope in Rivers Observed by Satellite Altimetry,2024,False,abstract,True,True,0,0,0,0,0,0,0,0,0,0,0,0,0,0,0,4,0,0,0,False,
S2_altimetry_vertical_datum,10.1029/2024wr039711,Integrating SWOT With Multi‐Source Satellite Observations for Near‐Daily Reservoir Water Level Monitoring,2026,False,abstract,True,True,0,0,0,0,0,0,0,0,0,0,0,0,0,0,0,0,0,0,0,False,
S2_altimetry_vertical_datum,10.3390/rs3040708,The Relevance of GLAS/ICESat Elevation Data for the Monitoring of River Networks,2011,False,abstract,True,True,0,0,0,1,0,0,0,0,0,0,0,0,0,0,0,0,0,0,0,False,
S2_altimetry_vertical_datum,10.3390/rs15061702,Continuously Updated Digital Elevation Models (CUDEMs) to Support Coastal Inundation Modeling,2023,False,abstract,True,True,0,0,0,0,1,0,0,0,0,0,0,0,0,0,0,0,0,0,0,False,
S2_altimetry_vertical_datum,10.1016/j.rse.2021.112876,"River levels from multi mission altimetry, a statistical approach",2022,False,abstract,True,True,0,0,0,2,0,0,0,0,0,0,0,0,0,0,0,0,0,0,0,False,
S2_altimetry_vertical_datum,10.5194/hess-21-4169-2017,Human–water interface in hydrological modelling: current status and future directions,2017,False,abstract,False,False,0,0,0,0,0,0,0,0,0,0,0,0,0,0,0,0,0,0,0,False,
S2_altimetry_vertical_datum,10.1109/jstars.2020.3044463,Accuracy Assessment of the ICESat-2/ATL06 Product in the Qilian Mountains Based on CORS and UAV Data,2020,False,abstract,True,True,0,0,0,0,0,0,0,0,0,0,0,0,0,0,0,0,0,0,0,False,
S2_altimetry_vertical_datum,10.1016/j.jhydrol.2022.129007,Dynamic water level changes in Qinghai Lake from integrating refined ICESat-2 and GEDI altimetry data (2018–2021),2022,False,abstract,True,True,0,0,0,2,0,0,0,0,0,0,0,0,0,0,0,0,0,0,0,False,
S2_altimetry_vertical_datum,10.1002/2016rg000517,Opportunities for hydrologic research in the Congo Basin,2016,False,abstract,True,True,0,0,0,1,0,0,0,0,0,0,0,0,0,0,0,0,0,0,0,False,
S2_altimetry_vertical_datum,10.5194/essd-11-1603-2019,High-temporal-resolution water level and storage change data sets for lakes on the Tibetan Plateau during 2000–2017 using multiple altimetric missions and Landsat-derived lake shoreline positions,2019,False,abstract,True,True,0,0,0,1,0,0,0,0,0,0,0,0,0,0,0,0,0,0,0,False,
S2_altimetry_vertical_datum,10.3389/fmars.2019.00348,Requirements for a Coastal Hazards Observing System,2019,False,abstract,True,True,0,0,0,0,0,0,0,0,0,0,0,0,0,0,0,0,0,0,0,False,
S2_altimetry_vertical_datum,10.1029/2024ea004178,Multi‐Satellite Tracking of Surface Water Storage Change in the Era of Surface Water and Ocean Topography (SWOT) Satellite Mission,2025,False,abstract,True,True,0,0,0,0,0,0,0,0,0,0,0,0,0,0,0,0,0,0,0,False,
S2_altimetry_vertical_datum,10.3390/w9030211,CryoSat-2 Altimetry Applications over Rivers and Lakes,2017,False,abstract,True,True,0,0,0,0,0,0,0,0,0,0,0,0,0,0,0,0,0,0,0,False,
S2_altimetry_vertical_datum,10.1007/s10712-019-09525-z,"Concepts and Terminology for Sea Level: Mean, Variability and Change, Both Local and Global",2019,False,abstract,False,False,0,0,0,0,0,0,0,0,0,0,0,0,0,0,0,0,0,0,0,False,
S2_altimetry_vertical_datum,10.1029/2003rg000139,Present‐day sea level change: Observations and causes,2004,False,abstract,True,True,0,0,0,2,0,0,0,0,0,0,0,0,0,0,0,0,0,0,0,False,
S2_altimetry_vertical_datum,10.1007/s00190-008-0232-y,Unification of New Zealand’s local vertical datums: iterative gravimetric quasigeoid computations,2008,False,abstract,False,False,0,0,0,0,0,0,0,0,0,0,0,0,0,0,0,0,0,0,0,False,
S2_altimetry_vertical_datum,10.1007/s10712-022-09744-x,Water Resources in Africa: The Role of Earth Observation Data and Hydrodynamic Modeling to Derive River Discharge,2022,True,full_text,True,True,0,0,0,54,0,0,0,0,0,0,0,0,0,0,0,0,0,0,0,False,
S2_altimetry_vertical_datum,10.1016/j.rse.2018.04.034,Deriving daily water levels from satellite altimetry and land surface temperature for sparsely gauged catchments: A case study for the Mekong River,2018,False,abstract,True,False,0,0,0,0,0,0,0,0,0,0,0,0,0,0,0,0,0,0,0,False,
S2_altimetry_vertical_datum,10.1016/j.rse.2021.112395,The Copernicus Sentinel-6 mission: Enhanced continuity of satellite sea level measurements from space,2021,False,abstract,True,True,0,0,0,0,0,0,0,0,0,0,0,0,0,0,0,0,0,0,0,False,
S2_altimetry_vertical_datum,10.3390/rs15051278,A Remote Sensing View of the 2020 Extreme Lake-Expansion Flood Event into the Peace–Athabasca Delta Floodplain—Implications for the Future SWOT Mission,2023,False,abstract,True,True,0,0,0,0,0,0,0,0,0,0,0,0,0,0,0,0,0,0,0,False,
S2_altimetry_vertical_datum,10.1016/j.scitotenv.2018.04.326,Influence of recent climatic events on the surface water storage of the Tonle Sap Lake,2018,False,abstract,False,False,0,0,0,0,0,0,0,0,0,0,0,0,0,0,0,0,0,0,0,False,
S2_altimetry_vertical_datum,10.22541/essoar.177170504.44018148/v1,Water surface elevation across the river-ocean interface from the SWOT mission,2026,False,abstract,True,True,0,0,0,3,0,0,0,0,0,0,0,0,0,0,0,0,0,0,0,False,
S2_altimetry_vertical_datum,10.1007/s10712-022-09757-6,"Observation of the Coastal Areas, Estuaries and Deltas from Space",2023,False,abstract,False,False,0,0,0,0,0,0,0,0,0,0,0,0,0,0,0,0,0,0,0,False,
S2_altimetry_vertical_datum,10.3390/rs8090772,Analysis of MABEL Bathymetry in Keweenaw Bay and Implications for ICESat-2 ATLAS,2016,False,abstract,True,True,0,0,0,0,0,0,0,0,0,0,0,0,0,0,0,0,0,0,0,False,
S2_altimetry_vertical_datum,10.3390/rs12101606,Volume Variations of Small Inland Water Bodies from a Combination of Satellite Altimetry and Optical Imagery,2020,False,abstract,True,True,0,0,0,1,0,0,0,0,0,0,0,0,0,0,0,0,0,0,0,False,
S2_altimetry_vertical_datum,10.3390/rs15082189,Determination of Accurate Dynamic Topography for the Baltic Sea Using Satellite Altimetry and a Marine Geoid Model,2023,False,abstract,True,True,0,0,0,2,4,0,0,0,0,0,0,0,0,0,0,0,0,0,0,False,
S2_altimetry_vertical_datum,10.5194/hess-15-241-2011,Real-time remote sensing driven river basin modeling using radar altimetry,2011,False,abstract,True,True,0,0,0,3,0,0,0,0,0,0,0,0,0,0,0,0,0,0,0,False,
S2_altimetry_vertical_datum,10.5194/hess-22-2135-2018,Large-scale hydrological model river storage and discharge correction using a satellite altimetry-based discharge product,2018,False,abstract,True,True,0,0,0,1,0,0,0,0,0,0,0,0,0,0,0,0,0,0,0,False,
S2_altimetry_vertical_datum,10.1016/j.advwatres.2017.11.027,Evaluation of multi-mode CryoSat-2 altimetry data over the Po River against in situ data and a hydrodynamic model,2017,False,abstract,True,False,0,0,0,0,0,0,0,0,0,0,0,0,0,0,0,0,0,0,0,False,
S2_altimetry_vertical_datum,10.5194/os-18-997-2022,Coastal sea level monitoring in the Mediterranean and Black seas,2022,False,abstract,True,True,0,0,0,4,0,0,0,0,0,0,0,0,0,0,0,0,0,0,0,False,
S2_altimetry_vertical_datum,10.5194/essd-12-137-2020,Global River Radar Altimetry Time Series (GRRATS): new river elevation earth science data records for the hydrologic community,2020,False,abstract,True,True,0,0,0,2,0,0,0,0,0,0,0,0,0,0,0,0,0,0,0,False,
S2_altimetry_vertical_datum,10.3390/rs10060829,Monitoring Groundwater Storage Changes Using the Gravity Recovery and Climate Experiment (GRACE) Satellite Mission: A Review,2018,False,abstract,False,False,0,0,0,0,0,0,0,0,0,0,0,0,0,0,0,0,0,0,0,False,
S2_altimetry_vertical_datum,10.5670/oceanog.2010.02,Eddy Dynamics From Satellite Altimetry,2010,False,abstract,True,False,0,0,0,0,0,0,0,0,0,0,0,0,0,0,0,0,0,0,0,False,
S2_altimetry_vertical_datum,10.1029/2020gl088770,On the Performance of Sentinel‐3 Altimetry Over New Reservoirs: Approaches to Determine Onboard A Priori Elevation,2020,False,abstract,True,True,0,0,0,1,0,0,0,0,0,0,0,0,0,0,0,0,0,0,0,False,
S2_altimetry_vertical_datum,10.3390/rs16071181,Inland Water Level Monitoring from Satellite Observations: A Scoping Review of Current Advances and Future Opportunities,2024,False,abstract,True,True,0,0,0,1,0,0,0,0,0,0,0,0,0,0,0,0,0,0,0,False,
S2_altimetry_vertical_datum,10.1080/17538947.2023.2297843,"Multi-source DEM accuracy evaluation based on ICESat-2 in Qinghai-Tibet Plateau, China",2023,False,abstract,True,True,0,0,0,0,0,0,0,0,0,0,0,0,0,0,0,0,0,0,0,False,
S2_altimetry_vertical_datum,10.1038/s44304-026-00176-w,SWOT-based water surface elevation observations improve flood modeling of the 25·7 Miyun reservoir basin extreme rainfall event,2026,False,abstract,True,True,0,0,0,0,0,0,0,0,0,0,0,0,0,0,0,0,0,0,0,False,
S2_altimetry_vertical_datum,10.1029/2023wr036450,Monthly Monitoring of Inundated Areas and Water Storage Dynamics in China's Large Reservoirs Using Multisource Remote Sensing,2024,False,abstract,True,True,0,0,0,1,0,0,0,0,0,0,0,0,0,0,0,0,0,0,0,False,
S2_altimetry_vertical_datum,10.3390/rs11070827,Monitoring Reservoir Drought Dynamics with Landsat and Radar/Lidar Altimetry Time Series in Persistently Cloudy Eastern Brazil,2019,False,abstract,True,True,0,0,0,2,0,0,0,0,0,0,0,0,0,0,0,0,0,0,0,False,
S2_altimetry_vertical_datum,10.5670/oceanog.2011.25,The Moving Boundaries of Sea Level Change: Understanding the Origins of Geographic Variability,2011,False,abstract,True,True,0,0,0,1,0,0,0,0,0,0,0,0,0,0,0,0,0,0,0,False,
S2_altimetry_vertical_datum,10.3390/rs13193804,Automatic Detection of Inland Water Bodies along Altimetry Tracks for Estimating Surface Water Storage Variations in the Congo Basin,2021,False,abstract,True,True,0,0,0,0,0,0,0,0,0,0,0,0,0,0,0,0,0,0,0,False,
S2_altimetry_vertical_datum,10.3390/s22249718,Evaluating the Performance of Seven Ongoing Satellite Altimetry Missions for Measuring Inland Water Levels of the Great Lakes,2022,False,abstract,True,True,0,0,0,1,0,0,0,0,0,0,0,0,0,0,0,0,0,0,0,False,
S2_altimetry_vertical_datum,10.1002/2015jc011145,A comparative assessment of coastal mean dynamic topography in N orway by geodetic and ocean approaches,2015,False,abstract,True,True,0,0,0,2,5,0,0,0,0,0,0,0,0,0,0,0,0,0,0,False,
S2_altimetry_vertical_datum,10.1002/2015jc011579,"Arctic sea surface height variability and change from satellite radar altimetry and GRACE, 2003–2014",2016,False,abstract,True,True,0,0,0,1,0,0,0,0,0,0,0,0,0,0,0,0,0,0,0,False,
S2_altimetry_vertical_datum,10.1016/j.ejrh.2021.100862,Estimation of the Niger River cross-section and discharge from remotely-sensed products,2021,True,full_text,True,True,0,0,0,10,3,0,0,0,0,0,0,0,0,0,0,0,0,0,0,False,
S2_altimetry_vertical_datum,10.1016/j.rse.2016.03.019,Estimating continental river basin discharges using multiple remote sensing data sets,2016,False,abstract,True,True,0,0,0,1,0,0,0,0,0,0,0,0,0,0,0,0,0,0,0,False,
S2_altimetry_vertical_datum,10.1016/j.rse.2011.08.015,Characterization of terrestrial water dynamics in the Congo Basin using GRACE and satellite radar altimetry,2011,False,abstract,True,False,0,0,0,0,0,0,0,0,0,0,0,0,0,0,0,0,0,0,0,False,
S2_altimetry_vertical_datum,10.1111/j.1365-246x.2006.03184.x,Water volume change in the lower Mekong from satellite altimetry and imagery data,2006,False,abstract,True,True,0,0,0,0,0,0,0,0,0,0,0,0,0,0,0,0,0,0,0,False,
S2_altimetry_vertical_datum,10.1109/tgrs.2013.2258350,Algorithm for Detection of Ground and Canopy Cover in Micropulse Photon-Counting Lidar Altimeter Data in Preparation for the ICESat-2 Mission,2013,False,abstract,True,True,0,0,0,0,0,0,0,0,0,0,0,0,0,0,0,0,0,0,0,False,
S2_altimetry_vertical_datum,10.5194/hess-18-2007-2014,Combining high-resolution satellite images and altimetry to estimate the volume of small lakes,2014,False,abstract,True,True,0,0,0,1,0,0,0,0,0,0,0,0,0,0,0,0,0,0,0,False,
S2_altimetry_vertical_datum,10.5194/nhess-23-823-2023,A globally applicable framework for compound flood hazard modeling,2023,False,abstract,False,False,0,0,0,0,0,0,0,0,0,0,0,0,0,0,0,0,0,0,0,False,
S2_altimetry_vertical_datum,10.1016/j.rse.2018.02.074,"ALES+: Adapting a homogenous ocean retracker for satellite altimetry to sea ice leads, coastal and inland waters",2018,False,abstract,True,False,0,0,0,0,0,0,0,0,0,0,0,0,0,0,0,0,0,0,0,False,
S2_altimetry_vertical_datum,10.1038/s41558-021-00993-z,"A global analysis of subsidence, relative sea-level change and coastal flood exposure",2021,False,abstract,False,False,0,0,0,0,0,0,0,0,0,0,0,0,0,0,0,0,0,0,0,False,
S2_altimetry_vertical_datum,10.3390/jmse11112082,Monitoring Coastal Waves with ICESat-2,2023,False,abstract,True,True,0,0,0,1,0,0,0,0,0,0,0,0,0,0,0,0,0,0,0,False,
S2_altimetry_vertical_datum,10.3390/rs13142744,Global Estimation and Assessment of Monthly Lake/Reservoir Water Level Changes Using ICESat-2 ATL13 Products,2021,False,abstract,True,True,0,0,0,3,3,0,0,0,0,0,0,0,0,0,0,0,0,0,0,False,
S2_altimetry_vertical_datum,10.5194/hess-17-923-2013,Estimating water discharge from large radar altimetry datasets,2013,False,abstract,True,True,0,0,0,1,0,0,0,0,0,0,0,0,0,0,0,0,0,0,0,False,
S2_altimetry_vertical_datum,10.5194/hess-22-1453-2018,Informing a hydrological model of the Ogooué with multi-mission remote sensing data,2018,False,abstract,True,True,0,0,0,2,0,0,0,0,0,0,0,0,0,0,0,0,0,0,0,False,
S2_altimetry_vertical_datum,10.1002/2013ef000188,Sea level rise and its coastal impacts,2013,False,abstract,False,False,0,0,0,0,0,0,0,0,0,0,0,0,0,0,0,0,0,0,0,False,
S2_altimetry_vertical_datum,10.1029/2012jc007974,The north‐south tilt in the Australian Height Datum is explained by the ocean's mean dynamic topography,2012,False,abstract,False,False,0,0,0,0,0,0,0,0,0,0,0,0,0,0,0,0,0,0,0,False,
S2_altimetry_vertical_datum,10.3390/w11122621,"Multi-Satellite Data of Land Surface Temperature, Lakes Area, and Water Level for Hydrological Model Calibration and Validation in the Yangtze River Basin",2019,False,abstract,True,True,0,0,0,0,0,0,0,0,0,0,0,0,0,0,0,0,0,0,0,False,
S2_altimetry_vertical_datum,10.3390/hydrology5030039,Applications of Open-Access Remotely Sensed Data for Flood Modelling and Mapping in Developing Regions,2018,True,full_text,True,True,0,0,0,47,1,0,0,0,0,0,0,0,0,0,0,0,0,0,0,False,
S2_altimetry_vertical_datum,10.1016/j.asr.2024.08.053,Lake gravity anomalies from ICESat-2 laser altimetry and geodetic radar altimetry,2024,False,abstract,True,True,0,0,0,0,9,0,0,0,0,0,0,0,0,0,0,0,0,0,0,False,
S2_altimetry_vertical_datum,10.3390/rs12111763,"The Roles of the S3MPC: Monitoring, Validation and Evolution of Sentinel-3 Altimetry Observations",2020,False,abstract,True,True,0,0,0,1,0,0,0,0,0,0,0,0,0,0,0,0,0,0,0,False,
S2_altimetry_vertical_datum,10.3390/rs14010105,Methodology for Combining Data Acquired by Unmanned Surface and Aerial Vehicles to Create Digital Bathymetric Models in Shallow and Ultra-Shallow Waters,2021,False,abstract,False,False,0,0,0,0,0,0,0,0,0,0,0,0,0,0,0,0,0,0,0,False,
S2_altimetry_vertical_datum,10.3390/rs14143380,A Method for SRTM DEM Elevation Error Correction in Forested Areas Using ICESat-2 Data and Vegetation Classification Data,2022,False,abstract,True,True,0,0,0,0,0,0,0,0,0,0,0,0,0,0,0,0,0,0,0,False,
S2_altimetry_vertical_datum,10.1007/s10712-023-09778-9,Ocean Circulation from Space,2023,False,abstract,True,True,0,0,0,1,2,0,0,0,0,0,0,0,0,0,0,0,0,0,0,False,
S2_altimetry_vertical_datum,10.5194/essd-15-2781-2023,Res-CN (Reservoir dataset in China): hydrometeorological time series and landscape attributes across 3254 Chinese reservoirs,2023,False,abstract,True,True,0,0,0,1,0,0,0,0,0,0,0,0,0,0,0,0,0,0,0,False,
S2_altimetry_vertical_datum,10.1016/j.jag.2020.102163,"High-resolution mapping of forest canopy height using machine learning by coupling ICESat-2 LiDAR with Sentinel-1, Sentinel-2 and Landsat-8 data",2020,False,abstract,True,True,0,0,0,0,0,0,0,0,0,0,0,0,0,0,0,0,0,0,0,False,
S2_altimetry_vertical_datum,10.1016/j.jhydrol.2021.127355,The accuracy of the Sentinel-3A altimetry over Polish rivers,2021,False,abstract,True,True,0,0,0,2,0,0,0,0,0,0,0,0,0,0,0,0,0,0,0,False,
S2_altimetry_vertical_datum,10.1080/17538947.2023.2166134,Synthesis of the ICESat/ICESat-2 and CryoSat-2 observations to reconstruct time series of lake level,2023,False,abstract,True,True,0,0,0,1,0,0,0,0,0,0,0,0,0,0,0,0,0,0,0,False,
S2_altimetry_vertical_datum,10.17615/7e1v-tw69,The SWOT Mission and Its Capabilities for Land Hydrology,2022,False,abstract,True,False,0,0,0,0,0,0,0,0,0,0,0,0,0,0,0,0,0,0,0,False,
S2_altimetry_vertical_datum,10.1007/s00190-025-01961-7,Common adjustment of geoid and mean sea level with least squares collocation,2025,False,abstract,True,True,0,0,0,0,2,0,0,0,0,0,0,0,0,0,0,0,0,0,0,False,
S2_altimetry_vertical_datum,10.11648/j.hyd.20200802.11,Validation of ICESat-2 Surface Water Level Product ATL13 with Near Real Time Gauge Data,2020,False,abstract,True,True,0,0,0,2,0,0,0,0,0,0,0,0,0,0,0,0,0,0,0,False,
S2_altimetry_vertical_datum,10.1007/s40641-016-0045-7,Eustatic and Relative Sea Level Changes,2016,False,abstract,False,False,0,0,0,0,0,0,0,0,0,0,0,0,0,0,0,0,0,0,0,False,
S2_altimetry_vertical_datum,10.5194/hess-27-647-2023,Assimilation of transformed water surface elevation to improve river discharge estimation in a continental-scale river,2023,False,abstract,True,True,0,0,0,2,0,0,0,0,0,0,0,0,0,0,0,1,0,0,0,False,
S2_altimetry_vertical_datum,10.1080/17538947.2024.2316113,Improving global digital elevation models using space-borne GEDI and ICESat-2 LiDAR altimetry data,2024,False,abstract,True,True,0,0,0,0,0,0,0,0,0,0,0,0,0,0,0,0,0,0,0,False,
S2_altimetry_vertical_datum,10.1088/1748-9326/abadcc,Airborne observations of arctic-boreal water surface elevations from AirSWOT Ka-Band InSAR and LVIS LiDAR,2020,False,abstract,True,True,0,0,0,2,0,0,0,0,0,0,0,0,0,0,0,0,0,0,0,False,
S2_altimetry_vertical_datum,10.3390/rs12244062,Validation of Copernicus Sea Level Altimetry Products in the Baltic Sea and Estonian Lakes,2020,False,abstract,True,True,0,0,0,3,2,0,0,0,0,0,0,0,0,0,0,0,0,0,0,False,
S2_altimetry_vertical_datum,10.5194/hess-2020-162,Assessing the capabilities of the SWOT mission for large lake water surface elevation monitoring under different wind conditions,2020,False,abstract,True,True,0,0,0,2,0,0,0,0,0,0,0,0,0,0,0,0,0,0,0,False,
S2_altimetry_vertical_datum,10.1186/s40562-022-00243-w,Performance evaluation of combining ICESat-2 and GEDI laser altimetry missions for inland lake level retrievals,2022,False,abstract,True,True,0,0,0,4,0,0,0,0,0,0,0,0,0,0,0,0,0,0,0,False,
S2_altimetry_vertical_datum,10.1088/1748-9326/ac3bfc,"Linkages between GRACE water storage, hydrologic extremes, and climate teleconnections in major African aquifers",2021,False,abstract,True,True,0,0,0,0,0,0,0,0,0,0,0,0,0,0,0,0,0,0,0,False,
S2_altimetry_vertical_datum,10.3389/feart.2020.00278,Advancing Field-Based GNSS Surveying for Validation of Remotely Sensed Water Surface Elevation Products,2020,False,abstract,True,True,0,0,0,1,0,0,0,0,0,0,0,0,0,0,0,0,0,0,0,False,
S2_altimetry_vertical_datum,10.5194/essd-2021-174,HydroSat: a repository of global water cycle products from spaceborne geodetic sensors,2021,False,abstract,True,True,0,0,0,4,0,0,0,0,0,0,0,0,0,0,0,0,0,0,0,False,
S2_altimetry_vertical_datum,10.47260/jesge/1119,Dams Safety: Review of Satellite Remote Sensing Applications to Dams and Reservoirs,2020,False,abstract,False,False,0,0,0,0,0,0,0,0,0,0,0,0,0,0,0,0,0,0,0,False,
S2_altimetry_vertical_datum,10.1029/2011jb009102,"Hydrological deformation induced by the West African Monsoon: Comparison of GPS, GRACE and loading models",2012,False,abstract,False,False,0,0,0,0,0,0,0,0,0,0,0,0,0,0,0,0,0,0,0,False,
S2_altimetry_vertical_datum,10.1029/2025gl118488,SWOT Unveils the Hidden Hydrodynamics of the Three Gorges Reservoir,2025,False,abstract,True,True,0,0,0,0,0,0,0,0,0,0,0,0,0,0,0,1,0,0,0,False,
S2_altimetry_vertical_datum,10.1029/2023wr035422,Wetlands Water Level Measurements From the New Generation of Satellite Laser Altimeters: Systematic Spatial‐Temporal Evaluation of ICESat‐2 and GEDI Missions Over the South Florida Everglades,2024,False,abstract,True,True,0,0,0,1,0,0,0,0,0,0,0,0,0,0,0,0,0,0,0,False,
S2_altimetry_vertical_datum,10.3390/rs11141672,Arctic Ocean Sea Level Record from the Complete Radar Altimetry Era: 1991–2018,2019,False,abstract,True,True,0,0,0,1,0,0,0,0,0,0,0,0,0,0,0,0,0,0,0,False,
S2_altimetry_vertical_datum,10.3390/rs6109340,Water Level Fluctuations in the Congo Basin Derived from ENVISAT Satellite Altimetry,2014,False,abstract,True,True,0,0,0,1,0,0,0,0,0,0,0,0,0,0,0,0,0,0,0,False,
S2_altimetry_vertical_datum,10.5194/hess-21-3879-2017,The future of Earth observation in hydrology,2017,True,full_text,True,True,0,0,0,16,0,0,0,0,0,0,0,0,0,0,0,0,0,0,0,False,
S2_altimetry_vertical_datum,10.3390/rs10111679,Absolute Calibration or Validation of the Altimeters on the Sentinel-3A and the Jason-3 over Lake Issykkul (Kyrgyzstan),2018,False,abstract,True,True,0,0,0,2,0,0,0,0,0,0,0,0,0,0,0,0,0,0,0,False,
S2_altimetry_vertical_datum,10.3390/rs11060718,Analysis of Retrackers’ Performances and Water Level Retrieval over the Ebro River Basin Using Sentinel-3,2019,False,abstract,True,True,0,0,0,1,0,0,0,0,0,0,0,0,0,0,0,0,0,0,0,False,
S2_altimetry_vertical_datum,10.1016/j.rse.2020.112065,High-resolution mapping of floodplain topography from space: A case study in the Amazon,2020,False,abstract,False,False,0,0,0,0,0,0,0,0,0,0,0,0,0,0,0,0,0,0,0,False,
S2_altimetry_vertical_datum,10.3390/rs8020091,Treating the Hooking Effect in Satellite Altimetry Data: A Case Study along the Mekong River and Its Tributaries,2016,False,abstract,True,True,0,0,0,2,0,0,0,0,0,0,0,0,0,0,0,0,0,0,0,False,
S2_altimetry_vertical_datum,10.1029/2025ea004390,ICESat‐2 Coastal and Nearshore Bathymetry Product Algorithm Development,2025,False,abstract,True,True,0,0,0,0,0,0,0,0,0,0,0,0,0,0,0,0,0,0,0,False,
S2_altimetry_vertical_datum,10.20944/preprints202310.1185.v1,Monitoring Coastal Waves with ICESat-2,2023,False,abstract,True,True,0,0,0,2,0,0,0,0,0,0,0,0,0,0,0,0,0,0,0,False,
S2_altimetry_vertical_datum,10.1175/jtech-d-14-00226.1,Improved Surface Velocity and Trajectory Estimates in the Gulf of Mexico from Blended Satellite Altimetry and Drifter Data,2015,False,abstract,True,True,0,0,0,1,0,0,0,0,0,0,0,0,0,0,0,0,0,0,0,False,
S2_altimetry_vertical_datum,10.5194/tc-17-3409-2023,Widespread slowdown in thinning rates of West Antarctic ice shelves,2023,False,abstract,True,True,0,0,0,0,0,0,0,0,0,0,0,0,0,0,0,0,0,0,0,False,
S2_altimetry_vertical_datum,10.5194/essd-15-3483-2023,Lake-TopoCat: a global lake drainage topology and catchment database,2023,False,abstract,False,False,0,0,0,0,0,0,0,0,0,0,0,0,0,0,0,0,0,0,0,False,
S2_altimetry_vertical_datum,10.1016/j.rse.2014.02.008,ALES: A multi-mission adaptive subwaveform retracker for coastal and open ocean altimetry,2014,False,abstract,True,True,0,0,0,3,0,0,0,0,0,0,0,0,0,0,0,0,0,0,0,False,
S2_altimetry_vertical_datum,10.1029/2025gl116590,"Evaluating SWOT in the Coastal Zone: Comparisons With Tide Gauge and Airborne LiDAR in the Bristol Channel and Severn Estuary, UK",2026,False,abstract,True,True,0,0,0,4,0,0,0,0,0,0,0,0,0,0,0,0,0,0,0,False,
S2_altimetry_vertical_datum,10.5194/os-5-193-2009,A new assessment of the error budget of global mean sea level rate estimated by satellite altimetry over 1993–2008,2009,False,abstract,True,True,0,0,0,1,0,0,0,0,0,0,0,0,0,0,0,0,0,0,0,False,
S2_altimetry_vertical_datum,10.5194/hess-27-2257-2023,Assessing land elevation in the Ayeyarwady Delta (Myanmar) and its relevance for studying sea level rise and delta flooding,2023,False,abstract,False,False,0,0,0,0,0,0,0,0,0,0,0,0,0,0,0,0,0,0,0,False,
S2_altimetry_vertical_datum,10.1109/jstars.2022.3163208,Validation of ICESat-2 ATL08 Terrain and Canopy Height Retrievals in Tropical Mesoamerican Forests,2022,False,abstract,True,True,0,0,0,0,0,0,0,0,0,0,0,0,0,0,0,0,0,0,0,False,
S2_altimetry_vertical_datum,10.3390/f15030426,"Vertical Accuracy Assessment of the ASTER, SRTM, GLO-30, and ATLAS in a Forested Environment",2024,False,abstract,True,True,0,0,0,0,0,0,0,0,0,0,0,0,0,0,0,0,0,0,0,False,
S2_altimetry_vertical_datum,10.1016/j.rse.2020.111803,Monthly estimation of the surface water extent in France at a 10-m resolution using Sentinel-2 data,2020,False,abstract,False,False,0,0,0,0,0,0,0,0,0,0,0,0,0,0,0,0,0,0,0,False,
S2_altimetry_vertical_datum,10.3390/rs11232872,Deriving the Reservoir Conditions for Better Water Resource Management Using Satellite-Based Earth Observations in the Lower Mekong River Basin,2019,False,abstract,True,True,0,0,0,0,0,0,0,0,0,0,0,0,0,0,0,0,0,0,0,False,
S2_altimetry_vertical_datum,10.3390/rs15112828,Denoising and Accuracy Evaluation of ICESat-2/ATLAS Photon Data for Nearshore Waters Based on Improved Local Distance Statistics,2023,False,abstract,True,True,0,0,0,0,0,0,0,0,0,0,0,0,0,0,0,0,0,0,0,False,
S2_altimetry_vertical_datum,10.5194/hess-27-2189-2023,Hydrological regime of Sahelian small waterbodies from combined Sentinel-2 MSI and Sentinel-3 Synthetic Aperture Radar Altimeter data,2023,False,abstract,True,True,0,0,0,1,0,0,0,0,0,0,0,0,0,0,0,0,0,0,0,False,
S2_altimetry_vertical_datum,10.1002/esp.70263,Quantifying river morphological changes using multi‐satellite observations and in situ measurements,2026,False,abstract,True,True,0,0,0,1,0,0,0,0,0,0,0,0,0,0,0,0,0,0,0,False,
S2_altimetry_vertical_datum,10.3390/rs14071575,The Dynamic Changes of Lake Issyk-Kul from 1958 to 2020 Based on Multi-Source Satellite Data,2022,False,abstract,True,True,0,0,0,0,0,0,0,0,0,0,0,0,0,0,0,0,0,0,0,False,
S2_altimetry_vertical_datum,10.1109/tgrs.2020.3040853,Lake Level Change From Satellite Altimetry Over Seasonally Ice-Covered Lakes in the Mackenzie River Basin,2020,False,abstract,True,True,0,0,0,4,0,0,0,0,0,0,0,0,0,0,0,0,0,0,0,False,
S2_altimetry_vertical_datum,10.1016/s0264-3707(02)00042-x,"ICESat's laser measurements of polar ice, atmosphere, ocean, and land",2002,False,abstract,True,False,0,0,0,0,0,0,0,0,0,0,0,0,0,0,0,0,0,0,0,False,
S2_altimetry_vertical_datum,10.1175/jhm-d-18-0206.1,River Discharge Estimation based on Satellite Water Extent and Topography: An Application over the Amazon,2019,False,abstract,True,True,0,0,0,2,0,0,0,0,0,0,0,0,0,0,0,0,0,0,0,False,
S2_altimetry_vertical_datum,10.3389/feart.2021.670256,Calculation of Deflection of Vertical and Gravity Anomalies Over the South China Sea Derived from ICESat-2 Data,2021,False,abstract,True,True,0,0,0,0,0,0,0,0,0,0,0,0,0,0,0,0,0,0,0,False,
S2_altimetry_vertical_datum,10.5194/hess-22-241-2018,A Climate Data Record (CDR) for the global terrestrial water budget: 1984–2010,2018,False,abstract,False,False,0,0,0,0,0,0,0,0,0,0,0,0,0,0,0,0,0,0,0,False,
S2_altimetry_vertical_datum,10.3389/frsen.2025.1572114,Assessing SWOT interferometric SAR altimetry for inland water monitoring: insights from Lake Léman,2025,False,abstract,True,True,0,0,0,4,0,0,0,0,0,0,0,0,0,0,0,0,0,0,0,False,
S2_altimetry_vertical_datum,10.3390/rs16050808,Estimating and Assessing Monthly Water Level Changes of Reservoirs and Lakes in Jiangsu Province Using Sentinel-3 Radar Altimetry Data,2024,False,abstract,True,True,0,0,0,2,0,0,0,0,0,0,0,0,0,0,0,0,0,0,0,False,
S2_altimetry_vertical_datum,10.22541/au.170258987.72387777/v1,The Surface Water and Ocean Topography Mission (SWOT) Prior Lake Database (PLD): Lake mask and operational auxiliaries,2023,False,abstract,True,True,0,0,0,0,0,0,0,0,0,0,0,0,0,0,0,0,0,0,0,False,
S2_altimetry_vertical_datum,10.3389/fmars.2020.549467,Comparing Water Level Estimation in Coastal and Shelf Seas From Satellite Altimetry and Numerical Models,2020,False,abstract,True,True,0,0,0,2,0,0,0,0,0,0,0,0,0,0,0,0,0,0,0,False,
S2_altimetry_vertical_datum,10.3390/rs15184563,Estimating the Impacts of Ungauged Reservoirs Using Publicly Available Streamflow Simulations and Satellite Remote Sensing,2023,False,abstract,False,False,0,0,0,0,0,0,0,0,0,0,0,0,0,0,0,0,0,0,0,False,
S2_altimetry_vertical_datum,10.1007/s12145-023-01060-1,"A comparison of vertical accuracy of global DEMs and DEMs produced by GEDI, ICESat-2",2023,False,abstract,True,True,0,0,0,0,0,0,0,0,0,0,0,0,0,0,0,0,0,0,0,False,
S2_altimetry_vertical_datum,10.1029/2006wr005779,Analysis of terrestrial water storage changes from GRACE and GLDAS,2008,False,abstract,False,False,0,0,0,0,0,0,0,0,0,0,0,0,0,0,0,0,0,0,0,False,
S2_altimetry_vertical_datum,10.1002/2013jd020500,"Surface freshwater storage and variability in the Amazon basin from multi‐satellite observations, 1993–2007",2013,False,abstract,False,False,0,0,0,0,0,0,0,0,0,0,0,0,0,0,0,0,0,0,0,False,
S2_altimetry_vertical_datum,10.3390/rs12101639,An Iterative ICA-Based Reconstruction Method to Produce Consistent Time-Variable Total Water Storage Fields Using GRACE and Swarm Satellite Data,2020,False,abstract,False,False,0,0,0,0,0,0,0,0,0,0,0,0,0,0,0,0,0,0,0,False,
S2_altimetry_vertical_datum,10.1016/j.rse.2018.11.004,Influence of local geoid variation on water surface elevation estimates derived from multi-mission altimetry for Lake Namco,2018,False,abstract,True,False,0,0,0,0,0,0,0,0,0,0,0,0,0,0,0,0,0,0,0,False,
S2_altimetry_vertical_datum,10.1029/2025ea004309,Assessing SWOT's Hydraulic Visibility on the Rhine: Precision Flow Lines and Slope‐Based Flood Wave Propagation Signatures,2025,False,abstract,True,True,0,0,0,1,0,0,0,0,0,0,0,0,0,0,0,0,0,0,0,False,
S2_altimetry_vertical_datum,10.3390/w12092613,Recent Budget of Hydroclimatology and Hydrosedimentology of the Congo River in Central Africa,2020,False,abstract,False,False,0,0,0,0,0,0,0,0,0,0,0,0,0,0,0,0,0,0,0,False,
S2_altimetry_vertical_datum,10.3390/rs5041651,"Water Balance Modeling in a Semi-Arid Environment with Limited in situ Data Using Remote Sensing in Lake Manyara, East African Rift, Tanzania",2013,False,abstract,False,False,0,0,0,0,0,0,0,0,0,0,0,0,0,0,0,0,0,0,0,False,
S2_altimetry_vertical_datum,10.1029/2024wr038455,"Estimating Channel Parameters and Discharge at River Network Scale Using Hydrological‐Hydraulic Models, SWOT and Multi‐Satellite Data",2025,False,abstract,True,True,0,0,0,2,0,0,0,0,0,0,0,0,0,0,0,0,0,0,0,False,
S2_altimetry_vertical_datum,10.1029/2025gl118459,Unveiling the Floodplain River‐Lake Hydrological Interactions by SWOT Observations,2025,False,abstract,True,True,0,0,0,0,0,0,0,0,0,0,0,0,0,0,0,1,0,0,0,False,
S2_altimetry_vertical_datum,10.1016/j.jhydrol.2021.126933,Impacts of water resources management on land water storage in the North China Plain: Insights from multi-mission earth observations,2021,False,abstract,True,True,0,0,0,0,0,0,0,0,0,0,0,0,0,0,0,0,0,0,0,False,
S2_altimetry_vertical_datum,10.3390/rs13091663,An Optical and SAR Based Fusion Approach for Mapping Surface Water Dynamics over Mainland China,2021,False,abstract,False,False,0,0,0,0,0,0,0,0,0,0,0,0,0,0,0,0,0,0,0,False,
S2_altimetry_vertical_datum,10.1515/jag-2024-0059,Evaluation and homogenization of a marine gravity database from shipborne and satellite altimetry-derived gravity data over the coastal region of Nigeria,2024,False,abstract,True,True,0,0,0,0,4,0,0,0,0,0,0,0,0,0,0,0,0,0,0,False,
S2_altimetry_vertical_datum,10.1016/j.jmarsys.2018.08.001,Sensitivity of the Bay of Bengal upper ocean to different winds and river input conditions,2018,False,abstract,False,False,0,0,0,0,0,0,0,0,0,0,0,0,0,0,0,0,0,0,0,False,
S2_altimetry_vertical_datum,10.1016/j.marpolbul.2019.110603,The 2016 red tide crisis in southern Chile: Possible influence of the mass oceanic dumping of dead salmons,2019,False,abstract,False,False,0,0,0,0,0,0,0,0,0,0,0,0,0,0,0,0,0,0,0,False,
S2_altimetry_vertical_datum,10.1175/jhm-d-19-0058.1,Understanding Reservoir Operating Rules in the Transboundary Nile River Basin Using Macroscale Hydrologic Modeling with Satellite Measurements,2019,False,abstract,True,True,0,0,0,1,0,0,0,0,0,0,0,0,0,0,0,0,0,0,0,False,
S2_altimetry_vertical_datum,10.1016/j.rse.2023.113932,An AI approach to operationalise global daily PlanetScope satellite imagery for river water masking,2023,False,abstract,False,False,0,0,0,0,0,0,0,0,0,0,0,0,0,0,0,0,0,0,0,False,
S2_altimetry_vertical_datum,10.3319/tao.2008.19.1-2.117(sa),Comparison of Ocean Dynamics with a Regional Circulation Model and Improved Altimetry in the North-Western Mediterranean,2008,False,abstract,True,True,0,0,0,0,0,0,0,0,0,0,0,0,0,0,0,0,0,0,0,False,
S2_altimetry_vertical_datum,10.1029/2024rg000846,"Coastal Flooding in Asian Megadeltas: Recent Advances, Persistent Challenges, and Call for Actions Amidst Local and Global Changes",2024,False,abstract,False,False,0,0,0,0,0,0,0,0,0,0,0,0,0,0,0,0,0,0,0,False,
S2_altimetry_vertical_datum,10.1016/j.jhydrol.2022.128789,Mapping inland water bathymetry with Ground Penetrating Radar (GPR) on board Unmanned Aerial Systems (UASs),2022,False,abstract,False,False,0,0,0,0,0,0,0,0,0,0,0,0,0,0,0,0,0,0,0,False,
S2_altimetry_vertical_datum,10.2478/rgg-2019-0008,"Topographic surface modelling using raster grid datasets by GMT: example of the Kuril–Kamchatka Trench, Pacific Ocean",2019,False,abstract,False,False,0,0,0,0,0,0,0,0,0,0,0,0,0,0,0,0,0,0,0,False,
S2_altimetry_vertical_datum,10.3390/rs14194790,A Review of Marine Gravity Field Recovery from Satellite Altimetry,2022,False,abstract,True,True,0,0,0,0,0,0,0,0,0,0,0,0,0,0,0,0,0,0,0,False,
S2_altimetry_vertical_datum,10.1029/2022wr033026,"Toward Improved Parameterizations of Reservoir Operation in Ungauged Basins: A Synergistic Framework Coupling Satellite Remote Sensing, Hydrologic Modeling, and Conceptual Operation Schemes",2023,False,abstract,True,True,0,0,0,3,0,0,0,0,0,0,0,0,0,0,0,0,0,0,0,False,
S2_altimetry_vertical_datum,10.1029/2024gl112442,"The May 2024 Flood Disaster in Southern Brazil: Causes, Impacts, and SWOT‐Based Volume Estimation",2025,True,full_text,True,True,0,0,0,9,1,0,0,0,0,0,0,0,0,0,0,0,0,0,0,False,
S2_altimetry_vertical_datum,10.1029/2018jf004796,The Generation and Scaling of Longitudinal River Profiles,2019,False,abstract,False,False,0,0,0,0,0,0,0,0,0,0,0,0,0,0,0,0,0,0,0,False,
S2_altimetry_vertical_datum,10.3390/rs12233896,Monitoring Large-Scale Inland Water Dynamics by Fusing Sentinel-1 SAR and Sentinel-3 Altimetry Data and by Analyzing Causal Effects of Snowmelt,2020,False,abstract,True,True,0,0,0,1,0,0,0,0,0,0,0,0,0,0,0,0,0,0,0,False,
S2_altimetry_vertical_datum,10.3319/tao.2008.19.1-2.71(sa),"Integrated Use of Satellite Altimetry in the Investigation of the Meteorological, Hydrological, and Hydrodynamic Regime of the Caspian Sea",2008,False,abstract,True,True,0,0,0,0,0,0,0,0,0,0,0,0,0,0,0,0,0,0,0,False,
S2_altimetry_vertical_datum,10.3389/frwa.2023.1279444,Uncertainties on the combined use of ICESat and ICESat-2 observations to monitor lake levels,2023,False,abstract,True,True,0,0,0,0,5,0,0,0,0,0,0,0,0,0,0,0,0,0,0,False,
S2_altimetry_vertical_datum,10.3390/rs10020297,Monitoring Sea Level and Topography of Coastal Lagoons Using Satellite Radar Altimetry: The Example of the Arcachon Bay in the Bay of Biscay,2018,False,abstract,True,True,0,0,0,0,1,0,0,0,0,0,0,0,0,0,0,0,0,0,0,False,
S2_altimetry_vertical_datum,10.3390/rs12183055,S3MPC: Improvement on Inland Water Tracking and Water Level Monitoring from the OLTC Onboard Sentinel-3 Altimeters,2020,False,abstract,True,True,0,0,0,0,0,0,0,0,0,0,0,0,0,0,0,0,0,0,0,False,
S2_altimetry_vertical_datum,10.5194/hess-20-3207-2016,"A review of marine geomorphometry, the quantitative study of the seafloor",2016,False,abstract,False,False,0,0,0,0,0,0,0,0,0,0,0,0,0,0,0,0,0,0,0,False,
S2_altimetry_vertical_datum,10.3390/rs12172835,Validation of Sentinel-3A Based Lake Level over US and Canada,2020,False,abstract,True,True,0,0,0,1,0,0,0,0,0,0,0,0,0,0,0,0,0,0,0,False,
S2_altimetry_vertical_datum,10.3390/rs12162656,Mapping Sea Surface Height Using New Concepts of Kinematic GNSS Instruments,2020,False,abstract,True,True,0,0,0,1,0,0,0,0,0,0,0,0,0,0,0,0,0,0,0,False,
S2_altimetry_vertical_datum,10.1029/2023jg007672,"A Global Evaluation of Radar‐Derived Digital Elevation Models: SRTM, NASADEM, and GLO‐30",2024,False,abstract,True,True,0,0,0,0,0,0,0,0,0,0,0,0,0,0,0,0,0,0,0,False,
S2_altimetry_vertical_datum,10.1175/jcli-d-12-00319.1,Twentieth-Century Global-Mean Sea Level Rise: Is the Whole Greater than the Sum of the Parts?,2012,False,abstract,False,False,0,0,0,0,0,0,0,0,0,0,0,0,0,0,0,0,0,0,0,False,
S2_altimetry_vertical_datum,10.1016/j.adapen.2021.100047,"Liquid air energy storage (LAES): A review on technology state-of-the-art, integration pathways and future perspectives",2021,False,abstract,False,False,0,0,0,0,0,0,0,0,0,0,0,0,0,0,0,0,0,0,0,False,
S2_altimetry_vertical_datum,10.3390/w10101483,Infilling Missing Data in Hydrology: Solutions Using Satellite Radar Altimetry and Multiple Imputation for Data-Sparse Regions,2018,False,abstract,True,True,0,0,0,2,0,0,0,0,0,0,0,0,0,0,0,0,0,0,0,False,
S2_altimetry_vertical_datum,10.1109/access.2020.2984794,Spatial and Temporal Variations of Terrestrial Water Storage in Upper Indus Basin Using GRACE and Altimetry Data,2020,False,abstract,True,True,0,0,0,0,0,0,0,0,0,0,0,0,0,0,0,0,0,0,0,False,
S2_altimetry_vertical_datum,10.3390/hydrology12100248,SWOT Satellite Nodes as Virtual Stations During the 2024 Extreme Flood in Southern Brazil,2025,False,abstract,True,True,0,0,0,8,0,0,0,0,0,0,0,0,0,0,0,0,0,0,0,False,
S2_altimetry_vertical_datum,10.3390/rs17183252,Use of SWOT Data for Hydrodynamic Modelling in a Tropical Microtidal Estuarine System: The Case of Casamance (Senegal),2025,False,abstract,True,True,0,0,0,1,0,0,0,0,0,0,0,0,0,0,0,0,0,0,0,False,
S2_altimetry_vertical_datum,10.11648/j.earth.20231205.15,Validation of MERIT DEM’s Performance as a Bare-Earth Model Using ICESat-2 Geolocated Photons,2023,False,abstract,True,True,0,0,0,0,0,0,0,0,0,0,0,0,0,0,0,0,0,0,0,False,
S2_altimetry_vertical_datum,10.1007/s00190-021-01529-1,The mean seasonal cycle in relative sea level from satellite altimetry and gravimetry,2021,False,abstract,True,True,0,0,0,2,0,0,0,0,0,0,0,0,0,0,0,0,0,0,0,False,
S2_altimetry_vertical_datum,10.3319/tao.2008.19.1-2.63(sa),Monitoring Level Fluctuations of the Lakes in the Yangtze River Basin from Radar Altimetry,2008,False,abstract,True,True,0,0,0,0,0,0,0,0,0,0,0,0,0,0,0,0,0,0,0,False,
S2_altimetry_vertical_datum,10.5194/essd-2021-58,GeoDAR: Georeferenced global dam and reservoir dataset for bridging attributes and geolocations,2021,False,abstract,False,False,0,0,0,0,0,0,0,0,0,0,0,0,0,0,0,0,0,0,0,False,
S2_altimetry_vertical_datum,10.3390/rs13122272,Discharge Estimation Using Integrated Satellite Data and Hybrid Model in the Midstream Yangtze River,2021,False,abstract,True,True,0,0,0,3,0,0,0,0,0,0,0,0,0,0,0,0,0,0,0,False,
S2_altimetry_vertical_datum,10.1029/2020gl089258,Self‐Validating Deep Learning for Recovering Terrestrial Water Storage From Gravity and Altimetry Measurements,2020,False,abstract,True,True,0,0,0,0,0,0,0,0,0,0,0,0,0,0,0,0,0,0,0,False,
S2_altimetry_vertical_datum,10.1029/2020wr029261,Hydraulic Model Calibration Using CryoSat‐2 Observations in the Zambezi Catchment,2021,False,abstract,True,True,0,0,0,2,0,0,0,0,0,0,0,0,0,0,0,1,0,0,0,False,
S2_altimetry_vertical_datum,10.5194/essd-13-2001-2021,Development of the global dataset of Wetland Area and Dynamics for Methane Modeling (WAD2M),2021,False,abstract,False,False,0,0,0,0,0,0,0,0,0,0,0,0,0,0,0,0,0,0,0,False,
S2_altimetry_vertical_datum,10.1093/gji/ggae073,Analysing the impact of SWOT observation errors on marine gravity recovery,2024,False,abstract,True,True,0,0,0,0,2,0,0,0,0,0,0,0,0,0,0,0,0,0,0,False,
S2_altimetry_vertical_datum,10.1088/1748-9326/7/4/044010,Surface freshwater storage and dynamics in the Amazon basin during the 2005 exceptional drought,2012,False,abstract,False,False,0,0,0,0,0,0,0,0,0,0,0,0,0,0,0,0,0,0,0,False,
S2_altimetry_vertical_datum,10.1109/tgrs.2022.3147722,"Assessment of ICESat-2’s Horizontal Accuracy Using Precisely Surveyed Terrains in McMurdo Dry Valleys, Antarctica",2022,False,abstract,True,True,0,0,0,0,0,0,0,0,0,0,0,0,0,0,0,0,0,0,0,False,
S2_altimetry_vertical_datum,10.3389/fmars.2021.694783,"The Prospect of Global Coral Reef Bathymetry by Combining Ice, Cloud, and Land Elevation Satellite-2 Altimetry With Multispectral Satellite Imagery",2021,False,abstract,True,True,0,0,0,1,0,0,0,0,0,0,0,0,0,0,0,0,0,0,0,False,
S2_altimetry_vertical_datum,10.5194/gmd-15-1289-2022,Definitions and methods to estimate regional land carbon fluxes for the second phase of the REgional Carbon Cycle Assessment and Processes Project (RECCAP-2),2022,False,abstract,False,False,0,0,0,0,0,0,0,0,0,0,0,0,0,0,0,0,0,0,0,False,
S2_altimetry_vertical_datum,10.5194/isprsarchives-xl-8-1035-2014,Inland Water Bodies Monitoring using Satellite Altimetry over Indian Region,2014,False,abstract,True,True,0,0,0,5,0,0,0,0,0,0,0,0,0,0,0,0,0,0,0,False,
S2_altimetry_vertical_datum,10.3390/rs11222684,Daily River Discharge Estimation Using Multi-Mission Radar Altimetry Data and Ensemble Learning Regression in the Lower Mekong River Basin,2019,True,full_text,True,True,0,0,0,79,0,0,0,0,0,0,0,0,0,0,0,0,0,0,0,False,
S2_altimetry_vertical_datum,10.5194/tc-13-611-2019,Dynamic ocean topography of the northern Nordic seas: a comparison between satellite altimetry and ocean modeling,2019,False,abstract,True,True,0,0,0,0,2,0,0,0,0,0,0,0,0,0,0,0,0,0,0,False,
S2_altimetry_vertical_datum,10.3390/rs13214252,"Interannual Variability of the Lena River Plume Propagation in 1993–2020 during the Ice-Free Period on the Base of Satellite Salinity, Temperature, and Altimetry Measurements",2021,False,abstract,True,True,0,0,0,1,0,0,0,0,0,0,0,0,0,0,0,0,0,0,0,False,
S2_altimetry_vertical_datum,10.3389/fmars.2019.00206,The Tropical Atlantic Observing System,2019,False,abstract,False,False,0,0,0,0,0,0,0,0,0,0,0,0,0,0,0,0,0,0,0,False,
S2_altimetry_vertical_datum,10.3390/rs12060967,Improving the Estimation of Water Level over Freshwater Ice Cover using Altimetry Satellite Active and Passive Observations,2020,False,abstract,True,True,0,0,0,2,0,0,0,0,0,0,0,0,0,0,0,0,0,0,0,False,
S2_altimetry_vertical_datum,10.3390/rs15040931,Analysis and Correction of Water Forward-Scattering-Induced Bathymetric Bias for Spaceborne Photon-Counting Lidar,2023,False,abstract,True,True,0,0,0,1,0,0,0,0,0,0,0,0,0,0,0,0,0,0,0,False,
S2_altimetry_vertical_datum,10.1029/2007jb005338,Estimating geocenter variations from a combination of GRACE and ocean model output,2008,False,abstract,True,True,0,0,0,0,0,0,0,0,0,0,0,0,0,0,0,0,0,0,0,False,
S2_altimetry_vertical_datum,10.3390/rs15112882,NASA ICESat-2: Space-Borne LiDAR for Geological Education and Field Mapping of Aeolian Sand Dune Environments,2023,False,abstract,True,True,0,0,0,0,0,0,0,0,0,0,0,0,0,0,0,0,0,0,0,False,
S2_altimetry_vertical_datum,10.1029/2023wr034907,Generation of High‐Resolution Water Surface Slopes From Multi‐Mission Satellite Altimetry,2024,False,abstract,True,True,0,0,0,2,1,0,0,0,0,0,0,0,0,0,0,2,0,0,0,False,
S2_altimetry_vertical_datum,10.1371/journal.pwat.0000226,Enhancing discharge estimation from SWOT satellite data in a tropical tidal river environment,2024,False,abstract,True,True,0,0,0,0,0,0,0,0,0,0,0,0,0,0,0,0,0,0,0,False,
S2_altimetry_vertical_datum,10.3390/rs11171993,An Action Plan Towards Fiducial Reference Measurements for Satellite Altimetry,2019,False,abstract,True,True,0,0,0,0,0,0,0,0,0,0,0,0,0,0,0,0,0,0,0,False,
S2_altimetry_vertical_datum,10.3390/rs14225709,Monitoring Spatial-Temporal Variations of Lake Level in Western China Using ICESat-1 and CryoSat-2 Satellite Altimetry,2022,False,abstract,True,True,0,0,0,1,0,0,0,0,0,0,0,0,0,0,0,0,0,0,0,False,
S2_altimetry_vertical_datum,10.1007/s12145-021-00716-0,Integration of satellite geodetic observations for regional geoid modeling using remove-compute-restore technique,2021,False,abstract,False,False,0,0,0,0,0,0,0,0,0,0,0,0,0,0,0,0,0,0,0,False,
S2_altimetry_vertical_datum,10.5194/hess-22-5509-2018,Modelling the water balance of Lake Victoria (East Africa) – Part 1: Observational analysis,2018,False,abstract,True,True,0,0,0,1,0,0,0,0,0,0,0,0,0,0,0,0,0,0,0,False,
S2_altimetry_vertical_datum,10.21203/rs.3.rs-1612737/v1,Performance Evaluation of Combining ICESat-2 and GEDI Laser Altimetry Missions for Inland Lake Level Retrievals,2022,False,abstract,True,True,0,0,0,4,0,0,0,0,0,0,0,0,0,0,0,0,0,0,0,False,
S2_altimetry_vertical_datum,10.21203/rs.3.rs-2203742/v1,A hydraulic model of the Amur River informed with ICESat-2 elevation,2022,False,abstract,True,False,0,0,0,0,0,0,0,0,0,0,0,0,0,0,0,0,0,0,0,False,
S2_altimetry_vertical_datum,10.1186/s40623-021-01415-2,A local lithospheric structure model for Vietnam derived from a high-resolution gravimetric geoid,2021,False,abstract,False,False,0,0,0,0,0,0,0,0,0,0,0,0,0,0,0,0,0,0,0,False,
S2_altimetry_vertical_datum,10.1016/j.gloplacha.2010.10.008,Terrestrial waters and sea level variations on interannual time scale,2010,False,abstract,False,False,0,0,0,0,0,0,0,0,0,0,0,0,0,0,0,0,0,0,0,False,
S2_altimetry_vertical_datum,10.31223/x5309r,Assessing vertical accuracy and spatial coverage of ICESat-2 and GEDI spaceborne lidar for creating global terrain models,2023,False,abstract,True,True,0,0,0,0,0,0,0,0,0,0,0,0,0,0,0,0,0,0,0,False,
S2_altimetry_vertical_datum,10.3390/w11010078,Assimilation of Synthetic SWOT River Depths in a Regional Hydrometeorological Model,2019,False,abstract,True,True,0,0,0,0,0,0,0,0,0,0,0,0,0,0,0,0,0,0,0,False,
S2_altimetry_vertical_datum,10.1007/s00190-018-1151-1,On the assimilation of absolute geodetic dynamic topography in a global ocean model: impact on the deep ocean state,2018,False,abstract,True,True,0,0,0,0,1,0,0,0,0,0,0,0,0,0,0,0,0,0,0,False,
S2_altimetry_vertical_datum,10.3390/rs12111886,Reservoir Induced Deformation Analysis for Several Filling and Operational Scenarios at the Grand Ethiopian Renaissance Dam Impoundment,2020,False,abstract,True,True,0,0,0,0,0,0,0,0,0,0,0,0,0,0,0,0,0,0,0,False,
S2_altimetry_vertical_datum,10.1029/2007gl029340,Slow postseismic recovery of geoid depression formed by the 2004 Sumatra‐Andaman Earthquake by mantle water diffusion,2007,False,abstract,False,False,0,0,0,0,0,0,0,0,0,0,0,0,0,0,0,0,0,0,0,False,
S2_altimetry_vertical_datum,10.1002/2017gl075419,Ocean Bottom Deformation Due To Present‐Day Mass Redistribution and Its Impact on Sea Level Observations,2017,False,abstract,True,True,0,0,0,1,0,0,0,0,0,0,0,0,0,0,0,0,0,0,0,False,
S2_altimetry_vertical_datum,10.2478/v10156-012-0004-8,Towards worldwide height system unification using ocean information,2012,False,abstract,False,False,0,0,0,0,0,0,0,0,0,0,0,0,0,0,0,0,0,0,0,False,
S2_altimetry_vertical_datum,10.1016/j.geog.2016.03.002,Water storage changes and balances in Africa observed by GRACE and hydrologic models,2016,False,abstract,False,False,0,0,0,0,0,0,0,0,0,0,0,0,0,0,0,0,0,0,0,False,
S2_altimetry_vertical_datum,10.3390/rs12152408,Water Storage Monitoring in the Aral Sea and its Endorheic Basin from Multisatellite Data and a Hydrological Model,2020,False,abstract,True,True,0,0,0,0,0,0,0,0,0,0,0,0,0,0,0,0,0,0,0,False,
S2_altimetry_vertical_datum,10.1029/2024wr039705,Improved Water Level Retrieval in Complex Riverine Environments: Sentinel‐3 and Sentinel‐6 Altimetry Over China's Rivers,2025,False,abstract,True,True,0,0,0,4,0,0,0,0,0,0,0,0,0,0,0,0,0,0,0,False,
S2_altimetry_vertical_datum,10.1016/j.advwatres.2018.12.005,The spatio-temporal variability of groundwater storage in the Amazon River Basin,2018,False,abstract,False,False,0,0,0,0,0,0,0,0,0,0,0,0,0,0,0,0,0,0,0,False,
S2_altimetry_vertical_datum,10.1007/s00024-019-02156-w,Inter-Annual Variability and Trends of Sea Level and Sea Surface Temperature in the Mediterranean Sea over the Last 25 Years,2019,False,abstract,False,False,0,0,0,0,0,0,0,0,0,0,0,0,0,0,0,0,0,0,0,False,
S2_altimetry_vertical_datum,10.1029/2022rg000801,Land Data Assimilation: Harmonizing Theory and Data in Land Surface Process Studies,2024,False,abstract,False,False,0,0,0,0,0,0,0,0,0,0,0,0,0,0,0,0,0,0,0,False,
S2_altimetry_vertical_datum,10.5194/essd-2019-219,Satellite-based remote sensing data set of global surface water storage change from 1992 to 2018,2020,False,abstract,True,True,0,0,0,0,0,0,0,0,0,0,0,0,0,0,0,0,0,0,0,False,
S2_altimetry_vertical_datum,10.3390/rs14205125,Biases Analysis and Calibration of ICESat-2/ATLAS Data Based on Crossover Adjustment Method,2022,False,abstract,True,True,0,0,0,0,0,0,0,0,0,0,0,0,0,0,0,0,0,0,0,False,
S2_altimetry_vertical_datum,10.1007/s00190-023-01783-5,The Tikhonov-L-curve regularization method for determining the best geoid gradients from SWOT altimetry,2023,False,abstract,True,True,0,0,0,0,4,0,0,0,0,0,0,0,0,0,0,0,0,0,0,False,
S2_altimetry_vertical_datum,10.3390/rs16061048,Glacier Mass Balance and Its Impact on Land Water Storage in the Southeastern Tibetan Plateau Revealed by ICESat-2 and GRACE-FO,2024,False,abstract,True,True,0,0,0,0,0,0,0,0,0,0,0,0,0,0,0,0,0,0,0,False,
S2_altimetry_vertical_datum,10.3389/fmars.2021.672477,Estimating Ocean Surface Currents With Machine Learning,2021,False,abstract,True,True,0,0,0,0,0,0,0,0,0,0,0,0,0,0,0,0,0,0,0,False,
S2_altimetry_vertical_datum,10.1002/2015wr017830,Understanding satellite‐based monthly‐to‐seasonal reservoir outflow estimation as a function of hydrologic controls,2016,False,abstract,True,True,0,0,0,0,0,0,0,0,0,0,0,0,0,0,0,0,0,0,0,False,
S2_altimetry_vertical_datum,10.1029/2002jc001619,Observing ocean heat content using satellite gravity and altimetry,2003,False,abstract,True,True,0,0,0,0,1,0,0,0,0,0,0,0,0,0,0,0,0,0,0,False,
S2_altimetry_vertical_datum,10.1007/s10668-022-02700-0,The analytic hierarchy process as an innovative way to enable stakeholder engagement for sustainability reporting in the food industry,2022,False,abstract,False,False,0,0,0,0,0,0,0,0,0,0,0,0,0,0,0,0,0,0,0,False,
S2_altimetry_vertical_datum,10.3390/geohazards5010006,A Review of the Contribution of Satellite Altimetry and Tide Gauge Data to Evaluate Sea Level Trends in the Adriatic Sea within a Mediterranean and Global Context,2024,False,abstract,True,True,0,0,0,5,1,0,0,0,0,0,0,0,0,0,0,0,0,0,0,False,
S2_altimetry_vertical_datum,10.1016/j.pce.2025.103900,Refinement of ICESat-2 derived inland water surface levels with the TG20 local geoid model: In the case of Türkiye lakes,2025,False,abstract,True,False,0,0,0,0,0,0,0,0,0,0,0,0,0,0,0,0,0,0,0,False,
S2_altimetry_vertical_datum,10.3390/rs12244175,The Potential of ICESat-2 to Identify Carbon-Rich Peatlands in Indonesia,2020,False,abstract,True,True,0,0,0,0,0,0,0,0,0,0,0,0,0,0,0,0,0,0,0,False,
S2_altimetry_vertical_datum,10.1002/essoar.10508946.1,A framework for estimating global river discharge from the Surface Water and Ocean Topography satellite mission,2021,False,abstract,True,True,0,0,0,2,0,0,0,0,0,0,0,0,0,0,0,0,0,0,0,False,
S2_altimetry_vertical_datum,10.1016/j.scitotenv.2019.04.316,Response of deep aquifers to climate variability,2019,False,abstract,True,True,0,0,0,0,0,0,0,0,0,0,0,0,0,0,0,0,0,0,0,False,
S2_altimetry_vertical_datum,10.1007/s12145-018-0368-0,GRAMAT: a comprehensive Matlab toolbox for estimating global mass variations from GRACE satellite data,2018,False,abstract,False,False,0,0,0,0,0,0,0,0,0,0,0,0,0,0,0,0,0,0,0,False,
S2_altimetry_vertical_datum,10.1016/j.scitotenv.2020.138343,Hydropower dam operation strongly controls Lake Victoria's freshwater storage variability,2020,False,abstract,False,False,0,0,0,0,0,0,0,0,0,0,0,0,0,0,0,0,0,0,0,False,
S2_altimetry_vertical_datum,10.3390/rs16132259,Assessing Vertical Accuracy and Spatial Coverage of ICESat-2 and GEDI Spaceborne Lidar for Creating Global Terrain Models,2024,False,abstract,True,True,0,0,0,0,0,0,0,0,0,0,0,0,0,0,0,0,0,0,0,False,
S2_altimetry_vertical_datum,10.3390/rs12182911,Characterization of SWOT Water Level Errors on Seine Reservoirs and La Bassée Gravel Pits: Impacts on Water Surface Energy Budget Modeling,2020,False,abstract,True,True,0,0,0,0,0,0,0,0,0,0,0,0,0,0,0,0,0,0,0,False,
S2_altimetry_vertical_datum,10.1016/j.rse.2017.04.027,Airborne Laser Scanning for calibration and validation of inshore satellite altimetry: A proof of concept,2017,False,abstract,True,True,0,0,0,4,0,0,0,0,0,0,0,0,0,0,0,0,0,0,0,False,
S2_altimetry_vertical_datum,10.3319/tao.2021.08.23.01,The determination of Thailand Geoid Model 2017 (TGM2017) from airborne and terrestrial gravimetry,2021,False,abstract,False,False,0,0,0,0,0,0,0,0,0,0,0,0,0,0,0,0,0,0,0,False,
S2_altimetry_vertical_datum,10.1080/02626667.2024.2333846,Advancing river monitoring using image-based techniques: challenges and opportunities,2024,False,abstract,False,False,0,0,0,0,0,0,0,0,0,0,0,0,0,0,0,0,0,0,0,False,
S2_altimetry_vertical_datum,10.1016/j.ejrh.2019.100609,"Total water storage variability from GRACE mission and hydrological models for a 50,000 km2 temperate watershed: the Garonne River basin (France)",2019,False,abstract,False,False,0,0,0,0,0,0,0,0,0,0,0,0,0,0,0,0,0,0,0,False,
S2_altimetry_vertical_datum,10.1002/2017jd026525,Spatial Variability of Wet Troposphere Delays Over Inland Water Bodies,2017,False,abstract,True,True,0,0,0,0,0,0,0,0,0,0,0,0,0,0,0,0,0,0,0,False,
S2_altimetry_vertical_datum,10.5194/hess-2021-551,Extraction of roughness parameters from remotely-sensed products for hydrology applications,2021,False,abstract,True,True,0,0,0,1,0,0,0,0,0,0,0,0,0,0,0,0,0,0,0,False,
S2_altimetry_vertical_datum,10.5194/essd-2019-84,Global River Radar Altimetry Time Series (GRRATS): New River Elevation Earth Science Data Records for the Hydrologic Community,2019,False,abstract,True,True,0,0,0,2,0,0,0,0,0,0,0,0,0,0,0,0,0,0,0,False,
S2_altimetry_vertical_datum,10.3389/fmars.2023.1150488,Sea-level trend variability in the Mediterranean during the 1993–2019 period,2023,False,abstract,True,True,0,0,0,0,0,0,0,0,0,0,0,0,0,0,0,0,0,0,0,False,
S2_altimetry_vertical_datum,10.5194/hess-24-2593-2020,Worldwide lake level trends and responses to background climate variation,2020,False,abstract,True,True,0,0,0,0,0,0,0,0,0,0,0,0,0,0,0,0,0,0,0,False,
S2_altimetry_vertical_datum,10.1175/jpo-d-20-0190.1,The Cyclonic Mode of Arctic Ocean Circulation,2021,False,abstract,True,True,0,0,0,1,0,0,0,0,0,0,0,0,0,0,0,0,0,0,0,False,
S2_altimetry_vertical_datum,10.3390/rs15030780,Densifying and Optimizing the Water Level Series for Large Lakes from Multi-Orbit ICESat-2 Observations,2023,False,abstract,True,True,0,0,0,1,0,0,0,0,0,0,0,0,0,0,0,0,0,0,0,False,
S2_altimetry_vertical_datum,10.3390/rs8110885,Lake Level Estimation Based on CryoSat-2 SAR Altimetry and Multi-Looked Waveform Classification,2016,False,abstract,True,True,0,0,0,1,0,0,0,0,0,0,0,0,0,0,0,0,0,0,0,False,
S2_altimetry_vertical_datum,10.3390/rs10071163,GRACE-Based Terrestrial Water Storage in Northwest China: Changes and Causes,2018,False,abstract,False,False,0,0,0,0,0,0,0,0,0,0,0,0,0,0,0,0,0,0,0,False,
S2_altimetry_vertical_datum,10.5194/hess-14-2443-2010,Interannual variations of the terrestrial water storage in the Lower Ob' Basin from a multisatellite approach,2010,False,abstract,True,True,0,0,0,0,0,0,0,0,0,0,0,0,0,0,0,0,0,0,0,False,
S2_altimetry_vertical_datum,10.3390/rs11171985,Remote Sensing for the Quantification of Land Surface Dynamics in Large River Delta Regions—A Review,2019,False,abstract,False,False,0,0,0,0,0,0,0,0,0,0,0,0,0,0,0,0,0,0,0,False,
S2_altimetry_vertical_datum,10.3390/geosciences8090323,Decorrelation of GRACE Time Variable Gravity Field Solutions Using Full Covariance Information,2018,False,abstract,False,False,0,0,0,0,0,0,0,0,0,0,0,0,0,0,0,0,0,0,0,False,
S2_altimetry_vertical_datum,10.1029/2018jb015601,Improvements in the Monthly Gravity Field Solutions Through Modeling the Colored Noise in the GRACE Data,2018,False,abstract,False,False,0,0,0,0,0,0,0,0,0,0,0,0,0,0,0,0,0,0,0,False,
S2_altimetry_vertical_datum,10.1016/j.apenergy.2020.115171,Freshwater use of the energy sector in Africa,2020,False,abstract,False,False,0,0,0,0,0,0,0,0,0,0,0,0,0,0,0,0,0,0,0,False,
S2_altimetry_vertical_datum,10.1029/2024wr038633,Bidirectional Translations Between Observational and Topography‐Based Hydrographic Data Sets: MERIT‐Basins and the SWOT River Database (SWORD),2025,False,abstract,True,True,0,0,0,0,0,0,0,0,0,0,0,0,0,0,0,0,0,0,0,False,
S2_altimetry_vertical_datum,10.1109/jstars.2024.3349692,Satellite Radar Altimetry Supporting Coastal Hydrology: Case Studies of Guadalquivir River Estuary and Ebro River Delta (Spain),2024,False,abstract,True,True,0,0,0,0,0,0,0,0,0,0,0,0,0,0,0,0,0,0,0,False,
S2_altimetry_vertical_datum,10.1016/j.asr.2020.06.015,Water level status of Indian reservoirs: A synoptic view from altimeter observations,2020,False,abstract,True,False,0,0,0,0,0,0,0,0,0,0,0,0,0,0,0,0,0,0,0,False,
S2_altimetry_vertical_datum,10.3390/rs12172668,Benefits and Lessons Learned from the Sentinel-3 Tandem Phase,2020,False,abstract,False,False,0,0,0,0,0,0,0,0,0,0,0,0,0,0,0,0,0,0,0,False,
S2_altimetry_vertical_datum,10.3390/rs14236070,Data-Driven Calibration Algorithm and Pre-Launch Performance Simulations for the SWOT Mission,2022,False,abstract,True,True,0,0,0,0,0,0,0,0,0,0,0,0,0,0,0,0,0,0,0,False,
S2_altimetry_vertical_datum,10.3390/rs12233867,River Flow Monitoring by Sentinel-3 OLCI and MODIS: Comparison and Combination,2020,False,abstract,False,False,0,0,0,0,0,0,0,0,0,0,0,0,0,0,0,0,0,0,0,False,
S2_altimetry_vertical_datum,10.1029/2019gl082344,Revisiting the Circulation of Hudson Bay: Evidence for a Seasonal Pattern,2019,False,abstract,False,False,0,0,0,0,0,0,0,0,0,0,0,0,0,0,0,0,0,0,0,False,
S2_altimetry_vertical_datum,10.3390/rs11050558,"Robust, Long-term Lake Level Change from Multiple Satellite Altimeters in Tibet: Observing the Rapid Rise of Ngangzi Co over a New Wetland",2019,False,abstract,True,True,0,0,0,1,0,0,0,0,0,0,0,0,0,0,0,0,0,0,0,False,
S2_altimetry_vertical_datum,10.1029/2023wr035781,GRDL: A New Global Reservoir Area‐Storage‐Depth Data Set Derived Through Deep Learning‐Based Bathymetry Reconstruction,2024,False,abstract,True,True,0,0,0,1,0,0,0,0,0,0,0,0,0,0,0,0,0,0,0,False,
S2_altimetry_vertical_datum,10.1016/j.oceano.2021.09.001,Steric and atmospheric contributions to interannual sea level variability in the eastern mediterranean sea over 1993–2019,2021,False,abstract,True,True,0,0,0,2,0,0,0,0,0,0,0,0,0,0,0,0,0,0,0,False,
S2_altimetry_vertical_datum,10.3390/rs12193157,Combining Multi-Sensor Satellite Imagery to Improve Long-Term Monitoring of Temporary Surface Water Bodies in the Senegal River Floodplain,2020,False,abstract,False,False,0,0,0,0,0,0,0,0,0,0,0,0,0,0,0,0,0,0,0,False,
S2_altimetry_vertical_datum,10.3390/rs16173329,"Enhancing Surface Water Monitoring through Multi-Satellite Data-Fusion of Landsat-8/9, Sentinel-2, and Sentinel-1 SAR",2024,False,abstract,False,False,0,0,0,0,0,0,0,0,0,0,0,0,0,0,0,0,0,0,0,False,
S2_altimetry_vertical_datum,10.1038/s41598-024-65908-2,Physical features of Adam’s Bridge interpreted from ICESat-2 based high-resolution digital bathymetric elevation model,2024,False,abstract,True,True,0,0,0,0,0,0,0,0,0,0,0,0,0,0,0,0,0,0,0,False,
S2_altimetry_vertical_datum,10.1007/s10712-024-09860-w,An Abrupt Decline in Global Terrestrial Water Storage and Its Relationship with Sea Level Change,2024,False,abstract,True,True,0,0,0,0,0,0,0,0,0,0,0,0,0,0,0,0,0,0,0,False,
S2_altimetry_vertical_datum,10.3390/rs9101032,Monitoring Recent Fluctuations of the Southern Pool of Lake Chad Using Multiple Remote Sensing Data: Implications for Water Balance Analysis,2017,False,abstract,True,True,0,0,0,0,0,0,0,0,0,0,0,0,0,0,0,0,0,0,0,False,
S2_altimetry_vertical_datum,10.5194/hess-17-2029-2013,Global multi-scale segmentation of continental and coastal waters from the watersheds to the continental margins,2013,False,abstract,False,False,0,0,0,0,0,0,0,0,0,0,0,0,0,0,0,0,0,0,0,False,
S2_altimetry_vertical_datum,10.1007/s12524-022-01540-9,Remote Sensing and Geographic Information System Applications in Hydrocarbon Exploration: A Review,2022,False,abstract,False,False,0,0,0,0,0,0,0,0,0,0,0,0,0,0,0,0,0,0,0,False,
S2_altimetry_vertical_datum,10.1016/j.accre.2020.09.001,Future sea level rise along the coast of China and adjacent region under 1.5 °C and 2.0 °C global warming,2020,False,abstract,True,True,0,0,0,2,0,0,0,0,0,0,0,0,0,0,0,0,0,0,0,False,
S2_altimetry_vertical_datum,10.1109/jstars.2021.3094195,"A Comparison and Review of Surface Detection Methods Using MBL, MABEL, and ICESat-2 Photon-Counting Laser Altimetry Data",2021,False,abstract,True,True,0,0,0,0,0,0,0,0,0,0,0,0,0,0,0,0,0,0,0,False,
S2_altimetry_vertical_datum,10.3390/s25164991,"Deep Learning-Based Fusion of Optical, Radar, and LiDAR Data for Advancing Land Monitoring",2025,False,abstract,False,False,0,0,0,0,0,0,0,0,0,0,0,0,0,0,0,0,0,0,0,False,
S2_altimetry_vertical_datum,10.3390/rs14246281,Continuous Karakoram Glacier Anomaly and Its Response to Climate Change during 2000–2021,2022,False,abstract,True,True,0,0,0,0,0,0,0,0,0,0,0,0,0,0,0,0,0,0,0,False,
S2_altimetry_vertical_datum,10.1038/s41467-025-67682-9,Satellite altimetry reveals intensifying global river water level variability,2025,False,abstract,True,True,0,0,0,1,0,0,0,0,0,0,0,0,0,0,0,0,0,0,0,False,
S2_altimetry_vertical_datum,10.5194/isprs-archives-xliii-b3-2021-527-2021,COMPARISON OF CRYOSAT-2 AND ICESAT-2 ON WATER LEVEL MONITORING OF NAM CO LAKE,2021,False,abstract,True,True,0,0,0,0,0,0,0,0,0,0,0,0,0,0,0,0,0,0,0,False,
S2_altimetry_vertical_datum,10.1029/2024ea004100,"Airborne Lidar to Verify ICESat‐2 Arctic Summer Sea Ice Heights and Melt Pond Depths: Calibration and Validation Campaign, Greenland 2022",2025,False,abstract,True,True,0,0,0,0,0,0,0,0,0,0,0,0,0,0,0,0,0,0,0,False,
S2_altimetry_vertical_datum,10.3390/rs12091448,Monitoring Long-Term Lake Level Variations in Middle and Lower Yangtze Basin over 2002–2017 through Integration of Multiple Satellite Altimetry Datasets,2020,False,abstract,True,True,0,0,0,2,0,0,0,0,0,0,0,0,0,0,0,0,0,0,0,False,
S2_altimetry_vertical_datum,10.1080/10402381.2017.1402226,Monitoring volumetric fluctuations in tropical lakes and reservoirs using satellite remote sensing,2017,False,abstract,True,True,0,0,0,2,0,0,0,0,0,0,0,0,0,0,0,0,0,0,0,False,
S2_altimetry_vertical_datum,10.3390/rs12183052,Water Volume Variations Estimation and Analysis Using Multisource Satellite Data: A Case Study of Lake Victoria,2020,False,abstract,True,True,0,0,0,0,0,0,0,0,0,0,0,0,0,0,0,0,0,0,0,False,
S2_altimetry_vertical_datum,10.1080/02626667.2019.1578463,Development of a flood water level estimation method using satellite images and a digital elevation model for the Mekong floodplain,2019,False,abstract,False,False,0,0,0,0,0,0,0,0,0,0,0,0,0,0,0,0,0,0,0,False,
S2_altimetry_vertical_datum,10.1029/2004tc001639,Lithospheric structure under the western African‐European plate boundary: A transect across the Atlas Mountains and the Gulf of Cadiz,2005,False,abstract,False,False,0,0,0,0,0,0,0,0,0,0,0,0,0,0,0,0,0,0,0,False,
S2_altimetry_vertical_datum,10.3390/rs15010012,Evaluation of Sentinel-6 Altimetry Data over Ocean,2022,False,abstract,True,True,0,0,0,0,0,0,0,0,0,0,0,0,0,0,0,0,0,0,0,False,
S2_altimetry_vertical_datum,10.3390/rs14174322,Performance of HaiYang-2 Altimetric Data in Marine Gravity Research and a New Global Marine Gravity Model NSOAS22,2022,False,abstract,True,True,0,0,0,0,2,0,0,0,0,0,0,0,0,0,0,0,0,0,0,False,
S2_altimetry_vertical_datum,10.1109/tgrs.2022.3232053,Detection of Signal and Ground Photons From ICESat-2 ATL03 Data,2022,False,abstract,True,True,0,0,0,0,0,0,0,0,0,0,0,0,0,0,0,0,0,0,0,False,
S2_altimetry_vertical_datum,10.1029/2021ms002715,Influence of Nonseasonal River Discharge on Sea Surface Salinity and Height,2022,False,abstract,False,False,0,0,0,0,0,0,0,0,0,0,0,0,0,0,0,0,0,0,0,False,
S2_altimetry_vertical_datum,10.22541/essoar.170158328.85804859/v1,"New Global Mean Dynamic Topography CNES-CLS-22 Combining Drifters, Hydrological Profiles and High Frequency Radar Data",2023,False,abstract,True,True,0,0,0,1,1,0,0,0,0,0,0,0,0,0,0,0,0,0,0,False,
S2_altimetry_vertical_datum,10.1016/j.ejrh.2014.08.004,Characteristics and changes of streamflow on the Tibetan Plateau: A review,2014,False,abstract,False,False,0,0,0,0,0,0,0,0,0,0,0,0,0,0,0,0,0,0,0,False,
S2_altimetry_vertical_datum,10.5194/essd-13-2227-2021,RECOG RL01: correcting GRACE total water storage estimates for global lakes/reservoirs and earthquakes,2021,False,abstract,True,True,0,0,0,0,0,0,0,0,0,0,0,0,0,0,0,0,0,0,0,False,
S2_altimetry_vertical_datum,10.3389/fmars.2020.588713,Integration of HF Radar Observations for an Enhanced Coastal Mean Dynamic Topography,2020,False,abstract,True,True,0,0,0,4,1,0,0,0,0,0,0,0,0,0,0,0,0,0,0,False,
S2_altimetry_vertical_datum,10.3390/rs14164023,Monitoring Lake Volume Variation from Space Using Satellite Observations—A Case Study in Thac Mo Reservoir (Vietnam),2022,False,abstract,True,True,0,0,0,3,0,0,0,0,0,0,0,0,0,0,0,0,0,0,0,False,
S2_altimetry_vertical_datum,10.1371/journal.pone.0238770,"Past, present, and future nuisance flooding on the Charleston peninsula",2020,False,abstract,False,False,0,0,0,0,0,0,0,0,0,0,0,0,0,0,0,0,0,0,0,False,
S2_altimetry_vertical_datum,10.1029/2005jc003039,A coastal retracking system for satellite radar altimeter waveforms: Application to ERS‐2 around Australia,2006,False,abstract,True,True,0,0,0,0,2,0,0,0,0,0,0,0,0,0,0,0,0,0,0,False,
S2_altimetry_vertical_datum,10.3390/rs12172810,Discharge Estimation Using Harmonized Landsat and Sentinel-2 Product: Case Studies in the Murray Darling Basin,2020,False,abstract,False,False,0,0,0,0,0,0,0,0,0,0,0,0,0,0,0,0,0,0,0,False,
S2_altimetry_vertical_datum,10.3390/geosciences10060218,Sea Level Trend and Fronts in the South Atlantic Ocean,2020,False,abstract,True,True,0,0,0,0,0,0,0,0,0,0,0,0,0,0,0,0,0,0,0,False,
S2_altimetry_vertical_datum,10.1109/tgrs.2021.3137034,Improving Sentinel-3 SAR Mode Processing Over Lake Using Numerical Simulations,2021,False,abstract,True,True,0,0,0,1,0,0,0,0,0,0,0,0,0,0,0,0,0,0,0,False,
S2_altimetry_vertical_datum,10.1029/2021jc017767,Formation and Transport of the South Atlantic Subtropical Mode Water in Eddy‐Permitting Observations,2021,False,abstract,True,True,0,0,0,0,0,0,0,0,0,0,0,0,0,0,0,0,0,0,0,False,
S2_altimetry_vertical_datum,10.3390/w17213066,Validation of Sea Level Anomalies from the SWOT Altimetry Mission Around the Coastal Regions of East Asia and the US West Coast,2025,False,abstract,True,True,0,0,0,3,0,0,0,0,0,0,0,0,0,0,0,0,0,0,0,False,
S2_altimetry_vertical_datum,10.3389/feart.2023.1110181,Accuracy assessment of quasi-seamless hydrographic separation models in Malaysian waters,2023,False,abstract,True,True,0,0,0,4,4,0,0,0,0,0,0,0,0,0,0,0,0,0,0,False,
S2_altimetry_vertical_datum,10.5194/essd-2021-470,High-resolution water level and storage variation datasets for 338 reservoirs in China during 2010–2020,2022,False,abstract,True,True,0,0,0,5,0,0,0,0,0,0,0,0,0,0,0,0,0,0,0,False,
S2_altimetry_vertical_datum,10.1371/journal.pwat.0000260,"Monitoring Indian ungauged small reservoirs volume from remote sensing: Feasibility, bias and perspectives",2024,False,abstract,True,True,0,0,0,2,0,0,0,0,0,0,0,0,0,0,0,0,0,0,0,False,
S2_altimetry_vertical_datum,10.3319/tao.2008.19.1-2.53(sa),Accurate Linking of Lake Erie Water Level with Shoreline Datum Using GPS Buoy and Satellite Altimetry,2008,False,abstract,True,True,0,0,0,5,10,0,0,0,0,0,0,0,0,0,0,0,0,0,0,False,
S2_altimetry_vertical_datum,10.1080/20964471.2023.2295632,A dataset of lake level changes in China between 2002 and 2023 using multi-altimeter data,2024,False,abstract,True,True,0,0,0,4,0,0,0,0,0,0,0,0,0,0,0,0,0,0,0,False,
S2_altimetry_vertical_datum,10.1029/2023wr036160,Distinctive Patterns of Water Level Change in Swedish Lakes Driven by Climate and Human Regulation,2024,False,abstract,True,True,0,0,0,3,0,0,0,0,0,0,0,0,0,0,0,0,0,0,0,False,
S2_altimetry_vertical_datum,10.4236/ijg.2014.56052,"Estimation of Subsidence in Po Delta Area (Northern Italy) by Integration of GPS Data, High-Precision Leveling and Archival Orthometric Elevations",2014,False,abstract,False,False,0,0,0,0,0,0,0,0,0,0,0,0,0,0,0,0,0,0,0,False,
S2_altimetry_vertical_datum,10.3390/jmse11081514,Sea Level Rise and Future Projections in the Baltic Sea,2023,False,abstract,True,True,0,0,0,1,0,0,0,0,0,0,0,0,0,0,0,0,0,0,0,False,
S2_altimetry_vertical_datum,10.1016/j.asr.2020.04.051,Marine gravity anomaly mapping for the Gulf of Tonkin area (Vietnam) using Cryosat-2 and Saral/AltiKa satellite altimetry data,2020,False,abstract,True,True,0,0,0,1,3,0,0,0,0,0,0,0,0,0,0,0,0,0,0,False,
S2_altimetry_vertical_datum,10.1016/j.scib.2024.04.043,"Emerging global reservoirs in the new millennium: Abundance, hotspots, and total water storage",2024,False,abstract,False,False,0,0,0,0,0,0,0,0,0,0,0,0,0,0,0,0,0,0,0,False,
S2_altimetry_vertical_datum,10.3390/s19153386,Improved Remotely Sensed Total Basin Discharge and Its Seasonal Error Characterization in the Yangtze River Basin,2019,False,abstract,False,False,0,0,0,0,0,0,0,0,0,0,0,0,0,0,0,0,0,0,0,False,
S2_altimetry_vertical_datum,10.3390/rs12142208,"Analyses of the Prądnik riverbed Shape Based on Archival and Contemporary Data Sets—Old Maps, LiDAR, DTMs, Orthophotomaps and Cross-Sectional Profile Measurements",2020,False,abstract,False,False,0,0,0,0,0,0,0,0,0,0,0,0,0,0,0,0,0,0,0,False,
S2_altimetry_vertical_datum,10.18814/epiiugs/2012/v35i1/007,An outline of the Geology of New Caledonia; from Permian–Mesozoic Southeast Gondwanaland active margin to Cenozoic obduction and supergene evolution,2012,False,abstract,False,False,0,0,0,0,0,0,0,0,0,0,0,0,0,0,0,0,0,0,0,False,
S2_altimetry_vertical_datum,10.5194/gmd-2020-259,Definitions and methods to estimate regional land carbon fluxes for the second phase of the REgional Carbon Cycle Assessment and Processes Project (RECCAP-2),2020,False,abstract,False,False,0,0,0,0,0,0,0,0,0,0,0,0,0,0,0,0,0,0,0,False,
S2_altimetry_vertical_datum,10.3390/su16051735,Forest Canopy Height Retrieval and Analysis Using Random Forest Model with Multi-Source Remote Sensing Integration,2024,False,abstract,True,True,0,0,0,0,0,0,0,0,0,0,0,0,0,0,0,0,0,0,0,False,
S2_altimetry_vertical_datum,10.3390/s18093076,Water Level Reconstruction and Prediction Based on Space-Borne Sensors: A Case Study in the Mekong and Yangtze River Basins,2018,False,abstract,False,False,0,0,0,0,0,0,0,0,0,0,0,0,0,0,0,0,0,0,0,False,
S2_altimetry_vertical_datum,10.1029/2020ea001235,"ICESat‐2/ATLAS Onboard Flight Science Receiver Algorithms: Purpose, Process, and Performance",2020,False,abstract,True,True,0,0,0,0,0,0,0,0,0,0,0,0,0,0,0,0,0,0,0,False,
S2_altimetry_vertical_datum,10.3390/jmse10060779,"Dynamics and Causes of Sea Level Rise in the Coastal Region of Southwest Bangladesh at Global, Regional, and Local Levels",2022,False,abstract,True,True,0,0,0,4,0,0,0,0,0,0,0,0,0,0,0,0,0,0,0,False,
S2_altimetry_vertical_datum,10.1038/s41598-022-10628-8,Uncertainty in GRACE/GRACE-follow on global ocean mass change estimates due to mis-modeled glacial isostatic adjustment and geocenter motion,2022,False,abstract,True,True,0,0,0,0,0,0,0,0,0,0,0,0,0,0,0,0,0,0,0,False,
S2_altimetry_vertical_datum,10.1109/jstars.2020.3035686,Improved Lake Level Estimation From Radar Altimeter Using an Automatic Multiscale-Based Peak Detection Retracker,2020,False,abstract,True,True,0,0,0,3,0,0,0,0,0,0,0,0,0,0,0,0,0,0,0,False,
S2_altimetry_vertical_datum,10.1029/2023gl103924,Turning Lakes Into River Gauges Using the LakeFlow Algorithm,2023,False,abstract,True,True,0,0,0,1,0,0,0,0,0,0,0,0,0,0,0,0,0,0,0,False,
S2_altimetry_vertical_datum,10.1080/01490419.2011.634961,A Re-Evaluation of the Offset in the Australian Height Datum Between Mainland Australia and Tasmania,2012,False,abstract,False,False,0,0,0,0,0,0,0,0,0,0,0,0,0,0,0,0,0,0,0,False,
S2_altimetry_vertical_datum,10.1515/jogs-2020-0120,Accurate Sea Surface heights from Sentinel-3A and Jason-3 retrackers by incorporating High-Resolution Marine Geoid and Hydrodynamic Models,2021,False,abstract,True,True,0,0,0,1,3,0,0,0,0,0,0,0,0,0,0,0,0,0,0,False,
S2_altimetry_vertical_datum,10.1016/j.ejrh.2017.03.001,"Modelling of flood hazard extent in data sparse areas: a case study of the Oti River basin, West Africa",2017,False,abstract,False,False,0,0,0,0,0,0,0,0,0,0,0,0,0,0,0,0,0,0,0,False,
S2_altimetry_vertical_datum,10.5194/esd-13-1351-2022,Trends and uncertainties of mass-driven sea-level change in the satellite altimetry era,2022,False,abstract,True,True,0,0,0,0,0,0,0,0,0,0,0,0,0,0,0,0,0,0,0,False,
S2_altimetry_vertical_datum,10.3390/rs13214352,"ICESat-2 Marine Bathymetry: Extraction, Refraction Adjustment and Vertical Accuracy as a Function of Depth in Mid-Latitude Temperate Contexts",2021,False,abstract,True,True,0,0,0,0,0,0,0,0,0,0,0,0,0,0,0,0,0,0,0,False,
S2_altimetry_vertical_datum,10.1038/s43247-023-01111-x,The open ocean kinetic energy cascade is strongest in late winter and spring,2023,False,abstract,True,True,0,0,0,0,0,0,0,0,0,0,0,0,0,0,0,0,0,0,0,False,
S2_altimetry_vertical_datum,10.3390/rs11091064,Upstream Remotely-Sensed Hydrological Variables and Their Standardization for Surface Runoff Reconstruction and Estimation of the Entire Mekong River Basin,2019,False,abstract,False,False,0,0,0,0,0,0,0,0,0,0,0,0,0,0,0,0,0,0,0,False,
S2_altimetry_vertical_datum,10.3390/rs11242973,Modelling the Altitude Dependence of the Wet Path Delay for Coastal Altimetry Using 3-D Fields from ERA5,2019,False,abstract,True,True,0,0,0,0,0,0,0,0,0,0,0,0,0,0,0,0,0,0,0,False,
S2_altimetry_vertical_datum,10.3390/rs12182986,Recent Abnormal Hydrologic Behavior of Tibetan Lakes Observed by Multi-Mission Altimeters,2020,False,abstract,True,True,0,0,0,0,0,0,0,0,0,0,0,0,0,0,0,0,0,0,0,False,
S2_altimetry_vertical_datum,10.1088/1751-8113/46/25/254023,Ecological implications of eddy retention in the open ocean: a Lagrangian approach,2013,False,abstract,True,True,0,0,0,0,0,0,0,0,0,0,0,0,0,0,0,0,0,0,0,False,
S2_altimetry_vertical_datum,10.1029/2024gl108934,Reservoir Filling Up Problems in a Changing Climate: Insights From CryoSat‐2 Altimetry,2024,False,abstract,True,True,0,0,0,0,0,0,0,0,0,0,0,0,0,0,0,0,0,0,0,False,
S2_altimetry_vertical_datum,10.3390/rs12020324,"Performance Comparison of Geoid Refinement between XGM2016 and EGM2008 Based on the KTH and RCR Methods: Jilin Province, China",2020,False,abstract,False,False,0,0,0,0,0,0,0,0,0,0,0,0,0,0,0,0,0,0,0,False,
S2_altimetry_vertical_datum,10.3390/rs11121438,Spaceborne GNSS-R Observation of Global Lake Level: First Results from the TechDemoSat-1 Mission,2019,False,abstract,True,True,0,0,0,0,0,0,0,0,0,0,0,0,0,0,0,0,0,0,0,False,
S2_altimetry_vertical_datum,10.22541/essoar.167979550.06401677/v1,Generation of high-resolution water surface slopes from multi-mission satellite altimetry,2023,False,abstract,True,True,0,0,0,3,1,0,0,0,0,0,0,0,0,0,0,2,0,0,0,False,
S2_altimetry_vertical_datum,10.20944/preprints201810.0643.v1,Assimilation of Synthetic SWOT River Depths in a Regional Hydrometeorological Model,2018,False,abstract,True,True,0,0,0,0,0,0,0,0,0,0,0,0,0,0,0,0,0,0,0,False,
S2_altimetry_vertical_datum,10.22541/essoar.176361210.02941601/v1,First Assimilation of SWOT Water Surface Elevations Enhances River Dynamic Simulations in the Ohio River Basin,2025,False,abstract,True,True,0,0,0,0,0,0,0,0,0,0,0,0,0,0,0,0,0,0,0,False,
S2_altimetry_vertical_datum,10.3390/rs15163974,ICESat-2 for Coastal MSS Determination—Evaluation in the Norwegian Coastal Zone,2023,False,abstract,True,True,0,0,0,2,0,0,0,0,1,0,0,0,0,0,0,0,0,0,0,False,
S2_altimetry_vertical_datum,10.1016/j.rse.2025.114597,Measuring river slope using spaceborne GNSS reflectometry: Methodology and first performance assessment,2025,False,abstract,True,True,0,0,0,3,1,0,0,0,0,0,0,0,0,0,0,0,0,0,0,False,
S2_altimetry_vertical_datum,10.1029/2025ea004391,Analysis and Accuracy Assessment of a New Global Nearshore ICESat‐2 Bathymetric Data Product,2025,False,abstract,True,True,0,0,0,0,0,0,0,0,0,0,0,0,0,0,0,0,0,0,0,False,
S2_altimetry_vertical_datum,10.5194/nhess-23-3169-2023,Mangrove ecosystem properties regulate high water levels in a river delta,2023,False,abstract,False,False,0,0,0,0,0,0,0,0,0,0,0,0,0,0,0,0,0,0,0,False,
S2_altimetry_vertical_datum,10.1029/2024gb008310,"The North American Greenhouse Gas Budget: Emissions, Removals, and Integration for CO2, CH4, and N2O (2010–2019): Results From the Second REgional Carbon Cycle Assessment and Processes Study (RECCAP2)",2025,False,abstract,False,False,0,0,0,0,0,0,0,0,0,0,0,0,0,0,0,0,0,0,0,False,
S2_altimetry_vertical_datum,10.5194/hess-2019-470,Worldwide lake level trends and responses to background climate variation,2019,False,abstract,True,True,0,0,0,0,0,0,0,0,0,0,0,0,0,0,0,0,0,0,0,False,
S2_altimetry_vertical_datum,10.1029/2006jc003898,Seasonal circulation around Tasmania: An interface between eastern and western boundary dynamics,2007,False,abstract,True,True,0,0,0,1,0,0,0,0,0,0,0,0,0,0,0,0,0,0,0,False,
S2_altimetry_vertical_datum,10.1002/2016jb012972,"New insights into the crust and lithospheric mantle structure of Africa from elevation, geoid, and thermal analysis",2016,False,abstract,False,False,0,0,0,0,0,0,0,0,0,0,0,0,0,0,0,0,0,0,0,False,
S2_altimetry_vertical_datum,10.1016/j.jhydrol.2022.128439,INPPTR: An improved retracking algorithm for inland water levels estimation using Cryosat-2 SARin data,2022,False,abstract,True,True,0,0,0,1,0,0,0,0,0,0,0,0,0,0,0,0,0,0,0,False,
S2_altimetry_vertical_datum,10.3390/rs14081860,"Estimating Reservoir Storage Variations by Combining Sentinel-2 and 3 Measurements in the Yliki Reservoir, Greece",2022,False,abstract,False,False,0,0,0,0,0,0,0,0,0,0,0,0,0,0,0,0,0,0,0,False,
S2_altimetry_vertical_datum,10.3390/rs70403808,Monitoring Vertical Land Motions in Southwestern Taiwan with Retracked Topex/Poseidon and Jason-2 Satellite Altimetry,2015,False,abstract,True,True,0,0,0,0,0,0,0,0,0,0,0,0,0,0,0,0,0,0,0,False,
S2_altimetry_vertical_datum,10.1080/17538947.2024.2391036,Comparison of five methods for improving the accuracy of SRTM3 DEM and TanDEM-X DEM in the Qinghai-Tibet Plateau using ICESat-2 data,2024,False,abstract,True,True,0,0,0,0,0,0,0,0,0,0,0,0,0,0,0,0,0,0,0,False,
S2_altimetry_vertical_datum,10.3390/rs12121934,Using RGISTools to Estimate Water Levels in Reservoirs and Lakes,2020,False,abstract,False,False,0,0,0,0,0,0,0,0,0,0,0,0,0,0,0,0,0,0,0,False,
S2_altimetry_vertical_datum,10.3319/tao.2012.08.28.01(tibxs),On the Accuracy of Glacial Isostatic Adjustment Models for Geodetic Observations to Estimate Arctic Ocean Sea-Level Change,2013,False,abstract,True,True,0,0,0,0,0,0,0,0,0,0,0,0,0,0,0,0,0,0,0,False,
S2_altimetry_vertical_datum,10.20944/preprints201902.0113.v1,Assessment of Sea Level Rise at West Coast of Portugal Mainland and Its Projection for the 21st Century,2019,False,abstract,True,True,0,0,0,3,0,0,0,0,0,0,0,0,0,0,0,0,0,0,0,False,
S2_altimetry_vertical_datum,10.3390/rs15235436,Improved Mapping of Regional Forest Heights by Combining Denoise and LightGBM Method,2023,False,abstract,True,True,0,0,0,0,0,0,0,0,0,0,0,0,0,0,0,0,0,0,0,False,
S2_altimetry_vertical_datum,10.1016/j.apor.2025.104496,Sea level forecasting using deep recurrent neural networks with high-resolution hydrodynamic model,2025,False,abstract,True,True,0,0,0,0,1,0,0,0,0,0,0,0,0,0,0,0,0,0,0,False,
S2_altimetry_vertical_datum,10.1016/j.ejrh.2015.03.004,Satellite-derived surface and sub-surface water storage in the Ganges–Brahmaputra River Basin,2015,False,abstract,False,False,0,0,0,0,0,0,0,0,0,0,0,0,0,0,0,0,0,0,0,False,
S2_altimetry_vertical_datum,10.1029/2009wr008856,Land water storage variability over West Africa estimated by Gravity Recovery and Climate Experiment (GRACE) and land surface models,2011,False,abstract,False,False,0,0,0,0,0,0,0,0,0,0,0,0,0,0,0,0,0,0,0,False,
S2_altimetry_vertical_datum,10.1029/2024av001294,Toward Modeling Continental‐Scale Inland Water Carbon Dioxide Emissions,2024,False,abstract,False,False,0,0,0,0,0,0,0,0,0,0,0,0,0,0,0,0,0,0,0,False,
S2_altimetry_vertical_datum,10.5194/essd-2021-97,EOT20: A global ocean tide model from multi-mission satellite altimetry,2021,False,abstract,True,True,0,0,0,1,0,0,0,0,0,0,0,0,0,0,0,0,0,0,0,False,
S2_altimetry_vertical_datum,10.5194/hess-27-3485-2023,Calibrating macroscale hydrological models in poorly gauged and heavily regulated basins,2023,True,full_text,True,True,0,0,0,17,0,0,0,0,0,0,0,0,0,0,0,17,0,0,0,False,
S2_altimetry_vertical_datum,10.5194/hess-19-3365-2015,A pan-African medium-range ensemble flood forecast system,2015,False,abstract,False,False,0,0,0,0,0,0,0,0,0,0,0,0,0,0,0,0,0,0,0,False,
S2_altimetry_vertical_datum,10.3390/rs13040770,Synergy between Satellite Altimetry and Optical Water Quality Data towards Improved Estimation of Lakes Ecological Status,2021,False,abstract,True,True,0,0,0,2,0,0,0,0,0,0,0,0,0,0,0,0,0,0,0,False,
S2_altimetry_vertical_datum,10.3390/w10111584,A Modified Empirical Retracker for Lake Level Estimation Using Cryosat-2 SARin Data,2018,False,abstract,True,True,0,0,0,2,0,0,0,0,0,0,0,0,0,0,0,0,0,0,0,False,
S2_altimetry_vertical_datum,10.1002/2016jc011938,Offshore forcing on the “pressure point” of the West Florida Shelf: Anomalous upwelling and its influence on harmful algal blooms,2016,False,abstract,True,True,0,0,0,0,0,0,0,0,0,0,0,0,0,0,0,0,0,0,0,False,
S2_altimetry_vertical_datum,10.1002/2016wr019431,Glacier melt buffers river runoff in the P amir M ountains,2017,False,abstract,True,True,0,0,0,0,0,0,0,0,0,0,0,0,0,0,0,0,0,0,0,False,
S2_altimetry_vertical_datum,10.1016/j.jag.2013.10.001,"GOCE data, models, and applications: A review",2013,False,abstract,False,False,0,0,0,0,0,0,0,0,0,0,0,0,0,0,0,0,0,0,0,False,
S2_altimetry_vertical_datum,10.1029/2000jb900347,Annual vertical crustal motions predicted from surface mass redistribution and observed by space geodesy,2001,False,abstract,True,True,0,0,0,0,0,0,0,0,0,0,0,0,0,0,0,0,0,0,0,False,
S2_altimetry_vertical_datum,10.1029/2023gl106399,Tracking River's Pulse From Space: A Global Analysis of River Stage Fluctuations,2023,False,abstract,True,True,0,0,0,0,0,0,0,0,0,0,0,0,0,0,0,0,0,0,0,False,
S2_altimetry_vertical_datum,10.1016/j.pocean.2014.04.024,Challenges in integrative approaches to modelling the marine ecosystems of the North Atlantic: Physics to fish and coasts to ocean,2014,False,abstract,False,False,0,0,0,0,0,0,0,0,0,0,0,0,0,0,0,0,0,0,0,False,
S2_altimetry_vertical_datum,10.1111/j.1365-246x.2010.04533.x,DEOS Mass Transport model (DMT-1) based on GRACE satellite data: methodology and validation,2010,False,abstract,True,True,0,0,0,0,0,0,0,0,0,0,0,0,0,0,0,0,0,0,0,False,
S2_altimetry_vertical_datum,10.5194/hess-16-3083-2012,Calibration and evaluation of a semi-distributed watershed model of Sub-Saharan Africa using GRACE data,2012,False,abstract,False,False,0,0,0,0,0,0,0,0,0,0,0,0,0,0,0,0,0,0,0,False,
S2_altimetry_vertical_datum,10.1016/j.scitotenv.2016.03.004,On the potentials of multiple climate variables in assessing the spatio-temporal characteristics of hydrological droughts over the Volta Basin,2016,False,abstract,False,False,0,0,0,0,0,0,0,0,0,0,0,0,0,0,0,0,0,0,0,False,
S2_altimetry_vertical_datum,10.1002/2014jc010510,Annual sea level variability of the coastal ocean: The Baltic Sea‐North Sea transition zone,2015,False,abstract,True,True,0,0,0,3,0,0,0,0,0,0,0,0,0,0,0,0,0,0,0,False,
S2_altimetry_vertical_datum,10.5194/tc-15-2511-2021,Estimation of degree of sea ice ridging in the Bay of Bothnia based on geolocated photon heights from ICESat-2,2021,False,abstract,True,True,0,0,0,1,0,0,0,0,0,0,0,0,0,0,0,0,0,0,0,False,
S2_altimetry_vertical_datum,10.1029/2024gl114046,Mapping Reservoir Water Surface Area in the Contiguous United States Using the High‐Temporal Harmonized Landsat and Sentinel (HLS) Data at a Sub‐Weekly Time Scale,2025,False,abstract,False,False,0,0,0,0,0,0,0,0,0,0,0,0,0,0,0,0,0,0,0,False,
S2_altimetry_vertical_datum,10.11648/j.hyd.20231101.12,Prerequisite Condition of Diffuse Attenuation Coefficient Kd(490) for Detecting Seafloor from ICESat-2 Geolocated Photons During Shallow Water Bathymetry,2023,False,abstract,True,True,0,0,0,0,0,0,0,0,0,0,0,0,0,0,0,0,0,0,0,False,
S2_altimetry_vertical_datum,10.1016/j.ejrh.2017.04.005,Analysis of hydrological variability over the Volta river basin using in-situ data and satellite observations,2017,False,abstract,True,True,0,0,0,1,0,0,0,0,0,0,0,0,0,0,0,0,0,0,0,False,
S2_altimetry_vertical_datum,10.1002/2014pa002649,Radiocarbon profiles of the NW Pacific from the LGM and deglaciation: Evaluating ventilation metrics and the effect of uncertain surface reservoir ages,2014,False,abstract,False,False,0,0,0,0,0,0,0,0,0,0,0,0,0,0,0,0,0,0,0,False,
S2_altimetry_vertical_datum,10.1016/j.ejrh.2022.101227,Assessment of hydrological changes in inland water body using satellite altimetry and Landsat imagery: A case study on Tsengwen Reservoir,2022,False,abstract,True,True,0,0,0,1,0,0,0,0,0,0,0,0,0,0,0,0,0,0,0,False,
S2_altimetry_vertical_datum,10.3390/rs12050764,Improving Sea Level Anomaly Precision from Satellite Altimetry Using Parameter Correction in the Red Sea,2020,False,abstract,True,True,0,0,0,0,0,0,0,0,0,0,0,0,0,0,0,0,0,0,0,False,
S2_altimetry_vertical_datum,10.20944/preprints202001.0034.v1,Improving Sea Level Anomaly Precision from Satellite Altimetry Using Parameters Correction in the Red Sea,2020,False,abstract,True,True,0,0,0,0,0,0,0,0,0,0,0,0,0,0,0,0,0,0,0,False,
S2_altimetry_vertical_datum,10.11834/jrs.20209281,Monitoring lake level changes on the Tibetan Plateau from 2000 to 2018 using satellite altimetry data,2020,False,abstract,True,True,0,0,0,0,0,0,0,0,0,0,0,0,0,0,0,0,0,0,0,False,
S2_altimetry_vertical_datum,10.3390/rs15174206,Towards the Mitigation of Discrepancies in Sea Surface Parameters Estimated from Low- and High-Resolution Satellite Altimetry,2023,False,abstract,True,True,0,0,0,0,0,0,0,0,0,0,0,0,0,0,0,0,0,0,0,False,
S2_altimetry_vertical_datum,10.3390/rs16081334,Enhancing Sea Level Rise Estimation and Uncertainty Assessment from Satellite Altimetry through Spatiotemporal Noise Modeling,2024,False,abstract,True,True,0,0,0,0,0,0,0,0,0,0,0,0,0,0,0,0,0,0,0,False,
S2_altimetry_vertical_datum,10.5194/isprs-archives-xlviii-m-1-2023-131-2023,GEDI DATA WITHIN GOOGLE EARTH ENGINE: PRELIMINARY ANALYSIS OF A RESOURCE FOR INLAND SURFACE WATER MONITORING,2023,False,abstract,True,True,0,0,0,1,0,0,0,0,0,0,0,0,0,0,0,0,0,0,0,False,
S2_altimetry_vertical_datum,10.3390/rs12183070,Assessment of Temporal Variations of Orthometric/Normal Heights Induced by Hydrological Mass Variations over Large River Basins Using GRACE Mission Data,2020,False,abstract,False,False,0,0,0,0,0,0,0,0,0,0,0,0,0,0,0,0,0,0,0,False,
S2_altimetry_vertical_datum,10.1016/j.pnsc.2008.06.017,Improved retracking algorithm for oceanic altimeter waveforms,2008,False,abstract,True,True,0,0,0,0,1,0,0,0,0,0,0,0,0,0,0,0,0,0,0,False,
S2_altimetry_vertical_datum,10.3390/rs9020102,Assessment of Altimetric Range and Geophysical Corrections and Mean Sea Surface Models—Impacts on Sea Level Variability around the Indonesian Seas,2017,False,abstract,True,True,0,0,0,0,0,0,0,0,0,0,0,0,0,0,0,0,0,0,0,False,
S2_altimetry_vertical_datum,10.3390/rs61110457,Monitoring the Fluctuation of Lake Qinghai Using Multi-Source Remote Sensing Data,2014,False,abstract,True,True,0,0,0,3,0,0,0,0,0,0,0,0,0,0,0,0,0,0,0,False,
S2_altimetry_vertical_datum,10.5697/oc.55-2.319,"Recent multiyear trends in the Baltic Sea level**This work was supported through the SatBałtyk project funded by the European Union through the European Regional Development Fusnd, (contract No. POIG.01.01.02-22-011/09 entitled ‘The Satellite Monitoring of the Baltic Sea Environment’).",2013,False,abstract,True,True,0,0,0,0,0,0,0,0,0,0,0,0,0,0,0,0,0,0,0,False,
S2_altimetry_vertical_datum,10.1038/srep08960,"Satellite-based estimates of groundwater depletion in the Badain Jaran Desert, China",2015,False,abstract,True,True,0,0,0,0,0,0,0,0,0,0,0,0,0,0,0,0,0,0,0,False,
S2_altimetry_vertical_datum,10.3390/rs70100089,Surface Freshwater Storage Variations in the Orinoco Floodplains Using Multi-Satellite Observations,2014,False,abstract,True,True,0,0,0,0,0,0,0,0,0,0,0,0,0,0,0,0,0,0,0,False,
S2_altimetry_vertical_datum,10.1080/01490419.2013.779334,RTM Gravity Forward-Modeling Using Topography/Bathymetry Data to Improve High-Degree Global Geopotential Models in the Coastal Zone,2013,False,abstract,True,True,0,0,0,0,3,0,0,0,0,0,0,0,0,0,0,0,0,0,0,False,
S2_altimetry_vertical_datum,10.5194/hessd-11-2825-2014,Satellite radar altimetry for monitoring small river and lakes in Indonesia,2014,False,abstract,True,True,0,0,0,0,0,0,0,0,0,0,0,0,0,0,0,0,0,0,0,False,
S2_altimetry_vertical_datum,10.5194/essd-2020-256,RECOG RL01: Correcting GRACE total water storage estimates for global lakes/reservoirs and earthquakes,2020,False,abstract,True,True,0,0,0,0,0,0,0,0,0,0,0,0,0,0,0,0,0,0,0,False,
S2_altimetry_vertical_datum,10.1038/s41612-025-01173-y,Weakening of regional contrasts in glacier changes around the Tarim Basin in the early 21st century,2025,False,abstract,True,True,0,0,0,0,0,0,0,0,0,0,0,0,0,0,0,0,0,0,0,False,
S2_altimetry_vertical_datum,10.3390/w8050205,Hydrological Evaluation of Lake Chad Basin Using Space Borne and Hydrological Model Observations,2016,False,abstract,True,True,0,0,0,0,0,0,0,0,0,0,0,0,0,0,0,0,0,0,0,False,
S2_altimetry_vertical_datum,10.5194/hess-21-2615-2017,Estimating extreme river discharges in Europe through a Bayesian network,2017,False,abstract,False,False,0,0,0,0,0,0,0,0,0,0,0,0,0,0,0,0,0,0,0,False,
S2_altimetry_vertical_datum,10.1111/j.1365-246x.2012.05443.x,Greenland uplift and regional sea level changes from ICESat observations and GIA modelling,2012,False,abstract,True,True,0,0,0,1,1,0,0,0,0,0,0,0,0,0,0,0,0,0,0,False,
S2_altimetry_vertical_datum,10.5194/hess-19-1943-2015,Swath-altimetry measurements of the main stem Amazon River: measurement errors and hydraulic implications,2015,False,abstract,True,True,0,0,0,0,0,0,0,0,0,0,0,0,0,0,0,2,0,0,0,False,
S2_altimetry_vertical_datum,10.5194/essd-2019-171,A coastally improved global dataset of wet tropospheric corrections for satellite altimetry,2019,False,abstract,True,True,0,0,0,0,0,0,0,0,0,0,0,0,0,0,0,0,0,0,0,False,
S2_altimetry_vertical_datum,10.5194/essd-16-75-2024,AltiMaP: altimetry mapping procedure for hydrography data,2024,False,abstract,True,True,0,0,0,0,0,0,0,0,0,0,0,0,0,0,0,0,0,0,0,False,
S2_altimetry_vertical_datum,10.1029/2022jc019486,Seasonality of the Sub‐Mesoscale to Mesoscale Sea Surface Variability From Multi‐Year Satellite Altimetry,2023,False,abstract,True,True,0,0,0,0,0,0,0,0,0,0,0,0,0,0,0,0,0,0,0,False,
S2_altimetry_vertical_datum,10.1016/j.rse.2024.114529,Monitoring northern Greenland proglacial river discharge from space,2024,False,abstract,False,False,0,0,0,0,0,0,0,0,0,0,0,0,0,0,0,0,0,0,0,False,
S2_altimetry_vertical_datum,10.1007/s41651-025-00245-0,A New Framework for Vertical Accuracy Assessment and Spatial Error Mapping of Global Digital Elevation Models Using ICESat-2,2025,False,abstract,True,True,0,0,0,0,0,0,0,0,0,0,0,0,0,0,0,0,0,0,0,False,
S2_altimetry_vertical_datum,10.1007/s10661-025-14749-1,Synergistic use of ICESat-2 lidar data and Sentinel-2 imagery for assessing hurricane-driven forest changes,2025,False,abstract,True,True,0,0,0,0,0,0,0,0,0,0,0,0,0,0,0,0,0,0,0,False,
S2_altimetry_vertical_datum,10.5194/hess-2020-165,Sentinel-3 radar altimetry for river monitoring – a catchment-scale evaluation of satellite water surface elevation from Sentinel-3A and Sentinel-3B,2020,False,abstract,True,True,0,0,0,1,0,0,0,0,0,0,0,0,0,0,0,0,0,0,0,False,
S2_altimetry_vertical_datum,10.1038/s43247-025-02965-z,Accelerating sea level rise in Africa and its large marine ecosystems since the 1990s,2025,False,abstract,True,True,0,0,0,0,0,0,0,0,0,0,0,0,0,0,0,0,0,0,0,False,
S2_altimetry_vertical_datum,10.3390/rs16081359,Sea Surface Height Wavenumber Spectrum from Airborne Interferometric Radar Altimeter,2024,False,abstract,True,True,0,0,0,0,0,0,0,0,0,0,0,0,0,0,0,0,0,0,0,False,
S2_altimetry_vertical_datum,10.1109/jstars.2023.3329962,Sea Surface Signal Extraction for Photon-Counting LiDAR Data: A General Method by Dual-Signal Unmixing Parameters,2023,False,abstract,True,True,0,0,0,0,0,0,0,0,0,0,0,0,0,0,0,0,0,0,0,False,
S2_altimetry_vertical_datum,10.3390/rs3040668,Regional Mapping of the Geoid Using GNSS (GPS) Measurements and an Artificial Neural Network,2011,False,abstract,False,False,0,0,0,0,0,0,0,0,0,0,0,0,0,0,0,0,0,0,0,False,
S2_altimetry_vertical_datum,10.3390/w8110478,"A Spaceborne Multisensory, Multitemporal Approach to Monitor Water Level and Storage Variations of Lakes",2016,False,abstract,True,True,0,0,0,0,0,0,0,0,0,0,0,0,0,0,0,0,0,0,0,False,
S2_altimetry_vertical_datum,10.5194/isprs-archives-xlii-4-w4-231-2017,INVESTIGATION ON THE URMIA LAKE DROUGHT USING SATELLITE ALTIMETRY AND WEATHER REANALYSIS PRODUCTS,2017,False,abstract,True,True,0,0,0,0,0,0,0,0,0,0,0,0,0,0,0,0,0,0,0,False,
S2_altimetry_vertical_datum,10.13168/agg.2019.0019,Baltic Sea level changes from satellite altimetry data based on the OptD metod,2019,False,abstract,True,True,0,0,0,0,0,0,0,0,0,0,0,0,0,0,0,0,0,0,0,False,
S2_altimetry_vertical_datum,10.21203/rs.3.rs-877656/v1,Mapping inland water bathymetry with Ground Penetrating Radar (GPR) on board Unmanned Aerial Systems (UASs),2021,False,abstract,False,False,0,0,0,0,0,0,0,0,0,0,0,0,0,0,0,0,0,0,0,False,
S2_altimetry_vertical_datum,10.1186/s40623-025-02226-5,High-resolution regional gravity field modeling to connect the local vertical systems in South America to the IHRF,2025,False,abstract,False,False,0,0,0,0,0,0,0,0,0,0,0,0,0,0,0,0,0,0,0,False,
S2_altimetry_vertical_datum,10.3390/rs14163921,Marine Gravimetry and Its Improvements to Seafloor Topography Estimation in the Southwestern Coastal Area of the Baltic Sea,2022,False,abstract,True,True,0,0,0,0,1,0,0,0,0,0,0,0,0,0,0,0,0,0,0,False,
S2_altimetry_vertical_datum,10.3390/s24217072,Precise Geoid Determination in the Eastern Swiss Alps Using Geodetic Astronomy and GNSS/Leveling Methods,2024,False,abstract,False,False,0,0,0,0,0,0,0,0,0,0,0,0,0,0,0,0,0,0,0,False,
S2_altimetry_vertical_datum,10.5194/hess-2018-11,Modelling the water balance of Lake Victoria (East Africa) – Part 1: Observational analysis,2018,False,abstract,True,True,0,0,0,1,0,0,0,0,0,0,0,0,0,0,0,0,0,0,0,False,
S2_altimetry_vertical_datum,10.1002/2014wr016794,Basin‐scale runoff prediction: An E nsemble K alman F ilter framework based on global hydrometeorological data sets,2015,False,abstract,True,True,0,0,0,4,0,0,0,0,0,0,0,0,0,0,0,0,0,0,0,False,
S2_altimetry_vertical_datum,10.1186/s40623-015-0297-9,High-resolution gravity and geoid models in Tahiti obtained from new airborne and land gravity observations: data fusion by spectral combination,2015,False,abstract,True,True,0,0,0,0,5,0,0,0,0,0,0,0,0,0,0,0,0,0,0,False,
S2_altimetry_vertical_datum,10.1590/2318-0331.262120210038,Satellite altimetry over small reservoirs in the Brazilian semiarid region,2021,False,abstract,True,True,0,0,0,1,0,0,0,0,0,0,0,0,0,0,0,0,0,0,0,False,
S2_altimetry_vertical_datum,10.1016/j.jhydrol.2025.133556,Assessing the accuracy of satellite radar altimetry for inland water level monitoring,2025,False,abstract,True,False,0,0,0,0,0,0,0,0,0,0,0,0,0,0,0,0,0,0,0,False,
S2_altimetry_vertical_datum,10.1093/gji/ggaf484,Tailored method for optimizing deflection of the vertical model using multidirectional geoid gradients from SWOT/KaRIn observations,2025,False,abstract,True,True,0,0,0,0,7,0,0,0,0,0,0,0,0,0,0,0,0,0,0,False,
S2_altimetry_vertical_datum,10.1029/2024av001403,Imaging Magma Reservoirs From Space With Altimetry‐Derived Gravity Data,2024,False,abstract,True,True,0,0,0,0,0,0,0,0,0,0,0,0,0,0,0,0,0,0,0,False,
S2_altimetry_vertical_datum,10.3319/tao.2021.11.08.03,Estimating bathymetry from multi-mission satellite altimetry data using Gravity-Geologic Method over Malaysian Seas,2021,False,abstract,True,True,0,0,0,0,0,0,0,0,0,0,0,0,0,0,0,0,0,0,0,False,
S2_altimetry_vertical_datum,10.3390/rs13040658,Self- and Inter-Crossover Points of Jasons’ Missions as New Essential Add-on of Satellite Altimetry in the Sub-Arctic Seas and the Southern Ocean,2021,False,abstract,True,True,0,0,0,0,0,0,0,0,0,0,0,0,0,0,0,0,0,0,0,False,
S2_altimetry_vertical_datum,10.1186/s40623-024-02105-5,Inverting vertical gravity anomaly gradients using multidirectional data from a mean sea surface model: the case of the Arabian Sea,2024,False,abstract,True,True,0,0,0,0,3,0,0,0,0,0,0,0,0,0,0,0,0,0,0,False,
S2_altimetry_vertical_datum,10.4236/oalib.1106409,"Sea Level Variations of Zhejiang Province, China",2020,False,abstract,True,True,0,0,0,0,1,0,0,0,0,0,0,0,0,0,0,0,0,0,0,False,
S2_altimetry_vertical_datum,10.21608/auej.2024.254838.1517,DEVELOPING A LOCAL GEOID MODEL FOR EGYPT USING MACHINE LEARNING ALGORITHMS,2024,False,abstract,False,False,0,0,0,0,0,0,0,0,0,0,0,0,0,0,0,0,0,0,0,False,
S2_altimetry_vertical_datum,10.2205/2018es000617,"An integrated approach on satellite geodesy data to delineate morphotectonic and neotectonic activities in the West Coast off Kerala, Southern India",2018,False,abstract,True,True,0,0,0,0,0,0,0,0,0,0,0,0,0,0,0,0,0,0,0,False,
S2_altimetry_vertical_datum,10.5194/os-11-503-2015,Mean circulation in the coastal ocean off northeastern North America from a regional-scale ocean model,2015,False,abstract,True,True,0,0,0,1,0,0,0,0,0,0,0,0,0,0,0,0,0,0,0,False,
S2_altimetry_vertical_datum,10.1016/j.scitotenv.2015.09.136,Assessing the utility of geospatial technologies to investigate environmental change within lake systems,2015,False,abstract,False,False,0,0,0,0,0,0,0,0,0,0,0,0,0,0,0,0,0,0,0,False,
S2_altimetry_vertical_datum,10.5697/oc.55-4.787,"Seasonal variability in the Baltic Sea level**This work was supported through the SatBaltyk project funded by the European Union through the European Regional Development Fund, (contract No. POIG.01.01.02-22-011/09 entitled ‘The satellite monitoring of the Baltic Sea environment’).",2013,False,abstract,True,True,0,0,0,0,0,0,0,0,0,0,0,0,0,0,0,0,0,0,0,False,
S2_altimetry_vertical_datum,10.4236/ijg.2015.66045,Glacial Isostasy: Regional—Not Global,2015,False,abstract,True,True,0,0,0,0,0,0,0,0,0,0,0,0,0,0,0,0,0,0,0,False,
S2_altimetry_vertical_datum,10.3390/w9040245,Fifteen Years (1993–2007) of Surface Freshwater Storage Variability in the Ganges-Brahmaputra River Basin Using Multi-Satellite Observations,2017,False,abstract,False,False,0,0,0,0,0,0,0,0,0,0,0,0,0,0,0,0,0,0,0,False,
S2_altimetry_vertical_datum,10.3390/s16091526,"Potential Seasonal Terrestrial Water Storage Monitoring from GPS Vertical Displacements: A Case Study in the Lower Three-Rivers Headwater Region, China",2016,False,abstract,False,False,0,0,0,0,0,0,0,0,0,0,0,0,0,0,0,0,0,0,0,False,
S2_altimetry_vertical_datum,10.1175/jtech-d-15-0162.1,"Water Surface Height Determination with a GPS Wave Glider: A Demonstration in Loch Ness, Scotland",2016,False,abstract,False,False,0,0,0,0,0,0,0,0,0,0,0,0,0,0,0,0,0,0,0,False,
S2_altimetry_vertical_datum,10.5194/tc-2018-184,Dynamic Ocean Topography of the Greenland Sea: A comparison between satellite altimetry and ocean modeling,2018,False,abstract,True,True,0,0,0,0,2,0,0,0,0,0,0,0,0,0,0,0,0,0,0,False,
S2_altimetry_vertical_datum,10.1515/jogs-2022-0146,Wet tropospheric correction for satellite altimetry using SIRGAS-CON products,2022,False,abstract,True,True,0,0,0,0,0,0,0,0,0,0,0,0,0,0,0,0,0,0,0,False,
S2_altimetry_vertical_datum,10.1515/jogs-2019-0015,Evaluation of ocean circulation models in the computation of the mean dynamic topography for geodetic applications. Case study in the Greek seas,2019,False,abstract,True,True,0,0,0,1,3,0,0,0,0,0,0,0,0,0,0,0,0,0,0,False,
S2_altimetry_vertical_datum,10.15244/pjoes/153928,Forest Terrain Inversion Based on Icesat-2/ATLAS with Different Laser Intensities,2022,False,abstract,True,True,0,0,0,0,0,0,0,0,0,0,0,0,0,0,0,0,0,0,0,False,
S2_altimetry_vertical_datum,10.20944/preprints202101.0137.v1,Self- and Inter-Crossover Points of Jasons’ Missions as New Essential Add-on of Satellite Altimetry in the Sub-Arctic Seas and the Southern Ocean,2021,False,abstract,True,True,0,0,0,0,0,0,0,0,0,0,0,0,0,0,0,0,0,0,0,False,
S2_altimetry_vertical_datum,10.3390/f15122064,Multi-Criteria Filtration and Extraction Strategy for Understory Elevation Control Points Using ICESat-2 ATL08 Product,2024,False,abstract,True,True,0,0,0,0,0,0,0,0,0,0,0,0,0,0,0,0,0,0,0,False,
S2_altimetry_vertical_datum,10.3390/rs71215872,Remote Sensing of Storage Fluctuations of Poorly Gauged Reservoirs and State Space Model (SSM)-Based Estimation,2015,False,abstract,True,True,0,0,0,4,0,0,0,0,0,0,0,0,0,0,0,0,0,0,0,False,
S2_altimetry_vertical_datum,10.5194/os-10-155-2014,Geostrophic currents and kinetic energies in the Black Sea estimated from merged drifter and satellite altimetry data,2014,False,abstract,True,True,0,0,0,0,0,0,0,0,0,0,0,0,0,0,0,0,0,0,0,False,
S2_altimetry_vertical_datum,10.1111/j.1365-246x.2006.03247.x,Impact of river run-off on global ocean mass redistribution,2006,False,abstract,False,False,0,0,0,0,0,0,0,0,0,0,0,0,0,0,0,0,0,0,0,False,
S2_altimetry_vertical_datum,10.11834/jrs.20176217,Monitoring the water level changes in Qinghai Lake with satellite altimetry data,2017,False,abstract,True,True,0,0,0,0,0,0,0,0,0,0,0,0,0,0,0,0,0,0,0,False,
S2_altimetry_vertical_datum,10.1002/2015jc010920,Tilt of mean sea level along the P acific coasts of N orth A merica and J apan,2015,False,abstract,False,False,0,0,0,0,0,0,0,0,0,0,0,0,0,0,0,0,0,0,0,False,
S2_altimetry_vertical_datum,10.5194/osd-6-31-2009,A new assessment of global mean sea level from altimeters highlights a reduction of global trend from 2005 to 2008,2009,False,abstract,True,True,0,0,0,1,0,0,0,0,0,0,0,0,0,0,0,0,0,0,0,False,
S2_altimetry_vertical_datum,10.28991/cej-2025-011-10-018,Using the Kalman Filter with Satellite Altimetry to Estimate the Water Level of Inland Water,2025,False,abstract,True,True,0,0,0,2,0,0,0,0,0,0,0,0,0,0,0,0,0,0,0,False,
S2_altimetry_vertical_datum,10.1515/jogs-2022-0159,Examining the performance of along-track multi-mission satellite altimetry – A case study for Sentinel-6,2023,False,abstract,True,True,0,0,0,1,3,0,0,0,0,0,0,0,0,0,0,0,0,0,0,False,
S2_altimetry_vertical_datum,10.1007/s10661-026-15166-8,Improving coastal water level estimation by merging nadir-only satellite altimetry data into a hydrodynamic model,2026,False,abstract,True,True,0,0,0,4,0,0,0,0,0,0,0,0,0,0,0,0,0,0,0,False,
S2_altimetry_vertical_datum,10.20944/preprints201811.0424.v1,Analysis of Retrackers’ Performances and Water Level Retrieval over the Ebro River Basin Using Sentinel-3,2018,False,abstract,True,True,0,0,0,1,0,0,0,0,0,0,0,0,0,0,0,0,0,0,0,False,
S2_altimetry_vertical_datum,10.1002/esp.70180,The assessment of the recent mass balance anomaly of Adishi glacier in the Central Caucasus by satellite altimetry,2025,False,abstract,True,True,0,0,0,0,0,0,0,0,0,0,0,0,0,0,0,0,0,0,0,False,
S2_altimetry_vertical_datum,10.1016/j.rse.2026.115406,Global and boreal estimates of woody aboveground biomass for 2020: Filling GEDI's northern data gap with ICESat-2 and Harmonized Landsat Sentinel-2,2026,False,abstract,True,True,0,0,0,0,0,0,0,0,0,0,0,0,0,0,0,0,0,0,0,False,
S2_altimetry_vertical_datum,10.3390/rs9060605,Envisat RA-2 Individual Echoes: A Unique Dataset for a Better Understanding of Inland Water Altimetry Potentialities,2017,False,abstract,True,True,0,0,0,0,0,0,0,0,0,0,0,0,0,0,0,0,0,0,0,False,
S2_altimetry_vertical_datum,10.1175/jtech-d-13-00243.1,Errors of Mean Dynamic Topography and Geostrophic Current Estimates in China’s Marginal Seas from GOCE and Satellite Altimetry,2014,False,abstract,True,True,0,0,0,1,0,0,0,0,0,0,0,0,0,0,0,0,0,0,0,False,
S2_altimetry_vertical_datum,10.5194/isprs-archives-xlii-2-w7-1529-2017,WATER LEVEL MONITORING ON TIBETAN LAKES BASED ON ICESAT AND ENVISAT DATA SERIES,2017,False,abstract,True,True,0,0,0,0,0,0,0,0,0,0,0,0,0,0,0,0,0,0,0,False,
S2_altimetry_vertical_datum,10.14710/geoplanning.4.1.75-82,"STUDY OF SEA LEVEL RISE USING SATELLITE ALTIMETRY DATA IN THE SEA OF DUMAI, RIAU, INDONESIA",2017,False,abstract,True,True,0,0,0,0,0,0,0,0,0,0,0,0,0,0,0,0,0,0,0,False,
S2_altimetry_vertical_datum,10.1016/j.asr.2017.09.002,Analysis and retrieval of tropospheric corrections for CryoSat-2 over inland waters,2017,False,abstract,False,False,0,0,0,0,0,0,0,0,0,0,0,0,0,0,0,0,0,0,0,False,
S2_altimetry_vertical_datum,10.1515/geocart-2017-0016,Current state of art of satellite altimetry,2017,False,abstract,True,True,0,0,0,1,1,0,0,0,0,0,0,0,0,0,0,0,0,0,0,False,
S2_altimetry_vertical_datum,10.1007/s11434-012-5040-3,Interannual variability of the Antarctic Circumpolar Current strength based on merged altimeter data,2012,False,abstract,True,True,0,0,0,0,0,0,0,0,0,0,0,0,0,0,0,0,0,0,0,False,
S2_altimetry_vertical_datum,10.1002/2016jc011685,Stable reconstruction of Arctic sea level for the 1950–2010 period,2016,False,abstract,True,True,0,0,0,6,0,0,0,0,0,0,0,0,0,0,0,0,0,0,0,False,
S2_altimetry_vertical_datum,10.5194/isprs-archives-xli-b8-327-2016,AN ORIGINAL PROCESSING METHOD OF SATELLITE ALTIMETRY FOR ESTIMATING WATER LEVELS AND VOLUME FLUCTUATIONS IN A SERIES OF SMALL LAKES OF THE PANTANAL WETLAND COMPLEX IN BRAZIL,2016,False,abstract,True,True,0,0,0,2,0,0,0,0,0,0,0,0,0,0,0,0,0,0,0,False,
S2_altimetry_vertical_datum,10.54302/mausam.v54i1.1505,Satellite altimetry for meteorological and oceanographic applications,2003,False,abstract,True,True,0,0,0,0,0,0,0,0,0,0,0,0,0,0,0,0,0,0,0,False,
S2_altimetry_vertical_datum,10.5194/isprsarchives-xli-b8-327-2016,AN ORIGINAL PROCESSING METHOD OF SATELLITE ALTIMETRY FOR ESTIMATING WATER LEVELS AND VOLUME FLUCTUATIONS IN A SERIES OF SMALL LAKES OF THE PANTANAL WETLAND COMPLEX IN BRAZIL,2016,False,abstract,True,True,0,0,0,2,0,0,0,0,0,0,0,0,0,0,0,0,0,0,0,False,
S3_hydraulic_transition_from_space,10.1029/2018rg000626,"Earthquake‐Induced Chains of Geologic Hazards: Patterns, Mechanisms, and Impacts",2019,False,abstract,False,False,0,0,0,0,0,0,0,0,0,0,0,0,0,0,0,0,0,0,0,False,
S3_hydraulic_transition_from_space,10.5194/tc-12-1195-2018,Climate change and the global pattern of moraine-dammed glacial lake outburst floods,2018,False,abstract,True,True,0,2,0,0,0,0,0,0,0,0,0,0,0,0,0,0,0,0,0,False,
S3_hydraulic_transition_from_space,10.1002/2017wr020457,Dam removal: Listening in,2017,False,abstract,True,True,1,9,0,0,0,0,0,0,0,0,0,0,0,0,0,0,0,0,0,False,
S3_hydraulic_transition_from_space,10.1029/2018wr023025,High‐Resolution Modeling of Reservoir Release and Storage Dynamics at the Continental Scale,2018,False,abstract,False,False,0,0,0,0,0,0,0,0,0,0,0,0,0,0,0,0,0,0,0,False,
S3_hydraulic_transition_from_space,10.5194/esurf-5-821-2017,Bumps in river profiles: uncertainty assessment and smoothing using quantile regression techniques,2017,False,abstract,False,False,0,0,0,0,0,0,0,0,0,0,0,0,0,0,0,0,0,0,0,False,
S3_hydraulic_transition_from_space,10.1017/cft.2022.4,The future of coastal monitoring through satellite remote sensing,2022,False,abstract,False,False,0,0,0,0,0,0,0,0,0,0,0,0,0,0,0,0,0,0,0,False,
S3_hydraulic_transition_from_space,10.1029/2007jf000831,Is the critical Shields stress for incipient sediment motion dependent on channel‐bed slope?,2008,False,abstract,False,False,0,0,0,0,0,0,0,0,0,0,0,0,0,0,0,0,0,0,0,False,
S3_hydraulic_transition_from_space,10.1016/j.ijdrr.2019.101361,Catastrophic tailings dam failures and disaster risk disclosure,2019,False,abstract,True,True,0,1,0,0,0,0,0,0,0,0,0,0,0,0,0,0,0,0,0,False,
S3_hydraulic_transition_from_space,10.1002/aqc.895,Integrating ecology with hydromorphology: a priority for river science and management,2007,False,abstract,False,False,0,0,0,0,0,0,0,0,0,0,0,0,0,0,0,0,0,0,0,False,
S3_hydraulic_transition_from_space,10.3390/w13030364,Potential Dam Breach Analysis and Flood Wave Risk Assessment Using HEC-RAS and Remote Sensing Data: A Multicriteria Approach,2021,True,full_text,True,True,11,46,0,0,0,0,0,0,0,0,0,0,0,0,0,0,14,0,0,False,
S3_hydraulic_transition_from_space,10.3390/w13141968,Review of Historical Dam-Break Events and Laboratory Tests on Real Topography for the Validation of Numerical Models,2021,False,abstract,True,True,0,2,0,0,0,0,0,0,0,0,0,0,0,0,0,0,0,0,0,False,
S3_hydraulic_transition_from_space,10.1016/j.earscirev.2012.03.008,"Response of debris-covered glaciers in the Mount Everest region to recent warming, and implications for outburst flood hazards",2012,False,abstract,False,False,0,0,0,0,0,0,0,0,0,0,0,0,0,0,0,0,0,0,0,False,
S3_hydraulic_transition_from_space,10.3390/rs11070827,Monitoring Reservoir Drought Dynamics with Landsat and Radar/Lidar Altimetry Time Series in Persistently Cloudy Eastern Brazil,2019,False,abstract,True,True,0,1,0,0,0,0,0,0,0,0,0,0,0,0,0,0,1,0,0,False,
S3_hydraulic_transition_from_space,10.3389/feart.2019.00197,The State of Remote Sensing Capabilities of Cascading Hazards Over High Mountain Asia,2019,False,abstract,False,False,0,0,0,0,0,0,0,0,0,0,0,0,0,0,0,0,0,0,0,False,
S3_hydraulic_transition_from_space,10.3389/feart.2021.653623,"Rediscovering, Reevaluating, and Restoring Lost River-Wetland Corridors",2021,False,abstract,False,False,0,0,0,0,0,0,0,0,0,0,0,0,0,0,0,0,0,0,0,False,
S3_hydraulic_transition_from_space,10.3390/w14050767,"Modeling and Risk Analysis of Dam-Break Flooding in a Semi-Arid Montane Watershed: A Case Study of the Yabous Dam, Northeastern Algeria",2022,True,full_text,True,True,10,94,0,0,0,0,0,0,0,0,0,0,0,0,0,0,8,0,0,False,
S3_hydraulic_transition_from_space,10.5194/essd-15-2781-2023,Res-CN (Reservoir dataset in China): hydrometeorological time series and landscape attributes across 3254 Chinese reservoirs,2023,False,abstract,False,False,0,0,0,0,0,0,0,0,0,0,0,0,0,0,0,0,0,0,0,False,
S3_hydraulic_transition_from_space,10.1002/esp.4464,"River response to large‐dam removal in a Mediterranean hydroclimatic setting: Carmel River, California, USA",2018,False,abstract,True,True,1,10,0,0,0,0,0,0,0,0,0,0,0,0,0,0,0,0,0,False,
S3_hydraulic_transition_from_space,10.1016/j.scitotenv.2015.04.034,Human effects on ecological connectivity in aquatic ecosystems: Integrating scientific approaches to support management and mitigation,2015,False,abstract,False,False,0,0,0,0,0,0,0,0,0,0,0,0,0,0,0,0,0,0,0,False,
S3_hydraulic_transition_from_space,10.3390/w12102672,Application of HEC-RAS (2D) for Flood Hazard Maps Generation for Yesil (Ishim) River in Kazakhstan,2020,True,full_text,True,True,5,5,0,0,0,0,0,0,0,0,0,0,0,0,0,0,13,0,0,False,
S3_hydraulic_transition_from_space,10.1111/gec3.12260,Numerical Modelling of Braided River Morphodynamics: Review and Future Challenges,2016,False,abstract,False,False,0,0,0,0,0,0,0,0,0,0,0,0,0,0,0,0,0,0,0,False,
S3_hydraulic_transition_from_space,10.1016/j.jclepro.2017.01.092,A systematic review of application of multi-criteria decision analysis for aging-dam management,2017,False,abstract,False,False,0,0,0,0,0,0,0,0,0,0,0,0,0,0,0,0,0,0,0,False,
S3_hydraulic_transition_from_space,10.3390/w10030297,Water Level Measurements from Drones: A Pilot Case Study at a Dam Site,2018,False,abstract,False,False,0,0,0,0,0,0,0,0,0,0,0,0,0,0,0,0,0,0,0,False,
S3_hydraulic_transition_from_space,10.1016/j.envc.2021.100401,"Dam break analysis using HEC-RAS and HEC-GeoRAS: A case study of Hidkal dam, Karnataka state, India",2021,True,full_text,True,True,0,49,0,0,0,0,0,1,0,0,0,0,0,0,0,1,0,0,0,False,
S3_hydraulic_transition_from_space,10.3390/w12041090,"Dam Breach Size Comparison for Flood Simulations. A HEC-RAS Based, GIS Approach for Drăcșani Lake, Sitna River, Romania",2020,True,full_text,True,True,0,37,0,0,0,0,0,1,0,0,0,0,0,0,0,0,3,0,0,False,
S3_hydraulic_transition_from_space,10.1073/pnas.1914898117,Hazard from Himalayan glacier lake outburst floods,2019,False,abstract,False,False,0,0,0,0,0,0,0,0,0,0,0,0,0,0,0,0,0,0,0,False,
S3_hydraulic_transition_from_space,10.1029/2020ef001778,Increased Flood Exposure Due to Climate Change and Population Growth in the United States,2020,False,abstract,False,False,0,0,0,0,0,0,0,0,0,0,0,0,0,0,0,0,0,0,0,False,
S3_hydraulic_transition_from_space,10.1016/j.scitotenv.2021.147058,"Nature-based solutions efficiency evaluation against natural hazards: Modelling methods, advantages and limitations",2021,False,abstract,False,False,0,0,0,0,0,0,0,0,0,0,0,0,0,0,0,0,0,0,0,False,
S3_hydraulic_transition_from_space,10.1002/wat2.1432,Ensemble flood forecasting: Current status and future opportunities,2020,True,full_text,True,True,0,2,0,0,0,0,0,0,0,0,0,0,0,0,0,0,22,0,0,False,
S3_hydraulic_transition_from_space,10.1016/j.envsoft.2021.104980,A method to include reservoir operations in catchment hydrological models using SHETRAN,2021,False,abstract,False,False,0,0,0,0,0,0,0,0,0,0,0,0,0,0,0,0,0,0,0,False,
S3_hydraulic_transition_from_space,10.5194/nhess-10-1697-2010,"Review article ""Assessment of economic flood damage""",2010,False,abstract,False,False,0,0,0,0,0,0,0,0,0,0,0,0,0,0,0,0,0,0,0,False,
S3_hydraulic_transition_from_space,10.3390/w11040693,Undamming the Douro River Catchment: A Stepwise Approach for Prioritizing Dam Removal,2019,False,abstract,True,True,10,4,0,0,0,0,0,0,0,0,0,0,0,0,0,0,1,0,0,False,
S3_hydraulic_transition_from_space,10.5194/essd-15-3941-2023,A comprehensive and version-controlled database of glacial lake outburst floods in High Mountain Asia,2023,False,abstract,False,False,0,0,0,0,0,0,0,0,0,0,0,0,0,0,0,0,0,0,0,False,
S3_hydraulic_transition_from_space,10.5194/nhess-12-3109-2012,An approach for estimating the breach probabilities of moraine-dammed lakes in the Chinese Himalayas using remote-sensing data,2012,False,abstract,True,True,0,2,0,0,0,0,0,0,0,0,0,0,0,0,0,0,0,0,0,False,
S3_hydraulic_transition_from_space,10.1016/j.geomorph.2021.107783,"Future Glacial Lake Outburst Flood (GLOF) hazard of the South Lhonak Lake, Sikkim Himalaya",2021,False,abstract,False,False,0,0,0,0,0,0,0,0,0,0,0,0,0,0,0,0,0,0,0,False,
S3_hydraulic_transition_from_space,10.1016/j.geomorph.2023.108976,Effects of sediment transport on flood hazards: Lessons learned and remaining challenges,2023,True,full_text,False,False,0,0,0,0,0,0,0,0,0,0,0,0,0,0,0,0,0,0,0,False,
S3_hydraulic_transition_from_space,10.1007/s10712-022-09751-y,Flood Modeling and Prediction Using Earth Observation Data,2022,True,full_text,False,False,0,0,0,0,0,0,0,0,0,0,0,0,0,0,0,0,0,0,0,False,
S3_hydraulic_transition_from_space,10.3390/w11091832,Using High-Density LiDAR Data and 2D Streamflow Hydraulic Modeling to Improve Urban Flood Hazard Maps: A HEC-RAS Multi-Scenario Approach,2019,True,full_text,True,True,3,2,0,0,0,0,0,3,0,0,0,0,0,0,0,0,17,0,0,False,
S3_hydraulic_transition_from_space,10.3390/rs12203385,"Landslide Characterization Applying Sentinel-1 Images and InSAR Technique: The Muyubao Landslide in the Three Gorges Reservoir Area, China",2020,False,abstract,False,False,0,0,0,0,0,0,0,0,0,0,0,0,0,0,0,0,0,0,0,False,
S3_hydraulic_transition_from_space,10.5194/nhess-25-747-2025,Review article: A comprehensive review of compound flooding literature with a focus on coastal and estuarine regions,2025,False,abstract,True,True,0,1,0,0,0,0,0,0,0,0,0,0,0,0,0,0,0,0,0,False,
S3_hydraulic_transition_from_space,10.1029/2022gb007657,Inland Water Greenhouse Gas Budgets for RECCAP2: 1. State‐Of‐The‐Art of Global Scale Assessments,2023,False,abstract,False,False,0,0,0,0,0,0,0,0,0,0,0,0,0,0,0,0,0,0,0,False,
S3_hydraulic_transition_from_space,10.1088/1748-9326/aab9e0,Quantifying the impact of the Three Gorges Dam on the thermal dynamics of the Yangtze River,2018,False,abstract,False,False,0,0,0,0,0,0,0,0,0,0,0,0,0,0,0,0,0,0,0,False,
S3_hydraulic_transition_from_space,10.3390/su131810259,High-Resolution Hydrological-Hydraulic Modeling of Urban Floods Using InfoWorks ICM,2021,False,abstract,False,False,0,0,0,0,0,0,0,0,0,0,0,0,0,0,0,0,0,0,0,False,
S3_hydraulic_transition_from_space,10.1016/j.jhydrol.2022.128059,Estimating loss of life caused by dam breaches based on the simulation of floods routing and evacuation potential of population at risk,2022,False,abstract,True,True,0,5,0,0,0,0,0,0,0,0,0,0,0,0,0,0,0,0,0,False,
S3_hydraulic_transition_from_space,10.5194/nhess-21-21-2021,"Modelling the Brumadinho tailings dam failure, the subsequent loss of life and how it could have been reduced",2021,False,abstract,True,True,0,1,0,0,0,0,0,0,0,0,0,0,0,0,0,0,0,0,0,False,
S3_hydraulic_transition_from_space,10.3390/su14105974,Review of Effects of Dam Construction on the Ecosystems of River Estuary and Nearby Marine Areas,2022,False,abstract,False,False,0,0,0,0,0,0,0,0,0,0,0,0,0,0,0,0,0,0,0,False,
S3_hydraulic_transition_from_space,10.3389/feart.2020.00355,"Littoral Sediment From Rivers: Patterns, Rates and Processes of River Mouth Morphodynamics",2020,False,abstract,False,False,0,0,0,0,0,0,0,0,0,0,0,0,0,0,0,0,0,0,0,False,
S3_hydraulic_transition_from_space,10.3390/w10030259,Modelling Tools to Analyze and Assess the Ecological Impact of Hydropower Dams,2018,False,abstract,False,False,0,0,0,0,0,0,0,0,0,0,0,0,0,0,0,0,0,0,0,False,
S3_hydraulic_transition_from_space,10.1016/j.scitotenv.2023.162489,"Digitalization and real-time control to mitigate environmental impacts along rivers: Focus on artificial barriers, hydropower systems and European priorities",2023,False,abstract,False,False,0,0,0,0,0,0,0,0,0,0,0,0,0,0,0,0,0,0,0,False,
S3_hydraulic_transition_from_space,10.1016/j.scitotenv.2019.135743,Restoring fluvial forms and processes by gravel augmentation or bank erosion below dams: A systematic review of ecological responses,2019,False,abstract,False,False,0,0,0,0,0,0,0,0,0,0,0,0,0,0,0,0,0,0,0,False,
S3_hydraulic_transition_from_space,10.1007/s10064-020-01766-2,The use of unmanned aerial vehicles (UAVs) for engineering geology applications,2020,False,abstract,False,False,0,0,0,0,0,0,0,0,0,0,0,0,0,0,0,0,0,0,0,False,
S3_hydraulic_transition_from_space,10.1016/j.geomorph.2021.107898,"Channel-amphitheatre landforms resulting from liquefaction flowslides during rapid drawdown of glacial Lake Fraser, British Columbia, Canada",2021,False,abstract,True,True,0,5,0,0,0,0,0,0,0,0,0,0,0,0,0,0,0,0,0,False,
S3_hydraulic_transition_from_space,10.1016/j.envsoft.2022.105565,Comparative analysis of performance and mechanisms of flood inundation map generation using Height Above Nearest Drainage,2022,False,abstract,False,False,0,0,0,0,0,0,0,0,0,0,0,0,0,0,0,0,0,0,0,False,
S3_hydraulic_transition_from_space,10.1038/s41467-023-36033-x,Glacial lake outburst floods threaten millions globally,2023,False,abstract,False,False,0,0,0,0,0,0,0,0,0,0,0,0,0,0,0,0,0,0,0,False,
S3_hydraulic_transition_from_space,10.20944/preprints201810.0098.v2,"Flood Prediction Using Machine Learning, Literature Review",2018,False,abstract,False,False,0,0,0,0,0,0,0,0,0,0,0,0,0,0,0,0,0,0,0,False,
S3_hydraulic_transition_from_space,10.1038/s41467-025-59261-9,How extreme rainfall and failing dams unleashed the Derna flood disaster,2025,True,full_text,True,True,0,30,0,0,0,0,0,0,0,0,0,0,0,0,0,0,8,0,0,False,
S3_hydraulic_transition_from_space,10.3390/su12031069,"A Flood Risk Management Program of Wadi Baysh Dam on the Downstream Area: An Integration of Hydrologic and Hydraulic Models, Jizan Region, KSA",2020,False,abstract,True,True,0,3,0,0,0,0,0,0,0,0,0,0,0,0,0,0,0,0,0,False,
S3_hydraulic_transition_from_space,10.3390/su11195426,"Prediction Success of Machine Learning Methods for Flash Flood Susceptibility Mapping in the Tafresh Watershed, Iran",2019,False,abstract,False,False,0,0,0,0,0,0,0,0,0,0,0,0,0,0,0,0,0,0,0,False,
S3_hydraulic_transition_from_space,10.1016/j.envsoft.2022.105533,Reservoir Assessment Tool 2.0: Stakeholder driven improvements to satellite remote sensing based reservoir monitoring,2022,False,abstract,False,False,0,0,0,0,0,0,0,0,0,0,0,0,0,0,0,0,0,0,0,False,
S3_hydraulic_transition_from_space,10.1007/s11269-018-2146-7,"Enhancing the Capability of a Simple, Computationally Efficient, Conceptual Flood Inundation Model in Hydrologically Complex Terrain",2018,False,abstract,False,False,0,0,0,0,0,0,0,0,0,0,0,0,0,0,0,0,0,0,0,False,
S3_hydraulic_transition_from_space,10.3390/hydrology10070141,Comprehensive Overview of Flood Modeling Approaches: A Review of Recent Advances,2023,True,full_text,False,False,0,0,0,0,0,0,0,0,0,0,0,0,0,0,0,0,0,0,0,False,
S3_hydraulic_transition_from_space,10.3390/land12081514,"A Systematic Review of Disaster Management Systems: Approaches, Challenges, and Future Directions",2023,True,full_text,True,True,1,2,0,0,0,0,0,0,0,0,0,0,0,0,0,0,79,0,0,False,
S3_hydraulic_transition_from_space,10.1111/jfr3.12855,Quantitative flood hazard assessment methods: A review,2022,True,full_text,False,False,0,0,0,0,0,0,0,0,0,0,0,0,0,0,0,0,0,0,0,False,
S3_hydraulic_transition_from_space,10.1088/1748-9326/8/4/044052,"Changes of glacial lakes and implications in Tian Shan, central Asia, based on remote sensing data from 1990 to 2010",2013,False,abstract,False,False,0,0,0,0,0,0,0,0,0,0,0,0,0,0,0,0,0,0,0,False,
S3_hydraulic_transition_from_space,10.1088/1748-9326/11/7/074005,Uncertainty in the Himalayan energy–water nexus: estimating regional exposure to glacial lake outburst floods,2016,False,abstract,False,False,0,0,0,0,0,0,0,0,0,0,0,0,0,0,0,0,0,0,0,False,
S3_hydraulic_transition_from_space,10.31223/x54p9z,The future of coastal monitoring through satellite remote sensing,2022,False,abstract,False,False,0,0,0,0,0,0,0,0,0,0,0,0,0,0,0,0,0,0,0,False,
S3_hydraulic_transition_from_space,10.1017/jog.2019.13,"Glacial lake evolution and glacier–lake interactions in the Poiqu River basin, central Himalaya, 1964–2017",2019,False,abstract,False,False,0,0,0,0,0,0,0,0,0,0,0,0,0,0,0,0,0,0,0,False,
S3_hydraulic_transition_from_space,10.3390/land12081491,Why Consider Geomorphology in River Rehabilitation?,2023,False,abstract,False,False,0,0,0,0,0,0,0,0,0,0,0,0,0,0,0,0,0,0,0,False,
S3_hydraulic_transition_from_space,10.5194/hess-24-93-2020,"Reconstruction of the 1941 GLOF process chain at Lake Palcacocha (Cordillera Blanca, Peru)",2020,False,abstract,True,True,0,1,0,0,0,0,0,0,0,0,0,0,0,0,0,0,0,0,0,False,
S3_hydraulic_transition_from_space,10.1002/esp.4062,Stormy geomorphology: geomorphic contributions in an age of climate extremes,2016,False,abstract,False,False,0,0,0,0,0,0,0,0,0,0,0,0,0,0,0,0,0,0,0,False,
S3_hydraulic_transition_from_space,10.1038/s43247-025-02153-z,The biogeochemical response of the north-western Black Sea to the Kakhovka Dam breach,2025,False,abstract,True,True,0,2,0,0,0,0,0,0,0,0,0,0,0,0,0,0,1,0,0,False,
S3_hydraulic_transition_from_space,10.1126/science.ads2659,"The Sikkim flood of October 2023: Drivers, causes, and impacts of a multihazard cascade",2025,False,abstract,False,False,0,0,0,0,0,0,0,0,0,0,0,0,0,0,0,0,0,0,0,False,
S3_hydraulic_transition_from_space,10.1080/02626667.2018.1558367,How to improve attribution of changes in drought and flood impacts,2019,False,abstract,False,False,0,0,0,0,0,0,0,0,0,0,0,0,0,0,0,0,0,0,0,False,
S3_hydraulic_transition_from_space,10.3389/feart.2019.00044,A Review of Citizen Science and Crowdsourcing in Applications of Pluvial Flooding,2019,False,abstract,False,False,0,0,0,0,0,0,0,0,0,0,0,0,0,0,0,0,0,0,0,False,
S3_hydraulic_transition_from_space,10.5194/hess-28-3347-2024,Evolution of river regimes in the Mekong River basin over 8 decades and the role of dams in recent hydrological extremes,2024,False,abstract,False,False,0,0,0,0,0,0,0,0,0,0,0,0,0,0,0,0,0,0,0,False,
S3_hydraulic_transition_from_space,10.1111/gcb.16510,Freshwater mussel conservation: A global horizon scan of emerging threats and opportunities,2022,False,abstract,False,False,0,0,0,0,0,0,0,0,0,0,0,0,0,0,0,0,0,0,0,False,
S3_hydraulic_transition_from_space,10.21303/2504-5695.2022.002664,Water reservoirs and the war in Ukraine: environmental problems,2022,False,abstract,False,False,0,0,0,0,0,0,0,0,0,0,0,0,0,0,0,0,0,0,0,False,
S3_hydraulic_transition_from_space,10.3389/feart.2018.00210,"Multi-Source Glacial Lake Outburst Flood Hazard Assessment and Mapping for Huaraz, Cordillera Blanca, Peru",2018,False,abstract,False,False,0,0,0,0,0,0,0,0,0,0,0,0,0,0,0,0,0,0,0,False,
S3_hydraulic_transition_from_space,10.3390/min10090728,Mine Waste Rock: Insights for Sustainable Hydrogeochemical Management,2020,False,abstract,False,False,0,0,0,0,0,0,0,0,0,0,0,0,0,0,0,0,0,0,0,False,
S3_hydraulic_transition_from_space,10.3390/w12020570,Recent Advances in Real-Time Pluvial Flash Flood Forecasting,2020,False,abstract,False,False,0,0,0,0,0,0,0,0,0,0,0,0,0,0,0,0,0,0,0,False,
S3_hydraulic_transition_from_space,10.3390/ijerph15030518,"Erosion and Sediment Transport Modelling in Shallow Waters: A Review on Approaches, Models and Applications",2018,False,abstract,False,False,0,0,0,0,0,0,0,0,0,0,0,0,0,0,0,0,0,0,0,False,
S3_hydraulic_transition_from_space,10.1016/j.jhydrol.2021.126843,Water storage and release policies for all large reservoirs of conterminous United States,2021,False,abstract,False,False,0,0,0,0,0,0,0,0,0,0,0,0,0,0,0,0,0,0,0,False,
S3_hydraulic_transition_from_space,10.1111/brv.12810,Riverscape approaches in practice: perspectives and applications,2021,False,abstract,False,False,0,0,0,0,0,0,0,0,0,0,0,0,0,0,0,0,0,0,0,False,
S3_hydraulic_transition_from_space,10.3390/cli8040048,Human–Environment Natural Disasters Interconnection in China: A Review,2020,False,abstract,False,False,0,0,0,0,0,0,0,0,0,0,0,0,0,0,0,0,0,0,0,False,
S3_hydraulic_transition_from_space,10.2166/nh.2010.098,A hydraulic study on the applicability of flood rating curves,2010,False,abstract,False,False,0,0,0,0,0,0,0,0,0,0,0,0,0,0,0,0,0,0,0,False,
S3_hydraulic_transition_from_space,10.5194/nhess-18-813-2018,"GLOFs in the WOS: bibliometrics, geographies and global trends of research on glacial lake outburst floods (Web of Science, 1979–2016)",2018,False,abstract,False,False,0,0,0,0,0,0,0,0,0,0,0,0,0,0,0,0,0,0,0,False,
S3_hydraulic_transition_from_space,10.3390/s18113843,"Challenges and Opportunities for UAV-Based Digital Elevation Model Generation for Flood-Risk Management: A Case of Princeville, North Carolina",2018,False,abstract,False,False,0,0,0,0,0,0,0,0,0,0,0,0,0,0,0,0,0,0,0,False,
S3_hydraulic_transition_from_space,10.5194/essd-15-2983-2023,A global database of historic glacier lake outburst floods,2023,False,abstract,False,False,0,0,0,0,0,0,0,0,0,0,0,0,0,0,0,0,0,0,0,False,
S3_hydraulic_transition_from_space,10.1016/j.uclim.2024.102132,Urban water infrastructure: A critical review on climate change impacts and adaptation strategies,2024,False,abstract,False,False,0,0,0,0,0,0,0,0,0,0,0,0,0,0,0,0,0,0,0,False,
S3_hydraulic_transition_from_space,10.5194/nhess-22-3041-2022,Progress and challenges in glacial lake outburst flood research (2017–2021): a research community perspective,2022,False,abstract,False,False,0,0,0,0,0,0,0,0,0,0,0,0,0,0,0,0,0,0,0,False,
S3_hydraulic_transition_from_space,10.1016/j.geomorph.2020.107393,"Reconstructing the Chongbaxia Tsho glacial lake outburst flood in the Eastern Himalaya: Evolution, process and impacts",2020,False,abstract,True,True,0,4,0,0,0,0,0,0,0,0,0,0,0,0,0,0,2,0,0,False,
S3_hydraulic_transition_from_space,10.3389/fmars.2020.00328,Spatial Planning Principles for Marine Ecosystem Restoration,2020,False,abstract,False,False,0,0,0,0,0,0,0,0,0,0,0,0,0,0,0,0,0,0,0,False,
S3_hydraulic_transition_from_space,10.1186/s40677-017-0079-8,Characteristics and classification of landslide dams associated with the 2008 Wenchuan earthquake,2017,False,abstract,False,False,0,0,0,0,0,0,0,0,0,0,0,0,0,0,0,0,0,0,0,False,
S3_hydraulic_transition_from_space,10.3390/w14010010,Flood Risk-Related Research Trends in Latin America and the Caribbean,2021,False,abstract,False,False,0,0,0,0,0,0,0,0,0,0,0,0,0,0,0,0,0,0,0,False,
S3_hydraulic_transition_from_space,10.1038/s41467-024-47598-6,Sustained increase in suspended sediments near global river deltas over the past two decades,2024,False,abstract,False,False,0,0,0,0,0,0,0,0,0,0,0,0,0,0,0,0,0,0,0,False,
S3_hydraulic_transition_from_space,10.1016/j.scitotenv.2023.164818,Levelling-up rhodolith-bed science to address global-scale conservation challenges,2023,False,abstract,False,False,0,0,0,0,0,0,0,0,0,0,0,0,0,0,0,0,0,0,0,False,
S3_hydraulic_transition_from_space,10.3390/geosciences10010024,"Impacts of Triple Factors on Flash Flood Vulnerability in Egypt: Urban Growth, Extreme Climate, and Mismanagement",2020,False,abstract,False,False,0,0,0,0,0,0,0,0,0,0,0,0,0,0,0,0,0,0,0,False,
S3_hydraulic_transition_from_space,10.1371/journal.pone.0229703,Long-term changes in kelp forests in an inner basin of the Salish Sea,2021,False,abstract,False,False,0,0,0,0,0,0,0,0,0,0,0,0,0,0,0,0,0,0,0,False,
S3_hydraulic_transition_from_space,10.1016/j.pdisas.2020.100106,Glacial Lakes Outburst Floods (GLOFs) modelling of Thulagi and Lower Barun Glacial Lakes of Nepalese Himalaya,2020,False,abstract,True,True,0,1,0,0,0,0,0,1,0,0,0,0,0,0,0,0,0,0,0,False,
S3_hydraulic_transition_from_space,10.1029/2024wr038314,Quantification of the Flood Discharge Following the 2023 Kakhovka Dam Breach Using Satellite Remote Sensing,2025,True,full_text,True,True,3,25,0,0,0,0,0,1,0,0,0,0,0,0,0,0,57,0,0,False,
S3_hydraulic_transition_from_space,10.3390/ijerph16142542,Hydrologic Modeling for Sustainable Water Resources Management in Urbanized Karst Areas,2019,False,abstract,False,False,0,0,0,0,0,0,0,0,0,0,0,0,0,0,0,0,0,0,0,False,
S3_hydraulic_transition_from_space,10.1002/jgrf.20050,"Linking morphodynamic response with sediment mass balance on the Colorado River in Marble Canyon: Issues of scale, geomorphic setting, and sampling design",2013,False,abstract,False,False,0,0,0,0,0,0,0,0,0,0,0,0,0,0,0,0,0,0,0,False,
S3_hydraulic_transition_from_space,10.1016/j.scitotenv.2022.157738,Natural infrastructure in dryland streams (NIDS) can establish regenerative wetland sinks that reverse desertification and strengthen climate resilience,2022,False,abstract,False,False,0,0,0,0,0,0,0,0,0,0,0,0,0,0,0,0,0,0,0,False,
S3_hydraulic_transition_from_space,10.1038/s43247-021-00331-3,Sedimentation strategies provide effective but limited mitigation of relative sea-level rise in the Mekong delta,2022,False,abstract,False,False,0,0,0,0,0,0,0,0,0,0,0,0,0,0,0,0,0,0,0,False,
S3_hydraulic_transition_from_space,10.5194/hess-22-3721-2018,Modeling the glacial lake outburst flood process chain in the Nepal Himalaya: reassessing Imja Tsho's hazard,2018,False,abstract,False,False,0,0,0,0,0,0,0,0,0,0,0,0,0,0,0,0,0,0,0,False,
S3_hydraulic_transition_from_space,10.1016/j.jenvman.2022.116817,River fragmentation and barrier impacts on fishes have been greatly underestimated in the upper Mekong River,2022,False,abstract,False,False,0,0,0,0,0,0,0,0,0,0,0,0,0,0,0,0,0,0,0,False,
S3_hydraulic_transition_from_space,10.1016/j.geomorph.2019.01.015,"The 2015 Chileno Valley glacial lake outburst flood, Patagonia",2019,False,abstract,False,False,0,0,0,0,0,0,0,0,0,0,0,0,0,0,0,0,0,0,0,False,
S3_hydraulic_transition_from_space,10.1111/jfr3.12519,Flood hazard assessment and the role of citizen science,2018,False,abstract,False,False,0,0,0,0,0,0,0,0,0,0,0,0,0,0,0,0,0,0,0,False,
S3_hydraulic_transition_from_space,10.5194/hess-25-1365-2021,Coordination and control – limits in standard representations of multi-reservoir operations in hydrological modeling,2021,False,abstract,False,False,0,0,0,0,0,0,0,0,0,0,0,0,0,0,0,0,0,0,0,False,
S3_hydraulic_transition_from_space,10.1016/j.jhydrol.2021.126294,"Assessment of local outburst flood risk from successive landslides: Case study of Baige landslide-dammed lake, upper Jinsha river, eastern Tibet",2021,False,abstract,False,False,0,0,0,0,0,0,0,0,0,0,0,0,0,0,0,0,0,0,0,False,
S3_hydraulic_transition_from_space,10.1007/s13280-019-01199-6,Hidden treasures: Human-made aquatic ecosystems harbour unexplored opportunities,2019,False,abstract,False,False,0,0,0,0,0,0,0,0,0,0,0,0,0,0,0,0,0,0,0,False,
S3_hydraulic_transition_from_space,10.3390/w17131980,"A Review of Harmful Algal Blooms: Causes, Effects, Monitoring, and Prevention Methods",2025,False,abstract,False,False,0,0,0,0,0,0,0,0,0,0,0,0,0,0,0,0,0,0,0,False,
S3_hydraulic_transition_from_space,10.1111/jfr3.12747,"A coupled hydrodynamic ( HEC‐RAS 2D ) and water quality model ( WASP ) for simulating flood‐induced soil, sediment, and contaminant transport",2021,True,full_text,False,False,0,0,0,0,0,0,0,0,0,0,0,0,0,0,0,0,0,0,0,False,
S3_hydraulic_transition_from_space,10.1016/j.catena.2024.108338,Debris flow and debris flood hazard assessment in mountain catchments,2024,False,abstract,False,False,0,0,0,0,0,0,0,0,0,0,0,0,0,0,0,0,0,0,0,False,
S3_hydraulic_transition_from_space,10.1029/2020jf005595,Sediment Connectivity: A Framework for Analyzing Coastal Sediment Transport Pathways,2020,False,abstract,False,False,0,0,0,0,0,0,0,0,0,0,0,0,0,0,0,0,0,0,0,False,
S3_hydraulic_transition_from_space,10.3390/geosciences15060211,Advancements in Remote Sensing for Monitoring and Risk Assessment of Glacial Lake Outburst Floods,2025,False,abstract,False,False,0,0,0,0,0,0,0,0,0,0,0,0,0,0,0,0,0,0,0,False,
S3_hydraulic_transition_from_space,10.3390/rs14112645,Remote Sensing of Riparian Ecosystems,2022,False,abstract,False,False,0,0,0,0,0,0,0,0,0,0,0,0,0,0,0,0,0,0,0,False,
S3_hydraulic_transition_from_space,10.1016/j.scitotenv.2022.153661,Flood characterization based on forensic analysis of bridge collapse using UAV reconnaissance and CFD simulations,2022,False,abstract,False,False,0,0,0,0,0,0,0,0,0,0,0,0,0,0,0,0,0,0,0,False,
S3_hydraulic_transition_from_space,10.3390/rs14235957,Glacial Lake Outburst Flood Hazard and Risk Assessment of Gangabal Lake in the Upper Jhelum Basin of Kashmir Himalaya Using Geospatial Technology and Hydrodynamic Modeling,2022,True,full_text,True,True,11,5,0,0,0,0,0,0,0,0,0,0,0,0,0,0,26,0,0,False,
S3_hydraulic_transition_from_space,10.1017/cft.2022.1,"Fires, floods and other extreme events – How watershed processes under climate change will shape our coastlines",2022,False,abstract,False,False,0,0,0,0,0,0,0,0,0,0,0,0,0,0,0,0,0,0,0,False,
S3_hydraulic_transition_from_space,10.1007/s11069-019-03657-6,Application of 1D and 2D hydrodynamic modeling to study glacial lake outburst flood (GLOF) and its impact on a hydropower station in Central Himalaya,2019,False,abstract,False,False,0,0,0,0,0,0,0,0,0,0,0,0,0,0,0,0,0,0,0,False,
S3_hydraulic_transition_from_space,10.3808/jei.201900416,A Stochastic Hydraulic Modelling Approach to Determining the Probable Maximum Staging of Ice-Jam Floods,2019,False,abstract,False,False,0,0,0,0,0,0,0,0,0,0,0,0,0,0,0,0,0,0,0,False,
S3_hydraulic_transition_from_space,10.2166/h2oj.2025.058,Dam break analysis of the Nagmati and Dhap dams using HEC-RAS,2025,False,abstract,True,True,0,5,0,0,0,0,0,0,0,0,0,0,0,0,0,0,0,0,0,False,
S3_hydraulic_transition_from_space,10.3390/w16070980,"Post-Analysis of Daniel Extreme Flood Event in Thessaly, Central Greece: Practical Lessons and the Value of State-of-the-Art Water-Monitoring Networks",2024,False,abstract,False,False,0,0,0,0,0,0,0,0,0,0,0,0,0,0,0,0,0,0,0,False,
S3_hydraulic_transition_from_space,10.3390/rs16020350,Mapping Compound Flooding Risks for Urban Resilience in Coastal Zones: A Comprehensive Methodological Review,2024,True,full_text,True,True,3,2,0,0,0,0,0,0,0,0,0,0,0,0,0,0,0,0,0,False,
S3_hydraulic_transition_from_space,10.3390/rs13091818,A Survey of Remote Sensing and Geographic Information System Applications for Flash Floods,2021,False,abstract,False,False,0,0,0,0,0,0,0,0,0,0,0,0,0,0,0,0,0,0,0,False,
S3_hydraulic_transition_from_space,10.1016/j.ecolind.2022.109445,Evaluation of hydrological connectivity in a river floodplain system and its influence on the vegetation coverage,2022,False,abstract,False,False,0,0,0,0,0,0,0,0,0,0,0,0,0,0,0,0,0,0,0,False,
S3_hydraulic_transition_from_space,10.1038/s43247-022-00520-8,Future growth and decline of high mountain Asia's ice-dammed lakes and associated risk,2022,False,abstract,False,False,0,0,0,0,0,0,0,0,0,0,0,0,0,0,0,0,0,0,0,False,
S3_hydraulic_transition_from_space,10.1016/j.jrmge.2019.05.004,Numerical and safety considerations about the Daguangbao landslide induced by the 2008 Wenchuan earthquake,2019,False,abstract,False,False,0,0,0,0,0,0,0,0,0,0,0,0,0,0,0,0,0,0,0,False,
S3_hydraulic_transition_from_space,10.1016/j.jhydrol.2023.130155,"Cascading hazards from two recent glacial lake outburst floods in the Nyainqêntanglha range, Tibetan Plateau",2023,False,abstract,False,False,0,0,0,0,0,0,0,0,0,0,0,0,0,0,0,0,0,0,0,False,
S3_hydraulic_transition_from_space,10.1016/j.ecoleng.2018.05.007,Effects of large wood on floodplain connectivity in a headwater Mid-Atlantic stream,2018,False,abstract,False,False,0,0,0,0,0,0,0,0,0,0,0,0,0,0,0,0,0,0,0,False,
S3_hydraulic_transition_from_space,10.20944/preprints201808.0398.v1,Two-Dimensional Numerical Simulation Study on Bed-load Transport in Fluctuating Backwater Area: A Case-Study Reservoir in China,2018,False,abstract,True,True,0,1,0,0,0,0,0,0,0,0,0,0,0,0,0,0,0,0,0,False,
S3_hydraulic_transition_from_space,10.25675/3.022613,"The effects of sediment supply, width variations, and unsteady flow on riffle-pool dynamics",2018,False,abstract,True,True,1,3,0,0,0,0,0,1,0,0,0,0,0,0,0,0,0,0,0,False,
S3_hydraulic_transition_from_space,10.5194/nhess-20-727-2020,Three-dimensional numerical simulation of mud flow from a tailing dam failure across complex terrain,2020,False,abstract,True,True,0,4,0,0,0,0,0,0,0,0,0,0,0,0,0,0,0,0,0,False,
S3_hydraulic_transition_from_space,10.1038/s41612-024-00834-8,Hybrid physics-AI outperforms numerical weather prediction for extreme precipitation nowcasting,2024,False,abstract,False,False,0,0,0,0,0,0,0,0,0,0,0,0,0,0,0,0,0,0,0,False,
S3_hydraulic_transition_from_space,10.3390/d12020075,Structure of Rhodolith Beds and Surrounding Habitats at the Doce River Shelf (Brazil),2020,False,abstract,False,False,0,0,0,0,0,0,0,0,0,0,0,0,0,0,0,0,0,0,0,False,
S3_hydraulic_transition_from_space,10.3389/fmars.2022.1123067,Shoreline change due to global climate change and human activity at the Shandong Peninsula from 2007 to 2020,2023,False,abstract,False,False,0,0,0,0,0,0,0,0,0,0,0,0,0,0,0,0,0,0,0,False,
S3_hydraulic_transition_from_space,10.1016/j.advwatres.2018.11.011,Numerical simulation of floods from multiple sources using an adaptive anisotropic unstructured mesh method,2018,False,abstract,False,False,0,0,0,0,0,0,0,0,0,0,0,0,0,0,0,0,0,0,0,False,
S3_hydraulic_transition_from_space,10.3390/w12010237,"Lake Evolution, Hydrodynamic Outburst Flood Modeling and Sensitivity Analysis in the Central Himalaya: A Case Study",2020,True,full_text,True,True,59,7,0,0,0,0,0,0,0,0,0,0,0,0,0,0,9,0,0,False,
S3_hydraulic_transition_from_space,10.3390/rs14102481,Flash Flood Risk Assessment and Mitigation in Digital-Era Governance Using Unmanned Aerial Vehicle and GIS Spatial Analyses Case Study: Small River Basins,2022,True,full_text,False,False,0,0,0,0,0,0,0,0,0,0,0,0,0,0,0,0,0,0,0,False,
S3_hydraulic_transition_from_space,10.3390/hydrology6020038,Spatio-Temporal Rainfall Variability and Flood Prognosis Analysis Using Satellite Data over North Bihar during the August 2017 Flood Event,2019,False,abstract,False,False,0,0,0,0,0,0,0,0,0,0,0,0,0,0,0,0,0,0,0,False,
S3_hydraulic_transition_from_space,10.5194/nhess-23-2663-2023,An integrated modeling approach to evaluate the impacts of nature-based solutions of flood mitigation across a small watershed in the southeast United States,2023,False,abstract,False,False,0,0,0,0,0,0,0,0,0,0,0,0,0,0,0,0,0,0,0,False,
S3_hydraulic_transition_from_space,10.3389/feart.2019.00103,Shoreline Dynamics Along a Developed River Mouth Barrier Island: Multi-Decadal Cycles of Erosion and Event-Driven Mitigation,2019,False,abstract,False,False,0,0,0,0,0,0,0,0,0,0,0,0,0,0,0,0,0,0,0,False,
S3_hydraulic_transition_from_space,10.3390/w11061303,Current Practice and Recommendations for Modelling Global Change Impacts on Water Resource in the Himalayas,2019,False,abstract,False,False,0,0,0,0,0,0,0,0,0,0,0,0,0,0,0,0,0,0,0,False,
S3_hydraulic_transition_from_space,10.3390/hydrology8020089,Flood Mapping from Dam Break Due to Peak Inflow: A Coupled Rainfall–Runoff and Hydraulic Models Approach,2021,True,full_text,True,True,1,56,0,0,0,0,0,0,0,0,0,0,0,0,0,0,1,0,0,False,
S3_hydraulic_transition_from_space,10.5194/isprs-archives-xlviii-3-2024-251-2024,Dam Breach Analysis and Damage Assessment of Nova Kakhovka Dam using Satellite data and 1D and 2D Hydrodynamic Modeling,2024,True,full_text,True,True,1,20,0,0,0,0,0,0,0,0,0,0,0,0,0,0,10,0,0,False,
S3_hydraulic_transition_from_space,10.3389/feart.2023.1157881,An integral assessment of landslide dams generated by the occurrence of rainfall-induced landslide and debris flow hazard chain,2023,False,abstract,False,False,0,0,0,0,0,0,0,0,0,0,0,0,0,0,0,0,0,0,0,False,
S3_hydraulic_transition_from_space,10.1016/j.enggeo.2022.106866,Towards a predictive multi-phase model for alpine mass movements and process cascades,2022,False,abstract,False,False,0,0,0,0,0,0,0,0,0,0,0,0,0,0,0,0,0,0,0,False,
S3_hydraulic_transition_from_space,10.3390/w15173130,Three-Dimensional Numerical Modelling of Real-Field Dam-Break Flows: Review and Recent Advances,2023,True,full_text,True,True,4,12,0,0,0,0,0,1,0,0,0,0,0,0,0,0,3,0,0,False,
S3_hydraulic_transition_from_space,10.3390/rs12233868,Combining UAV-Based SfM-MVS Photogrammetry with Conventional Monitoring to Set Environmental Flows: Modifying Dam Flushing Flows to Improve Alpine Stream Habitat,2020,False,abstract,False,False,0,0,0,0,0,0,0,0,0,0,0,0,0,0,0,0,0,0,0,False,
S3_hydraulic_transition_from_space,10.3390/w15010086,"Assessing the Effects of Urbanization on Water Flow and Flood Events Using the HEC-HMS Model in the Wirynka River Catchment, Poland",2022,True,full_text,False,False,0,0,0,0,0,0,0,0,0,0,0,0,0,0,0,0,0,0,0,False,
S3_hydraulic_transition_from_space,10.3390/rs15225327,Glacial Lake Outburst Flood Monitoring and Modeling through Integrating Multiple Remote Sensing Methods and HEC-RAS,2023,True,full_text,True,True,0,20,0,0,0,0,0,0,0,0,0,0,0,0,0,0,34,0,0,False,
S3_hydraulic_transition_from_space,10.28991/cej-2021-03091739,2D-HEC-RAS Modeling of Flood Wave Propagation in a Semi-Arid Area Due to Dam Overtopping Failure,2021,True,full_text,True,True,15,37,0,0,0,0,0,0,0,0,0,0,0,0,0,0,0,0,0,False,
S3_hydraulic_transition_from_space,10.3390/w11030592,Application of Fuzzy TOPSIS to Flood Hazard Mapping for Levee Failure,2019,False,abstract,True,True,0,1,0,0,0,0,0,0,0,0,0,0,0,0,0,0,0,0,0,False,
S3_hydraulic_transition_from_space,10.3390/s24217090,A Review of Cutting-Edge Sensor Technologies for Improved Flood Monitoring and Damage Assessment,2024,False,abstract,False,False,0,0,0,0,0,0,0,0,0,0,0,0,0,0,0,0,0,0,0,False,
S3_hydraulic_transition_from_space,10.3319/tao.2018.09.28.03,The state of six dangerous glacial lakes in the Nepalese Himalaya,2019,False,abstract,False,False,0,0,0,0,0,0,0,0,0,0,0,0,0,0,0,0,0,0,0,False,
S3_hydraulic_transition_from_space,10.1659/mrd-journal-d-16-00043.1,Performance of Models for Flash Flood Warning and Hazard Assessment: The 2015 Kali Gandaki Landslide Dam Breach in Nepal,2017,False,abstract,True,True,0,1,0,0,0,0,0,0,0,0,0,0,0,0,0,0,0,0,0,False,
S3_hydraulic_transition_from_space,10.3390/rs17173104,Digital Twin Technology for Urban Flood Risk Management: A Systematic Review of Remote Sensing Applications and Early Warning Systems,2025,False,abstract,False,False,0,0,0,0,0,0,0,0,0,0,0,0,0,0,0,0,0,0,0,False,
S3_hydraulic_transition_from_space,10.1029/2021ef002418,Regional Index Insurance Using Satellite‐Based Fractional Flooded Area,2022,False,abstract,False,False,0,0,0,0,0,0,0,0,0,0,0,0,0,0,0,0,0,0,0,False,
S3_hydraulic_transition_from_space,10.1016/j.scitotenv.2022.154245,A benchmarking study of four numerical runout models for the simulation of tailings flows,2022,False,abstract,True,True,0,3,0,0,0,0,0,0,0,0,0,0,0,0,0,0,0,0,0,False,
S3_hydraulic_transition_from_space,10.3390/ijgi8060250,A GIS Tool for Mapping Dam-Break Flood Hazards in Italy,2019,False,abstract,False,False,0,0,0,0,0,0,0,0,0,0,0,0,0,0,0,0,0,0,0,False,
S3_hydraulic_transition_from_space,10.1038/s44221-025-00388-w,Progressively smaller glacier lake outburst floods despite worldwide growth in lake area,2025,True,full_text,True,True,3,14,0,0,0,0,0,1,0,0,0,0,0,0,0,0,22,0,0,False,
S3_hydraulic_transition_from_space,10.1007/s13201-023-02079-x,Evaluation of a weather forecasting model and HEC-HMS for flood forecasting: case study of Talesh catchment,2024,False,abstract,False,False,0,0,0,0,0,0,0,0,0,0,0,0,0,0,0,0,0,0,0,False,
S3_hydraulic_transition_from_space,10.5194/nhess-13-1827-2013,Potential flood volume of Himalayan glacial lakes,2013,False,abstract,False,False,0,0,0,0,0,0,0,0,0,0,0,0,0,0,0,0,0,0,0,False,
S3_hydraulic_transition_from_space,10.3390/w12092538,3D Numerical Modelling of Tailings Dam Breach Run Out Flow over Complex Terrain: A Multidisciplinary Procedure,2020,False,abstract,True,True,0,4,0,0,0,0,0,0,0,0,0,0,0,0,0,0,0,0,0,False,
S3_hydraulic_transition_from_space,10.3390/hydrology8010024,"Modeling of Extreme Hydrological Events in the Baksan River Basin, the Central Caucasus, Russia",2021,False,abstract,False,False,0,0,0,0,0,0,0,0,0,0,0,0,0,0,0,0,0,0,0,False,
S3_hydraulic_transition_from_space,10.3390/w13050604,"Flood Hazard Assessment for the Tori Levee Breach of the Indus River Basin, Pakistan",2021,False,abstract,False,False,0,0,0,0,0,0,0,0,0,0,0,0,0,0,0,0,0,0,0,False,
S3_hydraulic_transition_from_space,10.1080/19475705.2023.2266219,Hazard assessment of a pair of glacial lakes in Nepal Himalaya: unfolding combined outbursts of Upper and Lower Barun,2023,False,abstract,True,True,0,1,0,0,0,0,0,0,0,0,0,0,0,0,0,0,0,0,0,False,
S3_hydraulic_transition_from_space,10.5194/gmd-14-3295-2021,InundatEd-v1.0: a height above nearest drainage (HAND)-based flood risk modeling system using a discrete global grid system,2021,True,full_text,False,False,0,0,0,0,0,0,0,0,0,0,0,0,0,0,0,0,0,0,0,False,
S3_hydraulic_transition_from_space,10.3390/w12010249,Sediment Management at Run-of-River Reservoirs Using Numerical Modelling,2020,False,abstract,False,False,0,0,0,0,0,0,0,0,0,0,0,0,0,0,0,0,0,0,0,False,
S3_hydraulic_transition_from_space,10.1016/j.ejrh.2024.101801,Potential effects of internal dam-break in Stare Miasto Reservoir in Poland,2024,False,abstract,True,True,1,2,0,0,0,0,0,0,0,0,0,0,0,0,0,0,0,0,0,False,
S3_hydraulic_transition_from_space,10.3390/w13030259,Multi-Scale Target-Specified Sub-Model Approach for Fast Large-Scale High-Resolution 2D Urban Flood Modelling,2021,False,abstract,False,False,0,0,0,0,0,0,0,0,0,0,0,0,0,0,0,0,0,0,0,False,
S3_hydraulic_transition_from_space,10.1002/esp.5460,Sediment supply control on morphodynamic processes in gravel‐bed river widenings,2022,False,abstract,False,False,0,0,0,0,0,0,0,0,0,0,0,0,0,0,0,0,0,0,0,False,
S3_hydraulic_transition_from_space,10.1515/geo-2022-0407,Numerical simulation of impact and entrainment behaviors of debris flow by using SPH–DEM–FEM coupling method,2022,False,abstract,True,True,0,1,0,0,0,0,0,0,0,0,0,0,0,0,0,0,0,0,0,False,
S3_hydraulic_transition_from_space,10.3390/ijgi6060162,Management System for Dam-Break Hazard Mapping in a Complex Basin Environment,2017,False,abstract,True,True,0,2,0,0,0,0,0,0,0,0,0,0,0,0,0,0,0,0,0,False,
S3_hydraulic_transition_from_space,10.3390/w14142208,"Spatial Estimates of Flood Damage and Risk Are Influenced by the Underpinning DEM Resolution: A Case Study in Kuala Lumpur, Malaysia",2022,True,full_text,True,True,1,1,0,0,0,0,0,4,0,0,0,0,0,0,0,0,7,0,0,False,
S3_hydraulic_transition_from_space,10.3390/land12071408,A GIS-Based Index of Physical Susceptibility to Flooding as a Tool for Flood Risk Management,2023,False,abstract,False,False,0,0,0,0,0,0,0,0,0,0,0,0,0,0,0,0,0,0,0,False,
S3_hydraulic_transition_from_space,10.5194/tc-17-591-2023,"Lake volume and potential hazards of moraine-dammed glacial lakes – a case study of Bienong Co, southeastern Tibetan Plateau",2023,False,abstract,False,False,0,0,0,0,0,0,0,0,0,0,0,0,0,0,0,0,0,0,0,False,
S3_hydraulic_transition_from_space,10.3390/w10081087,Integration of DSM and SPH to Model Tailings Dam Failure Run-Out Slurry Routing Across 3D Real Terrain,2018,False,abstract,True,True,0,6,0,0,0,0,0,0,0,0,0,0,0,0,0,0,2,0,0,False,
S3_hydraulic_transition_from_space,10.3390/rs14092138,"Flood Management, Characterization and Vulnerability Analysis Using an Integrated RS-GIS and 2D Hydrodynamic Modelling Approach: The Case of Deg Nullah, Pakistan",2022,True,full_text,False,False,0,0,0,0,0,0,0,0,0,0,0,0,0,0,0,0,0,0,0,False,
S3_hydraulic_transition_from_space,10.3390/jmse10070911,Experimental and Numerical Investigation of Floating Large Woody Debris Impact on a Masonry Arch Bridge,2022,False,abstract,False,False,0,0,0,0,0,0,0,0,0,0,0,0,0,0,0,0,0,0,0,False,
S3_hydraulic_transition_from_space,10.3390/rs10101566,Flood Hazard Assessment Supported by Reduced Cost Aerial Precision Photogrammetry,2018,False,abstract,False,False,0,0,0,0,0,0,0,0,0,0,0,0,0,0,0,0,0,0,0,False,
S3_hydraulic_transition_from_space,10.1080/20964471.2025.2530850,"A hybrid approach for enhanced flood prediction and assessment: Leveraging physical models, deep learning and satellite remote sensing",2025,True,full_text,True,True,0,3,0,0,0,0,0,0,0,0,0,0,0,0,0,0,29,0,0,False,
S3_hydraulic_transition_from_space,10.1109/access.2020.2994628,Continuous Expansions of Yangtze River Islands after The Three Gorges Dam tracked by Landsat data based on Google Earth Engine,2020,False,abstract,False,False,0,0,0,0,0,0,0,0,0,0,0,0,0,0,0,0,0,0,0,False,
S3_hydraulic_transition_from_space,10.3390/su152216020,"Impounding Reservoirs, Benefits and Risks: A Review of Environmental and Technical Aspects of Construction and Operation",2023,False,abstract,False,False,0,0,0,0,0,0,0,0,0,0,0,0,0,0,0,0,0,0,0,False,
S3_hydraulic_transition_from_space,10.1111/jfr3.12713,"Impact of hydraulic model resolution and loss of life model modification on flood fatality risk estimation: Case study of the Bommelerwaard, The Netherlands",2021,True,full_text,False,False,0,0,0,0,0,0,0,0,0,0,0,0,0,0,0,0,0,0,0,False,
S3_hydraulic_transition_from_space,10.1029/2021jf006498,"The Erosional and Depositional Potential of Holocene Tibetan Megafloods Through the Yarlung Tsangpo Gorge, Eastern Himalaya: Insights From 2D Hydraulic Simulations",2022,False,abstract,False,False,0,0,0,0,0,0,0,0,0,0,0,0,0,0,0,0,0,0,0,False,
S3_hydraulic_transition_from_space,10.20944/preprints201801.0093.v1,Water Level Measurements from Drones,2018,False,abstract,False,False,0,0,0,0,0,0,0,0,0,0,0,0,0,0,0,0,0,0,0,False,
S3_hydraulic_transition_from_space,10.1080/19475705.2024.2413893,"Glacial lake outburst flood risk assessment of a rapidly expanding glacial lake in the Ladakh region of Western Himalaya, using hydrodynamic modeling",2024,False,abstract,False,False,0,0,0,0,0,0,0,0,0,0,0,0,0,0,0,0,0,0,0,False,
S3_hydraulic_transition_from_space,10.3390/rs9070654,Identification of Hazard and Risk for Glacial Lakes in the Nepal Himalaya Using Satellite Imagery from 2000–2015,2017,False,abstract,False,False,0,0,0,0,0,0,0,0,0,0,0,0,0,0,0,0,0,0,0,False,
S3_hydraulic_transition_from_space,10.1080/17538947.2021.1945151,A virtual geographic environment for dynamic simulation and analysis of tailings dam failure,2021,False,abstract,True,True,0,4,0,0,0,0,0,0,0,0,0,0,0,0,0,0,0,0,0,False,
S3_hydraulic_transition_from_space,10.1029/2022gl102697,Three Gorges Dam Operations Affect the Carbon Dioxide Budget of a Large Downstream Connected Lake,2023,False,abstract,True,True,0,1,0,0,0,0,0,0,0,0,0,0,0,0,0,0,0,0,0,False,
S3_hydraulic_transition_from_space,10.1080/24705357.2019.1696717,Do rearing salmonids predictably occupy physical microhabitat?,2019,False,abstract,False,False,0,0,0,0,0,0,0,0,0,0,0,0,0,0,0,0,0,0,0,False,
S3_hydraulic_transition_from_space,10.3390/w15081474,Hydrogeological Hazards in Open Pit Coal Mines–Investigating Triggering Mechanisms by Validating the European Ground Motion Service Product with Ground Truth Data,2023,False,abstract,True,True,0,1,0,0,0,0,0,0,0,0,0,0,0,0,0,0,0,0,0,False,
S3_hydraulic_transition_from_space,10.1659/mrd.0783,Glacial Lake Outburst Floods in the Sagarmatha Region,2007,False,abstract,True,True,0,1,0,0,0,0,0,0,0,0,0,0,0,0,0,0,0,0,0,False,
S3_hydraulic_transition_from_space,10.5194/nhess-22-3183-2022,"Physically based modeling of co-seismic landslide, debris flow, and flood cascade",2022,False,abstract,True,True,0,1,0,0,0,0,0,0,0,0,0,0,0,0,0,0,0,0,0,False,
S3_hydraulic_transition_from_space,10.1080/19475705.2022.2162443,Multimodal multiscale characterization of cascading hazard on mountain terrain,2023,False,abstract,False,False,0,0,0,0,0,0,0,0,0,0,0,0,0,0,0,0,0,0,0,False,
S3_hydraulic_transition_from_space,10.3390/w13243565,"Glacial Lake Evolution (1962–2018) and Outburst Susceptibility of Gurudongmar Lake Complex in the Tista Basin, Sikkim Himalaya (India)",2021,False,abstract,False,False,0,0,0,0,0,0,0,0,0,0,0,0,0,0,0,0,0,0,0,False,
S3_hydraulic_transition_from_space,10.3390/w14162488,Flood Models: An Exploratory Analysis and Research Trends,2022,False,abstract,False,False,0,0,0,0,0,0,0,0,0,0,0,0,0,0,0,0,0,0,0,False,
S3_hydraulic_transition_from_space,10.1080/19475701003668968,"Glacial lake outburst flood risk assessment of Sun Koshi basin, Nepal",2010,False,abstract,False,False,0,0,0,0,0,0,0,0,0,0,0,0,0,0,0,0,0,0,0,False,
S3_hydraulic_transition_from_space,10.59490/jcrfr.2024.0016,Near Real-time Flood Risk Modelling in Response to Increasing Uncertainties in Flood Predictions,2024,False,abstract,True,True,0,1,0,0,0,0,0,0,0,0,0,0,0,0,0,0,0,0,0,False,
S3_hydraulic_transition_from_space,10.47836/pjst.33.3.14,"Comprehensive Review on Sustainable Dam Infrastructure: Issues and Challenges, Factors Causing Dam Failure and Future Direction in a Globally Changing Climate",2025,False,abstract,True,True,0,5,0,0,0,0,0,0,0,0,0,0,0,0,0,0,0,0,0,False,
S3_hydraulic_transition_from_space,10.1029/2025wr040585,A Special Collection on Hydrogeodesy in a New Era of Satellites for Better Understanding and Management of Water Resources,2025,False,abstract,False,False,0,0,0,0,0,0,0,0,0,0,0,0,0,0,0,0,0,0,0,False,
S3_hydraulic_transition_from_space,10.1016/j.jclepro.2024.143114,"Sustainable mining in tropical, biodiverse landscapes: Environmental challenges and opportunities in the archipelagic Philippines",2024,False,abstract,False,False,0,0,0,0,0,0,0,0,0,0,0,0,0,0,0,0,0,0,0,False,
S3_hydraulic_transition_from_space,10.1029/2023ef004257,Spatiotemporal Variability of Channel Roughness and its Substantial Impacts on Flood Modeling Errors,2024,False,abstract,False,False,0,0,0,0,0,0,0,0,0,0,0,0,0,0,0,0,0,0,0,False,
S3_hydraulic_transition_from_space,10.5194/nhess-2022-143,Progress and challenges in glacial lake outburst flood research (2017–2021): a research community perspective,2022,False,abstract,False,False,0,0,0,0,0,0,0,0,0,0,0,0,0,0,0,0,0,0,0,False,
S3_hydraulic_transition_from_space,10.1002/hyp.7405,"Hydrodynamic characteristics of the Tam Pokhari glacial lake outburst flood in the Mt. Everest region, Nepal",2009,False,abstract,False,False,0,0,0,0,0,0,0,0,0,0,0,0,0,0,0,0,0,0,0,False,
S3_hydraulic_transition_from_space,10.5194/hess-20-3455-2016,A new remote hazard and risk assessment framework for glacial lakes in the Nepal Himalaya,2016,False,abstract,False,False,0,0,0,0,0,0,0,0,0,0,0,0,0,0,0,0,0,0,0,False,
S3_hydraulic_transition_from_space,10.1007/s13369-024-09224-x,"Comparison Analysis of Seepage Through Homogenous Embankment Dams Using Physical, Mathematical and Numerical Models",2024,False,abstract,False,False,0,0,0,0,0,0,0,0,0,0,0,0,0,0,0,0,0,0,0,False,
S3_hydraulic_transition_from_space,10.3389/fenvs.2022.866082,Challenges Regionalizing Methane Emissions Using Aquatic Environments in the Amazon Basin as Examples,2022,False,abstract,False,False,0,0,0,0,0,0,0,0,0,0,0,0,0,0,0,0,0,0,0,False,
S3_hydraulic_transition_from_space,10.3389/fmars.2022.1004083,The role of benthic habitat mapping for science and managers: A multi-design approach in the Southeast Brazilian Shelf after a major man-induced disaster,2022,False,abstract,True,True,0,1,0,0,0,0,0,0,0,0,0,0,0,0,0,0,0,0,0,False,
S3_hydraulic_transition_from_space,10.3389/fevo.2022.852439,"Unraveling Anthropocene Paleoenvironmental Conditions Combining Sediment and Foraminiferal Data: Proof-of-Concept in the Sepetiba Bay (SE, Brazil)",2022,False,abstract,False,False,0,0,0,0,0,0,0,0,0,0,0,0,0,0,0,0,0,0,0,False,
S3_hydraulic_transition_from_space,10.3390/app11114847,A GIS-Based Spatial Analysis Model Approach for Identification of Optimal Hydrotechnical Solutions for Gully Erosion Stabilization. Case Study,2021,False,abstract,False,False,0,0,0,0,0,0,0,0,0,0,0,0,0,0,0,0,0,0,0,False,
S3_hydraulic_transition_from_space,10.1038/s41598-023-39677-3,Monitoring and analysis of surface deformation in alpine valley areas based on multidimensional InSAR technology,2023,False,abstract,False,False,0,0,0,0,0,0,0,0,0,0,0,0,0,0,0,0,0,0,0,False,
S3_hydraulic_transition_from_space,10.1038/s41467-025-60531-9,Response time of global deltas to changes in fluvial sediment supply,2025,False,abstract,False,False,0,0,0,0,0,0,0,0,0,0,0,0,0,0,0,0,0,0,0,False,
S3_hydraulic_transition_from_space,10.3390/app10217697,Modeling Short-Term Landscape Modification and Sedimentary Budget Induced by Dam Removal: Insights from LEM Application,2020,False,abstract,True,True,2,4,0,0,0,0,0,0,0,0,0,0,0,0,0,1,0,0,0,False,
S3_hydraulic_transition_from_space,10.3390/app13127335,Detecting Underwater Concrete Cracks with Machine Learning: A Clear Vision of a Murky Problem,2023,False,abstract,False,False,0,0,0,0,0,0,0,0,0,0,0,0,0,0,0,0,0,0,0,False,
S3_hydraulic_transition_from_space,10.1038/s44304-025-00059-6,Landslide-channel feedbacks amplify channel widening during floods,2025,True,full_text,True,True,2,6,0,0,0,0,0,0,0,0,0,0,0,0,0,0,2,0,0,False,
S3_hydraulic_transition_from_space,10.1029/2022jf006605,Morphodynamics of Bedrock‐Alluvial Rivers Subsequent to Landslide Dam Outburst Floods,2022,False,abstract,True,True,0,3,0,0,0,0,0,0,0,0,0,0,0,0,0,0,0,0,0,False,
S3_hydraulic_transition_from_space,10.3390/w12082076,An Integrated Approach for the Simulation Modeling and Risk Assessment of Coastal Flooding,2020,False,abstract,False,False,0,0,0,0,0,0,0,0,0,0,0,0,0,0,0,0,0,0,0,False,
S3_hydraulic_transition_from_space,10.1080/19942060.2023.2240392,Towards a high-resolution modelling scheme for local-scale urban flood risk assessment based on digital aerial photogrammetry,2023,False,abstract,False,False,0,0,0,0,0,0,0,0,0,0,0,0,0,0,0,0,0,0,0,False,
S3_hydraulic_transition_from_space,10.1029/2022wr033617,Multidirectional Shifts in Hydrological Connectivity Result From Hydraulic Barriers,2023,False,abstract,False,False,0,0,0,0,0,0,0,0,0,0,0,0,0,0,0,0,0,0,0,False,
S3_hydraulic_transition_from_space,10.1659/mrd.0894,"Assessment and Simulation of Glacier Lake Outburst Floods for Longbasaba and Pida Lakes, China",2008,False,abstract,True,True,0,1,0,0,0,0,0,1,0,0,0,0,0,0,0,0,0,0,0,False,
S3_hydraulic_transition_from_space,10.1007/s11069-024-06599-w,Probabilistic modeling of dam failure scenarios: a case study of Kanlikoy Dam in Cyprus,2024,False,abstract,True,True,0,4,0,0,0,0,0,0,0,0,0,0,0,0,0,0,0,0,0,False,
S3_hydraulic_transition_from_space,10.3390/su17010217,Thematic and Bibliometric Review of Remote Sensing and Geographic Information System-Based Flood Disaster Studies in South Asia During 2004–2024,2024,True,full_text,True,True,0,1,0,0,0,0,0,0,0,0,0,0,0,0,0,0,24,0,0,False,
S3_hydraulic_transition_from_space,10.1029/2023wr034692,A Simple Model of Flood Peak Attenuation,2024,False,abstract,False,False,0,0,0,0,0,0,0,0,0,0,0,0,0,0,0,0,0,0,0,False,
S3_hydraulic_transition_from_space,10.3390/drones7040222,Application of Space–Sky–Earth Integration Technology with UAVs in Risk Identification of Tailings Ponds,2023,False,abstract,False,False,0,0,0,0,0,0,0,0,0,0,0,0,0,0,0,0,0,0,0,False,
S3_hydraulic_transition_from_space,10.3390/cli12110173,Glacial Lake Outburst Flood Susceptibility Mapping in Sikkim: A Comparison of AHP and Fuzzy AHP Models,2024,False,abstract,False,False,0,0,0,0,0,0,0,0,0,0,0,0,0,0,0,0,0,0,0,False,
S3_hydraulic_transition_from_space,10.1080/07055900.2012.734276,"Streamflow Modelling: A Primer on Applications, Approaches and Challenges",2012,False,abstract,False,False,0,0,0,0,0,0,0,0,0,0,0,0,0,0,0,0,0,0,0,False,
S3_hydraulic_transition_from_space,10.1659/mrd-journal-d-10-00059.1,A First-order Method to Identify Potentially Dangerous Glacial Lakes in a Region of the Southeastern Tibetan Plateau,2011,False,abstract,False,False,0,0,0,0,0,0,0,0,0,0,0,0,0,0,0,0,0,0,0,False,
S3_hydraulic_transition_from_space,10.1002/wat2.1688,Review on model development techniques for dam break flood wave propagation,2023,False,abstract,True,True,0,9,0,0,0,0,0,0,0,0,0,0,0,0,0,0,0,0,0,False,
S3_hydraulic_transition_from_space,10.2166/hydro.2023.193,"Simulation of dam-break flood and risk assessment: a case study of Chengbi River Dam in Baise, China",2023,False,abstract,True,True,1,5,0,0,0,0,0,0,0,0,0,0,0,0,0,0,0,0,0,False,
S3_hydraulic_transition_from_space,10.3390/computation11020027,Operation of Gate-Controlled Irrigation System Using HEC-RAS 2D for Spring Flood Hazard Reduction,2023,True,full_text,True,True,2,2,0,0,0,0,0,3,0,0,0,0,0,0,0,0,42,0,0,False,
S3_hydraulic_transition_from_space,10.3390/w11020279,Hydraulic Modeling and Evaluation Equations for the Incipient Motion of Sandbags for Levee Breach Closure Operations,2019,False,abstract,False,False,0,0,0,0,0,0,0,0,0,0,0,0,0,0,0,0,0,0,0,False,
S3_hydraulic_transition_from_space,10.3389/fevo.2023.1296111,Three decades of glacial lake research: a bibliometric and visual analysis of glacial lake identification,2023,False,abstract,False,False,0,0,0,0,0,0,0,0,0,0,0,0,0,0,0,0,0,0,0,False,
S3_hydraulic_transition_from_space,10.3390/w15122202,A Probabilistic Approach for Off-Stream Reservoir Failure Flood Hazard Assessment,2023,False,abstract,False,False,0,0,0,0,0,0,0,0,0,0,0,0,0,0,0,0,0,0,0,False,
S3_hydraulic_transition_from_space,10.28991/cej-2023-09-10-010,Modelling Flood Wave Propagation as a Result of Dam Piping Failure Using 2D-HEC-RAS,2023,True,full_text,True,True,2,24,0,0,0,0,0,0,0,0,0,0,0,0,0,0,4,0,0,False,
S3_hydraulic_transition_from_space,10.1038/s41598-024-57894-2,"Quantitative assessment of the erosion and deposition effects of landslide-dam outburst flood, Eastern Himalaya",2024,False,abstract,True,True,1,1,0,0,0,0,0,0,0,0,0,0,0,0,0,0,1,0,0,False,
S3_hydraulic_transition_from_space,10.1029/2024wr037165,Lidar DEM and Computational Mesh Grid Resolutions Modify Roughness in 2D Hydrodynamic Models,2024,False,abstract,False,False,0,0,0,0,0,0,0,0,0,0,0,0,0,0,0,0,0,0,0,False,
S3_hydraulic_transition_from_space,10.1038/s44304-025-00096-1,Flood risk assessment with machine learning: insights from the 2022 Pakistan mega-flood and climate adaptation strategies,2025,False,abstract,True,True,0,1,0,0,0,0,0,0,0,0,0,0,0,0,0,0,0,0,0,False,
S3_hydraulic_transition_from_space,10.1371/journal.pone.0251015,Response of vegetation to submergence along Jingjiang Reach of the Yangtze River,2021,False,abstract,False,False,0,0,0,0,0,0,0,0,0,0,0,0,0,0,0,0,0,0,0,False,
S3_hydraulic_transition_from_space,10.1016/j.rcns.2022.10.003,"Emergency risk management for landslide dam breaks in 2018 on the Yangtze River, China",2022,False,abstract,True,True,0,3,0,0,0,0,0,0,0,0,0,0,0,0,0,0,0,0,0,False,
S3_hydraulic_transition_from_space,10.1016/j.nhres.2022.11.003,Retrospective analysis and hazard assessment of Gega glacial lake in the eastern Himalayan syntaxis,2022,False,abstract,True,True,0,2,0,0,0,0,0,0,0,0,0,0,0,0,0,0,0,0,0,False,
S3_hydraulic_transition_from_space,10.1029/2022jb024583,Sensitivity and Calibration of Three‐Dimensional SPH Formulations in Large‐Scale Landslide Modeling,2023,False,abstract,False,False,0,0,0,0,0,0,0,0,0,0,0,0,0,0,0,0,0,0,0,False,
S3_hydraulic_transition_from_space,10.1371/journal.pone.0241293,UAV-based evaluation of morphological changes induced by extreme rainfall events in meandering rivers,2020,False,abstract,False,False,0,0,0,0,0,0,0,0,0,0,0,0,0,0,0,0,0,0,0,False,
S3_hydraulic_transition_from_space,10.3389/feart.2022.819526,Simulation of Glacial Lake Outburst Flood in Southeastern Qinghai-Tibet Plateau—A Case Study of JiwenCo Glacial Lake,2022,False,abstract,False,False,0,0,0,0,0,0,0,0,0,0,0,0,0,0,0,0,0,0,0,False,
S3_hydraulic_transition_from_space,10.1111/jfr3.70106,Spatiotemporal Assessment of Affected Population and Built‐Up Area Under Dam‐Breach Scenarios of Kakhovka,2025,False,abstract,True,True,0,1,0,0,0,0,0,0,0,0,0,0,0,0,0,0,0,0,0,False,
S3_hydraulic_transition_from_space,10.48550/arxiv.2404.01321,A Comprehensive Review of Coastal Compound Flooding Literature,2024,False,abstract,True,True,0,1,0,0,0,0,0,0,0,0,0,0,0,0,0,0,0,0,0,False,
S3_hydraulic_transition_from_space,10.1016/j.envsoft.2015.12.002,Spatial Global Sensitivity Analysis of High Resolution classified topographic data use in 2D urban flood modelling,2015,False,abstract,False,False,0,0,0,0,0,0,0,0,0,0,0,0,0,0,0,0,0,0,0,False,
S3_hydraulic_transition_from_space,10.3389/fenvs.2021.817684,Remote Sensing and Hydrologic-Hydrodynamic Modeling Integrated Approach for Rainfall-Runoff Simulation in Farm Dam Dominated Basin,2022,False,abstract,False,False,0,0,0,0,0,0,0,0,0,0,0,0,0,0,0,0,0,0,0,False,
S3_hydraulic_transition_from_space,10.18400/tekderg.796334,Investigating the Influence of Dam-Breach Parameters on Dam-Break Connected Flood Hydrograph,2021,False,abstract,False,False,0,0,0,0,0,0,0,0,0,0,0,0,0,0,0,0,0,0,0,False,
S3_hydraulic_transition_from_space,10.2166/hydro.2023.194,Development of an agent-based model to improve emergency planning for floods and dam failures,2023,False,abstract,True,True,0,3,0,0,0,0,0,0,0,0,0,0,0,0,0,0,0,0,0,False,
S3_hydraulic_transition_from_space,10.1007/s44288-025-00145-2,"A comprehensive review of flood damage in mountainous regions: challenges, solutions, and advanced management technologies",2025,False,abstract,False,False,0,0,0,0,0,0,0,0,0,0,0,0,0,0,0,0,0,0,0,False,
S3_hydraulic_transition_from_space,10.5194/hess-29-733-2025,Assessing national exposure to and impact of glacial lake outburst floods considering uncertainty under data sparsity,2025,False,abstract,False,False,0,0,0,0,0,0,0,0,0,0,0,0,0,0,0,0,0,0,0,False,
S3_hydraulic_transition_from_space,10.3390/w15173026,The Utilization of Satellite Data and Machine Learning for Predicting the Inundation Height in the Majalaya Watershed,2023,True,full_text,True,True,0,1,0,0,0,0,0,0,0,0,0,0,0,0,0,0,19,0,0,False,
S3_hydraulic_transition_from_space,10.3390/w16243613,Spatiotemporal Dynamics of Suspended Particulate Matter in Water Environments: A Review,2024,False,abstract,False,False,0,0,0,0,0,0,0,0,0,0,0,0,0,0,0,0,0,0,0,False,
S3_hydraulic_transition_from_space,10.3390/rs14143313,Meta-Analysis and Visualization of the Literature on Early Identification of Flash Floods,2022,False,abstract,False,False,0,0,0,0,0,0,0,0,0,0,0,0,0,0,0,0,0,0,0,False,
S3_hydraulic_transition_from_space,10.1016/j.ocecoaman.2017.11.008,A quantitative assessment of human interventions and climate change on the West African sediment budget,2017,False,abstract,False,False,0,0,0,0,0,0,0,0,0,0,0,0,0,0,0,0,0,0,0,False,
S3_hydraulic_transition_from_space,10.1007/s13201-024-02253-9,"Hydrodynamic modeling of dam breach floods for predicting downstream inundation scenarios using integrated approach of satellite data, unmanned aerial vehicles (UAVs), and Google Earth Engine (GEE)",2024,False,abstract,True,True,1,7,0,0,0,0,0,0,0,0,0,0,0,0,0,0,2,0,0,False,
S3_hydraulic_transition_from_space,10.1029/2023jf007363,Seismic Monitoring and Geomorphic Impacts of the Catastrophic 2018 Baige Landslide Hazard Cascades in the Tibetan Plateau,2024,False,abstract,True,True,0,3,0,0,0,0,0,0,0,0,0,0,0,0,0,0,0,0,0,False,
S3_hydraulic_transition_from_space,10.1007/s11069-022-05776-z,Primary and potential secondary risks of landslide outburst floods,2023,False,abstract,True,True,0,1,0,0,0,0,0,0,0,0,0,0,0,0,0,0,1,0,0,False,
S3_hydraulic_transition_from_space,10.3390/w15203622,"2D and 3D Numerical Simulation of Dam-Break Flooding: A Case Study of the Tuzluca Dam, Turkey",2023,False,abstract,True,True,0,4,0,0,0,0,0,0,0,0,0,0,0,0,0,0,0,0,0,False,
S3_hydraulic_transition_from_space,10.3390/w15020304,Model-Based Mechanism Analysis of “7.20” Flash Flood Disaster in Wangzongdian River Basin,2023,False,abstract,False,False,0,0,0,0,0,0,0,0,0,0,0,0,0,0,0,0,0,0,0,False,
S3_hydraulic_transition_from_space,10.1007/s43621-025-00967-7,From vulnerability to resilience: community-based approaches in glacial lake outburst flood (GLOF) risk mitigation,2025,False,abstract,False,False,0,0,0,0,0,0,0,0,0,0,0,0,0,0,0,0,0,0,0,False,
S3_hydraulic_transition_from_space,10.1002/2015jf003491,"Reconstructing a sediment pulse: Modeling the effect of placer mining on Fraser River, Canada",2015,False,abstract,False,False,0,0,0,0,0,0,0,0,0,0,0,0,0,0,0,0,0,0,0,False,
S3_hydraulic_transition_from_space,10.1002/2015jf003780,Alongshore sediment bypassing as a control on river mouth morphodynamics,2016,False,abstract,False,False,0,0,0,0,0,0,0,0,0,0,0,0,0,0,0,0,0,0,0,False,
S3_hydraulic_transition_from_space,10.3189/2015jog14j097,Moraine-dammed lake distribution and outburst flood risk in the Chinese Himalaya,2015,False,abstract,False,False,0,0,0,0,0,0,0,0,0,0,0,0,0,0,0,0,0,0,0,False,
S3_hydraulic_transition_from_space,10.1007/s11069-016-2223-2,From hazard to impact: flood damage assessment tools for mega cities,2016,False,abstract,False,False,0,0,0,0,0,0,0,0,0,0,0,0,0,0,0,0,0,0,0,False,
S3_hydraulic_transition_from_space,10.1186/s40677-017-0080-2,Lemthang Tsho glacial Lake outburst flood (GLOF) in Bhutan: cause and impact,2017,False,abstract,False,False,0,0,0,0,0,0,0,0,0,0,0,0,0,0,0,0,0,0,0,False,
S3_hydraulic_transition_from_space,10.1007/s10230-024-01015-y,Tailings Dam Breach Outflow Modelling: A Review,2024,False,abstract,True,True,0,7,0,0,0,0,0,0,0,0,0,0,0,0,0,0,1,0,0,False,
S3_hydraulic_transition_from_space,10.3389/fenvs.2023.1231721,"Early assessment of effects of dam removal on abiotic fluxes of the Selune River, France",2023,False,abstract,True,True,0,2,0,0,0,0,0,0,0,0,0,0,0,0,0,0,0,0,0,False,
S3_hydraulic_transition_from_space,10.3389/feart.2022.901904,Numerical Simulation on the Evolution of Tailings Pond Dam Failure Based on GDEM Method,2022,False,abstract,True,True,0,3,0,0,0,0,0,0,0,0,0,0,0,0,0,0,0,0,0,False,
S3_hydraulic_transition_from_space,10.5194/nhess-2020-159,"Modelling the Brumadinho tailings dam failure, the subsequent loss of life and how it could have been reduced",2020,False,abstract,True,True,0,1,0,0,0,0,0,0,0,0,0,0,0,0,0,0,0,0,0,False,
S3_hydraulic_transition_from_space,10.3389/frwa.2022.834132,What Controls the Magnitude and the Shape of Landslide Dam-Breaching Flood Hydrograph? Case Studies of Emergent Forecasts for Outburst Floods of Jiala and Baige Barrier Lakes,2022,False,abstract,False,False,0,0,0,0,0,0,0,0,0,0,0,0,0,0,0,0,0,0,0,False,
S3_hydraulic_transition_from_space,10.3390/biology12040603,Spatial–Temporal Distribution of Fish Larvae in the Pearl River Estuary Based on Habitat Suitability Index Model,2023,False,abstract,False,False,0,0,0,0,0,0,0,0,0,0,0,0,0,0,0,0,0,0,0,False,
S3_hydraulic_transition_from_space,10.3389/feart.2022.1017611,"Research review and prospects of the 2000 giant Yigong long-runout landslide: Volume, formation mechanism and recurrence period, Tibetan plateau, China",2023,False,abstract,True,True,0,1,0,0,0,0,0,0,0,0,0,0,0,0,0,0,1,0,0,False,
S3_hydraulic_transition_from_space,10.3390/rs13040698,Landslide-Induced Mass Transport of Radionuclides along Transboundary Mailuu-Suu River Networks in Central Asia,2021,False,abstract,False,False,0,0,0,0,0,0,0,0,0,0,0,0,0,0,0,0,0,0,0,False,
S3_hydraulic_transition_from_space,10.5194/hess-19-1401-2015,Assessing downstream flood impacts due to a potential GLOF from Imja Tsho in Nepal,2015,False,abstract,False,False,0,0,0,0,0,0,0,0,0,0,0,0,0,0,0,0,0,0,0,False,
S3_hydraulic_transition_from_space,10.3844/ajessp.2015.157.166,A Review of Flood Risk Analysis in Nigeria,2015,False,abstract,False,False,0,0,0,0,0,0,0,0,0,0,0,0,0,0,0,0,0,0,0,False,
S3_hydraulic_transition_from_space,10.1016/j.wasec.2017.02.001,A dynamic framework for flood risk,2017,False,abstract,False,False,0,0,0,0,0,0,0,0,0,0,0,0,0,0,0,0,0,0,0,False,
S3_hydraulic_transition_from_space,10.1007/s10346-016-0724-4,"Landslides in moraines as triggers of glacial lake outburst floods: example from Palcacocha Lake (Cordillera Blanca, Peru)",2016,False,abstract,False,False,0,0,0,0,0,0,0,0,0,0,0,0,0,0,0,0,0,0,0,False,
S3_hydraulic_transition_from_space,10.1016/j.quascirev.2015.03.025,Nile behaviour and Late Palaeolithic humans in Upper Egypt during the Late Pleistocene,2015,False,abstract,False,False,0,0,0,0,0,0,0,0,0,0,0,0,0,0,0,0,0,0,0,False,
S3_hydraulic_transition_from_space,10.5194/isprs-archives-xlvi-5-w1-2022-193-2022,USING SPACE SURVEY MATERIALS FOR MODELING HYDRODYNAMIC ACCIDENTS AT MINING ENTERPRISES IN KAZAKHSTAN,2022,False,abstract,True,True,0,2,0,0,0,0,0,0,0,0,0,0,0,0,0,0,2,0,0,False,
S3_hydraulic_transition_from_space,10.3390/su14116681,Validation of an Empirical Model with Risk Assessment Functionalities to Simulate and Evaluate the Tailings Dam Failure in Brumadinho,2022,False,abstract,True,True,0,2,0,0,0,0,0,0,0,0,0,0,0,0,0,0,0,0,0,False,
S3_hydraulic_transition_from_space,10.1007/s42452-023-05579-2,"Hydrological risk assessment for Mangla Dam: compound effects of instant flow and precipitation peaks under climate change, using HEC-RAS and HEC-GeoRAS",2023,True,full_text,True,True,0,55,0,0,0,0,0,1,0,0,0,0,0,0,0,1,4,0,0,False,
S3_hydraulic_transition_from_space,10.1590/2318-0331.252020200136,Advances and challenges in the water sciences in Brazil: a community synthesis of the XXIII Brazilian Water Resources Symposium,2020,False,abstract,False,False,0,0,0,0,0,0,0,0,0,0,0,0,0,0,0,0,0,0,0,False,
S3_hydraulic_transition_from_space,10.3390/w14010057,Analysis of Small and Medium–Scale River Flood Risk in Case of Exceeding Control Standard Floods Using Hydraulic Model,2021,False,abstract,False,False,0,0,0,0,0,0,0,0,0,0,0,0,0,0,0,0,0,0,0,False,
S3_hydraulic_transition_from_space,10.1007/s43995-024-00054-4,Advanced floodplain mapping: HEC-RAS and ArcGIS pro application on Swat River,2024,False,abstract,False,False,0,0,0,0,0,0,0,0,0,0,0,0,0,0,0,0,0,0,0,False,
S3_hydraulic_transition_from_space,10.5194/nhess-25-1501-2025,Assessing the impact of early warning and evacuation on human losses during the 2021 Ahr Valley flood in Germany using agent-based modelling,2025,False,abstract,False,False,0,0,0,0,0,0,0,0,0,0,0,0,0,0,0,0,0,0,0,False,
S3_hydraulic_transition_from_space,10.1002/esp.3617,Reconstructing historic Glacial Lake Outburst Floods through numerical modelling and geomorphological assessment: Extreme events in the Himalaya,2014,False,abstract,True,True,0,2,0,0,0,0,0,0,0,0,0,0,0,0,0,0,0,0,0,False,
S3_hydraulic_transition_from_space,10.3390/w16020277,Potential Dam Breach Flood Assessment with the 2D Diffusion and Full Dynamic Wave Equations Using a Hydrologic Engineering Center-River Analysis System,2024,True,full_text,True,True,23,49,0,0,0,0,0,0,0,0,0,0,0,0,0,0,1,0,0,False,
S3_hydraulic_transition_from_space,10.3390/w15193433,Effectiveness of a Dam-Breach Flood Alert in Mitigating Life Losses: A Spatiotemporal Sectorisation Analysis in a High-Density Urban Area in Brazil,2023,False,abstract,True,True,0,2,0,0,0,0,0,0,0,0,0,0,0,0,0,0,0,0,0,False,
S3_hydraulic_transition_from_space,10.1175/bams-d-24-0290.1,A Monitoring Network for Mitigating Himalayan Glacial Lake Outburst Floods,2025,False,abstract,True,True,0,1,0,0,0,0,0,0,0,0,0,0,0,0,0,0,2,0,0,False,
S3_hydraulic_transition_from_space,10.3390/rs15061715,Breach Progression Observation in Rockfill Dam Models Using Photogrammetry,2023,False,abstract,True,True,0,3,0,0,0,0,0,0,0,0,0,0,0,0,0,0,0,0,0,False,
S3_hydraulic_transition_from_space,10.17159/2411-9717/1196/2020,Modelling and analysis of the Brumadinho tailings disaster using advanced geospatial analytics,2020,False,abstract,True,True,0,1,0,0,0,0,0,0,0,0,0,0,0,0,0,0,4,0,0,False,
S3_hydraulic_transition_from_space,10.5194/piahs-387-59-2024,"Glacial lake outburst flood (GLOF) modeling of Tsho Rolpa glacial lake, Nepal",2024,False,abstract,True,True,0,1,0,0,0,0,0,0,0,0,0,0,0,0,0,0,0,0,0,False,
S3_hydraulic_transition_from_space,10.1038/s41598-025-31390-7,Climate-driven flood hazard assessment in data-scarce mountainous basins using a GIS-based machine learning and hydrodynamic modelling under CMIP6 SSP scenarios,2025,False,abstract,False,False,0,0,0,0,0,0,0,0,0,0,0,0,0,0,0,0,0,0,0,False,
S3_hydraulic_transition_from_space,10.1111/fwb.14257,"Deep lakes support higher zooplankton functional diversity than shallow lakes: A case study in lacustrine environments affected by mining tailings (lower Doce River basin, Brazil)",2024,False,abstract,True,True,0,1,0,0,0,0,0,0,0,0,0,0,0,0,0,0,0,0,0,False,
S3_hydraulic_transition_from_space,10.3389/feart.2022.881285,Change of moraine-dammed glacial lakes and simulation of glacial lake outburst flood in the Yi’ong Zangbo River basin,2022,False,abstract,False,False,0,0,0,0,0,0,0,0,0,0,0,0,0,0,0,0,0,0,0,False,
S3_hydraulic_transition_from_space,10.1515/geo-2022-0607,"Flood risk assessment, a case study in an arid environment of Southeast Morocco",2024,False,abstract,False,False,0,0,0,0,0,0,0,0,0,0,0,0,0,0,0,0,0,0,0,False,
S3_hydraulic_transition_from_space,10.3390/app132111983,Application of Physics-Informed Neural Networks to River Silting Simulation,2023,False,abstract,False,False,0,0,0,0,0,0,0,0,0,0,0,0,0,0,0,0,0,0,0,False,
S3_hydraulic_transition_from_space,10.3390/w16010039,Large-Scale Two-Dimensional Cascade Modeling of the Odra River for Flood Hazard Management,2023,True,full_text,True,True,6,3,0,0,0,0,0,0,0,0,0,0,0,0,0,2,0,0,0,False,
S3_hydraulic_transition_from_space,10.3390/computation11080150,The Problem of Effective Evacuation of the Population from Floodplains under Threat of Flooding: Algorithmic and Software Support with Shortage of Resources,2023,False,abstract,False,False,0,0,0,0,0,0,0,0,0,0,0,0,0,0,0,0,0,0,0,False,
S3_hydraulic_transition_from_space,10.3390/su15043275,Combined Impacts of Climate Change and Water Withdrawals on the Water Balance at the Watershed Scale—The Case of the Allier Alluvial Hydrosystem (France),2023,False,abstract,False,False,0,0,0,0,0,0,0,0,0,0,0,0,0,0,0,0,0,0,0,False,
S3_hydraulic_transition_from_space,10.5167/uzh-77920,Climate change and hazardous processes in high mountains,2012,False,abstract,False,False,0,0,0,0,0,0,0,0,0,0,0,0,0,0,0,0,0,0,0,False,
S3_hydraulic_transition_from_space,10.3390/rs14051132,Remote Sensing to Characterize River Floodplain Structure and Function,2022,False,abstract,False,False,0,0,0,0,0,0,0,0,0,0,0,0,0,0,0,0,0,0,0,False,
S3_hydraulic_transition_from_space,10.3390/rs16234447,Monitoring and Disaster Assessment of Glacier Lake Outburst in High Mountains Asian Using Multi-Satellites and HEC-RAS: A Case of Kyagar in 2018,2024,False,abstract,False,False,0,0,0,0,0,0,0,0,0,0,0,0,0,0,0,0,0,0,0,False,
S3_hydraulic_transition_from_space,10.1590/2318-0331.252020190128,Use of large-scale hydrological models to predict dam break-related impacts,2020,False,abstract,True,True,0,5,0,0,0,0,0,0,0,0,0,0,0,0,0,0,0,0,0,False,
S3_hydraulic_transition_from_space,10.3390/w17192826,Monitoring Surface Water Dynamics in Mining Areas Using Remote Sensing Indices: A Review and Cross-Case Analysis,2025,False,abstract,False,False,0,0,0,0,0,0,0,0,0,0,0,0,0,0,0,0,0,0,0,False,
S3_hydraulic_transition_from_space,10.3389/feart.2022.981068,Review on risk assessments of dammed lakes,2023,False,abstract,True,True,0,1,0,0,0,0,0,0,0,0,0,0,0,0,0,0,0,0,0,False,
S3_hydraulic_transition_from_space,10.21203/rs.3.rs-3809203/v1,"Rising Waters, Falling Dams: Deciphering the Derna Flood Disaster",2024,False,abstract,False,False,0,0,0,0,0,0,0,0,0,0,0,0,0,0,0,0,0,0,0,False,
S3_hydraulic_transition_from_space,10.1029/2024wr037528,Assessing Impacts of Hydropower Development on Downstream Inundation Using a Hybrid Modeling Framework Integrating Satellite Data‐Driven and Process‐Based Models,2025,False,abstract,False,False,0,0,0,0,0,0,0,0,0,0,0,0,0,0,0,0,0,0,0,False,
S3_hydraulic_transition_from_space,10.3389/feart.2021.659708,Assessment and Analysis of a Rainfall–Time-Lagging Water-Related Disaster in Mountainous Areas,2021,False,abstract,True,True,0,1,0,0,0,0,0,0,0,0,0,0,0,0,0,0,0,0,0,False,
S3_hydraulic_transition_from_space,10.2166/wcc.2024.320,"Predicting the peak flow and assessing the hydrologic hazard of the Kessem Dam, Ethiopia using machine learning and risk management centre-reservoir frequency analysis software",2024,False,abstract,True,True,0,1,0,0,0,0,0,0,0,0,0,0,0,0,0,0,0,0,0,False,
S3_hydraulic_transition_from_space,10.1007/s00367-023-00758-x,Multi-decadal shoreline changes in Eastern Ghana—natural dynamics versus human interventions,2023,False,abstract,False,False,0,0,0,0,0,0,0,0,0,0,0,0,0,0,0,0,0,0,0,False,
S3_hydraulic_transition_from_space,10.3389/fmars.2022.947908,Spatial suitability evaluation of spawning reach revealing the location preference for fish producing drifting eggs,2022,False,abstract,False,False,0,0,0,0,0,0,0,0,0,0,0,0,0,0,0,0,0,0,0,False,
S3_hydraulic_transition_from_space,10.1002/eco.2579,Evaluating the physical habitat of riffle‐pool design in support of river habitat protection and rehabilitation,2023,False,abstract,False,False,0,0,0,0,0,0,0,0,0,0,0,0,0,0,0,0,0,0,0,False,
S3_hydraulic_transition_from_space,10.3390/w14233815,Uncertainty Assessment of Flood Hazard Due to Levee Breaching,2022,False,abstract,False,False,0,0,0,0,0,0,0,0,0,0,0,0,0,0,0,0,0,0,0,False,
S3_hydraulic_transition_from_space,10.1007/s11069-025-07517-4,Influence of land use and land cover datasets on dam-break modeling in the semiarid region of Brazil,2025,False,abstract,False,False,0,0,0,0,0,0,0,0,0,0,0,0,0,0,0,0,0,0,0,False,
S3_hydraulic_transition_from_space,10.3389/frsen.2023.1095275,UAS remote sensing applications to abrupt cold region hazards,2023,False,abstract,False,False,0,0,0,0,0,0,0,0,0,0,0,0,0,0,0,0,0,0,0,False,
S3_hydraulic_transition_from_space,10.1038/s44304-025-00147-7,Triggering factors and flooding processes of glacial lake outburst flood at Ranzerio lake,2025,False,abstract,True,True,0,1,0,0,0,0,0,0,0,0,0,0,0,0,0,0,1,0,0,False,
S3_hydraulic_transition_from_space,10.3390/su151914062,Analysis of Storage Capacity Change and Dam Failure Risk for Tailings Ponds Using WebGIS-Based UAV 3D Image,2023,False,abstract,True,True,0,6,0,0,0,0,0,0,0,0,0,0,0,0,0,0,0,0,0,False,
S3_hydraulic_transition_from_space,10.3390/w15061224,Design for the Prediction of Peak Outflow of Embankment Breaching Due to Overtopping by Regression Technique and Modelling,2023,False,abstract,True,True,0,2,0,0,0,0,0,0,0,0,0,0,0,0,0,0,0,0,0,False,
S3_hydraulic_transition_from_space,10.3390/rs15010113,Effects of the Gully Land Consolidation Project on Geohazards on a Typical Watershed on the Loess Plateau of China,2022,False,abstract,True,True,0,3,0,0,0,0,0,1,0,0,0,0,0,0,0,0,1,0,0,False,
S3_hydraulic_transition_from_space,10.1111/jfr3.12763,"Coupling a land surface model with a hydrodynamic model for regional flood risk assessment due to climate change: Application to the Susquehanna River near Harrisburg, Pennsylvania",2021,True,full_text,False,False,0,0,0,0,0,0,0,0,0,0,0,0,0,0,0,0,0,0,0,False,
S3_hydraulic_transition_from_space,10.3390/rs15051183,Method on Early Identification of Low-Frequency Debris Flow Gullies along the Highways in the Chuanxi Plateau,2023,False,abstract,False,False,0,0,0,0,0,0,0,0,0,0,0,0,0,0,0,0,0,0,0,False,
S3_hydraulic_transition_from_space,10.52939/ijg.v19i6.2693,"Geospatial Mapping of Inland Flood Susceptibility Based on Multi-Criteria Analysis – A Case Study in the Final Flow of Busu River Basin, Papua New Guinea",2023,False,abstract,False,False,0,0,0,0,0,0,0,0,0,0,0,0,0,0,0,0,0,0,0,False,
S3_hydraulic_transition_from_space,10.5194/tc-18-5921-2024,Refining lake volume estimation and critical depth identification for enhanced glacial lake outburst flood (GLOF) event anticipation,2024,False,abstract,False,False,0,0,0,0,0,0,0,0,0,0,0,0,0,0,0,0,0,0,0,False,
S3_hydraulic_transition_from_space,10.1016/j.ejrh.2024.101914,On the role of lake level management in modulating climate change impacts on perialpine lakes,2024,False,abstract,False,False,0,0,0,0,0,0,0,0,0,0,0,0,0,0,0,0,0,0,0,False,
S3_hydraulic_transition_from_space,10.5194/nhess-2021-293,Invited perspectives: challenges and future directions in improving bridge flood resilience,2021,False,abstract,False,False,0,0,0,0,0,0,0,0,0,0,0,0,0,0,0,0,0,0,0,False,
S3_hydraulic_transition_from_space,10.3390/s20123507,Optimal Use of Titanium Dioxide Colourant to Enable Water Surfaces to Be Measured by Kinect Sensors,2020,False,abstract,True,True,0,1,0,0,0,0,0,0,0,0,0,0,0,0,0,0,0,0,0,False,
S3_hydraulic_transition_from_space,10.3390/w17010108,Dam-Break Hazard Assessment with CFD Computational Fluid Dynamics Modeling: The Tianchi Dam Case Study,2025,False,abstract,True,True,0,5,0,0,0,0,0,0,0,0,0,0,0,0,0,0,0,0,0,False,
S3_hydraulic_transition_from_space,10.1007/s44533-026-00042-8,Two-dimensional HEC-RAS modeling of flood hydrograph generated by a hypothetical Saddle Dam breach: downstream propagation toward Roseires Dam,2026,False,abstract,True,True,0,3,0,0,0,0,0,0,0,0,0,0,0,0,0,0,0,0,0,False,
S3_hydraulic_transition_from_space,10.1016/j.advwatres.2015.11.017,Biomorphodynamic modelling of inner bank advance in migrating meander bends,2015,False,abstract,False,False,0,0,0,0,0,0,0,0,0,0,0,0,0,0,0,0,0,0,0,False,
S3_hydraulic_transition_from_space,10.1186/s40322-015-0029-0,Climate services for marine applications in Europe,2015,False,abstract,False,False,0,0,0,0,0,0,0,0,0,0,0,0,0,0,0,0,0,0,0,False,
S3_hydraulic_transition_from_space,10.14311/cej.2022.04.0043,DAM BREACH ANALYSIS AND PARAMETER SENSITIVITY ANALYSIS ALONG A RIVER REACH USING HECRAS,2022,False,abstract,True,True,0,10,0,0,0,0,0,0,0,0,0,0,0,0,0,0,0,0,0,False,
S3_hydraulic_transition_from_space,10.2166/hydro.2024.103,A 2D numerical model for simulating landslide dam failure and induced morphological changes considering multi-layer and non-uniform sediments,2024,False,abstract,True,True,0,2,0,0,0,0,0,0,0,0,0,0,0,0,0,0,0,0,0,False,
S3_hydraulic_transition_from_space,10.1002/nafm.10879,"Drawdown, Habitat, and Kokanee Populations in a Western U.S. Reservoir",2023,False,abstract,True,True,0,8,0,0,0,0,0,0,0,0,0,0,0,0,0,0,0,0,0,False,
S3_hydraulic_transition_from_space,10.1038/s43247-025-02865-2,Climate change accelerates the evolution of reorganized river-lake systems on the Tibetan Plateau,2025,False,abstract,False,False,0,0,0,0,0,0,0,0,0,0,0,0,0,0,0,0,0,0,0,False,
S3_hydraulic_transition_from_space,10.35595/2414-9179-2020-2-26-436-442,Structural interpretation of lineaments using satellite image processing: A case study in the vicinity of the Charvak reservoir,2020,False,abstract,False,False,0,0,0,0,0,0,0,0,0,0,0,0,0,0,0,0,0,0,0,False,
S3_hydraulic_transition_from_space,10.1080/25726668.2021.1874094,Catalogue of real-time instrumentation and monitoring techniques for tailings dams,2021,False,abstract,True,True,0,1,0,0,0,0,0,0,0,0,0,0,0,0,0,0,0,0,0,False,
S3_hydraulic_transition_from_space,10.1371/journal.pone.0287750,A procedure for risk assessment of check dam systems: A case study of Wangmaogou watershed,2023,False,abstract,False,False,0,0,0,0,0,0,0,0,0,0,0,0,0,0,0,0,0,0,0,False,
S3_hydraulic_transition_from_space,10.2166/wcc.2023.083,Evaluating evolutionary algorithms for simulating catchment response to river discharge,2023,False,abstract,False,False,0,0,0,0,0,0,0,0,0,0,0,0,0,0,0,0,0,0,0,False,
S3_hydraulic_transition_from_space,10.3389/fmars.2022.990809,Macronutrients and dissolved iron in a land-ocean approach: Influences of contamination by ore tailings in Southeastern Brazil,2022,False,abstract,False,False,0,0,0,0,0,0,0,0,0,0,0,0,0,0,0,0,0,0,0,False,
S3_hydraulic_transition_from_space,10.33271/nvngu/2022-6/123,Computer modeling of territory flooding in the event of an emergency at Seredniodniprovska Hydroelectric Power Plant,2022,False,abstract,True,True,0,2,0,0,0,0,0,0,0,0,0,0,0,0,0,0,1,0,0,False,
S3_hydraulic_transition_from_space,10.1002/asmb.2301,Robust stochastic control modeling of dam discharge to suppress overgrowth of downstream harmful algae,2017,False,abstract,False,False,0,0,0,0,0,0,0,0,0,0,0,0,0,0,0,0,0,0,0,False,
S3_hydraulic_transition_from_space,10.5194/nhess-15-2425-2015,Repeated glacial lake outburst flood threatening the oldest Buddhist monastery in north-western Nepal,2015,False,abstract,False,False,0,0,0,0,0,0,0,0,0,0,0,0,0,0,0,0,0,0,0,False,
S3_hydraulic_transition_from_space,10.3390/app15084518,Integrated Optimization of Emergency Evacuation Routing for Dam Failure-Induced Flooding: A Coupled Flood–Road Network Modeling Approach,2025,False,abstract,True,True,1,3,0,0,0,0,0,0,0,0,0,0,0,0,0,0,0,0,0,False,
S3_hydraulic_transition_from_space,10.1016/j.asej.2020.03.009,Assessment of dam appurtenant structures under multiple flow discharge scenarios,2020,False,abstract,True,True,0,1,0,0,0,0,0,0,0,0,0,0,0,0,0,0,0,0,0,False,
S3_hydraulic_transition_from_space,10.1007/s10346-025-02564-1,"Structural, geotechnical, and hydrogeological investigation of the Lake Cuejdel Landslide Dam, Eastern Carpathians: a facies-based characterization of internal dam properties",2025,False,abstract,True,True,0,1,0,0,0,0,0,0,0,0,0,0,0,0,0,0,0,0,0,False,
S3_hydraulic_transition_from_space,10.1186/s40807-020-00060-9,Realizing ecosystem-safe hydropower from dams,2020,False,abstract,False,False,0,0,0,0,0,0,0,0,0,0,0,0,0,0,0,0,0,0,0,False,
S3_hydraulic_transition_from_space,10.1002/esp.5539,"Himalayan hazard cascades – modern and medieval outburst floods in Pokhara, Nepal",2023,False,abstract,False,False,0,0,0,0,0,0,0,0,0,0,0,0,0,0,0,0,0,0,0,False,
S3_hydraulic_transition_from_space,10.15292/acta.hydro.2024.02,"Comparison of 1D, coupled 1D–2D, and 2D shallow water numerical modeling for dam-break flow analysis of Way-Ela dam, Indonesia",2024,False,abstract,False,False,0,0,0,0,0,0,0,0,0,0,0,0,0,0,0,0,0,0,0,False,
S3_hydraulic_transition_from_space,10.24057/2071-9388-2022-046,Landscape Reading for Alpine Rivers: A Case Study from the river Biya,2023,False,abstract,False,False,0,0,0,0,0,0,0,0,0,0,0,0,0,0,0,0,0,0,0,False,
S3_hydraulic_transition_from_space,10.1155/2016/3940707,Numerical Simulation of Urban Waterlogging Based on FloodArea Model,2016,False,abstract,False,False,0,0,0,0,0,0,0,0,0,0,0,0,0,0,0,0,0,0,0,False,
S3_hydraulic_transition_from_space,10.3390/ijerph8051368,Spatial Multicriteria Decision Analysis of Flood Risks in Aging-Dam Management in China: A Framework and Case Study,2011,False,abstract,False,False,0,0,0,0,0,0,0,0,0,0,0,0,0,0,0,0,0,0,0,False,
S3_hydraulic_transition_from_space,10.5194/nhess-17-1267-2017,Efficient pan-European river flood hazard modelling through a combination of statistical and physical models,2017,False,abstract,False,False,0,0,0,0,0,0,0,0,0,0,0,0,0,0,0,0,0,0,0,False,
S3_hydraulic_transition_from_space,10.1029/2007jf000802,"Late Pleistocene earthquake‐triggered moraine dam failure and outburst of Lake Zurich, Switzerland",2008,False,abstract,True,True,0,3,0,0,0,0,0,0,0,0,0,0,0,0,0,0,0,0,0,False,
S3_hydraulic_transition_from_space,10.5194/nhess-14-3065-2014,"The 1988 glacial lake outburst flood in Guangxieco Lake, Tibet, China",2014,False,abstract,False,False,0,0,0,0,0,0,0,0,0,0,0,0,0,0,0,0,0,0,0,False,
S3_hydraulic_transition_from_space,10.1002/wat2.1143,How large is a river? Conceptualizing river landscape signatures and envelopes in four dimensions,2016,False,abstract,False,False,0,0,0,0,0,0,0,0,0,0,0,0,0,0,0,0,0,0,0,False,
S3_hydraulic_transition_from_space,10.1007/s44290-025-00176-1,Hydrodynamic modelling of glacial lake outburst flood in lower Barun lake,2025,False,abstract,True,True,0,3,0,0,0,0,0,0,0,0,0,0,0,0,0,0,1,0,0,False,
S3_hydraulic_transition_from_space,10.3390/su16093528,Uncertainty Estimation in the Modeling of a Flood Wave Caused by a Dam Failure in a Hydropower System with Pumped Hydro Energy Storage,2024,False,abstract,True,True,0,2,0,0,0,0,0,0,0,0,0,0,0,0,0,0,0,0,0,False,
S3_hydraulic_transition_from_space,10.3390/app15041757,Spatial Evolution Analysis of Tailings Flow from Tailings Dam Failure Based on MacCormack-TVD,2025,False,abstract,True,True,1,6,0,0,0,0,0,0,0,0,0,0,0,0,0,0,0,0,0,False,
S3_hydraulic_transition_from_space,10.21163/gt_2023.182.07,"ASSESSMENT OF INUNDATION SUSCEPTIBILITY IN THE CONTEXT OF CLIMATE CHANGE, BASED ON MACHINE LEARNING AND REMOTE SENSING: CASE STUDY IN VINH PHUC PROVINCE OF VIETNAM",2023,False,abstract,False,False,0,0,0,0,0,0,0,0,0,0,0,0,0,0,0,0,0,0,0,False,
S3_hydraulic_transition_from_space,10.3390/app142310921,"An Integrated Model for Dam Break Flood Including Reservoir Area, Breach Evolution, and Downstream Flood Propagation",2024,False,abstract,True,True,0,6,0,0,0,0,0,0,0,0,0,0,0,0,0,0,0,0,0,False,
S3_hydraulic_transition_from_space,10.1038/s41598-025-94791-8,An integrative framework for AI-supported coastal hydrodynamics monitoring and analysis,2025,False,abstract,False,False,0,0,0,0,0,0,0,0,0,0,0,0,0,0,0,0,0,0,0,False,
S3_hydraulic_transition_from_space,10.1007/s10230-024-01000-5,Reconstructing the Spill Propagation of the Aznalcóllar Mine Disaster,2024,False,abstract,False,False,0,0,0,0,0,0,0,0,0,0,0,0,0,0,0,0,0,0,0,False,
S3_hydraulic_transition_from_space,10.1007/s44290-025-00284-y,"Dealing with flood disaster– different techniques, modelling, and real-time flood analysis: a systematic review of different river basins in India",2025,False,abstract,False,False,0,0,0,0,0,0,0,0,0,0,0,0,0,0,0,0,0,0,0,False,
S3_hydraulic_transition_from_space,10.21203/rs.3.rs-1238705/v1,"Characteristics of two complex rock and glacier avalanches and RAMMS simulation of a long-runout disaster in the Sedongpu Basin of the Yarlung Zangbo River downstream in October 2018, Tibet, China",2022,False,abstract,False,False,0,0,0,0,0,0,0,0,0,0,0,0,0,0,0,0,0,0,0,False,
S3_hydraulic_transition_from_space,10.1007/s13201-024-02299-9,Tectonic activation and the risk of Ilisu Dam collapse to Iraq through modelling and simulation using HEC-RAS,2024,False,abstract,True,True,0,1,0,0,0,0,0,0,0,0,0,0,0,0,0,0,0,0,0,False,
S3_hydraulic_transition_from_space,10.1080/15732479.2023.2272725,Fragility of bridge decks exposed to hydraulic and driftwood actions,2023,False,abstract,False,False,0,0,0,0,0,0,0,0,0,0,0,0,0,0,0,0,0,0,0,False,
S3_hydraulic_transition_from_space,10.3390/ijerph120911699,"Assessment of River Habitat Quality in the Hai River Basin, Northern China",2015,False,abstract,False,False,0,0,0,0,0,0,0,0,0,0,0,0,0,0,0,0,0,0,0,False,
S3_hydraulic_transition_from_space,10.1007/s10346-026-02767-0,"A giant two-stage landslide at Matai'an, Taiwan: insights from seismic source inversion and remote-sensing analysis",2026,False,abstract,True,True,0,1,0,0,0,0,0,0,0,0,0,0,0,0,0,0,1,0,0,False,
S3_hydraulic_transition_from_space,10.14525/jjce.v19i1.09,"Dam Breach Risk Analysis and Mapping: A Case Study of the Wala Dam, Jordan",2025,False,abstract,True,True,0,5,0,0,0,0,0,0,0,0,0,0,0,0,0,0,0,0,0,False,
S3_hydraulic_transition_from_space,10.20944/preprints202112.0458.v1,Modeling and Risk Analysis of Dam-Break Flooding in a Semi‐Arid Montane Watershed.,2021,False,abstract,True,True,0,2,0,0,0,0,0,0,0,0,0,0,0,0,0,0,0,0,0,False,
S3_hydraulic_transition_from_space,10.3390/app13158683,Study on Filling Material Strength and Dam Failure Characteristics of Loess Dam,2023,False,abstract,True,True,0,1,0,0,0,0,0,0,0,0,0,0,0,0,0,0,0,0,0,False,
S3_hydraulic_transition_from_space,10.5194/nhess-2019-298,Three-dimensional numerical simulation of mud flow from a tailings dam failure across complex terrain,2019,False,abstract,True,True,0,5,0,0,0,0,0,0,0,0,0,0,0,0,0,0,0,0,0,False,
S3_hydraulic_transition_from_space,10.3390/su17135863,Urban Flood Risk Sustainable Management: Risk Analysis of Dam Break Induced Flash Floods in Mountainous Valley Cities,2025,False,abstract,True,True,0,2,0,0,0,0,0,0,0,0,0,0,0,0,0,0,0,0,0,False,
S3_hydraulic_transition_from_space,10.2166/wst.2025.172,"Dam break modelling and flood inundation mapping using GIS and HEC-RAS: a case study of the Tiga Earth dam, Kano State, Nigeria",2025,False,abstract,True,True,0,4,0,0,0,0,0,0,0,0,0,0,0,0,0,0,0,0,0,False,
S3_hydraulic_transition_from_space,10.1002/ieam.4831,Polycyclic aromatic hydrocarbons in estuarine sediments as a consequence of the mine tailings remobilization and transport in the Rio Doce basin,2023,False,abstract,True,True,0,1,0,0,0,0,0,0,0,0,0,0,0,0,0,0,0,0,0,False,
S3_hydraulic_transition_from_space,10.1590/2318-0331.282320230041,Dam safety in Sergipe: Jacarecica I and Jacarecica II hypothetical cascade dam-break simulation,2023,False,abstract,True,True,0,1,0,0,0,0,0,0,0,0,0,0,0,0,0,0,0,0,0,False,
S3_hydraulic_transition_from_space,10.5194/hess-2019-357,"Reconstruction of the 1941 GLOF process chain at Lake Palcacocha (Cordillera Blanca, Perú)",2019,False,abstract,True,True,0,1,0,0,0,0,0,0,0,0,0,0,0,0,0,0,0,0,0,False,
S3_hydraulic_transition_from_space,10.30880/ijie.2023.15.07.017,The Methodologies and Main Challenges of Assessment the Multi-Hazard Interaction and Risk Management Associated with Roads Infrastructures and Dam Safety: A Review,2023,False,abstract,False,False,0,0,0,0,0,0,0,0,0,0,0,0,0,0,0,0,0,0,0,False,
S3_hydraulic_transition_from_space,10.3390/w16142039,Extension of Iber for Simulating Non–Newtonian Shallow Flows: Mine-Tailings Spill Propagation Modelling,2024,False,abstract,False,False,0,0,0,0,0,0,0,0,0,0,0,0,0,0,0,0,0,0,0,False,
S3_hydraulic_transition_from_space,10.20944/preprints202210.0474.v1,Uncertainty Assessment of Flood Hazard due to Levee Breaching,2022,False,abstract,False,False,0,0,0,0,0,0,0,0,0,0,0,0,0,0,0,0,0,0,0,False,
S3_hydraulic_transition_from_space,10.21203/rs.3.rs-2453096/v1,Understanding Glacial Lake Evolution and the Associated GLOF Hazard in Shyok Catchment of Upper Indus Basin,2023,False,abstract,False,False,0,0,0,0,0,0,0,0,0,0,0,0,0,0,0,0,0,0,0,False,
S3_hydraulic_transition_from_space,10.1093/inteam/vjaf191,"Mining discharges and environmental assessment and management in estuaries: insights from the Guadalquivir Estuary, Spain",2025,False,abstract,False,False,0,0,0,0,0,0,0,0,0,0,0,0,0,0,0,0,0,0,0,False,
S3_hydraulic_transition_from_space,10.1515/johh-2016-0033,Real time flood forecasting in the Upper Danube basin,2016,False,abstract,False,False,0,0,0,0,0,0,0,0,0,0,0,0,0,0,0,0,0,0,0,False,
S3_hydraulic_transition_from_space,10.1016/j.geomorph.2012.12.011,"Analysis of past and future dam formation and failure in the Santa Cruz River (San Juan province, Argentina)",2012,False,abstract,False,False,0,0,0,0,0,0,0,0,0,0,0,0,0,0,0,0,0,0,0,False,
S3_hydraulic_transition_from_space,10.37943/yqte5603,Intelligent Dam Breach Threat Monitoring System,2022,False,abstract,True,True,0,2,0,0,0,0,0,0,0,0,0,0,0,0,0,0,1,0,0,False,
S3_hydraulic_transition_from_space,10.54021/seesv5n1-164,"Analysis dam failure and flood inundation mapping: a case study of Manbaa-Al-Ghozlan dam, Biskra, Algeria",2024,False,abstract,True,True,0,4,0,0,0,0,0,0,0,0,0,0,0,0,0,0,0,0,0,False,
S3_hydraulic_transition_from_space,10.1590/2318-0331.292420230139,Dramatic changes in the confluence morphology drived by an extreme hydrologic pulse: impacts to River Doce restoration,2024,False,abstract,True,True,0,1,0,0,0,0,0,0,0,0,0,0,0,0,0,0,1,0,0,False,
S3_hydraulic_transition_from_space,10.1002/essoar.10510437.1,Regional Index Insurance using Satellite-based Fractional Flooded Area,2022,False,abstract,False,False,0,0,0,0,0,0,0,0,0,0,0,0,0,0,0,0,0,0,0,False,
S3_hydraulic_transition_from_space,10.30919/es1296,Modeling Siltation of River Channels using the Physics-Informed Neural Networks Method and Numerical Simulation,2024,False,abstract,False,False,0,0,0,0,0,0,0,0,0,0,0,0,0,0,0,0,0,0,0,False,
S3_hydraulic_transition_from_space,10.5194/isprs-archives-xlii-2-w11-685-2019,MANAGEMENT OF 20TH CENTURY HYDROELECTRIC PLANTS AS INDUSTRIAL HERITAGE,2019,False,abstract,True,True,0,1,0,0,0,0,0,0,0,0,0,0,0,0,0,0,1,0,0,False,
S3_hydraulic_transition_from_space,10.3390/w16030399,Estimating the Peak Outflow and Maximum Erosion Rate during the Breach of Embankment Dam,2024,False,abstract,True,True,0,2,0,0,0,0,0,0,0,0,0,0,0,0,0,0,0,0,0,False,
S3_hydraulic_transition_from_space,10.48084/etasr.12018,Linking the Reservoir Volume to the Flood Inundation Extent: A Multi-Dam Empirical Model for Indonesian Dam Safety,2025,False,abstract,True,True,0,3,0,0,0,0,0,0,0,0,0,0,0,0,0,0,0,0,0,False,
S3_hydraulic_transition_from_space,10.1007/s11368-026-04293-x,Temporal dynamics of CO2 emissions from dry reservoir sediments,2026,False,abstract,True,True,0,8,0,0,0,0,0,0,0,0,0,0,0,0,0,0,0,0,0,False,
S3_hydraulic_transition_from_space,10.5194/nhess-2021-292,"Physically-Based Modelling of co-seismic Landslide, Debris Flow and Flood Cascade",2022,False,abstract,True,True,0,1,0,0,0,0,0,0,0,0,0,0,0,0,0,0,0,0,0,False,
S3_hydraulic_transition_from_space,10.3390/w16172431,Hydrodynamic Model of the Area of the Żelazny Most Mining Waste Storage Facility to Reconstruct the Migration of Saline Groundwater,2024,False,abstract,False,False,0,0,0,0,0,0,0,0,0,0,0,0,0,0,0,0,0,0,0,False,
S3_hydraulic_transition_from_space,10.5194/hess-2023-260,Assessing national exposure and impact to glacial lake outburst floods considering uncertainty under data sparsity,2024,False,abstract,False,False,0,0,0,0,0,0,0,0,0,0,0,0,0,0,0,0,0,0,0,False,
S3_hydraulic_transition_from_space,10.1080/17538947.2025.2554307,Rapid flood detection in global scene based on multimodal data collaboration,2025,False,abstract,False,False,0,0,0,0,0,0,0,0,0,0,0,0,0,0,0,0,0,0,0,False,
S3_hydraulic_transition_from_space,10.2166/wcc.2024.024,A geospatial modelling for glacial lake outburst floods susceptibility analysis in the central Himalayas,2024,False,abstract,False,False,0,0,0,0,0,0,0,0,0,0,0,0,0,0,0,0,0,0,0,False,
S3_hydraulic_transition_from_space,10.5194/essd-2022-422,Res-CN: hydrometeorological time series and landscape attributes across 3254 Chinese reservoirs,2023,False,abstract,False,False,0,0,0,0,0,0,0,0,0,0,0,0,0,0,0,0,0,0,0,False,
S3_hydraulic_transition_from_space,10.1016/j.marpolbul.2024.116403,Influence of the Atlantic inflow on trace metal enrichments in sediments and particulate matter of the NW Alboran Sea (SW Mediterranean),2024,False,abstract,True,True,0,1,0,0,0,0,0,0,0,0,0,0,0,0,0,0,0,0,0,False,
S3_hydraulic_transition_from_space,10.3390/w17172593,Hydraulic Response of Dam-Break Flood Waves to Converging Channel Geometries: A Numerical Investigation,2025,False,abstract,True,True,0,1,0,0,0,0,0,0,0,0,0,0,0,0,0,0,0,0,0,False,
S3_hydraulic_transition_from_space,10.1038/s41598-026-35925-4,Spatiotemporal assessment of multi hazard risk using graph based analysis for case studies in India,2026,False,abstract,False,False,0,0,0,0,0,0,0,0,0,0,0,0,0,0,0,0,0,0,0,False,
S3_hydraulic_transition_from_space,10.28991/cej-2026-012-01-013,Flood Simulation Utilizing HEC-HMS and HEC-RAS,2026,False,abstract,False,False,0,0,0,0,0,0,0,0,0,0,0,0,0,0,0,0,0,0,0,False,
S3_hydraulic_transition_from_space,10.48084/etasr.6822,"Shoreline Changes and Sediment Transport along Nhat Le Coast, Vietnam",2024,False,abstract,False,False,0,0,0,0,0,0,0,0,0,0,0,0,0,0,0,0,0,0,0,False,
S3_hydraulic_transition_from_space,10.1007/s11069-025-07447-1,Kurtun Dam oscillate characterization with landslide possible effect detection using InSAR observations,2025,False,abstract,False,False,0,0,0,0,0,0,0,0,0,0,0,0,0,0,0,0,0,0,0,False,
S3_hydraulic_transition_from_space,10.3390/infrastructures10120335,In Situ Estimation of Breach Outflow Hydrographs from Fluvial Dike Failures: A Methodology Integrating Real-Time Monitoring and Physical Modelling,2025,False,abstract,False,False,0,0,0,0,0,0,0,0,0,0,0,0,0,0,0,0,0,0,0,False,
S3_hydraulic_transition_from_space,10.1080/19475705.2025.2594100,Numerical simulation analysis of resurrection and surge of paleolandslide based on FDE-SPH method,2025,False,abstract,False,False,0,0,0,0,0,0,0,0,0,0,0,0,0,0,0,0,0,0,0,False,
S3_hydraulic_transition_from_space,10.1007/s12665-023-11144-2,"Impact of flow on the deposition and sediment trapping capacity in a West African reservoir (case of the Lobo River reservoir, west-central of Côte d’Ivoire)",2023,False,abstract,False,False,0,0,0,0,0,0,0,0,0,0,0,0,0,0,0,0,0,0,0,False,
S3_hydraulic_transition_from_space,10.1007/s11269-025-04427-9,Comparative Analysis of Global DEMs for Dam-Break Flood Modeling and Inundation Mapping,2026,False,abstract,False,False,0,0,0,0,0,0,0,0,0,0,0,0,0,0,0,0,0,0,0,False,
S3_hydraulic_transition_from_space,10.3390/w9080591,Decision-Making Methodology for Risk Management Applied to Imja Lake in Nepal,2017,False,abstract,False,False,0,0,0,0,0,0,0,0,0,0,0,0,0,0,0,0,0,0,0,False,
S3_hydraulic_transition_from_space,10.3390/s17102213,Variation of River Islands around a Large City along the Yangtze River from Satellite Remote Sensing Images,2017,False,abstract,False,False,0,0,0,0,0,0,0,0,0,0,0,0,0,0,0,0,0,0,0,False,
S3_hydraulic_transition_from_space,10.5194/nhess-15-1163-2015,Predicting outflow induced by moraine failure in glacial lakes: the Lake Palcacocha case from an uncertainty perspective,2015,False,abstract,False,False,0,0,0,0,0,0,0,0,0,0,0,0,0,0,0,0,0,0,0,False,
S3_hydraulic_transition_from_space,10.5194/hess-2017-683,Modeling the Glacial Lake Outburst Flood Process Chain in the Nepal Himalaya: Reassessing Imja Tsho's Hazard,2017,False,abstract,False,False,0,0,0,0,0,0,0,0,0,0,0,0,0,0,0,0,0,0,0,False,
S3_hydraulic_transition_from_space,10.1002/eco.1845,Coupled geomorphic and habitat response to a flood pulse revealed by remote sensing,2017,False,abstract,False,False,0,0,0,0,0,0,0,0,0,0,0,0,0,0,0,0,0,0,0,False,
S3_hydraulic_transition_from_space,10.1016/j.proenv.2012.01.102,Wetland inundation modeling of Dongting Lake using two-dimensional hydrodynamic model on unstructured grids,2012,False,abstract,False,False,0,0,0,0,0,0,0,0,0,0,0,0,0,0,0,0,0,0,0,False,
S3_hydraulic_transition_from_space,10.5194/nhess-2017-303,Review Article: Validation of flood risk models: current practice and innovations,2017,False,abstract,False,False,0,0,0,0,0,0,0,0,0,0,0,0,0,0,0,0,0,0,0,False,
S3_hydraulic_transition_from_space,10.5194/nhessd-1-15-2013,Potential flood volume of Himalayan glacial lakes,2013,False,abstract,False,False,0,0,0,0,0,0,0,0,0,0,0,0,0,0,0,0,0,0,0,False,
S3_hydraulic_transition_from_space,10.31223/osf.io/qbrkg,Potential environmental hazard due to tailings dam failure in Minnesota iron range and safety concern of the Dams in the US,2020,False,abstract,True,True,0,7,0,0,0,0,0,0,0,0,0,0,0,0,0,0,1,0,0,False,
S3_hydraulic_transition_from_space,10.2166/wcc.2026.031,"Modeling dam-breach-induced flash flooding: a case study of the 2018 Wadi Al Lith event, Saudi Arabia",2026,False,abstract,True,True,0,2,0,0,0,0,0,0,0,0,0,0,0,0,0,0,1,0,0,False,
S3_hydraulic_transition_from_space,10.22541/essoar.173758185.57347904/v1,"Dam Breach Analysis Using HEC-RAS: A Case Study of Naumure Dam, Nepal",2025,False,abstract,True,True,0,3,0,0,0,0,0,0,0,0,0,0,0,0,0,0,0,0,0,False,
S3_hydraulic_transition_from_space,10.5194/isprs-archives-xlviii-4-w14-2025-75-2025,Integrating Satellite Remote Sensing and Dynamic GIS for Urban Flood Risk Modelling in Ulaanbaatar City,2025,False,abstract,False,False,0,0,0,0,0,0,0,0,0,0,0,0,0,0,0,0,0,0,0,False,
S3_hydraulic_transition_from_space,10.2139/ssrn.5044976,"A Hybrid Approach for Enhanced Flood Prediction and Assessment: Leveraging Physical Models, Deep Learning, and Satellite Remote Sensing",2024,False,abstract,False,False,0,0,0,0,0,0,0,0,0,0,0,0,0,0,0,0,0,0,0,False,
S3_hydraulic_transition_from_space,10.48112/jestt.v2i1.14,Monitoring Flood Waves Due to Overtopping: Case Study of Mosul Dam from Iraq,2025,False,abstract,True,True,0,4,0,0,0,0,0,0,0,0,0,0,0,0,0,0,0,0,0,False,
S3_hydraulic_transition_from_space,10.20944/preprints202311.0088.v1,Potential Dam Breach Flood Hazard Assessment of Kulekhani Reservoir Rock Fill Dam Using 2D Diffusion and Full Dynamic Shallow Water Equation Defining Coriolis Effect,2023,False,abstract,True,True,3,4,0,0,0,0,0,0,0,0,0,0,0,0,0,0,0,0,0,False,
S3_hydraulic_transition_from_space,10.3808/jeil.202400161,"Impact of DEM Resolution on Dam Breach Flood Modelling: A HEC-RAS 2D Case Study of Dhora Dam, India",2025,False,abstract,True,True,1,2,0,0,0,0,0,0,0,0,0,0,0,0,0,0,0,0,0,False,
S3_hydraulic_transition_from_space,10.5194/isprs-archives-xlviii-5-w3-2025-29-2025,Use of Remote Sensing Data for the Rational Use of Precipitation and Meltwater in the East Kazakhstan Region,2025,False,abstract,False,False,0,0,0,0,0,0,0,0,0,0,0,0,0,0,0,0,0,0,0,False,
S3_hydraulic_transition_from_space,10.21203/rs.3.rs-3984208/v1,Forecasting of Reservoir Water Level by Remote Sensing and Deep Learning,2024,False,abstract,False,False,0,0,0,0,0,0,0,0,0,0,0,0,0,0,0,0,0,0,0,False,
S3_hydraulic_transition_from_space,10.21203/rs.3.rs-1222795/v1,Study on filling material strength and dam failure characteristics of loess dam,2022,False,abstract,True,True,0,1,0,0,0,0,0,0,0,0,0,0,0,0,0,0,0,0,0,False,
S3_hydraulic_transition_from_space,10.53982/ajeas.2025.0301.07-j,Assessment of the Impacts of Coastal Flooding using Remote Sensing and GIS: A Review,2025,False,abstract,False,False,0,0,0,0,0,0,0,0,0,0,0,0,0,0,0,0,0,0,0,False,
S3_hydraulic_transition_from_space,10.5194/isprs-annals-x-3-w1-2022-147-2022,RESEARCH STATUS AND DEVELOPMENT TREND OF PHOTOGRAMMETRY AND REMOTE SENSING IN URBAN FLOOD DISASTERS,2022,False,abstract,False,False,0,0,0,0,0,0,0,0,0,0,0,0,0,0,0,0,0,0,0,False,
S3_hydraulic_transition_from_space,10.5194/isprs-archives-xlii-3-w10-37-2020,APPLICATION OF REMOTE SENSING BIG DATA FOR RAPID RESPOND TO LANDSLIDE LAKE DISASTER MONITOR,2020,False,abstract,False,False,0,0,0,0,0,0,0,0,0,0,0,0,0,0,0,0,0,0,0,False,
S3_hydraulic_transition_from_space,10.1061/jhyeff.heeng-5885,Building Synthetic Bathymetries for Unsurveyed Reservoirs: Hydrologically Conditioned Cubic Spline Interpolation,2023,False,abstract,True,True,0,2,0,0,0,0,0,1,0,0,0,0,0,0,0,0,2,0,0,False,
S3_hydraulic_transition_from_space,10.21203/rs.3.rs-4859066/v1,"Comprehensive investigation of the debris flow triggered by heavy rainfall in Xi’an, Shaanxi, on August 11, 2023",2024,False,abstract,False,False,0,0,0,0,0,0,0,0,0,0,0,0,0,0,0,0,0,0,0,False,
S3_hydraulic_transition_from_space,10.3390/rs18091425,Global Flood Vulnerability Model: Building-Level Assessment Using Multi-Source Remote Sensing,2026,False,abstract,False,False,0,0,0,0,0,0,0,0,0,0,0,0,0,0,0,0,0,0,0,False,
S3_hydraulic_transition_from_space,10.15406/ijh.2022.06.00326,Systematic review on the use of digital terrain models in dam rupture simulations,2022,False,abstract,True,True,0,2,0,0,0,0,0,0,0,0,0,0,0,0,0,0,0,0,0,False,
S3_hydraulic_transition_from_space,10.1080/19475705.2026.2653206,Remote sensing-based failure risk assessment of Himalayan glacial lakes due to seismic-induced water waves,2026,False,abstract,False,False,0,0,0,0,0,0,0,0,0,0,0,0,0,0,0,0,0,0,0,False,
S3_hydraulic_transition_from_space,10.3390/w17203001,Quantifying Flood Impacts on Ecosystem Carbon Dynamics Using Remote Sensing and Machine Learning in the Climate-Stressed Landscape of Emilia-Romagna,2025,False,abstract,False,False,0,0,0,0,0,0,0,0,0,0,0,0,0,0,0,0,0,0,0,False,
S3_hydraulic_transition_from_space,10.21203/rs.3.rs-1874540/v1,Primary and potential secondary risks of landslide outburst floods,2022,False,abstract,True,True,0,1,0,0,0,0,0,0,0,0,0,0,0,0,0,0,1,0,0,False,
S3_hydraulic_transition_from_space,10.22146/jcef.9929,"Analysis of Gongseng Dam Break-Induced Flood in East Java, Indonesia Through 2D Iber Software",2023,False,abstract,True,True,0,7,0,0,0,0,0,0,0,0,0,0,0,0,0,0,0,0,0,False,
S3_hydraulic_transition_from_space,10.22146/jcef.13286,Field Study of Deposit and Erosion Patterns around Pandanus Clusters Driven by Hydrodynamic Waves: A Preliminary Field Investigation,2024,False,abstract,False,False,0,0,0,0,0,0,0,0,0,0,0,0,0,0,0,0,0,0,0,False,
S3_hydraulic_transition_from_space,10.3389/feart.2026.1740374,"Glacier dynamics, proglacial lake expansion, and GLOF risk assessment in the lato basin, Trans-Himalayan Ladakh",2026,False,abstract,False,False,0,0,0,0,0,0,0,0,0,0,0,0,0,0,0,0,0,0,0,False,
S3_hydraulic_transition_from_space,10.1088/1748-9326/ae21f4,Societal and environmental interconnections: future directions for flood inundation models,2025,False,abstract,False,False,0,0,0,0,0,0,0,0,0,0,0,0,0,0,0,0,0,0,0,False,
S3_hydraulic_transition_from_space,10.1111/jfr3.12936,Preparing for severe flooding: Flood risk management research leading to better flood preparedness,2023,False,abstract,True,True,0,2,0,0,0,0,0,0,0,0,0,0,0,0,0,0,1,0,0,False,
S3_hydraulic_transition_from_space,10.21203/rs.3.rs-2657694/v1,Assessment Risk of Evolution Process of Disaster Chain Induced by Potential Landslide in Woda,2023,False,abstract,True,True,0,1,0,0,0,0,0,0,0,0,0,0,0,0,0,0,0,0,0,False,
S3_hydraulic_transition_from_space,10.21203/rs.3.rs-2306096/v1,"Outburst floods strongly influence valley evolution in the Tsangpo Gorge, Eastern Himalaya",2022,False,abstract,False,False,0,0,0,0,0,0,0,0,0,0,0,0,0,0,0,0,0,0,0,False,
S3_hydraulic_transition_from_space,10.3389/feart.2023.1265852,The evolution of glacial lake and glaciers and their potential impact on glacial debris flow activity in the Palong Zangbu catchment in Southeastern Tibet,2023,False,abstract,False,False,0,0,0,0,0,0,0,0,0,0,0,0,0,0,0,0,0,0,0,False,
S3_hydraulic_transition_from_space,10.14393/rcg239061589,ESTIMATIVA DE PARÂMETROS NÃO-OPTICAMENTE ATIVOS DE QUALIDADE DA ÁGUA A PARTIR DE SENSORES SENTINEL-2/MSI E LANDSAT-8/OLI,2022,False,abstract,False,False,0,0,0,0,0,0,0,0,0,0,0,0,0,0,0,0,0,0,0,False,
S3_hydraulic_transition_from_space,10.5194/esurf-2020-92,The formation processes and development characteristics of sandbars due to outburst flood triggered by landslide dam overtopping failure,2020,False,abstract,True,True,0,1,0,0,0,0,0,0,0,0,0,0,0,0,0,0,0,0,0,False,
S3_hydraulic_transition_from_space,10.31857/s2076673424020026,"The outburst of dammed lake Maashey (North-Chuya ridge, Central Altai)",2024,False,abstract,False,False,0,0,0,0,0,0,0,0,0,0,0,0,0,0,0,0,0,0,0,False,
S3_hydraulic_transition_from_space,10.3390/w18050628,"Hazard Assessment for Potential GLOF of JiongpuCo Glacial Lake, Southeastern Tibet",2026,False,abstract,False,False,0,0,0,0,0,0,0,0,0,0,0,0,0,0,0,0,0,0,0,False,
S3_hydraulic_transition_from_space,10.21203/rs.3.rs-1033166/v1,Flood Inundation Evolution of Barrier Lake and Evaluation of Regional Ecological Spatiotemporal Response -- A Case Study of Sichuan-Tibet Region,2021,False,abstract,True,True,0,2,0,0,0,0,0,0,0,0,0,0,0,0,0,0,1,0,0,False,
S3_hydraulic_transition_from_space,10.5016/geociencias.v44i2.19030,"Modelagem bidimensional de transporte de sedimentos nas confluências do Rio Doce, após o desastre de Mariana - MG, Brasil",2025,False,abstract,False,False,0,0,0,0,0,0,0,0,0,0,0,0,0,0,0,0,0,0,0,False,
S3_hydraulic_transition_from_space,10.58524/jgsa.v2i2.115,"UAV photogrammetry for riverine analysis: A systematic review of methodologies, accuracy, and challenges",2026,False,abstract,False,False,0,0,0,0,0,0,0,0,0,0,0,0,0,0,0,0,0,0,0,False,
S3_hydraulic_transition_from_space,10.22201/igc.20072902e.2025.3.1882,An analysis of rheological models for lahar modelling with Iber,2025,False,abstract,False,False,0,0,0,0,0,0,0,0,0,0,0,0,0,0,0,0,0,0,0,False,
S3_hydraulic_transition_from_space,10.5194/hess-15-3689-2011,Hydro-physical processes at the plunge point: an analysis using satellite and in situ data,2011,False,abstract,False,False,0,0,0,0,0,0,0,0,0,0,0,0,0,0,0,0,0,0,0,False,
S3_hydraulic_transition_from_space,10.5194/isprsarchives-xl-8-1345-2014,Sunkoshi landslide in Nepal and its possible impact in India: A remote sensing based appraisal,2014,False,abstract,False,False,0,0,0,0,0,0,0,0,0,0,0,0,0,0,0,0,0,0,0,False,
S3_hydraulic_transition_from_space,10.2478/v10098-012-0011-6,"Hydrodynamic Investigation and Numerical Simulation of Intermittent and Ephemeral Flows in Semi-Arid Regions: Wadi Mekerra, Algeria",2012,False,abstract,False,False,0,0,0,0,0,0,0,0,0,0,0,0,0,0,0,0,0,0,0,False,
S3_hydraulic_transition_from_space,10.4236/ijg.2014.59078,"Integrated Geophysical, Remote Sensing and GIS Studies for Groundwater Assessment, Abu Zenima Area, West Sinai, Egypt",2014,False,abstract,False,False,0,0,0,0,0,0,0,0,0,0,0,0,0,0,0,0,0,0,0,False,
S3_hydraulic_transition_from_space,10.5194/isprsarchives-xl-8-101-2014,"Glof Study in Tawang River Basin, Arunachal Pradesh, India",2014,False,abstract,True,True,0,1,0,0,0,0,0,1,0,0,0,0,0,0,0,0,2,0,0,False,
S3_hydraulic_transition_from_space,10.1016/j.apm.2014.05.021,A dual finite volume method scheme for catastrophic flash floods in channel networks,2014,False,abstract,False,False,0,0,0,0,0,0,0,0,0,0,0,0,0,0,0,0,0,0,0,False,
S3_hydraulic_transition_from_space,10.3390/geosciences7020030,"Analysis of Costantino Landslide Dam Evolution (Southern Italy) by Means of Satellite Images, Aerial Photos, and Climate Data",2017,False,abstract,False,False,0,0,0,0,0,0,0,0,0,0,0,0,0,0,0,0,0,0,0,False,
S3_hydraulic_transition_from_space,10.4236/as.2017.810079,Comparison of the Damaged Area Caused by an Agricultural Dam-Break Flood Wave Using HEC-RAS and UAV Surveying,2017,True,full_text,True,True,0,16,0,0,0,0,0,0,0,0,0,0,0,0,0,0,2,0,0,False,
S3_hydraulic_transition_from_space,10.13101/ijece.9.71,Amplification Mechanism and Hazard Analysis for Zhouqu Giant Debris Flow,2016,False,abstract,True,True,0,1,0,0,0,0,0,2,0,0,0,0,0,0,0,0,0,0,0,False,
S3_hydraulic_transition_from_space,10.1080/00028487.2012.662202,Towards a Process Domain‐Sensitive Substrate Habitat Model for Sea Lampreys in Michigan Rivers,2012,False,abstract,True,True,0,1,0,0,0,0,0,1,0,0,0,0,0,0,0,0,0,0,0,False,
S3_hydraulic_transition_from_space,10.3390/app16041861,"Integrated Numerical Modeling of Dam Breach: Breach Formation, Reservoir Drawdown, and Impact on Downstream Small Dams",2026,False,abstract,True,True,1,5,0,0,0,0,0,0,0,0,0,0,0,0,0,0,0,0,0,False,
S3_hydraulic_transition_from_space,10.3390/civileng7010009,Dam Breach Parameters in a Cascade Dam Failure Based on a Regional and Site-Specific Seismic Response Analysis Approach,2026,False,abstract,True,True,0,15,0,0,0,0,0,0,0,0,0,0,0,0,0,0,0,0,0,False,
S3_hydraulic_transition_from_space,10.5281/zenodo.17707463,Multidisciplinary Assessment of Environmental Impacts of Dam Breach Floods,2025,False,abstract,True,True,0,4,0,0,0,0,0,0,0,0,0,0,0,0,0,0,1,0,0,False,
S3_hydraulic_transition_from_space,10.5281/zenodo.17707462,Multidisciplinary Assessment of Environmental Impacts of Dam Breach Floods,2025,False,abstract,True,True,0,4,0,0,0,0,0,0,0,0,0,0,0,0,0,0,1,0,0,False,
S3_hydraulic_transition_from_space,10.4314/dujopas.v12i2e.31,HEC-RAS simulation of a hypothetical Tiga dam breach in Nigeria: inundation extent and risk mapping,2026,False,abstract,True,True,0,3,0,0,0,0,0,0,0,0,0,0,0,0,0,0,0,0,0,False,
S3_hydraulic_transition_from_space,10.1007/s12665-026-13071-4,Uncertainty propagation and its impact on earth-fill dam failures,2026,False,abstract,True,True,1,4,0,0,0,0,0,0,0,0,0,0,0,0,0,0,0,0,0,False,
S3_hydraulic_transition_from_space,10.1061/jhyeff.heeng-6767,Hydrodynamics of Cascading Dam Failures: Flood Wave Propagation and Spillway Gate Operations in the Edenville–Sanford Sequential Breach in Michigan,2026,False,abstract,True,True,0,3,0,0,0,0,0,0,0,0,0,0,0,0,0,0,1,0,0,False,
S3_hydraulic_transition_from_space,10.3390/geohazards7010023,"Hydrodynamic Analysis of Landslide Dam Breach Formation and Outburst Flood Propagation in the Sunkoshi River Basin, Nepal",2026,False,abstract,True,True,1,4,0,0,0,0,0,0,0,0,0,0,0,0,0,0,0,0,0,False,
S3_hydraulic_transition_from_space,10.53898/jsce2025225,"Dam Breach Analysis Using HEC-RAS: A Case Study of Naumure Dam, Nepal",2025,False,abstract,True,True,0,3,0,0,0,0,0,0,0,0,0,0,0,0,0,0,0,0,0,False,
S3_hydraulic_transition_from_space,10.21928/uhdjst.v9n2y2025.pp251-265,Cascading Overtopping-Induced Dam Failures in a Transboundary Basin: Hydrodynamic Modeling from Gawshan to Darbandikhan Dam,2025,False,abstract,True,True,0,2,0,0,0,0,0,0,0,0,0,0,0,0,0,0,0,0,0,False,
S3_hydraulic_transition_from_space,10.1080/01431161.2026.2725266,"Glacial lake expansion and GLOF hazard assessment of Kedartal, upper Ganga basin: insights from remote sensing, climatological and 2D hydro-dynamic modelling",2026,False,abstract,True,True,0,1,0,0,0,0,0,0,0,0,0,0,0,0,0,0,2,0,0,False,
S3_hydraulic_transition_from_space,10.3390/w18172146,Topographic Reorganisation and Hydrodynamic Implications of the Hemenkou Landslide After Wudongde Reservoir Impoundment: Evidence from Multi-Scale Space–Air–Ground Observations,2026,False,abstract,True,True,1,1,0,0,0,0,0,0,0,0,0,0,0,0,0,0,4,0,0,False,
S3_hydraulic_transition_from_space,10.21203/rs.3.rs-6702134/v1,Monitoring of Mine Tailings Ponds in Ghana: A Remote Sensing-Based Assessment,2025,False,abstract,False,False,0,0,0,0,0,0,0,0,0,0,0,0,0,0,0,0,0,0,0,False,
S3_hydraulic_transition_from_space,10.4136/ambi-agua.3122,Sediment dynamics in a semiarid catchment with cascade dam failures,2025,False,abstract,True,True,0,7,0,0,0,0,0,0,0,0,0,0,0,0,0,0,0,0,0,False,
S3_hydraulic_transition_from_space,10.20944/preprints202404.0439.v1,"Phytoplankton Bloom Localized by Sentinel-2 Images and Hydrodynamic Modelling – Sulejów Reservoir, Pilica River, Poland",2024,False,abstract,False,False,0,0,0,0,0,0,0,0,0,0,0,0,0,0,0,0,0,0,0,False,
S3_hydraulic_transition_from_space,10.65542/djei.v2i1.35,The Evaluation of Flood Hazard of a Hypothetical Duhok Dam Failure,2026,False,abstract,True,True,0,4,0,0,0,0,0,0,0,0,0,0,0,0,0,0,0,0,0,False,
S3_hydraulic_transition_from_space,10.21203/rs.3.rs-10032683/v1,"Quantifying the long-term evolution of glacial lakes and the impact of the 2024 Thame, Nepal outburst flood event using remote sensing",2026,False,abstract,False,False,0,0,0,0,0,0,0,0,0,0,0,0,0,0,0,0,0,0,0,False,
S3_hydraulic_transition_from_space,10.5445/ir/1000196575,Linking mesohabitat delineation and landscape metrics to assess the riverscape following multiple dam removals,2026,False,abstract,True,True,1,3,0,0,0,0,0,0,0,0,0,0,0,0,0,0,0,0,0,False,
S3_hydraulic_transition_from_space,10.1038/s41598-026-71253-3,A predictive model for the sliding distance of tailings dam breaches incorporating progressive failure and energy conservation,2026,False,abstract,True,True,0,1,0,0,0,0,0,0,0,0,0,0,0,0,0,0,0,0,0,False,
S3_hydraulic_transition_from_space,10.5281/zenodo.8240338,Projecting fish community responses to dam removal – Data-limited modeling,2023,False,abstract,True,False,0,0,0,0,0,0,0,0,0,0,0,0,0,0,0,0,0,0,0,False,
S3_hydraulic_transition_from_space,10.17656/sjes.102001,Geospatial Analysis of Rainfall Erosivity Using Remote Sensing and GIS Techniques,2025,False,abstract,False,False,0,0,0,0,0,0,0,0,0,0,0,0,0,0,0,0,0,0,0,False,
S3_hydraulic_transition_from_space,10.7163/gpol.0300,"Phytoplankton blooms localized by Sentinel-2 images and hydrodynamic modelling – Sulejów Reservoir on the Pilica river, Poland",2025,False,abstract,False,False,0,0,0,0,0,0,0,0,0,0,0,0,0,0,0,0,0,0,0,False,
S3_hydraulic_transition_from_space,10.47191/etj/v11i01.02,Remote-Sensing Based Environmental Surveillance System for Detecting Early Hydrological Disruptions,2025,False,abstract,False,False,0,0,0,0,0,0,0,0,0,0,0,0,0,0,0,0,0,0,0,False,
S3_hydraulic_transition_from_space,10.31026/j.eng.2015.12.04,Calibration and Verification of the Hydraulic Model for Blue Nile River from Roseires Dam to Khartoum City,2015,False,abstract,True,True,0,1,0,0,0,0,0,3,0,0,0,0,0,0,0,0,0,0,0,False,
S3_hydraulic_transition_from_space,10.13101/ijece.5.123,"Glacial and Sediment Hazards in the Rolwaling Valley, Nepal",2012,False,abstract,True,True,0,1,0,0,0,0,0,0,0,0,0,0,0,0,0,0,0,0,0,False,
S3_hydraulic_transition_from_space,10.5194/nhessd-2-6937-2014,Periodic Glacial Lake Outburst Floods threatening the oldest Buddhist monastery in north-west Nepal,2014,False,abstract,False,False,0,0,0,0,0,0,0,0,0,0,0,0,0,0,0,0,0,0,0,False,
S4_historical_data_as_validation,10.1007/s10712-022-09700-9,Water Resources in Africa under Global Change: Monitoring Surface Waters from Space,2022,False,abstract,False,False,0,0,0,0,0,0,0,0,0,0,0,0,0,0,0,0,0,0,0,False,
S4_historical_data_as_validation,10.1029/2021wr031614,A Framework for Estimating Global River Discharge From the Surface Water and Ocean Topography Satellite Mission,2023,False,abstract,False,False,0,0,0,0,0,0,0,0,0,0,0,0,0,0,0,0,0,0,0,False,
S4_historical_data_as_validation,10.1029/2022wr032842,ICESat‐2 Based River Surface Slope and Its Impact on Water Level Time Series From Satellite Altimetry,2022,False,abstract,False,False,0,0,0,0,0,0,0,0,0,0,0,0,0,0,0,0,0,0,0,False,
S4_historical_data_as_validation,10.1016/j.rse.2016.12.029,"The Ice, Cloud, and land Elevation Satellite-2 (ICESat-2): Science requirements, concept, and implementation",2017,False,abstract,False,False,0,0,0,0,0,0,0,0,0,0,0,0,0,0,0,0,0,0,0,False,
S4_historical_data_as_validation,10.5194/hess-27-1011-2023,River hydraulic modeling with ICESat-2 land and water surface elevation,2023,False,abstract,False,False,0,0,0,0,0,0,0,0,0,0,0,0,0,0,0,0,0,0,0,False,
S4_historical_data_as_validation,10.5194/essd-13-4349-2021,ERA5-Land: a state-of-the-art global reanalysis dataset for land applications,2021,False,abstract,False,False,0,0,0,0,0,0,0,0,0,0,0,0,0,0,0,0,0,0,0,False,
S4_historical_data_as_validation,10.1029/2023wr036428,Hydraulic River Models From ICESat‐2 Elevation and Water Surface Slope,2024,False,abstract,False,False,0,0,0,0,0,0,0,0,0,0,0,0,0,0,0,0,0,0,0,False,
S4_historical_data_as_validation,10.1038/s41467-019-12808-z,New elevation data triple estimates of global vulnerability to sea-level rise and coastal flooding,2019,False,abstract,False,False,0,0,0,0,0,0,0,0,0,0,0,0,0,0,0,0,0,0,0,False,
S4_historical_data_as_validation,10.3389/fmars.2019.00232,Global Observations of Fine-Scale Ocean Surface Topography With the Surface Water and Ocean Topography (SWOT) Mission,2019,False,abstract,False,False,0,0,0,0,0,0,0,0,0,0,0,0,0,0,0,0,0,0,0,False,
S4_historical_data_as_validation,10.1007/s10712-016-9362-6,Lake Volume Monitoring from Space,2016,False,abstract,False,False,0,0,0,0,0,0,0,0,0,0,0,0,0,0,0,0,0,0,0,False,
S4_historical_data_as_validation,10.3390/rs13204162,Surface Water Storage in Rivers and Wetlands Derived from Satellite Observations: A Review of Current Advances and Future Opportunities for Hydrological Sciences,2021,False,abstract,False,False,0,0,0,0,0,0,0,0,0,0,0,0,0,0,0,0,0,0,0,False,
S4_historical_data_as_validation,10.5194/hess-23-669-2019,A global lake and reservoir volume analysis using a surface water dataset and satellite altimetry,2019,False,abstract,False,False,0,0,0,0,0,0,0,0,0,0,0,0,0,0,0,0,0,0,0,False,
S4_historical_data_as_validation,10.1175/1520-0442(2002)015<3237:althbd>2.0.co;2,A Long-Term Hydrologically Based Dataset of Land Surface Fluxes and States for the Conterminous United States*,2002,False,abstract,False,False,0,0,0,0,0,0,0,0,0,0,0,0,0,0,0,0,0,0,0,False,
S4_historical_data_as_validation,10.5194/hess-21-751-2017,Application of CryoSat-2 altimetry data for river analysis and modelling,2017,False,abstract,False,False,0,0,0,0,0,0,0,0,0,0,0,0,0,0,0,0,0,0,0,False,
S4_historical_data_as_validation,10.1002/2015rg000502,Vertical land motion as a key to understanding sea level change and variability,2015,False,abstract,False,False,0,0,0,0,0,0,0,0,0,0,0,0,0,0,0,0,0,0,0,False,
S4_historical_data_as_validation,10.1002/esp.4787,Remotely sensed rivers in the Anthropocene: state of the art and prospects,2019,False,abstract,False,False,0,0,0,0,0,0,0,0,0,0,0,0,0,0,0,0,0,0,0,False,
S4_historical_data_as_validation,10.5194/hess-25-1643-2021,Evaluation of historic and operational satellite radar altimetry missions for constructing consistent long-term lake water level records,2021,False,abstract,False,False,0,0,0,0,0,0,0,0,0,0,0,0,0,0,0,0,0,0,0,False,
S4_historical_data_as_validation,10.3390/rs13183581,Digital Elevation Models: Terminology and Definitions,2021,False,abstract,False,False,0,0,0,0,0,0,0,0,0,0,0,0,0,0,0,0,0,0,0,False,
S4_historical_data_as_validation,10.3390/rs6064952,Atmospheric Corrections for Altimetry Studies over Inland Water,2014,False,abstract,False,False,0,0,0,0,0,0,0,0,0,0,0,0,0,0,0,0,0,0,0,False,
S4_historical_data_as_validation,10.1029/2009jd012674,"Interannual variability of surface water extent at the global scale, 1993–2004",2010,False,abstract,False,False,0,0,0,0,0,0,0,0,0,0,0,0,0,0,0,0,0,0,0,False,
S4_historical_data_as_validation,10.1016/j.rse.2019.111366,Half a century of satellite remote sensing of sea-surface temperature,2019,False,abstract,False,False,0,0,0,0,0,0,0,0,0,0,0,0,0,0,0,0,0,0,0,False,
S4_historical_data_as_validation,10.3390/rs10101557,"Fifteen Years of Cal/Val Service to Reference Altimetry Missions: Calibration of Satellite Altimetry at the Permanent Facilities in Gavdos and Crete, Greece",2018,False,abstract,False,False,0,0,0,0,0,0,0,0,0,0,0,0,0,0,0,0,0,0,0,False,
S4_historical_data_as_validation,10.1016/j.asr.2021.01.022,Altimetry for the future: Building on 25 years of progress,2021,False,abstract,False,False,0,0,0,0,0,0,0,0,0,0,0,0,0,0,0,0,0,0,0,False,
S4_historical_data_as_validation,10.1029/2020rg000728,Amazon Hydrology From Space: Scientific Advances and Future Challenges,2021,False,abstract,False,False,0,0,0,0,0,0,0,0,0,0,0,0,0,0,0,0,0,0,0,False,
S4_historical_data_as_validation,10.3319/tao.2008.19.1-2.1(sa),"A Survey of ICESat Coastal Altimetry Applications: Continental Coast, Open Ocean Island, and Inland River",2008,False,abstract,False,False,0,0,0,0,0,0,0,0,0,0,0,0,0,0,0,0,0,0,0,False,
S4_historical_data_as_validation,10.1175/1520-0477(2001)082<2415:fantts>2.3.co;2,"FLUXNET: A New Tool to Study the Temporal and Spatial Variability of Ecosystem–Scale Carbon Dioxide, Water Vapor, and Energy Flux Densities",2001,False,abstract,False,False,0,0,0,0,0,0,0,0,0,0,0,0,0,0,0,0,0,0,0,False,
S4_historical_data_as_validation,10.1029/2018wr023274,"AirSWOT InSAR Mapping of Surface Water Elevations and Hydraulic Gradients Across the Yukon Flats Basin, Alaska",2018,False,abstract,False,False,0,0,0,0,0,0,0,0,0,0,0,0,0,0,0,0,0,0,0,False,
S4_historical_data_as_validation,10.1175/jcli3790.1,Development of a 50-Year High-Resolution Global Dataset of Meteorological Forcings for Land Surface Modeling,2006,False,abstract,False,False,0,0,0,0,0,0,0,0,0,0,0,0,0,0,0,0,0,0,0,False,
S4_historical_data_as_validation,10.2151/jmsj.85.369,The JRA-25 Reanalysis,2007,False,abstract,False,False,0,0,0,0,0,0,0,0,0,0,0,0,0,0,0,0,0,0,0,False,
S4_historical_data_as_validation,10.1016/j.rse.2017.01.021,Validation of SMAP surface soil moisture products with core validation sites,2017,False,abstract,False,False,0,0,0,0,0,0,0,0,0,0,0,0,0,0,0,0,0,0,0,False,
S4_historical_data_as_validation,10.1175/1525-7541(2003)004<1147:tvgpcp>2.0.co;2,The Version-2 Global Precipitation Climatology Project (GPCP) Monthly Precipitation Analysis (1979–Present),2003,False,abstract,False,False,0,0,0,0,0,0,0,0,0,0,0,0,0,0,0,0,0,0,0,False,
S4_historical_data_as_validation,10.1029/2022rg000777,"Satellite Remote Sensing of Global Land Surface Temperature: Definition, Methods, Products, and Applications",2022,False,abstract,False,False,0,0,0,0,0,0,0,0,0,0,0,0,0,0,0,0,0,0,0,False,
S4_historical_data_as_validation,10.1016/j.rse.2014.02.001,Landsat-8: Science and product vision for terrestrial global change research,2014,False,abstract,False,False,0,0,0,0,0,0,0,0,0,0,0,0,0,0,0,0,0,0,0,False,
S4_historical_data_as_validation,10.1007/s10712-021-09685-x,Applications and Challenges of GRACE and GRACE Follow-On Satellite Gravimetry,2022,False,abstract,False,False,0,0,0,0,0,0,0,0,0,0,0,0,0,0,0,0,0,0,0,False,
S4_historical_data_as_validation,10.1016/j.rse.2017.08.038,"Error sources and guidelines for quality assessment of glacier area, elevation change, and velocity products derived from satellite data in the Glaciers_cci project",2017,False,abstract,False,False,0,0,0,0,0,0,0,0,0,0,0,0,0,0,0,0,0,0,0,False,
S4_historical_data_as_validation,10.1017/cft.2022.4,The future of coastal monitoring through satellite remote sensing,2022,False,abstract,False,False,0,0,0,0,0,0,0,0,0,0,0,0,0,0,0,0,0,0,0,False,
S4_historical_data_as_validation,10.5194/os-17-615-2021,FES2014 global ocean tide atlas: design and performance,2021,False,abstract,False,False,0,0,0,0,0,0,0,0,0,0,0,0,0,0,0,0,0,0,0,False,
S4_historical_data_as_validation,10.1175/jas3385.1,"The MODIS Aerosol Algorithm, Products, and Validation",2005,False,abstract,False,False,0,0,0,0,0,0,0,0,0,0,0,0,0,0,0,0,0,0,0,False,
S4_historical_data_as_validation,10.3389/fmars.2019.00485,Satellite Ocean Colour: Current Status and Future Perspective,2019,False,abstract,False,False,0,0,0,0,0,0,0,0,0,0,0,0,0,0,0,0,0,0,0,False,
S4_historical_data_as_validation,10.5194/amt-6-2989-2013,The Collection 6 MODIS aerosol products over land and ocean,2013,False,abstract,False,False,0,0,0,0,0,0,0,0,0,0,0,0,0,0,0,0,0,0,0,False,
S4_historical_data_as_validation,10.1007/s10712-016-9392-0,Monitoring Sea Level in the Coastal Zone with Satellite Altimetry and Tide Gauges,2016,False,abstract,False,False,0,0,0,0,0,0,0,0,0,0,0,0,0,0,0,0,0,0,0,False,
S4_historical_data_as_validation,10.1029/2005rg000183,The Shuttle Radar Topography Mission,2007,False,abstract,False,False,0,0,0,0,0,0,0,0,0,0,0,0,0,0,0,0,0,0,0,False,
S4_historical_data_as_validation,10.1029/2017wr022437,Satellite Remote Sensing for Water Resources Management: Potential for Supporting Sustainable Development in Data‐Poor Regions,2018,False,abstract,False,False,0,0,0,0,0,0,0,0,0,0,0,0,0,0,0,0,0,0,0,False,
S4_historical_data_as_validation,10.1029/2001jd000609,Surface water dynamics in the Amazon Basin: Application of satellite radar altimetry,2002,False,abstract,False,False,0,0,0,0,0,0,0,0,0,0,0,0,0,0,0,0,0,0,0,False,
S4_historical_data_as_validation,10.5194/hess-19-3755-2015,"A review of applications of satellite SAR, optical, altimetry and DEM data for surface water modelling, mapping and parameter estimation",2015,True,full_text,False,False,0,0,0,0,0,0,0,0,0,0,0,0,0,0,0,0,0,0,0,False,
S4_historical_data_as_validation,10.1256/qj.04.176,The ERA‐40 re‐analysis,2005,False,abstract,False,False,0,0,0,0,0,0,0,0,0,0,0,0,0,0,0,0,0,0,0,False,
S4_historical_data_as_validation,10.1016/j.geomorph.2012.08.021,"‘Structure-from-Motion’ photogrammetry: A low-cost, effective tool for geoscience applications",2012,False,abstract,False,False,0,0,0,0,0,0,0,0,0,0,0,0,0,0,0,0,0,0,0,False,
S4_historical_data_as_validation,10.5194/hess-15-453-2011,Global land-surface evaporation estimated from satellite-based observations,2011,False,abstract,False,False,0,0,0,0,0,0,0,0,0,0,0,0,0,0,0,0,0,0,0,False,
S4_historical_data_as_validation,10.1002/2017gl072874,A high‐accuracy map of global terrain elevations,2017,False,abstract,False,False,0,0,0,0,0,0,0,0,0,0,0,0,0,0,0,0,0,0,0,False,
S4_historical_data_as_validation,10.5194/hess-25-333-2021,Sentinel-3 radar altimetry for river monitoring – a catchment-scale evaluation of satellite water surface elevation from Sentinel-3A and Sentinel-3B,2021,False,abstract,False,False,0,0,0,0,0,0,0,0,0,0,0,0,0,0,0,0,0,0,0,False,
S4_historical_data_as_validation,10.1016/j.rse.2015.11.003,Water observations from space: Mapping surface water from 25 years of Landsat imagery across Australia,2015,False,abstract,False,False,0,0,0,0,0,0,0,0,0,0,0,0,0,0,0,0,0,0,0,False,
S4_historical_data_as_validation,10.1029/2019wr025287,Global Reconstruction of Naturalized River Flows at 2.94 Million Reaches,2019,False,abstract,False,False,0,0,0,0,0,0,0,0,0,0,0,0,0,0,0,0,0,0,0,False,
S4_historical_data_as_validation,10.1029/2012wr012063,Global monitoring of large reservoir storage from satellite remote sensing,2012,False,abstract,False,False,0,0,0,0,0,0,0,0,0,0,0,0,0,0,0,0,0,0,0,False,
S4_historical_data_as_validation,10.5194/hess-23-3735-2019,Representation and improved parameterization of reservoir operation in hydrological and land-surface models,2019,False,abstract,False,False,0,0,0,0,0,0,0,0,0,0,0,0,0,0,0,0,0,0,0,False,
S4_historical_data_as_validation,10.3390/rs12071107,Remote Sensing of River Discharge: A Review and a Framing for the Discipline,2020,True,full_text,False,False,0,0,0,0,0,0,0,0,0,0,0,0,0,0,0,0,0,0,0,False,
S4_historical_data_as_validation,10.5194/essd-12-1141-2020,Satellite-based remote sensing data set of global surface water storage change from 1992 to 2018,2020,False,abstract,False,False,0,0,0,0,0,0,0,0,0,0,0,0,0,0,0,0,0,0,0,False,
S4_historical_data_as_validation,10.1117/1.jrs.6.061710,Intercomparison and validation of continental water level products derived from satellite radar altimetry,2012,False,abstract,False,False,0,0,0,0,0,0,0,0,0,0,0,0,0,0,0,0,0,0,0,False,
S4_historical_data_as_validation,10.1002/2015wr018237,ICESat‐derived inland water surface spot heights,2016,False,abstract,False,False,0,0,0,0,0,0,0,0,0,0,0,0,0,0,0,0,0,0,0,False,
S4_historical_data_as_validation,10.1038/nclimate2563,Elevation-dependent warming in mountain regions of the world,2015,False,abstract,False,False,0,0,0,0,0,0,0,0,0,0,0,0,0,0,0,0,0,0,0,False,
S4_historical_data_as_validation,10.1002/2016rg000517,Opportunities for hydrologic research in the Congo Basin,2016,False,abstract,False,False,0,0,0,0,0,0,0,0,0,0,0,0,0,0,0,0,0,0,0,False,
S4_historical_data_as_validation,10.5194/essd-11-1603-2019,High-temporal-resolution water level and storage change data sets for lakes on the Tibetan Plateau during 2000–2017 using multiple altimetric missions and Landsat-derived lake shoreline positions,2019,False,abstract,False,False,0,0,0,0,0,0,0,0,0,0,0,0,0,0,0,0,0,0,0,False,
S4_historical_data_as_validation,10.1002/2014jb011547,Improved methods for observing Earth's time variable mass distribution with GRACE using spherical cap mascons,2015,False,abstract,False,False,0,0,0,0,0,0,0,0,0,0,0,0,0,0,0,0,0,0,0,False,
S4_historical_data_as_validation,10.1002/rra.3479,Remote sensing of river corridors: A review of current trends and future directions,2019,False,abstract,False,False,0,0,0,0,0,0,0,0,0,0,0,0,0,0,0,0,0,0,0,False,
S4_historical_data_as_validation,10.1029/2019wr024873,MERIT Hydro: A High‐Resolution Global Hydrography Map Based on Latest Topography Dataset,2019,False,abstract,False,False,0,0,0,0,0,0,0,0,0,0,0,0,0,0,0,0,0,0,0,False,
S4_historical_data_as_validation,10.3389/fmars.2019.00348,Requirements for a Coastal Hazards Observing System,2019,False,abstract,False,False,0,0,0,0,0,0,0,0,0,0,0,0,0,0,0,0,0,0,0,False,
S4_historical_data_as_validation,10.3390/rs11010048,"Satellite Remote Sensing of Surface Urban Heat Islands: Progress, Challenges, and Perspectives",2018,False,abstract,False,False,0,0,0,0,0,0,0,0,0,0,0,0,0,0,0,0,0,0,0,False,
S4_historical_data_as_validation,10.1029/1999gb001254,High‐resolution fields of global runoff combining observed river discharge and simulated water balances,2002,False,abstract,False,False,0,0,0,0,0,0,0,0,0,0,0,0,0,0,0,0,0,0,0,False,
S4_historical_data_as_validation,10.1016/j.envsoft.2019.104528,CoastSat: A Google Earth Engine-enabled Python toolkit to extract shorelines from publicly available satellite imagery,2019,False,abstract,False,False,0,0,0,0,0,0,0,0,0,0,0,0,0,0,0,0,0,0,0,False,
S4_historical_data_as_validation,10.1371/journal.pone.0169748,SoilGrids250m: Global gridded soil information based on machine learning,2017,False,abstract,False,False,0,0,0,0,0,0,0,0,0,0,0,0,0,0,0,0,0,0,0,False,
S4_historical_data_as_validation,10.1016/j.rse.2019.02.013,Historical background and current developments for mapping burned area from satellite Earth observation,2019,False,abstract,False,False,0,0,0,0,0,0,0,0,0,0,0,0,0,0,0,0,0,0,0,False,
S4_historical_data_as_validation,10.1029/2003rg000139,Present‐day sea level change: Observations and causes,2004,False,abstract,False,False,0,0,0,0,0,0,0,0,0,0,0,0,0,0,0,0,0,0,0,False,
S4_historical_data_as_validation,10.1175/bams-87-3-343,North American Regional Reanalysis,2006,False,abstract,False,False,0,0,0,0,0,0,0,0,0,0,0,0,0,0,0,0,0,0,0,False,
S4_historical_data_as_validation,10.3390/rs12071156,ASTER Global Digital Elevation Model (GDEM) and ASTER Global Water Body Dataset (ASTWBD),2020,False,abstract,False,False,0,0,0,0,0,0,0,0,0,0,0,0,0,0,0,0,0,0,0,False,
S4_historical_data_as_validation,10.5194/essd-11-647-2019,"ICGEM – 15 years of successful collection and distribution of global gravitational models, associated services, and future plans",2019,False,abstract,False,False,0,0,0,0,0,0,0,0,0,0,0,0,0,0,0,0,0,0,0,False,
S4_historical_data_as_validation,10.1007/s10712-022-09744-x,Water Resources in Africa: The Role of Earth Observation Data and Hydrodynamic Modeling to Derive River Discharge,2022,True,full_text,False,False,0,0,0,0,0,0,0,0,0,0,0,0,0,0,0,0,0,0,0,False,
S4_historical_data_as_validation,10.1002/2017rg000574,"A Review of Global Precipitation Data Sets: Data Sources, Estimation, and Intercomparisons",2017,False,abstract,False,False,0,0,0,0,0,0,0,0,0,0,0,0,0,0,0,0,0,0,0,False,
S4_historical_data_as_validation,10.5194/gmd-13-3267-2020,Development of the Community Water Model (CWatM v1.04) – a high-resolution hydrological model for global and regional assessment of integrated water resources management,2020,False,abstract,False,False,0,0,0,0,0,0,0,0,0,0,0,0,0,0,0,0,0,0,0,False,
S4_historical_data_as_validation,10.1029/2003jd003823,The multi‐institution North American Land Data Assimilation System (NLDAS): Utilizing multiple GCIP products and partners in a continental distributed hydrological modeling system,2004,False,abstract,False,False,0,0,0,0,0,0,0,0,0,0,0,0,0,0,0,0,0,0,0,False,
S4_historical_data_as_validation,10.1002/esp.1853,Water surface mapping from airborne laser scanning using signal intensity and elevation data,2009,False,abstract,False,False,0,0,0,0,0,0,0,0,0,0,0,0,0,0,0,0,0,0,0,False,
S4_historical_data_as_validation,10.1016/j.rse.2019.02.015,"Current status of Landsat program, science, and applications",2019,False,abstract,True,True,0,0,0,0,0,2,0,0,0,1,0,0,0,0,0,0,0,3,0,False,
S4_historical_data_as_validation,10.1175/jcli-d-20-0166.1,Improvements of the Daily Optimum Interpolation Sea Surface Temperature (DOISST) Version 2.1,2020,False,abstract,False,False,0,0,0,0,0,0,0,0,0,0,0,0,0,0,0,0,0,0,0,False,
S4_historical_data_as_validation,10.1029/2018rg000608,"An Overview of Global Leaf Area Index (LAI): Methods, Products, Validation, and Applications",2019,False,abstract,False,False,0,0,0,0,0,0,0,0,0,0,0,0,0,0,0,0,0,0,0,False,
S4_historical_data_as_validation,10.1029/2019wr026561,Surface Depression and Wetland Water Storage Improves Major River Basin Hydrologic Predictions,2020,False,abstract,False,False,0,0,0,0,0,0,0,0,0,0,0,0,0,0,0,0,0,0,0,False,
S4_historical_data_as_validation,10.5194/tc-13-665-2019,The Reference Elevation Model of Antarctica,2019,False,abstract,False,False,0,0,0,0,0,0,0,0,0,0,0,0,0,0,0,0,0,0,0,False,
S4_historical_data_as_validation,10.5194/hess-15-241-2011,Real-time remote sensing driven river basin modeling using radar altimetry,2011,False,abstract,False,False,0,0,0,0,0,0,0,0,0,0,0,0,0,0,0,0,0,0,0,False,
S4_historical_data_as_validation,10.1029/2000rg000095,ENVIRONMENTAL CHARACTERIZATION OF GLOBAL SOURCES OF ATMOSPHERIC SOIL DUST IDENTIFIED WITH THE NIMBUS 7 TOTAL OZONE MAPPING SPECTROMETER (TOMS) ABSORBING AEROSOL PRODUCT,2002,False,abstract,False,False,0,0,0,0,0,0,0,0,0,0,0,0,0,0,0,0,0,0,0,False,
S4_historical_data_as_validation,10.1088/1748-9326/ac78f8,Satellite observed recent rising water levels of global lakes and reservoirs,2022,False,abstract,False,False,0,0,0,0,0,0,0,0,0,0,0,0,0,0,0,0,0,0,0,False,
S4_historical_data_as_validation,10.5194/essd-16-201-2024,GloLakes: water storage dynamics for 27 000 lakes globally from 1984 to present derived from satellite altimetry and optical imaging,2024,False,abstract,False,False,0,0,0,0,0,0,0,0,0,0,0,0,0,0,0,0,0,0,0,False,
S4_historical_data_as_validation,10.5194/essd-12-137-2020,Global River Radar Altimetry Time Series (GRRATS): new river elevation earth science data records for the hydrologic community,2020,False,abstract,False,False,0,0,0,0,0,0,0,0,0,0,0,0,0,0,0,0,0,0,0,False,
S4_historical_data_as_validation,10.5194/gmd-10-1903-2017,GLEAM v3: satellite-based land evaporation and root-zone soil moisture,2017,False,abstract,False,False,0,0,0,0,0,0,0,0,0,0,0,0,0,0,0,0,0,0,0,False,
S4_historical_data_as_validation,10.5670/oceanog.2010.02,Eddy Dynamics From Satellite Altimetry,2010,False,abstract,False,False,0,0,0,0,0,0,0,0,0,0,0,0,0,0,0,0,0,0,0,False,
S4_historical_data_as_validation,10.1029/2020gl088770,On the Performance of Sentinel‐3 Altimetry Over New Reservoirs: Approaches to Determine Onboard A Priori Elevation,2020,False,abstract,False,False,0,0,0,0,0,0,0,0,0,0,0,0,0,0,0,0,0,0,0,False,
S4_historical_data_as_validation,10.5194/soil-7-217-2021,SoilGrids 2.0: producing soil information for the globe with quantified spatial uncertainty,2021,False,abstract,True,True,0,0,0,0,0,1,0,0,0,1,0,0,0,0,0,0,0,0,0,False,
S4_historical_data_as_validation,10.5194/hess-22-6005-2018,Rainfall–runoff modelling using Long Short-Term Memory (LSTM) networks,2018,False,abstract,False,False,0,0,0,0,0,0,0,0,0,0,0,0,0,0,0,0,0,0,0,False,
S4_historical_data_as_validation,10.1029/2023wr036450,Monthly Monitoring of Inundated Areas and Water Storage Dynamics in China's Large Reservoirs Using Multisource Remote Sensing,2024,False,abstract,False,False,0,0,0,0,0,0,0,0,0,0,0,0,0,0,0,0,0,0,0,False,
S4_historical_data_as_validation,10.1016/j.rse.2016.04.018,A multi-sensor approach towards a global vegetation corrected SRTM DEM product,2016,False,abstract,False,False,0,0,0,0,0,0,0,0,0,0,0,0,0,0,0,0,0,0,0,False,
S4_historical_data_as_validation,10.3390/rs10122038,Satellite and In Situ Observations for Advancing Global Earth Surface Modelling: A Review,2018,False,abstract,False,False,0,0,0,0,0,0,0,0,0,0,0,0,0,0,0,0,0,0,0,False,
S4_historical_data_as_validation,10.1016/j.rse.2016.03.019,Estimating continental river basin discharges using multiple remote sensing data sets,2016,False,abstract,False,False,0,0,0,0,0,0,0,0,0,0,0,0,0,0,0,0,0,0,0,False,
S4_historical_data_as_validation,10.1088/1748-9326/aade56,Changing state of Arctic sea ice across all seasons,2018,False,abstract,False,False,0,0,0,0,0,0,0,0,0,0,0,0,0,0,0,0,0,0,0,False,
S4_historical_data_as_validation,10.1038/s41598-018-24630-6,The State of the World’s Beaches,2018,False,abstract,False,False,0,0,0,0,0,0,0,0,0,0,0,0,0,0,0,0,0,0,0,False,
S4_historical_data_as_validation,10.5194/essd-13-2753-2021,GLC_FCS30: global land-cover product with fine classification system at 30 m using time-series Landsat imagery,2021,False,abstract,False,False,0,0,0,0,0,0,0,0,0,0,0,0,0,0,0,0,0,0,0,False,
S4_historical_data_as_validation,10.1175/bams-85-3-381,The Global Land Data Assimilation System,2004,False,abstract,False,False,0,0,0,0,0,0,0,0,0,0,0,0,0,0,0,0,0,0,0,False,
S4_historical_data_as_validation,10.1016/j.rse.2018.02.074,"ALES+: Adapting a homogenous ocean retracker for satellite altimetry to sea ice leads, coastal and inland waters",2018,False,abstract,False,False,0,0,0,0,0,0,0,0,0,0,0,0,0,0,0,0,0,0,0,False,
S4_historical_data_as_validation,10.1175/bams-83-11-1631,NCEP–DOE AMIP-II Reanalysis (R-2),2002,False,abstract,False,False,0,0,0,0,0,0,0,0,0,0,0,0,0,0,0,0,0,0,0,False,
S4_historical_data_as_validation,10.1029/2018rg000618,"Ground, Proximal, and Satellite Remote Sensing of Soil Moisture",2019,False,abstract,False,False,0,0,0,0,0,0,0,0,0,0,0,0,0,0,0,0,0,0,0,False,
S4_historical_data_as_validation,10.1127/0941-2948/2013/0399,"The ASCAT Soil Moisture Product: A Review of its Specifications, Validation Results, and Emerging Applications",2013,False,abstract,False,False,0,0,0,0,0,0,0,0,0,0,0,0,0,0,0,0,0,0,0,False,
S4_historical_data_as_validation,10.3389/feart.2014.00026,"Citizen science in hydrology and water resources: opportunities for knowledge generation, ecosystem service management, and sustainable development",2014,False,abstract,False,False,0,0,0,0,0,0,0,0,0,0,0,0,0,0,0,0,0,0,0,False,
S4_historical_data_as_validation,10.5194/hess-22-1453-2018,Informing a hydrological model of the Ogooué with multi-mission remote sensing data,2018,False,abstract,False,False,0,0,0,0,0,0,0,0,0,0,0,0,0,0,0,0,0,0,0,False,
S4_historical_data_as_validation,10.5194/hess-17-1871-2013,A framework for global river flood risk assessments,2013,False,abstract,False,False,0,0,0,0,0,0,0,0,0,0,0,0,0,0,0,0,0,0,0,False,
S4_historical_data_as_validation,10.1029/2024gl114185,A First Look at River Discharge Estimation From SWOT Satellite Observations,2025,False,abstract,False,False,0,0,0,0,0,0,0,0,0,0,0,0,0,0,0,0,0,0,0,False,
S4_historical_data_as_validation,10.38124/ijisrt/ijisrt23dec622,"Flood Hazard Mapping and Risk Assessment in Narayani River Basin, Nepal",2023,False,abstract,False,False,0,0,0,0,0,0,0,0,0,0,0,0,0,0,0,0,0,0,0,False,
S4_historical_data_as_validation,10.1109/tgrs.2009.2021468,ICESat Full-Waveform Altimetry Compared to Airborne Laser Scanning Altimetry Over The Netherlands,2009,False,abstract,False,False,0,0,0,0,0,0,0,0,0,0,0,0,0,0,0,0,0,0,0,False,
S4_historical_data_as_validation,10.1038/s41467-021-24180-y,High Mountain Asian glacier response to climate revealed by multi-temporal satellite observations since the 1960s,2021,False,abstract,False,False,0,0,0,0,0,0,0,0,0,0,0,0,0,0,0,0,0,0,0,False,
S4_historical_data_as_validation,10.1038/s41598-018-27127-4,A New Paradigm in Earth Environmental Monitoring with the CYGNSS Small Satellite Constellation,2018,False,abstract,False,False,0,0,0,0,0,0,0,0,0,0,0,0,0,0,0,0,0,0,0,False,
S4_historical_data_as_validation,10.1175/1520-0477-83.8.1149,A Review of Twentieth-Century Drought Indices Used in the United States,2002,False,abstract,False,False,0,0,0,0,0,0,0,0,0,0,0,0,0,0,0,0,0,0,0,False,
S4_historical_data_as_validation,10.1016/j.jhydrol.2021.127355,The accuracy of the Sentinel-3A altimetry over Polish rivers,2021,False,abstract,False,False,0,0,0,0,0,0,0,0,0,0,0,0,0,0,0,0,0,0,0,False,
S4_historical_data_as_validation,10.1016/j.rse.2020.111769,Sea surface salinity estimates from spaceborne L-band radiometers: An overview of the first decade of observation (2010–2019),2020,False,abstract,False,False,0,0,0,0,0,0,0,0,0,0,0,0,0,0,0,0,0,0,0,False,
S4_historical_data_as_validation,10.1038/s41467-021-27228-1,Recent changes to Arctic river discharge,2021,True,full_text,False,False,0,0,0,0,0,0,0,0,0,0,0,0,0,0,0,0,0,0,0,False,
S4_historical_data_as_validation,10.1038/s41598-018-30246-7,Groundwater depletion causing reduction of baseflow triggering Ganges river summer drying,2018,False,abstract,False,False,0,0,0,0,0,0,0,0,0,0,0,0,0,0,0,0,0,0,0,False,
S4_historical_data_as_validation,10.2136/vzj2018.03.0061,"The East River, Colorado, Watershed: A Mountainous Community Testbed for Improving Predictive Understanding of Multiscale Hydrological–Biogeochemical Dynamics",2018,False,abstract,False,False,0,0,0,0,0,0,0,0,0,0,0,0,0,0,0,0,0,0,0,False,
S4_historical_data_as_validation,10.5194/hess-22-1299-2018,Combining satellite data and appropriate objective functions for improved spatial pattern performance of a distributed hydrologic model,2018,False,abstract,False,False,0,0,0,0,0,0,0,0,0,0,0,0,0,0,0,0,0,0,0,False,
S4_historical_data_as_validation,10.3389/feart.2019.00145,Atmospheric Correction of Satellite Ocean-Color Imagery During the PACE Era,2019,False,abstract,False,False,0,0,0,0,0,0,0,0,0,0,0,0,0,0,0,0,0,0,0,False,
S4_historical_data_as_validation,10.5194/hess-23-897-2019,Estimating irrigation water use over the contiguous United States by combining satellite and reanalysis soil moisture data,2019,False,abstract,False,False,0,0,0,0,0,0,0,0,0,0,0,0,0,0,0,0,0,0,0,False,
S4_historical_data_as_validation,10.1029/2021wr029925,"Unmanned Aerial Vehicles in Hydrology and Water Management: Applications, Challenges, and Perspectives",2021,False,abstract,False,False,0,0,0,0,0,0,0,0,0,0,0,0,0,0,0,0,0,0,0,False,
S4_historical_data_as_validation,10.5194/hess-18-2955-2014,A global water cycle reanalysis (2003–2012) merging satellite gravimetry and altimetry observations with a hydrological multi-model ensemble,2014,False,abstract,False,False,0,0,0,0,0,0,0,0,0,0,0,0,0,0,0,0,0,0,0,False,
S4_historical_data_as_validation,10.1002/2013wr014845,"Assessing the impacts of reservoir operation to floodplain inundation by combining hydrological, reservoir management, and hydrodynamic models",2014,False,abstract,False,False,0,0,0,0,0,0,0,0,0,0,0,0,0,0,0,0,0,0,0,False,
S4_historical_data_as_validation,10.1109/jstars.2020.3021052,Google Earth Engine Cloud Computing Platform for Remote Sensing Big Data Applications: A Comprehensive Review,2020,False,abstract,False,False,0,0,0,0,0,0,0,0,0,0,0,0,0,0,0,0,0,0,0,False,
S4_historical_data_as_validation,10.1029/2007jf000769,Multisensor historical climatology of satellite‐derived global land surface moisture,2008,False,abstract,False,False,0,0,0,0,0,0,0,0,0,0,0,0,0,0,0,0,0,0,0,False,
S4_historical_data_as_validation,10.1111/gec3.12260,Numerical Modelling of Braided River Morphodynamics: Review and Future Challenges,2016,False,abstract,False,False,0,0,0,0,0,0,0,0,0,0,0,0,0,0,0,0,0,0,0,False,
S4_historical_data_as_validation,10.1177/0309133311414605,Laser scanning applications in fluvial studies,2011,False,abstract,False,False,0,0,0,0,0,0,0,0,0,0,0,0,0,0,0,0,0,0,0,False,
S4_historical_data_as_validation,10.1029/2018ms001453,Perspectives on the Future of Land Surface Models and the Challenges of Representing Complex Terrestrial Systems,2020,False,abstract,False,False,0,0,0,0,0,0,0,0,0,0,0,0,0,0,0,0,0,0,0,False,
S4_historical_data_as_validation,10.1016/j.rse.2003.10.018,Remote sensing of vegetation and land-cover change in Arctic Tundra Ecosystems,2004,False,abstract,False,False,0,0,0,0,0,0,0,0,0,0,0,0,0,0,0,0,0,0,0,False,
S4_historical_data_as_validation,10.1175/2007jamc1636.1,Analysis of Near-Surface Atmospheric Variables: Validation of the SAFRAN Analysis over France,2008,False,abstract,False,False,0,0,0,0,0,0,0,0,0,0,0,0,0,0,0,0,0,0,0,False,
S4_historical_data_as_validation,10.1016/j.pocean.2013.12.008,"A review of ocean color remote sensing methods and statistical techniques for the detection, mapping and analysis of phytoplankton blooms in coastal and open oceans",2014,False,abstract,False,False,0,0,0,0,0,0,0,0,0,0,0,0,0,0,0,0,0,0,0,False,
S4_historical_data_as_validation,10.3389/feart.2019.00243,Sea Level Trends and Variability of the Baltic Sea From 2D Statistical Reconstruction and Altimetry,2019,False,abstract,False,False,0,0,0,0,0,0,0,0,0,0,0,0,0,0,0,0,0,0,0,False,
S4_historical_data_as_validation,10.1029/2021gl096676,Satellite Laser Altimetry Reveals a Net Water Mass Gain in Global Lakes With Spatial Heterogeneity in the Early 21st Century,2022,False,abstract,False,False,0,0,0,0,0,0,0,0,0,0,0,0,0,0,0,0,0,0,0,False,
S4_historical_data_as_validation,10.5194/gmd-14-1037-2021,The global water resources and use model WaterGAP v2.2d: model description and evaluation,2021,False,abstract,False,False,0,0,0,0,0,0,0,0,0,0,0,0,0,0,0,0,0,0,0,False,
S4_historical_data_as_validation,10.5194/hess-21-3879-2017,The future of Earth observation in hydrology,2017,True,full_text,False,False,0,0,0,0,0,0,0,0,0,0,0,0,0,0,0,0,0,0,0,False,
S4_historical_data_as_validation,10.1002/wat2.1520,Challenges in modeling and predicting floods and droughts: A review,2021,False,abstract,False,False,0,0,0,0,0,0,0,0,0,0,0,0,0,0,0,0,0,0,0,False,
S4_historical_data_as_validation,10.1016/j.rse.2018.07.015,Atmospheric correction of metre-scale optical satellite data for inland and coastal water applications,2018,False,abstract,False,False,0,0,0,0,0,0,0,0,0,0,0,0,0,0,0,0,0,0,0,False,
S4_historical_data_as_validation,10.5194/tc-14-4253-2020,Using ICESat-2 and Operation IceBridge altimetry for supraglacial lake depth retrievals,2020,False,abstract,False,False,0,0,0,0,0,0,0,0,0,0,0,0,0,0,0,0,0,0,0,False,
S4_historical_data_as_validation,10.5194/tc-9-269-2015,"Arctic sea ice thickness loss determined using subsurface, aircraft, and satellite observations",2015,False,abstract,False,False,0,0,0,0,0,0,0,0,0,0,0,0,0,0,0,0,0,0,0,False,
S4_historical_data_as_validation,10.1175/2007jamc1590.1,Development of a Global Infrared Land Surface Emissivity Database for Application to Clear Sky Sounding Retrievals from Multispectral Satellite Radiance Measurements,2008,False,abstract,False,False,0,0,0,0,0,0,0,0,0,0,0,0,0,0,0,0,0,0,0,False,
S4_historical_data_as_validation,10.1175/jcli-d-16-0720.1,Assessment of MERRA-2 Land Surface Hydrology Estimates,2016,False,abstract,False,False,0,0,0,0,0,0,0,0,0,0,0,0,0,0,0,0,0,0,0,False,
S4_historical_data_as_validation,10.1016/j.jvolgeores.2016.01.002,Multi-decadal satellite measurements of global volcanic degassing,2016,False,abstract,False,False,0,0,0,0,0,0,0,0,0,0,0,0,0,0,0,0,0,0,0,False,
S4_historical_data_as_validation,10.3390/rs11020158,"A Multisensor Approach to Satellite Monitoring of Trends in Lake Area, Water Level, and Volume",2019,False,abstract,False,False,0,0,0,0,0,0,0,0,0,0,0,0,0,0,0,0,0,0,0,False,
S4_historical_data_as_validation,10.1175/jtech-d-14-00226.1,Improved Surface Velocity and Trajectory Estimates in the Gulf of Mexico from Blended Satellite Altimetry and Drifter Data,2015,False,abstract,False,False,0,0,0,0,0,0,0,0,0,0,0,0,0,0,0,0,0,0,0,False,
S4_historical_data_as_validation,10.1016/j.earscirev.2019.04.001,Rock glaciers and mountain hydrology: A review,2019,False,abstract,False,False,0,0,0,0,0,0,0,0,0,0,0,0,0,0,0,0,0,0,0,False,
S4_historical_data_as_validation,10.5194/hess-22-5639-2018,HESS Opinions: Incubating deep-learning-powered hydrologic science advances as a community,2018,False,abstract,False,False,0,0,0,0,0,0,0,0,0,0,0,0,0,0,0,0,0,0,0,False,
S4_historical_data_as_validation,10.1073/pnas.1317606111,Toward global mapping of river discharge using satellite images and at-many-stations hydraulic geometry,2014,True,full_text,False,False,0,0,0,0,0,0,0,0,0,0,0,0,0,0,0,0,0,0,0,False,
S4_historical_data_as_validation,10.1641/0006-3568(2004)054[0547:acsmog]2.0.co;2,A Continuous Satellite-Derived Measure of Global Terrestrial Primary Production,2004,False,abstract,False,False,0,0,0,0,0,0,0,0,0,0,0,0,0,0,0,0,0,0,0,False,
S4_historical_data_as_validation,10.1109/jstars.2021.3051103,Constructing Reservoir Area–Volume–Elevation Curve from TanDEM-X DEM Data,2021,False,abstract,False,False,0,0,0,0,0,0,0,0,0,0,0,0,0,0,0,0,0,0,0,False,
S4_historical_data_as_validation,10.1029/2019jd030936,The Atmospheric River Tracking Method Intercomparison Project (ARTMIP): Quantifying Uncertainties in Atmospheric River Climatology,2019,False,abstract,False,False,0,0,0,0,0,0,0,0,0,0,0,0,0,0,0,0,0,0,0,False,
S4_historical_data_as_validation,10.1175/bams-83-12-1771,THE CLOUDSAT MISSION AND THE A-TRAIN,2002,False,abstract,False,False,0,0,0,0,0,0,0,0,0,0,0,0,0,0,0,0,0,0,0,False,
S4_historical_data_as_validation,10.3390/rs12203320,Potential and Limitations of Satellite Altimetry Constellations for Monitoring Surface Water Storage Changes—A Case Study in the Mississippi Basin,2020,False,abstract,False,False,0,0,0,0,0,0,0,0,0,0,0,0,0,0,0,0,0,0,0,False,
S4_historical_data_as_validation,10.1016/j.rse.2017.12.020,"Large-area mapping of Canadian boreal forest cover, height, biomass and other structural attributes using Landsat composites and lidar plots",2018,False,abstract,False,False,0,0,0,0,0,0,0,0,0,0,0,0,0,0,0,0,0,0,0,False,
S4_historical_data_as_validation,10.1016/j.rse.2019.111371,"Estimating surface solar irradiance from satellites: Past, present, and future perspectives",2019,False,abstract,False,False,0,0,0,0,0,0,0,0,0,0,0,0,0,0,0,0,0,0,0,False,
S4_historical_data_as_validation,10.1016/j.rse.2015.05.023,Measuring freshwater aquatic ecosystems: The need for a hyperspectral global mapping satellite mission,2015,False,abstract,True,True,0,0,0,0,0,2,0,0,0,0,0,0,0,0,0,0,0,5,0,False,
S4_historical_data_as_validation,10.5194/essd-12-2459-2020,CAMELS-GB: hydrometeorological time series and landscape attributes for 671 catchments in Great Britain,2020,False,abstract,False,False,0,0,0,0,0,0,0,0,0,0,0,0,0,0,0,0,0,0,0,False,
S4_historical_data_as_validation,10.5194/gmd-11-121-2018,"ORCHIDEE-MICT (v8.4.1), a land surface model for the high latitudes: model description and validation",2018,False,abstract,False,False,0,0,0,0,0,0,0,0,0,0,0,0,0,0,0,0,0,0,0,False,
S4_historical_data_as_validation,10.1088/1748-9326/aac2f0,The land ice contribution to sea level during the satellite era,2018,False,abstract,False,False,0,0,0,0,0,0,0,0,0,0,0,0,0,0,0,0,0,0,0,False,
S4_historical_data_as_validation,10.1029/2007gb002952,Farming the planet: 1. Geographic distribution of global agricultural lands in the year 2000,2008,False,abstract,False,False,0,0,0,0,0,0,0,0,0,0,0,0,0,0,0,0,0,0,0,False,
S4_historical_data_as_validation,10.5194/amt-11-1921-2018,"Validation of new satellite rainfall products over the Upper Blue Nile Basin, Ethiopia",2018,False,abstract,False,False,0,0,0,0,0,0,0,0,0,0,0,0,0,0,0,0,0,0,0,False,
S4_historical_data_as_validation,10.5194/tc-15-5387-2021,River ice phenology and thickness from satellite altimetry: potential for ice bridge road operation and climate studies,2021,False,abstract,False,False,0,0,0,0,0,0,0,0,0,0,0,0,0,0,0,0,0,0,0,False,
S4_historical_data_as_validation,10.1002/2015wr017049,Hydrology: The interdisciplinary science of water,2015,False,abstract,False,False,0,0,0,0,0,0,0,0,0,0,0,0,0,0,0,0,0,0,0,False,
S4_historical_data_as_validation,10.5194/essd-10-281-2018,An improved and homogeneous altimeter sea level record from the ESA Climate Change Initiative,2018,False,abstract,False,False,0,0,0,0,0,0,0,0,0,0,0,0,0,0,0,0,0,0,0,False,
S4_historical_data_as_validation,10.3390/rs14081863,An Overview of the Applications of Earth Observation Satellite Data: Impacts and Future Trends,2022,False,abstract,False,False,0,0,0,0,0,0,0,0,0,0,0,0,0,0,0,0,0,0,0,False,
S4_historical_data_as_validation,10.1029/2011wr010482,Surface energy balance and actual evapotranspiration of the transboundary Indus Basin estimated from satellite measurements and the ETLook model,2012,False,abstract,False,False,0,0,0,0,0,0,0,0,0,0,0,0,0,0,0,0,0,0,0,False,
S4_historical_data_as_validation,10.1029/2018gl081836,Tracking Seasonal Fluctuations in Land Water Storage Using Global Models and GRACE Satellites,2019,False,abstract,False,False,0,0,0,0,0,0,0,0,0,0,0,0,0,0,0,0,0,0,0,False,
S4_historical_data_as_validation,10.1016/j.energy.2016.08.068,Using bias-corrected reanalysis to simulate current and future wind power output,2016,False,abstract,False,False,0,0,0,0,0,0,0,0,0,0,0,0,0,0,0,0,0,0,0,False,
S4_historical_data_as_validation,10.1016/j.jhydrol.2018.09.052,Calibration of the Global Flood Awareness System (GloFAS) using daily streamflow data,2018,False,abstract,False,False,0,0,0,0,0,0,0,0,0,0,0,0,0,0,0,0,0,0,0,False,
S4_historical_data_as_validation,10.1016/j.isprsjprs.2013.04.009,Accurate 3D comparison of complex topography with terrestrial laser scanner: Application to the Rangitikei canyon (N-Z),2013,False,abstract,False,False,0,0,0,0,0,0,0,0,0,0,0,0,0,0,0,0,0,0,0,False,
S4_historical_data_as_validation,10.1007/s00382-011-1259-y,The CNRM-CM5.1 global climate model: description and basic evaluation,2012,False,abstract,False,False,0,0,0,0,0,0,0,0,0,0,0,0,0,0,0,0,0,0,0,False,
S4_historical_data_as_validation,10.1175/bams-d-17-0138.1,MSWEP V2 Global 3-Hourly 0.1° Precipitation: Methodology and Quantitative Assessment,2018,False,abstract,False,False,0,0,0,0,0,0,0,0,0,0,0,0,0,0,0,0,0,0,0,False,
S4_historical_data_as_validation,10.3390/rs12081351,Review of Satellite Interferometry for Landslide Detection in Italy,2020,False,abstract,False,False,0,0,0,0,0,0,0,0,0,0,0,0,0,0,0,0,0,0,0,False,
S4_historical_data_as_validation,10.5194/hess-24-535-2020,"Global catchment modelling using World-Wide HYPE (WWH), open data, and stepwise parameter estimation",2020,False,abstract,False,False,0,0,0,0,0,0,0,0,0,0,0,0,0,0,0,0,0,0,0,False,
S4_historical_data_as_validation,10.1029/2005jc002914,Observing seasonal steric sea level variations with GRACE and satellite altimetry,2006,False,abstract,False,False,0,0,0,0,0,0,0,0,0,0,0,0,0,0,0,0,0,0,0,False,
S4_historical_data_as_validation,10.1029/2017wr022205,Near‐Real‐Time Assimilation of SAR‐Derived Flood Maps for Improving Flood Forecasts,2018,False,abstract,False,False,0,0,0,0,0,0,0,0,0,0,0,0,0,0,0,0,0,0,0,False,
S4_historical_data_as_validation,10.1130/ges00099.1,From outcrop to reservoir simulation model: Workflow and procedures,2007,False,abstract,False,False,0,0,0,0,0,0,0,0,0,0,0,0,0,0,0,0,0,0,0,False,
S4_historical_data_as_validation,10.3390/rs11232872,Deriving the Reservoir Conditions for Better Water Resource Management Using Satellite-Based Earth Observations in the Lower Mekong River Basin,2019,False,abstract,False,False,0,0,0,0,0,0,0,0,0,0,0,0,0,0,0,0,0,0,0,False,
S4_historical_data_as_validation,10.1016/j.geomorph.2018.03.002,Which DEM is best for analyzing fluvial landscape development in mountainous terrains?,2018,False,abstract,False,False,0,0,0,0,0,0,0,0,0,0,0,0,0,0,0,0,0,0,0,False,
S4_historical_data_as_validation,10.1002/wat2.1496,Applications of Google Earth Engine in fluvial geomorphology for detecting river channel change,2020,False,abstract,False,False,0,0,0,0,0,0,0,0,0,0,0,0,0,0,0,0,0,0,0,False,
S4_historical_data_as_validation,10.5194/hess-23-1113-2019,Multi-site calibration and validation of SWAT with satellite-based evapotranspiration in a data-sparse catchment in southwestern Nigeria,2019,False,abstract,False,False,0,0,0,0,0,0,0,0,0,0,0,0,0,0,0,0,0,0,0,False,
S4_historical_data_as_validation,10.1038/s44221-022-00005-0,Water cycle science enabled by the GRACE and GRACE-FO satellite missions,2023,False,abstract,False,False,0,0,0,0,0,0,0,0,0,0,0,0,0,0,0,0,0,0,0,False,
S4_historical_data_as_validation,10.1016/j.rse.2014.10.032,Using multi-temporal Landsat imagery and linear mixed models for assessing water quality parameters in Río Tercero reservoir (Argentina),2014,False,abstract,False,False,0,0,0,0,0,0,0,0,0,0,0,0,0,0,0,0,0,0,0,False,
S4_historical_data_as_validation,10.1038/s43247-023-01001-2,Benchmarking satellite-derived shoreline mapping algorithms,2023,False,abstract,False,False,0,0,0,0,0,0,0,0,0,0,0,0,0,0,0,0,0,0,0,False,
S4_historical_data_as_validation,10.5194/hess-15-1729-2011,"Combining satellite radar altimetry, SAR surface soil moisture and GRACE total storage changes for hydrological model calibration in a large poorly gauged catchment",2011,False,abstract,False,False,0,0,0,0,0,0,0,0,0,0,0,0,0,0,0,0,0,0,0,False,
S4_historical_data_as_validation,10.1016/j.earscirev.2022.104239,Review of satellite radar interferometry for subsidence analysis,2022,False,abstract,False,False,0,0,0,0,0,0,0,0,0,0,0,0,0,0,0,0,0,0,0,False,
S4_historical_data_as_validation,10.1109/jstars.2022.3188922,Uncertainty Analysis of Digital Elevation Models by Spatial Inference From Stable Terrain,2022,False,abstract,False,False,0,0,0,0,0,0,0,0,0,0,0,0,0,0,0,0,0,0,0,False,
S4_historical_data_as_validation,10.5194/hess-22-241-2018,A Climate Data Record (CDR) for the global terrestrial water budget: 1984–2010,2018,False,abstract,False,False,0,0,0,0,0,0,0,0,0,0,0,0,0,0,0,0,0,0,0,False,
S4_historical_data_as_validation,10.1029/2005gl024009,Overview of the ICESat Mission,2005,False,abstract,False,False,0,0,0,0,0,0,0,0,0,0,0,0,0,0,0,0,0,0,0,False,
S4_historical_data_as_validation,10.3390/rs11091010,Automated Extraction of Consistent Time-Variable Water Surfaces of Lakes and Reservoirs Based on Landsat and Sentinel-2,2019,False,abstract,False,False,0,0,0,0,0,0,0,0,0,0,0,0,0,0,0,0,0,0,0,False,
S4_historical_data_as_validation,10.1029/2021jg006305,Spatiotemporal Methane Emission From Global Reservoirs,2021,False,abstract,False,False,0,0,0,0,0,0,0,0,0,0,0,0,0,0,0,0,0,0,0,False,
S4_historical_data_as_validation,10.1038/s41598-022-17074-6,High-resolution surface water dynamics in Earth’s small and medium-sized reservoirs,2022,False,abstract,False,False,0,0,0,0,0,0,0,0,0,0,0,0,0,0,0,0,0,0,0,False,
S4_historical_data_as_validation,10.1016/j.rse.2021.112621,Digital terrain model elevation corrections using space-based imagery and ICESat-2 laser altimetry,2021,False,abstract,False,False,0,0,0,0,0,0,0,0,0,0,0,0,0,0,0,0,0,0,0,False,
S4_historical_data_as_validation,10.1002/2016ea000194,Wetland monitoring with Global Navigation Satellite System reflectometry,2016,False,abstract,False,False,0,0,0,0,0,0,0,0,0,0,0,0,0,0,0,0,0,0,0,False,
S4_historical_data_as_validation,10.1029/2020gl088306,Extending the Global Mass Change Data Record: GRACE Follow‐On Instrument and Science Data Performance,2020,False,abstract,False,False,0,0,0,0,0,0,0,0,0,0,0,0,0,0,0,0,0,0,0,False,
S4_historical_data_as_validation,10.1086/308692,The Dust Content and Opacity of Actively Star‐forming Galaxies,2000,False,abstract,True,True,0,0,0,0,0,1,0,0,0,0,0,0,0,0,0,0,0,0,0,False,
S4_historical_data_as_validation,10.1088/1748-9326/10/1/015002,Global surveys of reservoirs and lakes from satellites and regional application to the Syrdarya river basin,2015,False,abstract,False,False,0,0,0,0,0,0,0,0,0,0,0,0,0,0,0,0,0,0,0,False,
S4_historical_data_as_validation,10.1038/s41598-020-61277-8,"The hazardous 2017–2019 surge and river damming by Shispare Glacier, Karakoram",2020,False,abstract,False,False,0,0,0,0,0,0,0,0,0,0,0,0,0,0,0,0,0,0,0,False,
S4_historical_data_as_validation,10.1017/aog.2017.36,Thirteen years of subglacial lake activity in Antarctica from multi-mission satellite altimetry,2018,False,abstract,False,False,0,0,0,0,0,0,0,0,0,0,0,0,0,0,0,0,0,0,0,False,
S4_historical_data_as_validation,10.5194/hess-19-209-2015,Development of a large-sample watershed-scale hydrometeorological data set for the contiguous USA: data set characteristics and assessment of regional variability in hydrologic model performance,2015,False,abstract,False,False,0,0,0,0,0,0,0,0,0,0,0,0,0,0,0,0,0,0,0,False,
S4_historical_data_as_validation,10.1029/2022wr032219,Remote Sensing of Groundwater: Current Capabilities and Future Directions,2022,False,abstract,False,False,0,0,0,0,0,0,0,0,0,0,0,0,0,0,0,0,0,0,0,False,
S4_historical_data_as_validation,10.3389/feart.2019.00363,"A Systematic, Regional Assessment of High Mountain Asia Glacier Mass Balance",2020,False,abstract,False,False,0,0,0,0,0,0,0,0,0,0,0,0,0,0,0,0,0,0,0,False,
S4_historical_data_as_validation,10.1257/jep.30.4.171,The View from Above: Applications of Satellite Data in Economics,2016,False,abstract,False,False,0,0,0,0,0,0,0,0,0,0,0,0,0,0,0,0,0,0,0,False,
S4_historical_data_as_validation,10.5194/tc-8-2335-2014,Inferred basal friction and surface mass balance of the Northeast Greenland Ice Stream using data assimilation of ICESat (Ice Cloud and land Elevation Satellite) surface altimetry and ISSM (Ice Sheet System Model),2014,False,abstract,False,False,0,0,0,0,0,0,0,0,0,0,0,0,0,0,0,0,0,0,0,False,
S4_historical_data_as_validation,10.1016/j.asr.2021.01.049,The X-TRACK/ALES multi-mission processing system: New advances in altimetry towards the coast,2021,False,abstract,False,False,0,0,0,0,0,0,0,0,0,0,0,0,0,0,0,0,0,0,0,False,
S4_historical_data_as_validation,10.1364/ao.39.000897,Atmospheric correction of SeaWiFS imagery for turbid coastal and inland waters,2000,False,abstract,False,False,0,0,0,0,0,0,0,0,0,0,0,0,0,0,0,0,0,0,0,False,
S4_historical_data_as_validation,10.1175/mwr-d-13-00168.1,Climatological Characteristics of Atmospheric Rivers and Their Inland Penetration over the Western United States,2013,False,abstract,False,False,0,0,0,0,0,0,0,0,0,0,0,0,0,0,0,0,0,0,0,False,
S4_historical_data_as_validation,10.1016/j.gsf.2020.09.006,Flood susceptibility modelling using advanced ensemble machine learning models,2020,False,abstract,False,False,0,0,0,0,0,0,0,0,0,0,0,0,0,0,0,0,0,0,0,False,
S4_historical_data_as_validation,10.1002/2013jd020500,"Surface freshwater storage and variability in the Amazon basin from multi‐satellite observations, 1993–2007",2013,False,abstract,False,False,0,0,0,0,0,0,0,0,0,0,0,0,0,0,0,0,0,0,0,False,
S4_historical_data_as_validation,10.1016/j.rse.2022.113099,How much inundation occurs in the Amazon River basin?,2022,False,abstract,False,False,0,0,0,0,0,0,0,0,0,0,0,0,0,0,0,0,0,0,0,False,
S4_historical_data_as_validation,10.3390/w11061307,Human-Induced Alterations to Land Use and Climate and Their Responses for Hydrology and Water Management in the Mekong River Basin,2019,False,abstract,False,False,0,0,0,0,0,0,0,0,0,0,0,0,0,0,0,0,0,0,0,False,
S4_historical_data_as_validation,10.1002/rog.20022,A review of global ocean temperature observations: Implications for ocean heat content estimates and climate change,2013,False,abstract,False,False,0,0,0,0,0,0,0,0,0,0,0,0,0,0,0,0,0,0,0,False,
S4_historical_data_as_validation,10.1371/journal.pone.0170478,High Resolution Mapping of Soil Properties Using Remote Sensing Variables in South-Western Burkina Faso: A Comparison of Machine Learning and Multiple Linear Regression Models,2017,False,abstract,False,False,0,0,0,0,0,0,0,0,0,0,0,0,0,0,0,0,0,0,0,False,
S4_historical_data_as_validation,10.1016/j.jag.2020.102240,Toward operational validation systems for global satellite-based terrestrial essential climate variables,2020,False,abstract,False,False,0,0,0,0,0,0,0,0,0,0,0,0,0,0,0,0,0,0,0,False,
S4_historical_data_as_validation,10.3390/rs12152413,Construction of High Spatial-Temporal Water Body Dataset in China Based on Sentinel-1 Archives and GEE,2020,False,abstract,False,False,0,0,0,0,0,0,0,0,0,0,0,0,0,0,0,0,0,0,0,False,
S4_historical_data_as_validation,10.5194/hess-15-1109-2011,Status of satellite precipitation retrievals,2011,False,abstract,False,False,0,0,0,0,0,0,0,0,0,0,0,0,0,0,0,0,0,0,0,False,
S4_historical_data_as_validation,10.20944/preprints201807.0624.v1,Potentiality and Limitations of Open Satellite Data for Flood Mapping,2018,True,full_text,False,False,0,0,0,0,0,0,0,0,0,0,0,0,0,0,0,0,0,0,0,False,
S4_historical_data_as_validation,10.3390/rs9010001,Satellite Based Mapping of Ground PM2.5 Concentration Using Generalized Additive Modeling,2016,False,abstract,False,False,0,0,0,0,0,0,0,0,0,0,0,0,0,0,0,0,0,0,0,False,
S4_historical_data_as_validation,10.1175/jamc-d-11-0238.1,African Rainfall Climatology Version 2 for Famine Early Warning Systems,2012,False,abstract,False,False,0,0,0,0,0,0,0,0,0,0,0,0,0,0,0,0,0,0,0,False,
S4_historical_data_as_validation,10.1088/1748-9326/acd407,Extending global river gauge records using satellite observations,2023,False,abstract,False,False,0,0,0,0,0,0,0,0,0,0,0,0,0,0,0,0,0,0,0,False,
S4_historical_data_as_validation,10.5194/hess-22-3515-2018,ERA-5 and ERA-Interim driven ISBA land surface model simulations: which one performs better?,2018,False,abstract,False,False,0,0,0,0,0,0,0,0,0,0,0,0,0,0,0,0,0,0,0,False,
S4_historical_data_as_validation,10.3390/s19132914,Validation of Sentinel-3A/3B Satellite Altimetry Wave Heights with Buoy and Jason-3 Data,2019,False,abstract,False,False,0,0,0,0,0,0,0,0,0,0,0,0,0,0,0,0,0,0,0,False,
S4_historical_data_as_validation,10.5194/tc-7-499-2013,A new bed elevation dataset for Greenland,2013,False,abstract,False,False,0,0,0,0,0,0,0,0,0,0,0,0,0,0,0,0,0,0,0,False,
S4_historical_data_as_validation,10.1175/jhm-d-19-0058.1,Understanding Reservoir Operating Rules in the Transboundary Nile River Basin Using Macroscale Hydrologic Modeling with Satellite Measurements,2019,False,abstract,False,False,0,0,0,0,0,0,0,0,0,0,0,0,0,0,0,0,0,0,0,False,
S4_historical_data_as_validation,10.5194/amt-6-2607-2013,A new stratospheric and tropospheric NO 2 retrieval algorithm for nadir-viewing satellite instruments: applications to OMI,2013,False,abstract,False,False,0,0,0,0,0,0,0,0,0,0,0,0,0,0,0,0,0,0,0,False,
S4_historical_data_as_validation,10.1038/s43017-022-00324-6,Soil hydrology in the Earth system,2022,False,abstract,False,False,0,0,0,0,0,0,0,0,0,0,0,0,0,0,0,0,0,0,0,False,
S4_historical_data_as_validation,10.5194/essd-13-3927-2021,The global forest above-ground biomass pool for 2010 estimated from high-resolution satellite observations,2021,False,abstract,False,False,0,0,0,0,0,0,0,0,0,0,0,0,0,0,0,0,0,0,0,False,
S4_historical_data_as_validation,10.1007/s11831-021-09653-z,A Review of Hydraulic Fracturing Simulation,2021,False,abstract,False,False,0,0,0,0,0,0,0,0,0,0,0,0,0,0,0,0,0,0,0,False,
S4_historical_data_as_validation,10.1007/s13280-011-0212-y,The Changing Face of Arctic Snow Cover: A Synthesis of Observed and Projected Changes,2011,False,abstract,False,False,0,0,0,0,0,0,0,0,0,0,0,0,0,0,0,0,0,0,0,False,
S4_historical_data_as_validation,10.1029/2007gb003154,Seasonal distribution and succession of dominant phytoplankton groups in the global ocean: A satellite view,2008,False,abstract,False,False,0,0,0,0,0,0,0,0,0,0,0,0,0,0,0,0,0,0,0,False,
S4_historical_data_as_validation,10.1175/2010jhm1249.1,An Improved Snow Scheme for the ECMWF Land Surface Model: Description and Offline Validation,2010,False,abstract,False,False,0,0,0,0,0,0,0,0,0,0,0,0,0,0,0,0,0,0,0,False,
S4_historical_data_as_validation,10.3389/frwa.2021.639204,"Extreme Drought in the Brazilian Pantanal in 2019–2020: Characterization, Causes, and Impacts",2021,False,abstract,False,False,0,0,0,0,0,0,0,0,0,0,0,0,0,0,0,0,0,0,0,False,
S4_historical_data_as_validation,10.5194/angeo-27-2755-2009,Uncertainties in satellite remote sensing of aerosols and impact on monitoring its long-term trend: a review and perspective,2009,False,abstract,False,False,0,0,0,0,0,0,0,0,0,0,0,0,0,0,0,0,0,0,0,False,
S4_historical_data_as_validation,10.5194/hess-25-17-2021,Evaluation of 18 satellite- and model-based soil moisture products using in situ measurements from 826 sensors,2021,False,abstract,False,False,0,0,0,0,0,0,0,0,0,0,0,0,0,0,0,0,0,0,0,False,
S4_historical_data_as_validation,10.3189/172756410790595804,"Challenges and recommendations in mapping of glacier parameters from space: results of the 2008 Global Land Ice Measurements from Space (GLIMS) workshop, Boulder, Colorado, USA",2009,False,abstract,False,False,0,0,0,0,0,0,0,0,0,0,0,0,0,0,0,0,0,0,0,False,
S4_historical_data_as_validation,10.1002/2017ef000715,Satellite‐Based Assessment of Rainfall‐Triggered Landslide Hazard for Situational Awareness,2018,False,abstract,False,False,0,0,0,0,0,0,0,0,0,0,0,0,0,0,0,0,0,0,0,False,
S4_historical_data_as_validation,10.1002/rse2.59,"Satellite remote sensing of ecosystem functions: opportunities, challenges and way forward",2017,False,abstract,False,False,0,0,0,0,0,0,0,0,0,0,0,0,0,0,0,0,0,0,0,False,
S4_historical_data_as_validation,10.1029/2019wr026611,Constraining the Assimilation of SWOT Observations With Hydraulic Geometry Relations,2020,False,abstract,False,False,0,0,0,0,0,0,0,0,0,0,0,0,0,0,0,0,0,0,0,False,
S4_historical_data_as_validation,10.1007/s10708-019-10037-x,Using Landsat satellite data for assessing the land use and land cover change in Kashmir valley,2019,False,abstract,False,False,0,0,0,0,0,0,0,0,0,0,0,0,0,0,0,0,0,0,0,False,
S4_historical_data_as_validation,10.1016/j.compenvurbsys.2012.06.003,A review of regional science applications of satellite remote sensing in urban settings,2012,False,abstract,False,False,0,0,0,0,0,0,0,0,0,0,0,0,0,0,0,0,0,0,0,False,
S4_historical_data_as_validation,10.1016/s0079-6611(00)00012-4,The calibration and validation of SeaWiFS data,2000,False,abstract,False,False,0,0,0,0,0,0,0,0,0,0,0,0,0,0,0,0,0,0,0,False,
S4_historical_data_as_validation,10.1016/j.jhydrol.2014.09.038,Evolution of the Yellow River Delta and its relationship with runoff and sediment load from 1983 to 2011,2014,False,abstract,False,False,0,0,0,0,0,0,0,0,0,0,0,0,0,0,0,0,0,0,0,False,
S4_historical_data_as_validation,10.3390/rs12213482,"Vertical Accuracy of Freely Available Global Digital Elevation Models (ASTER, AW3D30, MERIT, TanDEM-X, SRTM, and NASADEM)",2020,False,abstract,False,False,0,0,0,0,0,0,0,0,0,0,0,0,0,0,0,0,0,0,0,False,
S4_historical_data_as_validation,10.1002/2017pa003201,BAYSPLINE: A New Calibration for the Alkenone Paleothermometer,2018,False,abstract,False,False,0,0,0,0,0,0,0,0,0,0,0,0,0,0,0,0,0,0,0,False,
S4_historical_data_as_validation,10.1002/2013jd020449,Suomi‐NPP VIIRS aerosol algorithms and data products,2013,False,abstract,False,False,0,0,0,0,0,0,0,0,0,0,0,0,0,0,0,0,0,0,0,False,
S4_historical_data_as_validation,10.5194/gmd-6-563-2013,"ECOCLIMAP-II/Europe: a twofold database of ecosystems and surface parameters at 1 km resolution based on satellite information for use in land surface, meteorological and climate models",2013,False,abstract,False,False,0,0,0,0,0,0,0,0,0,0,0,0,0,0,0,0,0,0,0,False,
S4_historical_data_as_validation,10.1016/j.srs.2021.100019,UAV & satellite synergies for optical remote sensing applications: A literature review,2021,False,abstract,False,False,0,0,0,0,0,0,0,0,0,0,0,0,0,0,0,0,0,0,0,False,
S4_historical_data_as_validation,10.5194/tc-13-2221-2019,Evaluation of snow depth and snow cover over the Tibetan Plateau in global reanalyses using in situ and satellite remote sensing observations,2019,False,abstract,False,False,0,0,0,0,0,0,0,0,0,0,0,0,0,0,0,0,0,0,0,False,
S4_historical_data_as_validation,10.1175/1520-0442(2000)013<2217:rtcstc>2.0.co;2,Representing Twentieth-Century Space–Time Climate Variability. Part II: Development of 1901–96 Monthly Grids of Terrestrial Surface Climate,2000,False,abstract,False,False,0,0,0,0,0,0,0,0,0,0,0,0,0,0,0,0,0,0,0,False,
S4_historical_data_as_validation,10.3390/rs70201504,Evaluation of Six High-Resolution Satellite and Ground-Based Precipitation Products over Malaysia,2015,True,full_text,False,False,0,0,0,0,0,0,0,0,0,0,0,0,0,0,0,0,0,0,0,False,
S4_historical_data_as_validation,10.1080/02626660903529023,Producing time series of river water height by means of satellite radar altimetry—a comparative study,2010,False,abstract,False,False,0,0,0,0,0,0,0,0,0,0,0,0,0,0,0,0,0,0,0,False,
S4_historical_data_as_validation,10.3319/tao.2008.19.1-2.71(sa),"Integrated Use of Satellite Altimetry in the Investigation of the Meteorological, Hydrological, and Hydrodynamic Regime of the Caspian Sea",2008,False,abstract,False,False,0,0,0,0,0,0,0,0,0,0,0,0,0,0,0,0,0,0,0,False,
S4_historical_data_as_validation,10.1016/j.rse.2019.111583,High-resolution retrieval of cloud microphysical properties and surface solar radiation using Himawari-8/AHI next-generation geostationary satellite,2019,False,abstract,False,False,0,0,0,0,0,0,0,0,0,0,0,0,0,0,0,0,0,0,0,False,
S4_historical_data_as_validation,10.1016/j.envsoft.2022.105533,Reservoir Assessment Tool 2.0: Stakeholder driven improvements to satellite remote sensing based reservoir monitoring,2022,False,abstract,False,False,0,0,0,0,0,0,0,0,0,0,0,0,0,0,0,0,0,0,0,False,
S4_historical_data_as_validation,10.1080/02626667.2019.1683182,"Large-sample hydrology: recent progress, guidelines for new datasets and grand challenges",2019,False,abstract,False,False,0,0,0,0,0,0,0,0,0,0,0,0,0,0,0,0,0,0,0,False,
S4_historical_data_as_validation,10.1029/2023wr034545,Satellite Video Remote Sensing for Flood Model Validation,2024,True,full_text,False,False,0,0,0,0,0,0,0,0,0,0,0,0,0,0,0,0,0,0,0,False,
S4_historical_data_as_validation,10.1002/2017rg000562,Validation practices for satellite‐based Earth observation data across communities,2017,False,abstract,False,False,0,0,0,0,0,0,0,0,0,0,0,0,0,0,0,0,0,0,0,False,
S4_historical_data_as_validation,10.1002/2013jd020389,Joint Polar Satellite System: The United States next generation civilian polar‐orbiting environmental satellite system,2013,False,abstract,False,False,0,0,0,0,0,0,0,0,0,0,0,0,0,0,0,0,0,0,0,False,
S4_historical_data_as_validation,10.5194/essd-12-3205-2020,A coastally improved global dataset of wet tropospheric corrections for satellite altimetry,2020,False,abstract,False,False,0,0,0,0,0,0,0,0,0,0,0,0,0,0,0,0,0,0,0,False,
S4_historical_data_as_validation,10.5194/tc-9-1445-2015,Mapping snow depth from manned aircraft on landscape scales at centimeter resolution using structure-from-motion photogrammetry,2015,False,abstract,False,False,0,0,0,0,0,0,0,0,0,0,0,0,0,0,0,0,0,0,0,False,
S4_historical_data_as_validation,10.1175/jcli-d-20-0412.1,IMDAA: High Resolution Satellite-era Reanalysis for the Indian Monsoon Region,2021,False,abstract,False,False,0,0,0,0,0,0,0,0,0,0,0,0,0,0,0,0,0,0,0,False,
S4_historical_data_as_validation,10.1175/jhm-d-11-087.1,Evaluation of Global Flood Detection Using Satellite-Based Rainfall and a Hydrologic Model,2012,True,full_text,False,False,0,0,0,0,0,0,0,0,0,0,0,0,0,0,0,0,0,0,0,False,
S4_historical_data_as_validation,10.1007/s13201-022-01652-0,Impact of climate change on groundwater hydrology: a comprehensive review and current status of the Indian hydrogeology,2022,False,abstract,False,False,0,0,0,0,0,0,0,0,0,0,0,0,0,0,0,0,0,0,0,False,
S4_historical_data_as_validation,10.1016/j.rse.2004.07.019,Passive optical remote sensing of river channel morphology and in-stream habitat: Physical basis and feasibility,2004,False,abstract,False,False,0,0,0,0,0,0,0,0,0,0,0,0,0,0,0,0,0,0,0,False,
S4_historical_data_as_validation,10.5194/esd-8-225-2017,Drought and flood in the Anthropocene: feedback mechanisms in reservoir operation,2017,False,abstract,False,False,0,0,0,0,0,0,0,0,0,0,0,0,0,0,0,0,0,0,0,False,
S4_historical_data_as_validation,10.5194/hess-2018-21,A global lake and reservoir volume analysis using a surface water dataset and satellite altimetry,2018,False,abstract,False,False,0,0,0,0,0,0,0,0,0,0,0,0,0,0,0,0,0,0,0,False,
S4_historical_data_as_validation,10.1029/2018jd028795,"Downscaling Satellite Precipitation Estimates With Multiple Linear Regression, Artificial Neural Networks, and Spline Interpolation Techniques",2019,False,abstract,False,False,0,0,0,0,0,0,0,0,0,0,0,0,0,0,0,0,0,0,0,False,
S4_historical_data_as_validation,10.1016/j.rse.2019.111210,Constructing long-term high-frequency time series of global lake and reservoir areas using Landsat imagery,2019,False,abstract,False,False,0,0,0,0,0,0,0,0,0,0,0,0,0,0,0,0,0,0,0,False,
S4_historical_data_as_validation,10.3390/rs13204112,A Review of Irrigation Information Retrievals from Space and Their Utility for Users,2021,False,abstract,False,False,0,0,0,0,0,0,0,0,0,0,0,0,0,0,0,0,0,0,0,False,
S4_historical_data_as_validation,10.1002/2014gl060641,A global inventory of lakes based on high-resolution satellite imagery,2014,False,abstract,False,False,0,0,0,0,0,0,0,0,0,0,0,0,0,0,0,0,0,0,0,False,
S4_historical_data_as_validation,10.5194/nhess-12-327-2012,Factors selection in landslide susceptibility modelling on large scale following the gis matrix method: application to the river Beiro basin (Spain),2012,False,abstract,False,False,0,0,0,0,0,0,0,0,0,0,0,0,0,0,0,0,0,0,0,False,
S4_historical_data_as_validation,10.1029/2010rg000350,POLYTHERMAL GLACIER HYDROLOGY: A REVIEW,2011,False,abstract,False,False,0,0,0,0,0,0,0,0,0,0,0,0,0,0,0,0,0,0,0,False,
S4_historical_data_as_validation,10.1029/2018wr024039,"Comparison of Contemporary In Situ, Model, and Satellite Remote Sensing Soil Moisture With a Focus on Drought Monitoring",2019,False,abstract,False,False,0,0,0,0,0,0,0,0,0,0,0,0,0,0,0,0,0,0,0,False,
S4_historical_data_as_validation,10.1016/j.enggeo.2008.03.010,"Spatial data for landslide susceptibility, hazard, and vulnerability assessment: An overview",2008,False,abstract,False,False,0,0,0,0,0,0,0,0,0,0,0,0,0,0,0,0,0,0,0,False,
S4_historical_data_as_validation,10.1016/j.rse.2020.112028,"Continental drought monitoring using satellite soil moisture, data assimilation and an integrated drought index",2020,False,abstract,False,False,0,0,0,0,0,0,0,0,0,0,0,0,0,0,0,0,0,0,0,False,
S4_historical_data_as_validation,10.1016/j.rse.2023.113452,Semantic segmentation of water bodies in very high-resolution satellite and aerial images,2023,False,abstract,False,False,0,0,0,0,0,0,0,0,0,0,0,0,0,0,0,0,0,0,0,False,
S4_historical_data_as_validation,10.1175/bams-d-13-00068.1,PERSIANN-CDR: Daily Precipitation Climate Data Record from Multisatellite Observations for Hydrological and Climate Studies,2014,False,abstract,False,False,0,0,0,0,0,0,0,0,0,0,0,0,0,0,0,0,0,0,0,False,
S4_historical_data_as_validation,10.1038/s41598-020-62417-w,The Lake Chad hydrology under current climate change,2020,False,abstract,False,False,0,0,0,0,0,0,0,0,0,0,0,0,0,0,0,0,0,0,0,False,
S4_historical_data_as_validation,10.1029/2020gl089258,Self‐Validating Deep Learning for Recovering Terrestrial Water Storage From Gravity and Altimetry Measurements,2020,False,abstract,False,False,0,0,0,0,0,0,0,0,0,0,0,0,0,0,0,0,0,0,0,False,
S4_historical_data_as_validation,10.5194/hess-23-3057-2019,Assessing the performance of global hydrological models for capturing peak river flows in the Amazon basin,2019,True,full_text,False,False,0,0,0,0,0,0,0,0,0,0,0,0,0,0,0,0,0,0,0,False,
S4_historical_data_as_validation,10.1175/1525-7541(2002)003<0660:eofdfc>2.0.co;2,Estimates of Freshwater Discharge from Continents: Latitudinal and Seasonal Variations,2002,False,abstract,False,False,0,0,0,0,0,0,0,0,0,0,0,0,0,0,0,0,0,0,0,False,
S4_historical_data_as_validation,10.1007/s10064-013-0538-8,Recommendations for the quantitative analysis of landslide risk,2013,False,abstract,False,False,0,0,0,0,0,0,0,0,0,0,0,0,0,0,0,0,0,0,0,False,
S4_historical_data_as_validation,10.3389/feart.2018.00225,"The Need for a High-Accuracy, Open-Access Global DEM",2018,False,abstract,False,False,0,0,0,0,0,0,0,0,0,0,0,0,0,0,0,0,0,0,0,False,
S4_historical_data_as_validation,10.3354/meps09202,Performance of pop-up satellite archival tags,2011,False,abstract,True,False,0,0,0,0,0,0,0,0,0,0,0,0,0,0,0,0,0,0,0,False,
S4_historical_data_as_validation,10.1016/j.ancene.2015.09.001,Recent deforestation causes rapid increase in river sediment load in the Colombian Andes,2015,False,abstract,False,False,0,0,0,0,0,0,0,0,0,0,0,0,0,0,0,0,0,0,0,False,
S4_historical_data_as_validation,10.1029/2020wr029261,Hydraulic Model Calibration Using CryoSat‐2 Observations in the Zambezi Catchment,2021,False,abstract,False,False,0,0,0,0,0,0,0,0,0,0,0,0,0,0,0,0,0,0,0,False,
S4_historical_data_as_validation,10.1029/2018wr023250,High‐Resolution Global Water Temperature Modeling,2019,False,abstract,False,False,0,0,0,0,0,0,0,0,0,0,0,0,0,0,0,0,0,0,0,False,
S4_historical_data_as_validation,10.1029/2020rg000702,"Polar Stratospheric Clouds: Satellite Observations, Processes, and Role in Ozone Depletion",2021,False,abstract,False,False,0,0,0,0,0,0,0,0,0,0,0,0,0,0,0,0,0,0,0,False,
S4_historical_data_as_validation,10.5194/hess-15-1675-2011,The International Soil Moisture Network: a data hosting facility for global in situ soil moisture measurements,2011,False,abstract,False,False,0,0,0,0,0,0,0,0,0,0,0,0,0,0,0,0,0,0,0,False,
S4_historical_data_as_validation,10.1016/j.gloplacha.2019.04.012,"Arctic vegetation, temperature, and hydrology during Early Eocene transient global warming events",2019,False,abstract,False,False,0,0,0,0,0,0,0,0,0,0,0,0,0,0,0,0,0,0,0,False,
S4_historical_data_as_validation,10.1175/jhm583.1,A Gauge-Based Analysis of Daily Precipitation over East Asia,2007,False,abstract,False,False,0,0,0,0,0,0,0,0,0,0,0,0,0,0,0,0,0,0,0,False,
S4_historical_data_as_validation,10.3390/rs12030451,Towards Routine Mapping of Shallow Bathymetry in Environments with Variable Turbidity: Contribution of Sentinel-2A/B Satellites Mission,2020,False,abstract,False,False,0,0,0,0,0,0,0,0,0,0,0,0,0,0,0,0,0,0,0,False,
S4_historical_data_as_validation,10.5194/essd-11-261-2019,"A 16-year record (2002–2017) of permafrost, active-layer, and meteorological conditions at the Samoylov Island Arctic permafrost research site, Lena River delta, northern Siberia: an opportunity to validate remote-sensing data and land surface, snow, and permafrost models",2019,False,abstract,False,False,0,0,0,0,0,0,0,0,0,0,0,0,0,0,0,0,0,0,0,False,
S4_historical_data_as_validation,10.1016/j.jag.2011.08.002,Multi- and hyperspectral geologic remote sensing: A review,2011,False,abstract,False,False,0,0,0,0,0,0,0,0,0,0,0,0,0,0,0,0,0,0,0,False,
S4_historical_data_as_validation,10.5194/hess-18-4077-2014,Early 21st century snow cover state over the western river basins of the Indus River system,2014,False,abstract,False,False,0,0,0,0,0,0,0,0,0,0,0,0,0,0,0,0,0,0,0,False,
S4_historical_data_as_validation,10.1029/2004jc002484,"Empirical cotidal charts of the Bohai, Yellow, and East China Seas from 10 years of TOPEX/Poseidon altimetry",2004,False,abstract,False,False,0,0,0,0,0,0,0,0,0,0,0,0,0,0,0,0,0,0,0,False,
S4_historical_data_as_validation,10.5194/isprsarchives-xl-8-1035-2014,Inland Water Bodies Monitoring using Satellite Altimetry over Indian Region,2014,False,abstract,False,False,0,0,0,0,0,0,0,0,0,0,0,0,0,0,0,0,0,0,0,False,
S4_historical_data_as_validation,10.1088/1748-9326/aae014,A first collective validation of global fluvial flood models for major floods in Nigeria and Mozambique,2018,False,abstract,False,False,0,0,0,0,0,0,0,0,0,0,0,0,0,0,0,0,0,0,0,False,
S4_historical_data_as_validation,10.5194/esurf-5-211-2017,Validation of digital elevation models (DEMs) and comparison of geomorphic metrics on the southern Central Andean Plateau,2017,False,abstract,False,False,0,0,0,0,0,0,0,0,0,0,0,0,0,0,0,0,0,0,0,False,
S4_historical_data_as_validation,10.3390/w10060748,Evolution of Surface Hydrology in the Sahelo-Sudanian Strip: An Updated Review,2018,False,abstract,False,False,0,0,0,0,0,0,0,0,0,0,0,0,0,0,0,0,0,0,0,False,
S4_historical_data_as_validation,10.3390/rs6032024,"Comparison of Eight Techniques for Reconstructing Multi-Satellite Sensor Time-Series NDVI Data Sets in the Heihe River Basin, China",2014,False,abstract,False,False,0,0,0,0,0,0,0,0,0,0,0,0,0,0,0,0,0,0,0,False,
S4_historical_data_as_validation,10.5194/amt-13-3561-2020,In-flight calibration results of the TROPOMI payload on board the Sentinel-5 Precursor satellite,2020,False,abstract,False,False,0,0,0,0,0,0,0,0,0,0,0,0,0,0,0,0,0,0,0,False,
S4_historical_data_as_validation,10.3390/w12061717,UAV-DEMs for Small-Scale Flood Hazard Mapping,2020,False,abstract,False,False,0,0,0,0,0,0,0,0,0,0,0,0,0,0,0,0,0,0,0,False,
S4_historical_data_as_validation,10.1007/s40010-017-0428-8,"Satellite Remote Sensing: Sensors, Applications and Techniques",2017,False,abstract,False,False,0,0,0,0,0,0,0,0,0,0,0,0,0,0,0,0,0,0,0,False,
S4_historical_data_as_validation,10.3390/en20300595,A Fifteen Year Record of Global Natural Gas Flaring Derived from Satellite Data,2009,False,abstract,False,False,0,0,0,0,0,0,0,0,0,0,0,0,0,0,0,0,0,0,0,False,
S4_historical_data_as_validation,10.1088/0004-637x/731/1/53,PRELIMINARY RESULTS FROM NEOWISE: AN ENHANCEMENT TO THEWIDE-FIELD INFRARED SURVEY EXPLORERFOR SOLAR SYSTEM SCIENCE,2011,False,abstract,False,False,0,0,0,0,0,0,0,0,0,0,0,0,0,0,0,0,0,0,0,False,
S4_historical_data_as_validation,10.3390/rs10081257,Integrating Drone Imagery into High Resolution Satellite Remote Sensing Assessments of Estuarine Environments,2018,False,abstract,False,False,0,0,0,0,0,0,0,0,0,0,0,0,0,0,0,0,0,0,0,False,
S4_historical_data_as_validation,10.1007/s11269-014-0637-8,Hydrological Modeling of Large river Basins: How Much is Enough?,2014,False,abstract,False,False,0,0,0,0,0,0,0,0,0,0,0,0,0,0,0,0,0,0,0,False,
S4_historical_data_as_validation,10.1002/esp.3609,Mitigating systematic error in topographic models derived from UAV and ground‐based image networks,2014,False,abstract,False,False,0,0,0,0,0,0,0,0,0,0,0,0,0,0,0,0,0,0,0,False,
S4_historical_data_as_validation,10.1038/s41467-023-38843-5,Diminishing storage returns of reservoir construction,2023,False,abstract,False,False,0,0,0,0,0,0,0,0,0,0,0,0,0,0,0,0,0,0,0,False,
S4_historical_data_as_validation,10.3389/feart.2020.566802,Automated Processing of Declassified KH-9 Hexagon Satellite Images for Global Elevation Change Analysis Since the 1970s,2020,False,abstract,False,False,0,0,0,0,0,0,0,0,0,0,0,0,0,0,0,0,0,0,0,False,
S4_historical_data_as_validation,10.1175/jtech-d-13-00081.1,Investigating Short-Wavelength Correlated Errors on Low-Resolution Mode Altimetry,2014,False,abstract,False,False,0,0,0,0,0,0,0,0,0,0,0,0,0,0,0,0,0,0,0,False,
S4_historical_data_as_validation,10.1016/j.asr.2017.11.014,CryoSat-2 swath interferometric altimetry for mapping ice elevation and elevation change,2017,False,abstract,False,False,0,0,0,0,0,0,0,0,0,0,0,0,0,0,0,0,0,0,0,False,
S4_historical_data_as_validation,10.1007/s13753-021-00377-z,The Importance of Digital Elevation Model Selection in Flood Simulation and a Proposed Method to Reduce DEM Errors: A Case Study in Shanghai,2021,False,abstract,False,False,0,0,0,0,0,0,0,0,0,0,0,0,0,0,0,0,0,0,0,False,
S4_historical_data_as_validation,10.1080/02626667.2013.809088,“Panta Rhei—Everything Flows”: Change in hydrology and society—The IAHS Scientific Decade 2013–2022,2013,False,abstract,False,False,0,0,0,0,0,0,0,0,0,0,0,0,0,0,0,0,0,0,0,False,
S4_historical_data_as_validation,10.1016/j.rse.2018.02.011,Evaluating year-to-year anomalies in tropical wetland methane emissions using satellite CH4 observations,2018,False,abstract,False,False,0,0,0,0,0,0,0,0,0,0,0,0,0,0,0,0,0,0,0,False,
S4_historical_data_as_validation,10.1109/tgrs.2006.879540,Deep Blue Retrievals of Asian Aerosol Properties During ACE-Asia,2006,False,abstract,False,False,0,0,0,0,0,0,0,0,0,0,0,0,0,0,0,0,0,0,0,False,
S4_historical_data_as_validation,10.1016/j.wse.2021.09.001,Satellite altimetry for Indian reservoirs,2021,False,abstract,False,False,0,0,0,0,0,0,0,0,0,0,0,0,0,0,0,0,0,0,0,False,
S4_historical_data_as_validation,10.1016/j.scitotenv.2020.140504,Climate change impact assessment on the hydrology of a large river basin in Ethiopia using a local-scale climate modelling approach,2020,False,abstract,False,False,0,0,0,0,0,0,0,0,0,0,0,0,0,0,0,0,0,0,0,False,
S4_historical_data_as_validation,10.5194/hess-23-2939-2019,Using R in hydrology: a review of recent developments and future directions,2019,False,abstract,False,False,0,0,0,0,0,0,0,0,0,0,0,0,0,0,0,0,0,0,0,False,
S4_historical_data_as_validation,10.1016/j.earscirev.2020.103212,Hydrology of debris-covered glaciers in High Mountain Asia,2020,False,abstract,False,False,0,0,0,0,0,0,0,0,0,0,0,0,0,0,0,0,0,0,0,False,
S4_historical_data_as_validation,10.1002/2017wr021626,"BAM: Bayesian AMHG‐Manning Inference of Discharge Using Remotely Sensed Stream Width, Slope, and Height",2017,True,full_text,False,False,0,0,0,0,0,0,0,0,0,0,0,0,0,0,0,0,0,0,0,False,
S4_historical_data_as_validation,10.1289/ehp.1409481,"Satellite-Based Spatiotemporal Trends in PM2.5 Concentrations: China, 2004–2013",2015,False,abstract,False,False,0,0,0,0,0,0,0,0,0,0,0,0,0,0,0,0,0,0,0,False,
S4_historical_data_as_validation,10.3389/fenvs.2023.1304845,"The role of reservoirs under the impacts of climate change on the Srepok River basin, Central Highlands of Vietnam",2023,False,abstract,False,False,0,0,0,0,0,0,0,0,0,0,0,0,0,0,0,0,0,0,0,False,
S4_historical_data_as_validation,10.5194/gmd-12-2285-2019,DECIPHeR v1: Dynamic fluxEs and ConnectIvity for Predictions of HydRology,2019,False,abstract,False,False,0,0,0,0,0,0,0,0,0,0,0,0,0,0,0,0,0,0,0,False,
S4_historical_data_as_validation,10.5194/amt-11-3111-2018,Carbon dioxide retrieval from OCO-2 satellite observations using the RemoTeC algorithm and validation with TCCON measurements,2018,False,abstract,False,False,0,0,0,0,0,0,0,0,0,0,0,0,0,0,0,0,0,0,0,False,
S4_historical_data_as_validation,10.5194/acp-11-543-2011,A very high-resolution (1 km×1 km) global fossil fuel CO 2 emission inventory derived using a point source database and satellite observations of nighttime lights,2011,False,abstract,False,False,0,0,0,0,0,0,0,0,0,0,0,0,0,0,0,0,0,0,0,False,
S4_historical_data_as_validation,10.5194/hess-13-1453-2009,Optimisation of LiDAR derived terrain models for river flow modelling,2009,False,abstract,False,False,0,0,0,0,0,0,0,0,0,0,0,0,0,0,0,0,0,0,0,False,
S4_historical_data_as_validation,10.3390/rs10091340,Observations and Recommendations for the Calibration of Landsat 8 OLI and Sentinel 2 MSI for Improved Data Interoperability,2018,False,abstract,False,False,0,0,0,0,0,0,0,0,0,0,0,0,0,0,0,0,0,0,0,False,
S4_historical_data_as_validation,10.1038/srep14745,Linking rapid erosion of the Mekong River delta to human activities,2015,False,abstract,False,False,0,0,0,0,0,0,0,0,0,0,0,0,0,0,0,0,0,0,0,False,
S4_historical_data_as_validation,10.3390/forecast2030014,Machine Learning-Based Error Modeling to Improve GPM IMERG Precipitation Product over the Brahmaputra River Basin,2020,False,abstract,False,False,0,0,0,0,0,0,0,0,0,0,0,0,0,0,0,0,0,0,0,False,
S4_historical_data_as_validation,10.1002/met.284,Global precipitation measurement,2011,False,abstract,False,False,0,0,0,0,0,0,0,0,0,0,0,0,0,0,0,0,0,0,0,False,
S4_historical_data_as_validation,10.1111/1752-1688.12626,Intercomparison of Satellite Remote Sensing‐Based Flood Inundation Mapping Techniques,2018,False,abstract,False,False,0,0,0,0,0,0,0,0,0,0,0,0,0,0,0,0,0,0,0,False,
S4_historical_data_as_validation,10.1029/2019wr025599,"Comparing Discharge Estimates Made via the BAM Algorithm in High‐Order Arctic Rivers Derived Solely From Optical CubeSat, Landsat, and Sentinel‐2 Data",2019,True,full_text,False,False,0,0,0,0,0,0,0,0,0,0,0,0,0,0,0,0,0,0,0,False,
S4_historical_data_as_validation,10.1080/13658810210157769,Calibration of stochastic cellular automata: the application to rural-urban land conversions,2002,False,abstract,False,False,0,0,0,0,0,0,0,0,0,0,0,0,0,0,0,0,0,0,0,False,
S4_historical_data_as_validation,10.3389/fsci.2023.1190191,A Digital Twin of the terrestrial water cycle: a glimpse into the future through high-resolution Earth observations,2024,False,abstract,False,False,0,0,0,0,0,0,0,0,0,0,0,0,0,0,0,0,0,0,0,False,
S4_historical_data_as_validation,10.1088/1748-9326/9/7/075001,Surface water inundation in the boreal-Arctic: potential impacts on regional methane emissions,2014,False,abstract,False,False,0,0,0,0,0,0,0,0,0,0,0,0,0,0,0,0,0,0,0,False,
S4_historical_data_as_validation,10.1002/2015wr018247,Global‐scale regionalization of hydrologic model parameters,2016,True,full_text,False,False,0,0,0,0,0,0,0,0,0,0,0,0,0,0,0,0,0,0,0,False,
S4_historical_data_as_validation,10.1016/j.geoderma.2015.07.006,Mapping topsoil physical properties at European scale using the LUCAS database,2015,False,abstract,False,False,0,0,0,0,0,0,0,0,0,0,0,0,0,0,0,0,0,0,0,False,
S4_historical_data_as_validation,10.1175/1520-0450(2004)043<1114:uiorrm>2.0.co;2,Uncertainties in Oceanic Radar Rain Maps at Kwajalein and Implications for Satellite Validation,2004,False,abstract,False,False,0,0,0,0,0,0,0,0,0,0,0,0,0,0,0,0,0,0,0,False,
S4_historical_data_as_validation,10.3390/rs14061511,Calibration and Validation of SWAT Model by Using Hydrological Remote Sensing Observables in the Lake Chad Basin,2022,False,abstract,False,False,0,0,0,0,0,0,0,0,0,0,0,0,0,0,0,0,0,0,0,False,
S4_historical_data_as_validation,10.1029/2019wr026365,Improved Understanding of the Link Between Catchment‐Scale Vegetation Accessible Storage and Satellite‐Derived Soil Water Index,2020,False,abstract,False,False,0,0,0,0,0,0,0,0,0,0,0,0,0,0,0,0,0,0,0,False,
S4_historical_data_as_validation,10.1016/j.envsoft.2016.07.003,"An enhanced SWAT wetland module to quantify hydraulic interactions between riparian depressional wetlands, rivers and aquifers",2016,False,abstract,False,False,0,0,0,0,0,0,0,0,0,0,0,0,0,0,0,0,0,0,0,False,
S4_historical_data_as_validation,10.1029/2021jf006505,Greenland Mass Trends From Airborne and Satellite Altimetry During 2011–2020,2022,False,abstract,False,False,0,0,0,0,0,0,0,0,0,0,0,0,0,0,0,0,0,0,0,False,
S4_historical_data_as_validation,10.1016/j.rse.2015.10.022,Filling the gaps: Calibrating a rainfall-runoff model using satellite-derived surface water extent,2015,False,abstract,False,False,0,0,0,0,0,0,0,0,0,0,0,0,0,0,0,0,0,0,0,False,
S4_historical_data_as_validation,10.1029/2006gb002735,A satellite‐based biosphere parameterization for net ecosystem CO 2 exchange: Vegetation Photosynthesis and Respiration Model (VPRM),2008,False,abstract,False,False,0,0,0,0,0,0,0,0,0,0,0,0,0,0,0,0,0,0,0,False,
S4_historical_data_as_validation,10.1175/2007jhm944.1,Evaluation of TRMM Multisatellite Precipitation Analysis (TMPA) and Its Utility in Hydrologic Prediction in the La Plata Basin,2008,False,abstract,False,False,0,0,0,0,0,0,0,0,0,0,0,0,0,0,0,0,0,0,0,False,
S4_historical_data_as_validation,10.1016/j.advwatres.2016.05.002,Development and evaluation of a framework for global flood hazard mapping,2016,True,full_text,False,False,0,0,0,0,0,0,0,0,0,0,0,0,0,0,0,0,0,0,0,False,
S4_historical_data_as_validation,10.1016/j.rse.2017.04.027,Airborne Laser Scanning for calibration and validation of inshore satellite altimetry: A proof of concept,2017,False,abstract,False,False,0,0,0,0,0,0,0,0,0,0,0,0,0,0,0,0,0,0,0,False,
S4_historical_data_as_validation,10.1080/19475705.2015.1045043,"Flood hazard zoning in Yasooj region, Iran, using GIS and multi-criteria decision analysis",2015,True,full_text,False,False,0,0,0,0,0,0,0,0,0,0,0,0,0,0,0,0,0,0,0,False,
S4_historical_data_as_validation,10.3390/ijgi8030108,European Digital Elevation Model Validation against Extensive Global Navigation Satellite Systems Data and Comparison with SRTM DEM and ASTER GDEM in Central Macedonia (Greece),2019,False,abstract,False,False,0,0,0,0,0,0,0,0,0,0,0,0,0,0,0,0,0,0,0,False,
S4_historical_data_as_validation,10.1007/s40808-020-01063-7,Modeling the impact of climate change on the hydrology of Andasa watershed,2021,False,abstract,False,False,0,0,0,0,0,0,0,0,0,0,0,0,0,0,0,0,0,0,0,False,
S4_historical_data_as_validation,10.3390/rs12030428,Satellite-Based Evapotranspiration in Hydrological Model Calibration,2020,True,full_text,False,False,0,0,0,0,0,0,0,0,0,0,0,0,0,0,0,0,0,0,0,False,
S4_historical_data_as_validation,10.3390/rs61111607,Landsat-8 Thermal Infrared Sensor (TIRS) Vicarious Radiometric Calibration,2014,False,abstract,False,False,0,0,0,0,0,0,0,0,0,0,0,0,0,0,0,0,0,0,0,False,
S4_historical_data_as_validation,10.3390/rs11060698,An Overview of the Science Performances and Calibration/Validation of Joint Polar Satellite System Operational Products,2019,False,abstract,False,False,0,0,0,0,0,0,0,0,0,0,0,0,0,0,0,0,0,0,0,False,
S4_historical_data_as_validation,10.1029/2012wr011976,The Murrumbidgee soil moisture monitoring network data set,2012,False,abstract,False,False,0,0,0,0,0,0,0,0,0,0,0,0,0,0,0,0,0,0,0,False,
S4_historical_data_as_validation,10.1016/j.rse.2018.09.022,"Multiple Optimal Depth Predictors Analysis (MODPA) for river bathymetry: Findings from spectroradiometry, simulations, and satellite imagery",2018,False,abstract,False,False,0,0,0,0,0,0,0,0,0,0,0,0,0,0,0,0,0,0,0,False,
S4_historical_data_as_validation,10.1002/esp.3613,Quantifying submerged fluvial topography using hyperspatial resolution UAS imagery and structure from motion photogrammetry,2014,False,abstract,False,False,0,0,0,0,0,0,0,0,0,0,0,0,0,0,0,0,0,0,0,False,
S4_historical_data_as_validation,10.5194/essd-10-727-2018,LakeSST: Lake Skin Surface Temperature in French inland water bodies for 1999–2016 from Landsat archives,2018,False,abstract,False,False,0,0,0,0,0,0,0,0,0,0,0,0,0,0,0,0,0,0,0,False,
S4_historical_data_as_validation,10.5194/hess-15-2303-2011,The Tibetan Plateau observatory of plateau scale soil moisture and soil temperature (Tibet-Obs) for quantifying uncertainties in coarse resolution satellite and model products,2011,False,abstract,False,False,0,0,0,0,0,0,0,0,0,0,0,0,0,0,0,0,0,0,0,False,
S4_historical_data_as_validation,10.1007/s10346-017-0915-7,The Maoxian landslide as seen from space: detecting precursors of failure with Sentinel-1 data,2017,False,abstract,False,False,0,0,0,0,0,0,0,0,0,0,0,0,0,0,0,0,0,0,0,False,
S4_historical_data_as_validation,10.1002/2017gl075710,Estimating Ground‐Level PM 2.5 by Fusing Satellite and Station Observations: A Geo‐Intelligent Deep Learning Approach,2017,False,abstract,False,False,0,0,0,0,0,0,0,0,0,0,0,0,0,0,0,0,0,0,0,False,
S4_historical_data_as_validation,10.5194/acp-12-8037-2012,Global and regional trends of aerosol optical depth over land and ocean using SeaWiFS measurements from 1997 to 2010,2012,False,abstract,False,False,0,0,0,0,0,0,0,0,0,0,0,0,0,0,0,0,0,0,0,False,
S4_historical_data_as_validation,10.1016/j.ocemod.2012.12.001,A global wave parameter database for geophysical applications. Part 2: Model validation with improved source term parameterization,2012,False,abstract,False,False,0,0,0,0,0,0,0,0,0,0,0,0,0,0,0,0,0,0,0,False,
S4_historical_data_as_validation,10.1016/j.csr.2014.10.006,A comparison of the annual cycle of sea level in coastal areas from gridded satellite altimetry and tide gauges,2014,False,abstract,False,False,0,0,0,0,0,0,0,0,0,0,0,0,0,0,0,0,0,0,0,False,
S4_historical_data_as_validation,10.3390/cli11010018,Climate Change Impacts on the Hydrology of the Brahmaputra River Basin,2023,False,abstract,False,False,0,0,0,0,0,0,0,0,0,0,0,0,0,0,0,0,0,0,0,False,
S4_historical_data_as_validation,10.5558/tfc84807-6,The role of LiDAR in sustainable forest management,2008,False,abstract,False,False,0,0,0,0,0,0,0,0,0,0,0,0,0,0,0,0,0,0,0,False,
S4_historical_data_as_validation,10.1002/gch2.202200041,"Impacts of Land‐Use Change on the Hydrology of Lake Tana Basin, Upper Blue Nile River Basin, Ethiopia",2022,False,abstract,False,False,0,0,0,0,0,0,0,0,0,0,0,0,0,0,0,0,0,0,0,False,
S4_historical_data_as_validation,10.26491/mhwm/95087,Evaluating the potential of Sentinel-2 satellite images for water quality characterization of artificial reservoirs: The Bin El Ouidane Reservoir case study (Morocco),2018,False,abstract,False,False,0,0,0,0,0,0,0,0,0,0,0,0,0,0,0,0,0,0,0,False,
S4_historical_data_as_validation,10.3390/rs5084045,"NASA Goddard’s LiDAR, Hyperspectral and Thermal (G-LiHT) Airborne Imager",2013,False,abstract,False,False,0,0,0,0,0,0,0,0,0,0,0,0,0,0,0,0,0,0,0,False,
S4_historical_data_as_validation,10.1051/0004-6361/200912983,Planck pre-launch status: The Planck mission,2009,False,abstract,False,False,0,0,0,0,0,0,0,0,0,0,0,0,0,0,0,0,0,0,0,False,
S4_historical_data_as_validation,10.3354/meps08123,Management and research applications of real-time and archival passive acoustic sensors over varying temporal and spatial scales,2009,False,abstract,True,True,0,0,0,0,0,7,0,0,0,0,0,0,0,0,0,0,0,0,0,False,
S4_historical_data_as_validation,10.1175/2011jtecho818.1,Altimetry Combined with Hydrography for Ocean Transport Estimation,2011,False,abstract,False,False,0,0,0,0,0,0,0,0,0,0,0,0,0,0,0,0,0,0,0,False,
S4_historical_data_as_validation,10.3390/w10121841,Integration of Remote Sensing Evapotranspiration into Multi-Objective Calibration of Distributed Hydrology–Soil–Vegetation Model (DHSVM) in a Humid Region of China,2018,False,abstract,False,False,0,0,0,0,0,0,0,0,0,0,0,0,0,0,0,0,0,0,0,False,
S4_historical_data_as_validation,10.1016/j.rse.2018.08.029,Enhancing digital elevation models for hydraulic modelling using flood frequency detection,2018,False,abstract,False,False,0,0,0,0,0,0,0,0,0,0,0,0,0,0,0,0,0,0,0,False,
S4_historical_data_as_validation,10.1002/2013wr014710,Real‐time global flood estimation using satellite‐based precipitation and a coupled land surface and routing model,2014,False,abstract,False,False,0,0,0,0,0,0,0,0,0,0,0,0,0,0,0,0,0,0,0,False,
S4_historical_data_as_validation,10.5194/angeo-21-3-2003,The Mediterranean ocean forecasting system: first phase of implementation (1998–2001),2003,False,abstract,False,False,0,0,0,0,0,0,0,0,0,0,0,0,0,0,0,0,0,0,0,False,
S4_historical_data_as_validation,10.1175/1520-0426(2004)021<1305:davoat>2.0.co;2,Development and Validation of a Time-Lag Correction for Vaisala Radiosonde Humidity Measurements,2004,False,abstract,False,False,0,0,0,0,0,0,0,0,0,0,0,0,0,0,0,0,0,0,0,False,
S4_historical_data_as_validation,10.1111/geb.12168,Markedly divergent estimates of A mazon forest carbon density from ground plots and satellites,2014,False,abstract,False,False,0,0,0,0,0,0,0,0,0,0,0,0,0,0,0,0,0,0,0,False,
S4_historical_data_as_validation,10.5194/hess-13-1361-2009,Cloud removal methodology from MODIS snow cover product,2009,False,abstract,False,False,0,0,0,0,0,0,0,0,0,0,0,0,0,0,0,0,0,0,0,False,
S4_historical_data_as_validation,10.1111/gcb.12647,Vegetation productivity patterns at high northern latitudes: a multi‐sensor satellite data assessment,2014,False,abstract,False,False,0,0,0,0,0,0,0,0,0,0,0,0,0,0,0,0,0,0,0,False,
S4_historical_data_as_validation,10.1016/j.scitotenv.2016.08.034,Evaluation of precipitation input for SWAT modeling in Alpine catchment: A case study in the Adige river basin (Italy),2016,False,abstract,False,False,0,0,0,0,0,0,0,0,0,0,0,0,0,0,0,0,0,0,0,False,
S4_historical_data_as_validation,10.1175/1520-0434(2003)018<1037:saooos>2.0.co;2,Status and Outlook of Operational Satellite Precipitation Algorithms for Extreme-Precipitation Events,2003,False,abstract,False,False,0,0,0,0,0,0,0,0,0,0,0,0,0,0,0,0,0,0,0,False,
S4_historical_data_as_validation,10.1029/2000gl012556,Recent northern hemisphere snow extent: A comparison of data derived from visible and microwave satellite sensors,2001,False,abstract,False,False,0,0,0,0,0,0,0,0,0,0,0,0,0,0,0,0,0,0,0,False,
S4_historical_data_as_validation,10.3390/s8127973,Horizontal Positional Accuracy of Google Earth’s High-Resolution Imagery Archive,2008,False,abstract,False,False,0,0,0,0,0,0,0,0,0,0,0,0,0,0,0,0,0,0,0,False,
S4_historical_data_as_validation,10.1002/2014pa002717,Tropical sea surface temperatures for the past four centuries reconstructed from coral archives,2015,False,abstract,False,False,0,0,0,0,0,0,0,0,0,0,0,0,0,0,0,0,0,0,0,False,
S4_historical_data_as_validation,10.1007/s11069-006-9104-z,Use of satellite remote sensing data in the mapping of global landslide susceptibility,2007,False,abstract,False,False,0,0,0,0,0,0,0,0,0,0,0,0,0,0,0,0,0,0,0,False,
S4_historical_data_as_validation,10.1175/jpo-d-21-0001.1,Seasonal mode-1 M2 internal tides from satellite altimetry,2021,False,abstract,False,False,0,0,0,0,0,0,0,0,0,0,0,0,0,0,0,0,0,0,0,False,
S4_historical_data_as_validation,10.3390/ijgi7030105,Multitemporal SAR Data and 2D Hydrodynamic Model Flood Scenario Dynamics Assessment,2018,True,full_text,False,False,0,0,0,0,0,0,0,0,0,0,0,0,0,0,0,0,0,0,0,False,
S4_historical_data_as_validation,10.1029/2005jd006083,Absolute accuracy of water vapor measurements from six operational radiosonde types launched during AWEX‐G and implications for AIRS validation,2006,False,abstract,False,False,0,0,0,0,0,0,0,0,0,0,0,0,0,0,0,0,0,0,0,False,
S4_historical_data_as_validation,10.5194/acp-16-5283-2016,NO x lifetimes and emissions of cities and power plants in polluted background estimated by satellite observations,2016,False,abstract,False,False,0,0,0,0,0,0,0,0,0,0,0,0,0,0,0,0,0,0,0,False,
S4_historical_data_as_validation,10.3390/rs9070669,"Evaluation of Satellite-Based Rainfall Estimates and Application to Monitor Meteorological Drought for the Upper Blue Nile Basin, Ethiopia",2017,False,abstract,False,False,0,0,0,0,0,0,0,0,0,0,0,0,0,0,0,0,0,0,0,False,
S4_historical_data_as_validation,10.5194/essd-7-137-2015,A long-term Northern Hemisphere snow cover extent data record for climate studies and monitoring,2015,False,abstract,False,False,0,0,0,0,0,0,0,0,0,0,0,0,0,0,0,0,0,0,0,False,
S4_historical_data_as_validation,10.1029/2004gl020461,Preliminary observations of global ocean mass variations with GRACE,2004,False,abstract,False,False,0,0,0,0,0,0,0,0,0,0,0,0,0,0,0,0,0,0,0,False,
S4_historical_data_as_validation,10.1029/2018jf004963,Inverting Topography for Landscape Evolution Model Process Representation: 2. Calibration and Validation,2020,False,abstract,False,False,0,0,0,0,0,0,0,0,0,0,0,0,0,0,0,0,0,0,0,False,
S4_historical_data_as_validation,10.3390/rs6065067,An Automated Method for Extracting Rivers and Lakes from Landsat Imagery,2014,False,abstract,False,False,0,0,0,0,0,0,0,0,0,0,0,0,0,0,0,0,0,0,0,False,
S4_historical_data_as_validation,10.5194/isprsarchives-xl-4-243-2014,Generation of High Resolution Global DSM from ALOS PRISM,2014,False,abstract,False,False,0,0,0,0,0,0,0,0,0,0,0,0,0,0,0,0,0,0,0,False,
S4_historical_data_as_validation,10.1175/jamc-d-14-0016.1,Extension of the TAMSAT Satellite-Based Rainfall Monitoring over Africa and from 1983 to Present,2014,False,abstract,False,False,0,0,0,0,0,0,0,0,0,0,0,0,0,0,0,0,0,0,0,False,
S4_historical_data_as_validation,10.1029/2007jd008908,Validation of Ozone Monitoring Instrument nitrogen dioxide columns,2008,False,abstract,False,False,0,0,0,0,0,0,0,0,0,0,0,0,0,0,0,0,0,0,0,False,
S4_historical_data_as_validation,10.1016/j.gloplacha.2014.07.005,History of land use in India during 1880–2010: Large-scale land transformations reconstructed from satellite data and historical archives,2014,False,abstract,False,False,0,0,0,0,0,0,0,0,0,0,0,0,0,0,0,0,0,0,0,False,
S4_historical_data_as_validation,10.1175/1520-0450(2003)042<1355:votaor>2.0.co;2,Validation of TRMM and Other Rainfall Estimates with a High-Density Gauge Dataset for West Africa. Part II: Validation of TRMM Rainfall Products,2003,False,abstract,False,False,0,0,0,0,0,0,0,0,0,0,0,0,0,0,0,0,0,0,0,False,
S4_historical_data_as_validation,10.5194/isprs-archives-xli-b4-157-2016,GENERATION OF THE 30 M-MESH GLOBAL DIGITAL SURFACE MODEL BY ALOS PRISM,2016,False,abstract,False,False,0,0,0,0,0,0,0,0,0,0,0,0,0,0,0,0,0,0,0,False,
S4_historical_data_as_validation,10.3390/rs9121271,Performance of Smoothing Methods for Reconstructing NDVI Time-Series and Estimating Vegetation Phenology from MODIS Data,2017,False,abstract,False,False,0,0,0,0,0,0,0,0,0,0,0,0,0,0,0,0,0,0,0,False,
S4_historical_data_as_validation,10.1175/jhm-d-13-0191.1,Evaluation of Multiple Satellite-Based Precipitation Products over Complex Topography,2014,False,abstract,False,False,0,0,0,0,0,0,0,0,0,0,0,0,0,0,0,0,0,0,0,False,
S4_historical_data_as_validation,10.5194/hess-21-1-2017,"Rain or snow: hydrologic processes, observations, prediction, and research needs",2017,False,abstract,False,False,0,0,0,0,0,0,0,0,0,0,0,0,0,0,0,0,0,0,0,False,
S4_historical_data_as_validation,10.1029/2005wr004398,Uncertainty quantification of satellite precipitation estimation and Monte Carlo assessment of the error propagation into hydrologic response,2006,False,abstract,False,False,0,0,0,0,0,0,0,0,0,0,0,0,0,0,0,0,0,0,0,False,
S4_historical_data_as_validation,10.3390/rs12050745,Using the Digital Elevation Model (DEM) to Improve the Spatial Coverage of the MODIS Based Reservoir Monitoring Network in South Asia,2020,False,abstract,False,False,0,0,0,0,0,0,0,0,0,0,0,0,0,0,0,0,0,0,0,False,
S4_historical_data_as_validation,10.1175/2010mwr3596.1,A Multiscale Observational Case Study of a Pacific Atmospheric River Exhibiting Tropical–Extratropical Connections and a Mesoscale Frontal Wave,2010,False,abstract,False,False,0,0,0,0,0,0,0,0,0,0,0,0,0,0,0,0,0,0,0,False,
S4_historical_data_as_validation,10.1038/ncomms4471,Global link between deformation and volcanic eruption quantified by satellite imagery,2014,False,abstract,False,False,0,0,0,0,0,0,0,0,0,0,0,0,0,0,0,0,0,0,0,False,
S4_historical_data_as_validation,10.5194/hess-20-1459-2016,Global root zone storage capacity from satellite-based evaporation,2016,False,abstract,False,False,0,0,0,0,0,0,0,0,0,0,0,0,0,0,0,0,0,0,0,False,
S4_historical_data_as_validation,10.1175/2008jhm1067.1,Effects of Precipitation Uncertainty on Discharge Calculations for Main River Basins,2008,False,abstract,False,False,0,0,0,0,0,0,0,0,0,0,0,0,0,0,0,0,0,0,0,False,
S4_historical_data_as_validation,10.1029/2006gl028010,Evaluation of the potential of NASA multi‐satellite precipitation analysis in global landslide hazard assessment,2006,False,abstract,False,False,0,0,0,0,0,0,0,0,0,0,0,0,0,0,0,0,0,0,0,False,
S4_historical_data_as_validation,10.1175/bams-86-2-205,Recent Innovations in Deriving Tropospheric Winds from Meteorological Satellites,2005,False,abstract,False,False,0,0,0,0,0,0,0,0,0,0,0,0,0,0,0,0,0,0,0,False,
S4_historical_data_as_validation,10.5194/nhess-10-89-2010,Atmospheric correction for satellite remotely sensed data intended for agricultural applications: impact on vegetation indices,2010,False,abstract,False,False,0,0,0,0,0,0,0,0,0,0,0,0,0,0,0,0,0,0,0,False,
S4_historical_data_as_validation,10.1016/j.atmosenv.2008.02.004,Validation of OMI tropospheric NO2 observations during INTEX-B and application to constrain NOxNOx emissions over the eastern United States and Mexico,2008,False,abstract,False,False,0,0,0,0,0,0,0,0,0,0,0,0,0,0,0,0,0,0,0,False,
S4_historical_data_as_validation,10.1175/jpo2949.1,Estimates and Implications of Surface Eddy Diffusivity in the Southern Ocean Derived from Tracer Transport,2006,False,abstract,False,False,0,0,0,0,0,0,0,0,0,0,0,0,0,0,0,0,0,0,0,False,
S4_historical_data_as_validation,10.1029/2000je001306,Overview of the Mars Global Surveyor mission,2001,False,abstract,False,False,0,0,0,0,0,0,0,0,0,0,0,0,0,0,0,0,0,0,0,False,
S4_historical_data_as_validation,10.1029/2006wr005238,Orbital microwave measurement of river discharge and ice status,2007,False,abstract,False,False,0,0,0,0,0,0,0,0,0,0,0,0,0,0,0,0,0,0,0,False,
S4_historical_data_as_validation,10.1175/jtech1806.1,An Update on SURFRAD—The GCOS Surface Radiation Budget Network for the Continental United States,2005,False,abstract,False,False,0,0,0,0,0,0,0,0,0,0,0,0,0,0,0,0,0,0,0,False,
S4_historical_data_as_validation,10.1175/jhm-d-13-0188.1,Challenges of Operational River Forecasting,2014,False,abstract,False,False,0,0,0,0,0,0,0,0,0,0,0,0,0,0,0,0,0,0,0,False,
S4_historical_data_as_validation,10.1080/10402381.2017.1402226,Monitoring volumetric fluctuations in tropical lakes and reservoirs using satellite remote sensing,2017,False,abstract,False,False,0,0,0,0,0,0,0,0,0,0,0,0,0,0,0,0,0,0,0,False,
S4_historical_data_as_validation,10.3390/rs8090768,High-Resolution NDVI from Planet’s Constellation of Earth Observing Nano-Satellites: A New Data Source for Precision Agriculture,2016,False,abstract,False,False,0,0,0,0,0,0,0,0,0,0,0,0,0,0,0,0,0,0,0,False,
S4_historical_data_as_validation,10.5194/bg-10-2105-2013,"Baseline characteristics of climate, permafrost and land cover from a new permafrost observatory in the Lena River Delta, Siberia (1998–2011)",2013,False,abstract,False,False,0,0,0,0,0,0,0,0,0,0,0,0,0,0,0,0,0,0,0,False,
S4_historical_data_as_validation,10.5194/hess-21-169-2017,Evaluating the streamflow simulation capability of PERSIANN-CDR daily rainfall products in two river basins on the Tibetan Plateau,2017,False,abstract,False,False,0,0,0,0,0,0,0,0,0,0,0,0,0,0,0,0,0,0,0,False,
S4_historical_data_as_validation,10.5194/hess-19-4229-2015,Groundwater-dependent ecosystems: recent insights from satellite and field-based studies,2015,False,abstract,False,False,0,0,0,0,0,0,0,0,0,0,0,0,0,0,0,0,0,0,0,False,
S4_historical_data_as_validation,10.1029/2008wr006941,Assessing reservoir operations risk under climate change,2009,False,abstract,False,False,0,0,0,0,0,0,0,0,0,0,0,0,0,0,0,0,0,0,0,False,
S4_historical_data_as_validation,10.5194/isprsarchives-xli-b4-157-2016,GENERATION OF THE 30 M-MESH GLOBAL DIGITAL SURFACE MODEL BY ALOS PRISM,2016,False,abstract,False,False,0,0,0,0,0,0,0,0,0,0,0,0,0,0,0,0,0,0,0,False,
S4_historical_data_as_validation,10.1002/wat2.1222,Drones and digital photogrammetry: from classifications to continuums for monitoring river habitat and hydromorphology,2017,False,abstract,False,False,0,0,0,0,0,0,0,0,0,0,0,0,0,0,0,0,0,0,0,False,
S4_historical_data_as_validation,10.1016/j.grj.2017.06.001,Soil legacy data rescue via GlobalSoilMap and other international and national initiatives,2017,False,abstract,True,True,0,0,0,0,0,3,0,0,0,0,0,0,0,0,0,0,0,0,0,False,
S4_historical_data_as_validation,10.1080/01431160701408477,ASTER DEMs for geomatic and geoscientific applications: a review,2008,False,abstract,False,False,0,0,0,0,0,0,0,0,0,0,0,0,0,0,0,0,0,0,0,False,
S4_historical_data_as_validation,10.3390/rs8080655,"A Spatial Downscaling Algorithm for Satellite-Based Precipitation over the Tibetan Plateau Based on NDVI, DEM, and Land Surface Temperature",2016,True,full_text,False,False,0,0,0,0,0,0,0,0,0,0,0,0,0,0,0,0,0,0,0,False,
S4_historical_data_as_validation,10.1029/2008jc004807,Spatiotemporal structure of the East India Coastal Current from satellite altimetry,2009,False,abstract,False,False,0,0,0,0,0,0,0,0,0,0,0,0,0,0,0,0,0,0,0,False,
S4_historical_data_as_validation,10.1016/j.scitotenv.2016.01.020,"Developments in Earth observation for the assessment and monitoring of inland, transitional, coastal and shelf-sea waters",2016,False,abstract,False,False,0,0,0,0,0,0,0,0,0,0,0,0,0,0,0,0,0,0,0,False,
S4_historical_data_as_validation,10.1659/mrd-journal-d-11-00092.1,Challenges and Uncertainties in Hydrological Modeling of Remote Hindu Kush–Karakoram–Himalayan (HKH) Basins: Suggestions for Calibration Strategies,2012,False,abstract,False,False,0,0,0,0,0,0,0,0,0,0,0,0,0,0,0,0,0,0,0,False,
S4_historical_data_as_validation,10.1080/02626667.2011.583613,The largest floods in the High Rhine basin since 1268 assessed from documentary and instrumental evidence,2011,False,abstract,False,False,0,0,0,0,0,0,0,0,0,0,0,0,0,0,0,0,0,0,0,False,
S4_historical_data_as_validation,10.1002/2016gl069494,"The effect of channel deepening on tides and storm surge: A case study of Wilmington, NC",2016,False,abstract,True,True,0,0,0,0,0,1,0,0,0,0,0,0,0,0,0,0,0,0,0,False,
S4_historical_data_as_validation,10.1029/2002jd002273,"The UARS Microwave Limb Sounder version 5 data set: Theory, characterization, and validation",2003,False,abstract,False,False,0,0,0,0,0,0,0,0,0,0,0,0,0,0,0,0,0,0,0,False,
S4_historical_data_as_validation,10.5194/esurf-5-161-2017,"River profile response to normal fault growth and linkage: an example from the Hellenic forearc of south-central Crete, Greece",2017,False,abstract,False,False,0,0,0,0,0,0,0,0,0,0,0,0,0,0,0,0,0,0,0,False,
S4_historical_data_as_validation,10.1002/hyp.8369,Estimating evapotranspiration using an observation based terrestrial water budget,2011,False,abstract,False,False,0,0,0,0,0,0,0,0,0,0,0,0,0,0,0,0,0,0,0,False,
S4_historical_data_as_validation,10.5194/hess-17-3523-2013,Potential and limitations of multidecadal satellite soil moisture observations for selected climate model evaluation studies,2013,False,abstract,False,False,0,0,0,0,0,0,0,0,0,0,0,0,0,0,0,0,0,0,0,False,
S4_historical_data_as_validation,10.1002/2016gl069457,High‐resolution digital elevation model from tri‐stereo Pleiades‐1 satellite imagery for lava flow volume estimates at Fogo Volcano,2016,False,abstract,False,False,0,0,0,0,0,0,0,0,0,0,0,0,0,0,0,0,0,0,0,False,
S4_historical_data_as_validation,10.1175/ei141.1,Validation of MODIS Active Fire Detection Products Derived from Two Algorithms,2005,False,abstract,False,False,0,0,0,0,0,0,0,0,0,0,0,0,0,0,0,0,0,0,0,False,
S4_historical_data_as_validation,10.1080/01490419.2010.488983,Investigating the Performance of the Jason-2/OSTM Radar Altimeter over Lakes and Reservoirs,2010,False,abstract,True,True,0,0,0,0,0,1,0,0,0,1,0,0,0,0,0,0,0,3,0,False,
S4_historical_data_as_validation,10.5670/oceanog.2010.08,Monitoring Ocean Currents with Satellite Sensors,2010,False,abstract,False,False,0,0,0,0,0,0,0,0,0,0,0,0,0,0,0,0,0,0,0,False,
S4_historical_data_as_validation,10.1088/1748-9326/6/4/045502,Detecting long-term changes to vegetation in northern Canada using the Landsat satellite image archive,2011,False,abstract,False,False,0,0,0,0,0,0,0,0,0,0,0,0,0,0,0,0,0,0,0,False,
S4_historical_data_as_validation,10.5194/hess-16-489-2012,Comparison and evaluation of satellite derived precipitation products for hydrological modeling of the Zambezi River Basin,2012,False,abstract,False,False,0,0,0,0,0,0,0,0,0,0,0,0,0,0,0,0,0,0,0,False,
S4_historical_data_as_validation,10.1126/science.aac9238,Satellites provide the big picture,2015,False,abstract,False,False,0,0,0,0,0,0,0,0,0,0,0,0,0,0,0,0,0,0,0,False,
S4_historical_data_as_validation,10.1002/esp.4086,Application of Structure‐from‐Motion photogrammetry to river restoration,2016,False,abstract,False,False,0,0,0,0,0,0,0,0,0,0,0,0,0,0,0,0,0,0,0,False,
S4_historical_data_as_validation,10.1080/01431161.2011.605087,Updating landslide inventory maps using Persistent Scatterer Interferometry (PSI),2011,False,abstract,False,False,0,0,0,0,0,0,0,0,0,0,0,0,0,0,0,0,0,0,0,False,
S4_historical_data_as_validation,10.1175/bams-87-3-327,NOMADS: A Climate and Weather Model Archive at the National Oceanic and Atmospheric Administration,2006,False,abstract,False,False,0,0,0,0,0,0,0,0,0,0,0,0,0,0,0,0,0,0,0,False,
S4_historical_data_as_validation,10.1016/j.jag.2011.11.004,Maqu network for validation of satellite-derived soil moisture products,2011,False,abstract,False,False,0,0,0,0,0,0,0,0,0,0,0,0,0,0,0,0,0,0,0,False,
S4_historical_data_as_validation,10.1029/2012wr012082,Projected climate change impacts on the hydrology and temperature of Pacific Northwest rivers,2012,False,abstract,False,False,0,0,0,0,0,0,0,0,0,0,0,0,0,0,0,0,0,0,0,False,
S4_historical_data_as_validation,10.1371/journal.pone.0019050,Exploring the Diversity of Plant DNA Viruses and Their Satellites Using Vector-Enabled Metagenomics on Whiteflies,2011,False,abstract,False,False,0,0,0,0,0,0,0,0,0,0,0,0,0,0,0,0,0,0,0,False,
S4_historical_data_as_validation,10.1175/2010jhm1211.1,Global Evaluation of the ISBA-TRIP Continental Hydrological System. Part I: Comparison to GRACE Terrestrial Water Storage Estimates and In Situ River Discharges,2010,False,abstract,False,False,0,0,0,0,0,0,0,0,0,0,0,0,0,0,0,0,0,0,0,False,
S4_historical_data_as_validation,10.1016/j.rse.2017.07.013,Extensive validation of CM SAF surface radiation products over Europe,2017,False,abstract,False,False,0,0,0,0,0,0,0,0,0,0,0,0,0,0,0,0,0,0,0,False,
S4_historical_data_as_validation,10.1002/esp.4085,Archival photogrammetric analysis of river–floodplain systems using Structure from Motion (SfM) methods,2016,False,abstract,True,True,0,0,0,0,0,4,0,0,0,0,0,0,0,0,0,0,0,0,0,False,
S4_historical_data_as_validation,10.1029/2008jd010854,Satellite‐based near‐real‐time estimation of irrigated crop water consumption,2009,False,abstract,False,False,0,0,0,0,0,0,0,0,0,0,0,0,0,0,0,0,0,0,0,False,
S4_historical_data_as_validation,10.1002/2015wr018545,River gauging at global scale using optical and passive microwave remote sensing,2016,False,abstract,False,False,0,0,0,0,0,0,0,0,0,0,0,0,0,0,0,0,0,0,0,False,
S4_historical_data_as_validation,10.5194/hess-14-59-2010,Calibration analysis for water storage variability of the global hydrological model WGHM,2010,False,abstract,False,False,0,0,0,0,0,0,0,0,0,0,0,0,0,0,0,0,0,0,0,False,
S4_historical_data_as_validation,10.1016/j.advwatres.2017.09.010,Four decades of microwave satellite soil moisture observations: Part 2. Product validation and inter-satellite comparisons,2017,False,abstract,False,False,0,0,0,0,0,0,0,0,0,0,0,0,0,0,0,0,0,0,0,False,
S4_historical_data_as_validation,10.1002/2014gl062611,Importance and origin of halosteric contribution to sea level change in the southeast Indian Ocean during 2005–2013,2015,False,abstract,False,False,0,0,0,0,0,0,0,0,0,0,0,0,0,0,0,0,0,0,0,False,
S4_historical_data_as_validation,10.3390/rs9070704,MMASTER: Improved ASTER DEMs for Elevation Change Monitoring,2017,False,abstract,False,False,0,0,0,0,0,0,0,0,0,0,0,0,0,0,0,0,0,0,0,False,
S4_historical_data_as_validation,10.1016/j.csr.2008.12.017,Development of a hydrodynamic model of the Bay of Biscay. Validation of hydrology,2009,False,abstract,False,False,0,0,0,0,0,0,0,0,0,0,0,0,0,0,0,0,0,0,0,False,
S4_historical_data_as_validation,10.1016/j.rse.2014.07.024,"Validation of Envisat MERIS algorithms for chlorophyll retrieval in a large, turbid and optically-complex shallow lake",2014,False,abstract,False,False,0,0,0,0,0,0,0,0,0,0,0,0,0,0,0,0,0,0,0,False,
S4_historical_data_as_validation,10.5194/isprs-annals-iii-4-25-2016,"VALIDATION OF ""AW3D"" GLOBAL DSM GENERATED FROM ALOS PRISM",2016,False,abstract,False,False,0,0,0,0,0,0,0,0,0,0,0,0,0,0,0,0,0,0,0,False,
S4_historical_data_as_validation,10.5194/hess-20-4983-2016,Calibration of channel depth and friction parameters in the LISFLOOD-FP hydraulic model using medium-resolution SAR data and identifiability techniques,2016,False,abstract,False,False,0,0,0,0,0,0,0,0,0,0,0,0,0,0,0,0,0,0,0,False,
S4_historical_data_as_validation,10.1016/j.rse.2016.05.024,Derivation and validation of supraglacial lake volumes on the Greenland Ice Sheet from high-resolution satellite imagery,2016,False,abstract,False,False,0,0,0,0,0,0,0,0,0,0,0,0,0,0,0,0,0,0,0,False,
S4_historical_data_as_validation,10.1080/01431161.2012.700424,"Mapping impervious surface expansion using medium-resolution satellite image time series: a case study in the Yangtze River Delta, China",2012,False,abstract,False,False,0,0,0,0,0,0,0,0,0,0,0,0,0,0,0,0,0,0,0,False,
S4_historical_data_as_validation,10.1038/srep36405,Remote Sensing of the Water Storage Dynamics of Large Lakes and Reservoirs in the Yangtze River Basin from 2000 to 2014,2016,False,abstract,False,False,0,0,0,0,0,0,0,0,0,0,0,0,0,0,0,0,0,0,0,False,
S4_historical_data_as_validation,10.1007/s11430-014-5003-4,Hyperresolution information and hyperresolution ignorance in modelling the hydrology of the land surface,2014,False,abstract,False,False,0,0,0,0,0,0,0,0,0,0,0,0,0,0,0,0,0,0,0,False,
S4_historical_data_as_validation,10.3390/rs8070579,Distribution of Artisanal and Small-Scale Gold Mining in the Tapajós River Basin (Brazilian Amazon) over the Past 40 Years and Relationship with Water Siltation,2016,False,abstract,False,False,0,0,0,0,0,0,0,0,0,0,0,0,0,0,0,0,0,0,0,False,
S4_historical_data_as_validation,10.3390/rs8100835,A Comparison of Different Regression Algorithms for Downscaling Monthly Satellite-Based Precipitation over North China,2016,True,full_text,False,False,0,0,0,0,0,0,0,0,0,0,0,0,0,0,0,0,0,0,0,False,
S4_historical_data_as_validation,10.1029/2002jb002311,"Magma supply dynamics at Westdahl volcano, Alaska, modeled from satellite radar interferometry",2003,False,abstract,False,False,0,0,0,0,0,0,0,0,0,0,0,0,0,0,0,0,0,0,0,False,
S4_historical_data_as_validation,10.5194/hess-16-1697-2012,The AACES field experiments: SMOS calibration and validation across the Murrumbidgee River catchment,2012,False,abstract,False,False,0,0,0,0,0,0,0,0,0,0,0,0,0,0,0,0,0,0,0,False,
S4_historical_data_as_validation,10.1029/2005wr004033,Soil moisture estimation in a semiarid watershed using RADARSAT‐1 satellite imagery and genetic programming,2006,False,abstract,False,False,0,0,0,0,0,0,0,0,0,0,0,0,0,0,0,0,0,0,0,False,
S4_historical_data_as_validation,10.1175/2011jhm1287.1,"Hydrologic Evaluation of Rainfall Estimates from Radar, Satellite, Gauge, and Combinations on Ft. Cobb Basin, Oklahoma",2011,False,abstract,False,False,0,0,0,0,0,0,0,0,0,0,0,0,0,0,0,0,0,0,0,False,
S4_historical_data_as_validation,10.1016/j.jhydrol.2016.10.041,Integrating remotely sensed surface water extent into continental scale hydrology,2016,True,full_text,False,False,0,0,0,0,0,0,0,0,0,0,0,0,0,0,0,0,0,0,0,False,
S4_historical_data_as_validation,10.5194/isprsannals-iii-4-25-2016,"VALIDATION OF ""AW3D"" GLOBAL DSM GENERATED FROM ALOS PRISM",2016,False,abstract,False,False,0,0,0,0,0,0,0,0,0,0,0,0,0,0,0,0,0,0,0,False,
S4_historical_data_as_validation,10.1155/2017/3695285,Evaluation of Satellite Precipitation Products and Their Potential Influence on Hydrological Modeling over the Ganzi River Basin of the Tibetan Plateau,2017,False,abstract,False,False,0,0,0,0,0,0,0,0,0,0,0,0,0,0,0,0,0,0,0,False,
S4_historical_data_as_validation,10.2151/jmsj.2015-036,"Stable Water Isotopes in Climatology, Meteorology, and Hydrology: A Review",2015,False,abstract,False,False,0,0,0,0,0,0,0,0,0,0,0,0,0,0,0,0,0,0,0,False,
S4_historical_data_as_validation,10.1175/2008jhm1065.1,Validation of a Dual-Pass Microwave Land Data Assimilation System for Estimating Surface Soil Moisture in Semiarid Regions,2009,False,abstract,False,False,0,0,0,0,0,0,0,0,0,0,0,0,0,0,0,0,0,0,0,False,
S4_historical_data_as_validation,10.4081/jlimnol.2003.s1.27,Regional assessment of lake water clarity using satellite remote sensing,2003,False,abstract,False,False,0,0,0,0,0,0,0,0,0,0,0,0,0,0,0,0,0,0,0,False,
S4_historical_data_as_validation,10.1623/hysj.48.4.567.51410,Satellite-based rainfall estimation for river flow forecasting in Africa. I: Rainfall estimates and hydrological forecasts,2003,False,abstract,False,False,0,0,0,0,0,0,0,0,0,0,0,0,0,0,0,0,0,0,0,False,
S4_historical_data_as_validation,10.1175/jhm-d-12-074.1,Investigating the Applicability of Error Correction Ensembles of Satellite Rainfall Products in River Flow Simulations,2013,True,full_text,False,False,0,0,0,0,0,0,0,0,0,0,0,0,0,0,0,0,0,0,0,False,
S4_historical_data_as_validation,10.1002/2017jc013333,Modulation of the Ganges‐Brahmaputra River Plume by the Indian Ocean Dipole and Eddies Inferred From Satellite Observations,2017,False,abstract,False,False,0,0,0,0,0,0,0,0,0,0,0,0,0,0,0,0,0,0,0,False,
S4_historical_data_as_validation,10.1029/2002gl016033,Water level fluctuations in the Plata Basin (South America) from Topex/Poseidon Satellite Altimetry,2003,False,abstract,False,False,0,0,0,0,0,0,0,0,0,0,0,0,0,0,0,0,0,0,0,False,
S4_historical_data_as_validation,10.5194/isprsarchives-xl-7-w3-1249-2015,CALIBRATION AND VALIDATION PLAN FOR THE L2A PROCESSOR AND PRODUCTS OF THE SENTINEL-2 MISSION,2015,False,abstract,False,False,0,0,0,0,0,0,0,0,0,0,0,0,0,0,0,0,0,0,0,False,
S4_historical_data_as_validation,10.1016/j.geomorph.2012.01.011,The River Orontes in Syria and Turkey: Downstream variation of fluvial archives in different crustal blocks,2012,False,abstract,False,False,0,0,0,0,0,0,0,0,0,0,0,0,0,0,0,0,0,0,0,False,
S4_historical_data_as_validation,10.3390/rs5116138,"Quantitative Analysis of the Waterline Method for Topographical Mapping of Tidal Flats: A Case Study in the Dongsha Sandbank, China",2013,False,abstract,False,False,0,0,0,0,0,0,0,0,0,0,0,0,0,0,0,0,0,0,0,False,
S4_historical_data_as_validation,10.1080/02626667.2017.1321842,Hydrological modelling of the Vistula and Odra river basins using SWAT,2017,False,abstract,False,False,0,0,0,0,0,0,0,0,0,0,0,0,0,0,0,0,0,0,0,False,
S4_historical_data_as_validation,10.1016/j.ejrh.2015.05.012,Verification of inflow into hydropower reservoirs using ensemble forecasts of the TIGGE database for large scale basins in Brazil,2015,False,abstract,False,False,0,0,0,0,0,0,0,0,0,0,0,0,0,0,0,0,0,0,0,False,
S4_historical_data_as_validation,10.1029/2001jb001124,"A multicomponent coupled model of glacier hydrology 2. Application to Trapridge Glacier, Yukon, Canada",2002,False,abstract,False,False,0,0,0,0,0,0,0,0,0,0,0,0,0,0,0,0,0,0,0,False,
S4_historical_data_as_validation,10.5194/hess-21-2483-2017,Advancing land surface model development with satellite-based Earth observations,2017,False,abstract,False,False,0,0,0,0,0,0,0,0,0,0,0,0,0,0,0,0,0,0,0,False,
S4_historical_data_as_validation,10.1080/02626667.2015.1057513,"Projections of hydrology in the Tocantins-Araguaia Basin, Brazil: uncertainty assessment using the CMIP5 ensemble",2015,False,abstract,False,False,0,0,0,0,0,0,0,0,0,0,0,0,0,0,0,0,0,0,0,False,
S4_historical_data_as_validation,10.3390/rs5073415,Estimating Total Discharge in the Yangtze River Basin Using Satellite-Based Observations,2013,False,abstract,False,False,0,0,0,0,0,0,0,0,0,0,0,0,0,0,0,0,0,0,0,False,
S4_historical_data_as_validation,10.1029/2007jd008463,Influence of runoff parameterization on continental hydrology: Comparison between the Noah and the ISBA land surface models,2007,False,abstract,False,False,0,0,0,0,0,0,0,0,0,0,0,0,0,0,0,0,0,0,0,False,
S4_historical_data_as_validation,10.1175/jam2426.1,Validation of Improved TAMANN Neural Network for Operational Satellite-Derived Rainfall Estimation in Africa,2006,False,abstract,False,False,0,0,0,0,0,0,0,0,0,0,0,0,0,0,0,0,0,0,0,False,
