post_name,post_id,date,level_cm,flags,flag_meanings,undocumented_flags,not_observed,height_m,zero_of_post_m,height_system,raw,source_volume,page,table
Херсон,kherson,2023-01-01,519.0,,,,False,0.19,-5.0,БС-77,519,v230_mouths,162,2.1.1
Херсон,kherson,2023-02-01,504.0,,,,False,0.04,-5.0,БС-77,504,v230_mouths,162,2.1.1
Херсон,kherson,2023-03-01,509.0,,,,False,0.09,-5.0,БС-77,509,v230_mouths,162,2.1.1
Херсон,kherson,2023-04-01,527.0,,,,False,0.27,-5.0,БС-77,527,v230_mouths,162,2.1.1
Херсон,kherson,2023-05-01,540.0,,,,False,0.4,-5.0,БС-77,540,v230_mouths,162,2.1.1
Херсон,kherson,2023-06-01,538.0,,,,False,0.38,-5.0,БС-77,538,v230_mouths,162,2.1.1
Херсон,kherson,2023-08-01,505.0,,,,False,0.05,-5.0,БС-77,505,v230_mouths,162,2.1.1
Херсон,kherson,2023-09-01,513.0,,,,False,0.13,-5.0,БС-77,513,v230_mouths,162,2.1.1
Херсон,kherson,2023-10-01,490.0,,,,False,-0.1,-5.0,БС-77,490,v230_mouths,162,2.1.1
Херсон,kherson,2023-11-01,496.0,,,,False,-0.04,-5.0,БС-77,496,v230_mouths,162,2.1.1
Херсон,kherson,2023-12-01,542.0,,,,False,0.42,-5.0,БС-77,542,v230_mouths,162,2.1.1
Херсон,kherson,2023-01-02,519.0,,,,False,0.19,-5.0,БС-77,519,v230_mouths,162,2.1.1
Херсон,kherson,2023-02-02,507.0,,,,False,0.07,-5.0,БС-77,507,v230_mouths,162,2.1.1
Херсон,kherson,2023-03-02,504.0,,,,False,0.04,-5.0,БС-77,504,v230_mouths,162,2.1.1
Херсон,kherson,2023-04-02,525.0,,,,False,0.25,-5.0,БС-77,525,v230_mouths,162,2.1.1
Херсон,kherson,2023-05-02,537.0,,,,False,0.37,-5.0,БС-77,537,v230_mouths,162,2.1.1
Херсон,kherson,2023-06-02,542.0,,,,False,0.42,-5.0,БС-77,542,v230_mouths,162,2.1.1
Херсон,kherson,2023-08-02,509.0,,,,False,0.09,-5.0,БС-77,509,v230_mouths,162,2.1.1
Херсон,kherson,2023-09-02,503.0,,,,False,0.03,-5.0,БС-77,503,v230_mouths,162,2.1.1
Херсон,kherson,2023-10-02,482.0,,,,False,-0.18,-5.0,БС-77,482,v230_mouths,162,2.1.1
Херсон,kherson,2023-11-02,482.0,,,,False,-0.18,-5.0,БС-77,482,v230_mouths,162,2.1.1
Херсон,kherson,2023-12-02,531.0,,,,False,0.31,-5.0,БС-77,531,v230_mouths,162,2.1.1
Херсон,kherson,2023-01-03,522.0,,,,False,0.22,-5.0,БС-77,522,v230_mouths,162,2.1.1
Херсон,kherson,2023-02-03,507.0,,,,False,0.07,-5.0,БС-77,507,v230_mouths,162,2.1.1
Херсон,kherson,2023-03-03,507.0,,,,False,0.07,-5.0,БС-77,507,v230_mouths,162,2.1.1
Херсон,kherson,2023-04-03,526.0,,,,False,0.26,-5.0,БС-77,526,v230_mouths,162,2.1.1
Херсон,kherson,2023-05-03,539.0,,,,False,0.39,-5.0,БС-77,539,v230_mouths,162,2.1.1
Херсон,kherson,2023-06-03,542.0,,,,False,0.42,-5.0,БС-77,542,v230_mouths,162,2.1.1
Херсон,kherson,2023-08-03,517.0,,,,False,0.17,-5.0,БС-77,517,v230_mouths,162,2.1.1
Херсон,kherson,2023-09-03,500.0,,,,False,0.0,-5.0,БС-77,500,v230_mouths,162,2.1.1
Херсон,kherson,2023-10-03,488.0,,,,False,-0.12,-5.0,БС-77,488,v230_mouths,162,2.1.1
Херсон,kherson,2023-11-03,481.0,,,,False,-0.19,-5.0,БС-77,481,v230_mouths,162,2.1.1
Херсон,kherson,2023-12-03,524.0,,,,False,0.24,-5.0,БС-77,524,v230_mouths,162,2.1.1
Херсон,kherson,2023-01-04,515.0,,,,False,0.15,-5.0,БС-77,515,v230_mouths,162,2.1.1
Херсон,kherson,2023-02-04,503.0,,,,False,0.03,-5.0,БС-77,503,v230_mouths,162,2.1.1
Херсон,kherson,2023-03-04,513.0,,,,False,0.13,-5.0,БС-77,513,v230_mouths,162,2.1.1
Херсон,kherson,2023-04-04,513.0,,,,False,0.13,-5.0,БС-77,513,v230_mouths,162,2.1.1
Херсон,kherson,2023-05-04,540.0,,,,False,0.4,-5.0,БС-77,540,v230_mouths,162,2.1.1
Херсон,kherson,2023-06-04,532.0,,,,False,0.32,-5.0,БС-77,532,v230_mouths,162,2.1.1
Херсон,kherson,2023-08-04,511.0,,,,False,0.11,-5.0,БС-77,511,v230_mouths,162,2.1.1
Херсон,kherson,2023-09-04,497.0,,,,False,-0.03,-5.0,БС-77,497,v230_mouths,162,2.1.1
Херсон,kherson,2023-10-04,495.0,,,,False,-0.05,-5.0,БС-77,495,v230_mouths,162,2.1.1
Херсон,kherson,2023-11-04,496.0,,,,False,-0.04,-5.0,БС-77,496,v230_mouths,162,2.1.1
Херсон,kherson,2023-12-04,514.0,,,,False,0.14,-5.0,БС-77,514,v230_mouths,162,2.1.1
Херсон,kherson,2023-01-05,530.0,,,,False,0.3,-5.0,БС-77,530,v230_mouths,162,2.1.1
Херсон,kherson,2023-02-05,496.0,,,,False,-0.04,-5.0,БС-77,496,v230_mouths,162,2.1.1
Херсон,kherson,2023-03-05,511.0,,,,False,0.11,-5.0,БС-77,511,v230_mouths,162,2.1.1
Херсон,kherson,2023-04-05,518.0,,,,False,0.18,-5.0,БС-77,518,v230_mouths,162,2.1.1
Херсон,kherson,2023-05-05,542.0,,,,False,0.42,-5.0,БС-77,542,v230_mouths,162,2.1.1
Херсон,kherson,2023-06-05,533.0,,,,False,0.33,-5.0,БС-77,533,v230_mouths,162,2.1.1
Херсон,kherson,2023-08-05,505.0,,,,False,0.05,-5.0,БС-77,505,v230_mouths,162,2.1.1
Херсон,kherson,2023-09-05,491.0,,,,False,-0.09,-5.0,БС-77,491,v230_mouths,162,2.1.1
Херсон,kherson,2023-10-05,487.0,,,,False,-0.13,-5.0,БС-77,487,v230_mouths,162,2.1.1
Херсон,kherson,2023-11-05,513.0,,,,False,0.13,-5.0,БС-77,513,v230_mouths,162,2.1.1
Херсон,kherson,2023-12-05,513.0,,,,False,0.13,-5.0,БС-77,513,v230_mouths,162,2.1.1
Херсон,kherson,2023-01-06,520.0,,,,False,0.2,-5.0,БС-77,520,v230_mouths,162,2.1.1
Херсон,kherson,2023-02-06,485.0,,,,False,-0.15,-5.0,БС-77,485,v230_mouths,162,2.1.1
Херсон,kherson,2023-03-06,504.0,,,,False,0.04,-5.0,БС-77,504,v230_mouths,162,2.1.1
Херсон,kherson,2023-04-06,528.0,,,,False,0.28,-5.0,БС-77,528,v230_mouths,162,2.1.1
Херсон,kherson,2023-05-06,534.0,,,,False,0.34,-5.0,БС-77,534,v230_mouths,162,2.1.1
Херсон,kherson,2023-06-06,799.0,?/,doubtful;dam_breach_distortion,,False,2.99,-5.0,БС-77,799?/,v230_mouths,162,2.1.1
Херсон,kherson,2023-08-06,499.0,,,,False,-0.01,-5.0,БС-77,499,v230_mouths,162,2.1.1
Херсон,kherson,2023-09-06,497.0,,,,False,-0.03,-5.0,БС-77,497,v230_mouths,162,2.1.1
Херсон,kherson,2023-10-06,489.0,,,,False,-0.11,-5.0,БС-77,489,v230_mouths,162,2.1.1
Херсон,kherson,2023-11-06,505.0,,,,False,0.05,-5.0,БС-77,505,v230_mouths,162,2.1.1
Херсон,kherson,2023-12-06,508.0,,,,False,0.08,-5.0,БС-77,508,v230_mouths,162,2.1.1
Херсон,kherson,2023-01-07,504.0,,,,False,0.04,-5.0,БС-77,504,v230_mouths,162,2.1.1
Херсон,kherson,2023-02-07,488.0,,,,False,-0.12,-5.0,БС-77,488,v230_mouths,162,2.1.1
Херсон,kherson,2023-03-07,516.0,,,,False,0.16,-5.0,БС-77,516,v230_mouths,162,2.1.1
Херсон,kherson,2023-04-07,523.0,,,,False,0.23,-5.0,БС-77,523,v230_mouths,162,2.1.1
Херсон,kherson,2023-05-07,531.0,,,,False,0.31,-5.0,БС-77,531,v230_mouths,162,2.1.1
Херсон,kherson,2023-06-07,1041.0,/,dam_breach_distortion,,False,5.41,-5.0,БС-77,1041/,v230_mouths,162,2.1.1
Херсон,kherson,2023-08-07,525.0,,,,False,0.25,-5.0,БС-77,525,v230_mouths,162,2.1.1
Херсон,kherson,2023-09-07,498.0,,,,False,-0.02,-5.0,БС-77,498,v230_mouths,162,2.1.1
Херсон,kherson,2023-10-07,498.0,,,,False,-0.02,-5.0,БС-77,498,v230_mouths,162,2.1.1
Херсон,kherson,2023-11-07,494.0,,,,False,-0.06,-5.0,БС-77,494,v230_mouths,162,2.1.1
Херсон,kherson,2023-12-07,504.0,,,,False,0.04,-5.0,БС-77,504,v230_mouths,162,2.1.1
Херсон,kherson,2023-01-08,499.0,,,,False,-0.01,-5.0,БС-77,499,v230_mouths,162,2.1.1
Херсон,kherson,2023-02-08,482.0,,,,False,-0.18,-5.0,БС-77,482,v230_mouths,162,2.1.1
Херсон,kherson,2023-03-08,520.0,,,,False,0.2,-5.0,БС-77,520,v230_mouths,162,2.1.1
Херсон,kherson,2023-04-08,525.0,,,,False,0.25,-5.0,БС-77,525,v230_mouths,162,2.1.1
Херсон,kherson,2023-05-08,534.0,,,,False,0.34,-5.0,БС-77,534,v230_mouths,162,2.1.1
Херсон,kherson,2023-06-08,1059.0,/,dam_breach_distortion,,False,5.59,-5.0,БС-77,1059/,v230_mouths,162,2.1.1
Херсон,kherson,2023-08-08,518.0,,,,False,0.18,-5.0,БС-77,518,v230_mouths,162,2.1.1
Херсон,kherson,2023-09-08,489.0,,,,False,-0.11,-5.0,БС-77,489,v230_mouths,162,2.1.1
Херсон,kherson,2023-10-08,498.0,,,,False,-0.02,-5.0,БС-77,498,v230_mouths,162,2.1.1
Херсон,kherson,2023-11-08,500.0,,,,False,0.0,-5.0,БС-77,500,v230_mouths,162,2.1.1
Херсон,kherson,2023-12-08,504.0,,,,False,0.04,-5.0,БС-77,504,v230_mouths,162,2.1.1
Херсон,kherson,2023-01-09,501.0,,,,False,0.01,-5.0,БС-77,501,v230_mouths,162,2.1.1
Херсон,kherson,2023-02-09,498.0,,,,False,-0.02,-5.0,БС-77,498,v230_mouths,162,2.1.1
Херсон,kherson,2023-03-09,522.0,,,,False,0.22,-5.0,БС-77,522,v230_mouths,162,2.1.1
Херсон,kherson,2023-04-09,522.0,,,,False,0.22,-5.0,БС-77,522,v230_mouths,162,2.1.1
Херсон,kherson,2023-05-09,534.0,,,,False,0.34,-5.0,БС-77,534,v230_mouths,162,2.1.1
Херсон,kherson,2023-06-09,1016.0,/,dam_breach_distortion,,False,5.16,-5.0,БС-77,1016/,v230_mouths,162,2.1.1
Херсон,kherson,2023-07-09,495.0,?,doubtful,,False,-0.05,-5.0,БС-77,495?,v230_mouths,162,2.1.1
Херсон,kherson,2023-08-09,507.0,,,,False,0.07,-5.0,БС-77,507,v230_mouths,162,2.1.1
Херсон,kherson,2023-09-09,495.0,,,,False,-0.05,-5.0,БС-77,495,v230_mouths,162,2.1.1
Херсон,kherson,2023-10-09,493.0,,,,False,-0.07,-5.0,БС-77,493,v230_mouths,162,2.1.1
Херсон,kherson,2023-11-09,497.0,,,,False,-0.03,-5.0,БС-77,497,v230_mouths,162,2.1.1
Херсон,kherson,2023-12-09,490.0,,,,False,-0.1,-5.0,БС-77,490,v230_mouths,162,2.1.1
Херсон,kherson,2023-01-10,493.0,,,,False,-0.07,-5.0,БС-77,493,v230_mouths,162,2.1.1
Херсон,kherson,2023-02-10,511.0,,,Ш,False,0.11,-5.0,БС-77,511Ш,v230_mouths,162,2.1.1
Херсон,kherson,2023-03-10,520.0,,,,False,0.2,-5.0,БС-77,520,v230_mouths,162,2.1.1
Херсон,kherson,2023-04-10,515.0,,,,False,0.15,-5.0,БС-77,515,v230_mouths,162,2.1.1
Херсон,kherson,2023-05-10,538.0,,,,False,0.38,-5.0,БС-77,538,v230_mouths,162,2.1.1
Херсон,kherson,2023-06-10,959.0,/,dam_breach_distortion,,False,4.59,-5.0,БС-77,959/,v230_mouths,162,2.1.1
Херсон,kherson,2023-07-10,508.0,,,,False,0.08,-5.0,БС-77,508,v230_mouths,162,2.1.1
Херсон,kherson,2023-08-10,494.0,,,,False,-0.06,-5.0,БС-77,494,v230_mouths,162,2.1.1
Херсон,kherson,2023-09-10,493.0,,,,False,-0.07,-5.0,БС-77,493,v230_mouths,162,2.1.1
Херсон,kherson,2023-10-10,487.0,,,,False,-0.13,-5.0,БС-77,487,v230_mouths,162,2.1.1
Херсон,kherson,2023-11-10,488.0,,,,False,-0.12,-5.0,БС-77,488,v230_mouths,162,2.1.1
Херсон,kherson,2023-12-10,501.0,,,,False,0.01,-5.0,БС-77,501,v230_mouths,162,2.1.1
Херсон,kherson,2023-01-11,484.0,,,,False,-0.16,-5.0,БС-77,484,v230_mouths,162,2.1.1
Херсон,kherson,2023-02-11,509.0,,,Z,False,0.09,-5.0,БС-77,509Z,v230_mouths,162,2.1.1
Херсон,kherson,2023-03-11,522.0,,,,False,0.22,-5.0,БС-77,522,v230_mouths,162,2.1.1
Херсон,kherson,2023-04-11,511.0,,,,False,0.11,-5.0,БС-77,511,v230_mouths,162,2.1.1
Херсон,kherson,2023-05-11,537.0,,,,False,0.37,-5.0,БС-77,537,v230_mouths,162,2.1.1
Херсон,kherson,2023-06-11,901.0,/,dam_breach_distortion,,False,4.01,-5.0,БС-77,901/,v230_mouths,162,2.1.1
Херсон,kherson,2023-07-11,510.0,,,,False,0.1,-5.0,БС-77,510,v230_mouths,162,2.1.1
Херсон,kherson,2023-08-11,495.0,,,,False,-0.05,-5.0,БС-77,495,v230_mouths,162,2.1.1
Херсон,kherson,2023-09-11,494.0,,,,False,-0.06,-5.0,БС-77,494,v230_mouths,162,2.1.1
Херсон,kherson,2023-10-11,479.0,,,,False,-0.21,-5.0,БС-77,479,v230_mouths,162,2.1.1
Херсон,kherson,2023-11-11,497.0,,,,False,-0.03,-5.0,БС-77,497,v230_mouths,162,2.1.1
Херсон,kherson,2023-12-11,501.0,,,,False,0.01,-5.0,БС-77,501,v230_mouths,162,2.1.1
Херсон,kherson,2023-01-12,497.0,,,,False,-0.03,-5.0,БС-77,497,v230_mouths,162,2.1.1
Херсон,kherson,2023-02-12,507.0,,,Л,False,0.07,-5.0,БС-77,507Л,v230_mouths,162,2.1.1
Херсон,kherson,2023-03-12,532.0,,,,False,0.32,-5.0,БС-77,532,v230_mouths,162,2.1.1
Херсон,kherson,2023-04-12,525.0,,,,False,0.25,-5.0,БС-77,525,v230_mouths,162,2.1.1
Херсон,kherson,2023-05-12,536.0,,,,False,0.36,-5.0,БС-77,536,v230_mouths,162,2.1.1
Херсон,kherson,2023-06-12,844.0,?/,doubtful;dam_breach_distortion,,False,3.44,-5.0,БС-77,844?/,v230_mouths,162,2.1.1
Херсон,kherson,2023-07-12,506.0,,,,False,0.06,-5.0,БС-77,506,v230_mouths,162,2.1.1
Херсон,kherson,2023-08-12,508.0,,,,False,0.08,-5.0,БС-77,508,v230_mouths,162,2.1.1
Херсон,kherson,2023-09-12,497.0,,,,False,-0.03,-5.0,БС-77,497,v230_mouths,162,2.1.1
Херсон,kherson,2023-10-12,492.0,,,,False,-0.08,-5.0,БС-77,492,v230_mouths,162,2.1.1
Херсон,kherson,2023-11-12,536.0,,,,False,0.36,-5.0,БС-77,536,v230_mouths,162,2.1.1
Херсон,kherson,2023-12-12,508.0,,,,False,0.08,-5.0,БС-77,508,v230_mouths,162,2.1.1
Херсон,kherson,2023-01-13,506.0,,,,False,0.06,-5.0,БС-77,506,v230_mouths,162,2.1.1
Херсон,kherson,2023-02-13,505.0,*,footnote_marker,Х,False,0.05,-5.0,БС-77,505Х*,v230_mouths,162,2.1.1
Херсон,kherson,2023-03-13,515.0,,,,False,0.15,-5.0,БС-77,515,v230_mouths,162,2.1.1
Херсон,kherson,2023-04-13,528.0,,,,False,0.28,-5.0,БС-77,528,v230_mouths,162,2.1.1
Херсон,kherson,2023-05-13,533.0,,,,False,0.33,-5.0,БС-77,533,v230_mouths,162,2.1.1
Херсон,kherson,2023-07-13,514.0,,,,False,0.14,-5.0,БС-77,514,v230_mouths,162,2.1.1
Херсон,kherson,2023-08-13,505.0,,,,False,0.05,-5.0,БС-77,505,v230_mouths,162,2.1.1
Херсон,kherson,2023-09-13,500.0,,,,False,0.0,-5.0,БС-77,500,v230_mouths,162,2.1.1
Херсон,kherson,2023-10-13,492.0,,,,False,-0.08,-5.0,БС-77,492,v230_mouths,162,2.1.1
Херсон,kherson,2023-11-13,506.0,,,,False,0.06,-5.0,БС-77,506,v230_mouths,162,2.1.1
Херсон,kherson,2023-12-13,516.0,,,,False,0.16,-5.0,БС-77,516,v230_mouths,162,2.1.1
Херсон,kherson,2023-01-14,509.0,,,,False,0.09,-5.0,БС-77,509,v230_mouths,162,2.1.1
Херсон,kherson,2023-02-14,506.0,,,,False,0.06,-5.0,БС-77,506,v230_mouths,162,2.1.1
Херсон,kherson,2023-03-14,514.0,,,,False,0.14,-5.0,БС-77,514,v230_mouths,162,2.1.1
Херсон,kherson,2023-04-14,525.0,,,,False,0.25,-5.0,БС-77,525,v230_mouths,162,2.1.1
Херсон,kherson,2023-05-14,536.0,,,,False,0.36,-5.0,БС-77,536,v230_mouths,162,2.1.1
Херсон,kherson,2023-07-14,516.0,,,,False,0.16,-5.0,БС-77,516,v230_mouths,162,2.1.1
Херсон,kherson,2023-08-14,500.0,,,,False,0.0,-5.0,БС-77,500,v230_mouths,162,2.1.1
Херсон,kherson,2023-09-14,505.0,,,,False,0.05,-5.0,БС-77,505,v230_mouths,162,2.1.1
Херсон,kherson,2023-10-14,484.0,,,,False,-0.16,-5.0,БС-77,484,v230_mouths,162,2.1.1
Херсон,kherson,2023-11-14,510.0,,,,False,0.1,-5.0,БС-77,510,v230_mouths,162,2.1.1
Херсон,kherson,2023-12-14,528.0,,,,False,0.28,-5.0,БС-77,528,v230_mouths,162,2.1.1
Херсон,kherson,2023-01-15,514.0,,,,False,0.14,-5.0,БС-77,514,v230_mouths,162,2.1.1
Херсон,kherson,2023-02-15,497.0,,,,False,-0.03,-5.0,БС-77,497,v230_mouths,162,2.1.1
Херсон,kherson,2023-03-15,517.0,,,,False,0.17,-5.0,БС-77,517,v230_mouths,162,2.1.1
Херсон,kherson,2023-04-15,518.0,,,,False,0.18,-5.0,БС-77,518,v230_mouths,162,2.1.1
Херсон,kherson,2023-05-15,539.0,,,,False,0.39,-5.0,БС-77,539,v230_mouths,162,2.1.1
Херсон,kherson,2023-07-15,518.0,,,,False,0.18,-5.0,БС-77,518,v230_mouths,162,2.1.1
Херсон,kherson,2023-08-15,492.0,,,,False,-0.08,-5.0,БС-77,492,v230_mouths,162,2.1.1
Херсон,kherson,2023-09-15,503.0,,,,False,0.03,-5.0,БС-77,503,v230_mouths,162,2.1.1
Херсон,kherson,2023-10-15,487.0,,,,False,-0.13,-5.0,БС-77,487,v230_mouths,162,2.1.1
Херсон,kherson,2023-11-15,507.0,,,,False,0.07,-5.0,БС-77,507,v230_mouths,162,2.1.1
Херсон,kherson,2023-12-15,518.0,,,,False,0.18,-5.0,БС-77,518,v230_mouths,162,2.1.1
Херсон,kherson,2023-01-16,512.0,,,,False,0.12,-5.0,БС-77,512,v230_mouths,162,2.1.1
Херсон,kherson,2023-02-16,506.0,,,,False,0.06,-5.0,БС-77,506,v230_mouths,162,2.1.1
Херсон,kherson,2023-03-16,513.0,,,,False,0.13,-5.0,БС-77,513,v230_mouths,162,2.1.1
Херсон,kherson,2023-04-16,516.0,,,,False,0.16,-5.0,БС-77,516,v230_mouths,162,2.1.1
Херсон,kherson,2023-05-16,537.0,,,,False,0.37,-5.0,БС-77,537,v230_mouths,162,2.1.1
Херсон,kherson,2023-07-16,514.0,,,,False,0.14,-5.0,БС-77,514,v230_mouths,162,2.1.1
Херсон,kherson,2023-08-16,492.0,,,,False,-0.08,-5.0,БС-77,492,v230_mouths,162,2.1.1
Херсон,kherson,2023-09-16,485.0,,,,False,-0.15,-5.0,БС-77,485,v230_mouths,162,2.1.1
Херсон,kherson,2023-10-16,489.0,,,,False,-0.11,-5.0,БС-77,489,v230_mouths,162,2.1.1
Херсон,kherson,2023-11-16,503.0,,,,False,0.03,-5.0,БС-77,503,v230_mouths,162,2.1.1
Херсон,kherson,2023-12-16,513.0,,,,False,0.13,-5.0,БС-77,513,v230_mouths,162,2.1.1
Херсон,kherson,2023-01-17,522.0,,,,False,0.22,-5.0,БС-77,522,v230_mouths,162,2.1.1
Херсон,kherson,2023-02-17,517.0,,,,False,0.17,-5.0,БС-77,517,v230_mouths,162,2.1.1
Херсон,kherson,2023-03-17,505.0,,,,False,0.05,-5.0,БС-77,505,v230_mouths,162,2.1.1
Херсон,kherson,2023-04-17,520.0,,,,False,0.2,-5.0,БС-77,520,v230_mouths,162,2.1.1
Херсон,kherson,2023-05-17,536.0,,,,False,0.36,-5.0,БС-77,536,v230_mouths,162,2.1.1
Херсон,kherson,2023-07-17,514.0,,,,False,0.14,-5.0,БС-77,514,v230_mouths,162,2.1.1
Херсон,kherson,2023-08-17,500.0,,,,False,0.0,-5.0,БС-77,500,v230_mouths,162,2.1.1
Херсон,kherson,2023-09-17,486.0,,,,False,-0.14,-5.0,БС-77,486,v230_mouths,162,2.1.1
Херсон,kherson,2023-10-17,484.0,,,,False,-0.16,-5.0,БС-77,484,v230_mouths,162,2.1.1
Херсон,kherson,2023-11-17,497.0,,,,False,-0.03,-5.0,БС-77,497,v230_mouths,162,2.1.1
Херсон,kherson,2023-12-17,521.0,,,,False,0.21,-5.0,БС-77,521,v230_mouths,162,2.1.1
Херсон,kherson,2023-01-18,523.0,,,,False,0.23,-5.0,БС-77,523,v230_mouths,162,2.1.1
Херсон,kherson,2023-02-18,517.0,,,,False,0.17,-5.0,БС-77,517,v230_mouths,162,2.1.1
Херсон,kherson,2023-03-18,501.0,,,,False,0.01,-5.0,БС-77,501,v230_mouths,162,2.1.1
Херсон,kherson,2023-04-18,525.0,,,,False,0.25,-5.0,БС-77,525,v230_mouths,162,2.1.1
Херсон,kherson,2023-05-18,535.0,,,,False,0.35,-5.0,БС-77,535,v230_mouths,162,2.1.1
Херсон,kherson,2023-07-18,517.0,,,,False,0.17,-5.0,БС-77,517,v230_mouths,162,2.1.1
Херсон,kherson,2023-08-18,499.0,,,,False,-0.01,-5.0,БС-77,499,v230_mouths,162,2.1.1
Херсон,kherson,2023-09-18,489.0,,,,False,-0.11,-5.0,БС-77,489,v230_mouths,162,2.1.1
Херсон,kherson,2023-10-18,480.0,,,,False,-0.2,-5.0,БС-77,480,v230_mouths,162,2.1.1
Херсон,kherson,2023-11-18,470.0,,,,False,-0.3,-5.0,БС-77,470,v230_mouths,162,2.1.1
Херсон,kherson,2023-12-18,527.0,,,,False,0.27,-5.0,БС-77,527,v230_mouths,162,2.1.1
Херсон,kherson,2023-01-19,524.0,,,,False,0.24,-5.0,БС-77,524,v230_mouths,162,2.1.1
Херсон,kherson,2023-02-19,514.0,,,,False,0.14,-5.0,БС-77,514,v230_mouths,162,2.1.1
Херсон,kherson,2023-03-19,504.0,,,,False,0.04,-5.0,БС-77,504,v230_mouths,162,2.1.1
Херсон,kherson,2023-04-19,524.0,,,,False,0.24,-5.0,БС-77,524,v230_mouths,162,2.1.1
Херсон,kherson,2023-05-19,535.0,,,,False,0.35,-5.0,БС-77,535,v230_mouths,162,2.1.1
Херсон,kherson,2023-07-19,520.0,,,,False,0.2,-5.0,БС-77,520,v230_mouths,162,2.1.1
Херсон,kherson,2023-08-19,492.0,,,,False,-0.08,-5.0,БС-77,492,v230_mouths,162,2.1.1
Херсон,kherson,2023-09-19,489.0,,,,False,-0.11,-5.0,БС-77,489,v230_mouths,162,2.1.1
Херсон,kherson,2023-10-19,493.0,,,,False,-0.07,-5.0,БС-77,493,v230_mouths,162,2.1.1
Херсон,kherson,2023-11-19,448.0,,,,False,-0.52,-5.0,БС-77,448,v230_mouths,162,2.1.1
Херсон,kherson,2023-12-19,519.0,,,,False,0.19,-5.0,БС-77,519,v230_mouths,162,2.1.1
Херсон,kherson,2023-01-20,513.0,,,,False,0.13,-5.0,БС-77,513,v230_mouths,162,2.1.1
Херсон,kherson,2023-02-20,518.0,,,,False,0.18,-5.0,БС-77,518,v230_mouths,162,2.1.1
Херсон,kherson,2023-03-20,513.0,,,,False,0.13,-5.0,БС-77,513,v230_mouths,162,2.1.1
Херсон,kherson,2023-04-20,527.0,,,,False,0.27,-5.0,БС-77,527,v230_mouths,162,2.1.1
Херсон,kherson,2023-05-20,536.0,,,,False,0.36,-5.0,БС-77,536,v230_mouths,162,2.1.1
Херсон,kherson,2023-07-20,518.0,,,,False,0.18,-5.0,БС-77,518,v230_mouths,162,2.1.1
Херсон,kherson,2023-08-20,499.0,,,,False,-0.01,-5.0,БС-77,499,v230_mouths,162,2.1.1
Херсон,kherson,2023-09-20,494.0,,,,False,-0.06,-5.0,БС-77,494,v230_mouths,162,2.1.1
Херсон,kherson,2023-10-20,508.0,,,,False,0.08,-5.0,БС-77,508,v230_mouths,162,2.1.1
Херсон,kherson,2023-11-20,498.0,,,,False,-0.02,-5.0,БС-77,498,v230_mouths,162,2.1.1
Херсон,kherson,2023-12-20,527.0,,,,False,0.27,-5.0,БС-77,527,v230_mouths,162,2.1.1
Херсон,kherson,2023-01-21,509.0,,,,False,0.09,-5.0,БС-77,509,v230_mouths,162,2.1.1
Херсон,kherson,2023-02-21,520.0,,,,False,0.2,-5.0,БС-77,520,v230_mouths,162,2.1.1
Херсон,kherson,2023-03-21,517.0,,,,False,0.17,-5.0,БС-77,517,v230_mouths,162,2.1.1
Херсон,kherson,2023-04-21,532.0,,,,False,0.32,-5.0,БС-77,532,v230_mouths,162,2.1.1
Херсон,kherson,2023-05-21,534.0,,,,False,0.34,-5.0,БС-77,534,v230_mouths,162,2.1.1
Херсон,kherson,2023-07-21,517.0,,,,False,0.17,-5.0,БС-77,517,v230_mouths,162,2.1.1
Херсон,kherson,2023-08-21,505.0,,,,False,0.05,-5.0,БС-77,505,v230_mouths,162,2.1.1
Херсон,kherson,2023-09-21,490.0,,,,False,-0.1,-5.0,БС-77,490,v230_mouths,162,2.1.1
Херсон,kherson,2023-10-21,493.0,,,,False,-0.07,-5.0,БС-77,493,v230_mouths,162,2.1.1
Херсон,kherson,2023-11-21,491.0,,,,False,-0.09,-5.0,БС-77,491,v230_mouths,162,2.1.1
Херсон,kherson,2023-12-21,526.0,,,,False,0.26,-5.0,БС-77,526,v230_mouths,162,2.1.1
Херсон,kherson,2023-01-22,500.0,,,,False,0.0,-5.0,БС-77,500,v230_mouths,162,2.1.1
Херсон,kherson,2023-02-22,511.0,,,,False,0.11,-5.0,БС-77,511,v230_mouths,162,2.1.1
Херсон,kherson,2023-03-22,514.0,,,,False,0.14,-5.0,БС-77,514,v230_mouths,162,2.1.1
Херсон,kherson,2023-04-22,534.0,,,,False,0.34,-5.0,БС-77,534,v230_mouths,162,2.1.1
Херсон,kherson,2023-05-22,536.0,,,,False,0.36,-5.0,БС-77,536,v230_mouths,162,2.1.1
Херсон,kherson,2023-07-22,507.0,,,,False,0.07,-5.0,БС-77,507,v230_mouths,162,2.1.1
Херсон,kherson,2023-08-22,504.0,,,,False,0.04,-5.0,БС-77,504,v230_mouths,162,2.1.1
Херсон,kherson,2023-09-22,492.0,,,,False,-0.08,-5.0,БС-77,492,v230_mouths,162,2.1.1
Херсон,kherson,2023-10-22,490.0,,,,False,-0.1,-5.0,БС-77,490,v230_mouths,162,2.1.1
Херсон,kherson,2023-11-22,491.0,,,,False,-0.09,-5.0,БС-77,491,v230_mouths,162,2.1.1
Херсон,kherson,2023-12-22,523.0,,,,False,0.23,-5.0,БС-77,523,v230_mouths,162,2.1.1
Херсон,kherson,2023-01-23,500.0,,,,False,0.0,-5.0,БС-77,500,v230_mouths,162,2.1.1
Херсон,kherson,2023-02-23,503.0,,,,False,0.03,-5.0,БС-77,503,v230_mouths,162,2.1.1
Херсон,kherson,2023-03-23,512.0,,,,False,0.12,-5.0,БС-77,512,v230_mouths,162,2.1.1
Херсон,kherson,2023-04-23,533.0,,,,False,0.33,-5.0,БС-77,533,v230_mouths,162,2.1.1
Херсон,kherson,2023-05-23,539.0,,,,False,0.39,-5.0,БС-77,539,v230_mouths,162,2.1.1
Херсон,kherson,2023-07-23,517.0,,,,False,0.17,-5.0,БС-77,517,v230_mouths,162,2.1.1
Херсон,kherson,2023-08-23,505.0,,,,False,0.05,-5.0,БС-77,505,v230_mouths,162,2.1.1
Херсон,kherson,2023-09-23,491.0,,,,False,-0.09,-5.0,БС-77,491,v230_mouths,162,2.1.1
Херсон,kherson,2023-10-23,492.0,,,,False,-0.08,-5.0,БС-77,492,v230_mouths,162,2.1.1
Херсон,kherson,2023-11-23,508.0,,,,False,0.08,-5.0,БС-77,508,v230_mouths,162,2.1.1
Херсон,kherson,2023-12-23,519.0,,,,False,0.19,-5.0,БС-77,519,v230_mouths,162,2.1.1
Херсон,kherson,2023-01-24,503.0,,,,False,0.03,-5.0,БС-77,503,v230_mouths,162,2.1.1
Херсон,kherson,2023-02-24,515.0,,,,False,0.15,-5.0,БС-77,515,v230_mouths,162,2.1.1
Херсон,kherson,2023-03-24,517.0,,,,False,0.17,-5.0,БС-77,517,v230_mouths,162,2.1.1
Херсон,kherson,2023-04-24,533.0,,,,False,0.33,-5.0,БС-77,533,v230_mouths,162,2.1.1
Херсон,kherson,2023-05-24,541.0,,,,False,0.41,-5.0,БС-77,541,v230_mouths,162,2.1.1
Херсон,kherson,2023-07-24,508.0,,,,False,0.08,-5.0,БС-77,508,v230_mouths,162,2.1.1
Херсон,kherson,2023-08-24,506.0,,,,False,0.06,-5.0,БС-77,506,v230_mouths,162,2.1.1
Херсон,kherson,2023-09-24,488.0,,,,False,-0.12,-5.0,БС-77,488,v230_mouths,162,2.1.1
Херсон,kherson,2023-10-24,487.0,,,,False,-0.13,-5.0,БС-77,487,v230_mouths,162,2.1.1
Херсон,kherson,2023-11-24,521.0,,,,False,0.21,-5.0,БС-77,521,v230_mouths,162,2.1.1
Херсон,kherson,2023-12-24,523.0,,,,False,0.23,-5.0,БС-77,523,v230_mouths,162,2.1.1
Херсон,kherson,2023-01-25,504.0,,,,False,0.04,-5.0,БС-77,504,v230_mouths,162,2.1.1
Херсон,kherson,2023-02-25,525.0,,,,False,0.25,-5.0,БС-77,525,v230_mouths,162,2.1.1
Херсон,kherson,2023-03-25,522.0,,,,False,0.22,-5.0,БС-77,522,v230_mouths,162,2.1.1
Херсон,kherson,2023-04-25,534.0,,,,False,0.34,-5.0,БС-77,534,v230_mouths,162,2.1.1
Херсон,kherson,2023-05-25,541.0,,,,False,0.41,-5.0,БС-77,541,v230_mouths,162,2.1.1
Херсон,kherson,2023-07-25,514.0,,,,False,0.14,-5.0,БС-77,514,v230_mouths,162,2.1.1
Херсон,kherson,2023-08-25,504.0,,,,False,0.04,-5.0,БС-77,504,v230_mouths,162,2.1.1
Херсон,kherson,2023-09-25,481.0,,,,False,-0.19,-5.0,БС-77,481,v230_mouths,162,2.1.1
Херсон,kherson,2023-10-25,495.0,,,,False,-0.05,-5.0,БС-77,495,v230_mouths,162,2.1.1
Херсон,kherson,2023-11-25,499.0,,,,False,-0.01,-5.0,БС-77,499,v230_mouths,162,2.1.1
Херсон,kherson,2023-12-25,517.0,,,,False,0.17,-5.0,БС-77,517,v230_mouths,162,2.1.1
Херсон,kherson,2023-01-26,506.0,,,,False,0.06,-5.0,БС-77,506,v230_mouths,162,2.1.1
Херсон,kherson,2023-02-26,520.0,,,,False,0.2,-5.0,БС-77,520,v230_mouths,162,2.1.1
Херсон,kherson,2023-03-26,527.0,,,,False,0.27,-5.0,БС-77,527,v230_mouths,162,2.1.1
Херсон,kherson,2023-04-26,537.0,,,,False,0.37,-5.0,БС-77,537,v230_mouths,162,2.1.1
Херсон,kherson,2023-05-26,539.0,,,,False,0.39,-5.0,БС-77,539,v230_mouths,162,2.1.1
Херсон,kherson,2023-07-26,526.0,,,,False,0.26,-5.0,БС-77,526,v230_mouths,162,2.1.1
Херсон,kherson,2023-08-26,505.0,,,,False,0.05,-5.0,БС-77,505,v230_mouths,162,2.1.1
Херсон,kherson,2023-09-26,479.0,,,,False,-0.21,-5.0,БС-77,479,v230_mouths,162,2.1.1
Херсон,kherson,2023-10-26,496.0,,,,False,-0.04,-5.0,БС-77,496,v230_mouths,162,2.1.1
Херсон,kherson,2023-11-26,494.0,,,,False,-0.06,-5.0,БС-77,494,v230_mouths,162,2.1.1
Херсон,kherson,2023-12-26,510.0,,,,False,0.1,-5.0,БС-77,510,v230_mouths,162,2.1.1
Херсон,kherson,2023-01-27,500.0,,,,False,0.0,-5.0,БС-77,500,v230_mouths,162,2.1.1
Херсон,kherson,2023-02-27,517.0,,,,False,0.17,-5.0,БС-77,517,v230_mouths,162,2.1.1
Херсон,kherson,2023-03-27,522.0,,,,False,0.22,-5.0,БС-77,522,v230_mouths,162,2.1.1
Херсон,kherson,2023-04-27,532.0,,,,False,0.32,-5.0,БС-77,532,v230_mouths,162,2.1.1
Херсон,kherson,2023-05-27,538.0,,,,False,0.38,-5.0,БС-77,538,v230_mouths,162,2.1.1
Херсон,kherson,2023-07-27,521.0,,,,False,0.21,-5.0,БС-77,521,v230_mouths,162,2.1.1
Херсон,kherson,2023-08-27,509.0,,,,False,0.09,-5.0,БС-77,509,v230_mouths,162,2.1.1
Херсон,kherson,2023-09-27,482.0,,,,False,-0.18,-5.0,БС-77,482,v230_mouths,162,2.1.1
Херсон,kherson,2023-10-27,492.0,,,,False,-0.08,-5.0,БС-77,492,v230_mouths,162,2.1.1
Херсон,kherson,2023-11-27,552.0,,,,False,0.52,-5.0,БС-77,552,v230_mouths,162,2.1.1
Херсон,kherson,2023-12-27,512.0,,,,False,0.12,-5.0,БС-77,512,v230_mouths,162,2.1.1
Херсон,kherson,2023-01-28,491.0,,,,False,-0.09,-5.0,БС-77,491,v230_mouths,162,2.1.1
Херсон,kherson,2023-02-28,510.0,,,,False,0.1,-5.0,БС-77,510,v230_mouths,162,2.1.1
Херсон,kherson,2023-03-28,539.0,,,,False,0.39,-5.0,БС-77,539,v230_mouths,162,2.1.1
Херсон,kherson,2023-04-28,528.0,,,,False,0.28,-5.0,БС-77,528,v230_mouths,162,2.1.1
Херсон,kherson,2023-05-28,537.0,,,,False,0.37,-5.0,БС-77,537,v230_mouths,162,2.1.1
Херсон,kherson,2023-07-28,509.0,,,,False,0.09,-5.0,БС-77,509,v230_mouths,162,2.1.1
Херсон,kherson,2023-08-28,512.0,,,,False,0.12,-5.0,БС-77,512,v230_mouths,162,2.1.1
Херсон,kherson,2023-09-28,478.0,,,,False,-0.22,-5.0,БС-77,478,v230_mouths,162,2.1.1
Херсон,kherson,2023-10-28,504.0,,,,False,0.04,-5.0,БС-77,504,v230_mouths,162,2.1.1
Херсон,kherson,2023-11-28,528.0,,,,False,0.28,-5.0,БС-77,528,v230_mouths,162,2.1.1
Херсон,kherson,2023-12-28,513.0,,,,False,0.13,-5.0,БС-77,513,v230_mouths,162,2.1.1
Херсон,kherson,2023-01-29,495.0,,,,False,-0.05,-5.0,БС-77,495,v230_mouths,162,2.1.1
Херсон,kherson,2023-03-29,529.0,,,,False,0.29,-5.0,БС-77,529,v230_mouths,162,2.1.1
Херсон,kherson,2023-04-29,530.0,,,,False,0.3,-5.0,БС-77,530,v230_mouths,162,2.1.1
Херсон,kherson,2023-05-29,537.0,,,,False,0.37,-5.0,БС-77,537,v230_mouths,162,2.1.1
Херсон,kherson,2023-07-29,511.0,,,,False,0.11,-5.0,БС-77,511,v230_mouths,162,2.1.1
Херсон,kherson,2023-08-29,504.0,,,,False,0.04,-5.0,БС-77,504,v230_mouths,162,2.1.1
Херсон,kherson,2023-09-29,477.0,,,,False,-0.23,-5.0,БС-77,477,v230_mouths,162,2.1.1
Херсон,kherson,2023-10-29,490.0,,,,False,-0.1,-5.0,БС-77,490,v230_mouths,162,2.1.1
Херсон,kherson,2023-11-29,551.0,,,,False,0.51,-5.0,БС-77,551,v230_mouths,162,2.1.1
Херсон,kherson,2023-12-29,522.0,,,,False,0.22,-5.0,БС-77,522,v230_mouths,162,2.1.1
Херсон,kherson,2023-01-30,499.0,,,,False,-0.01,-5.0,БС-77,499,v230_mouths,162,2.1.1
Херсон,kherson,2023-03-30,524.0,,,,False,0.24,-5.0,БС-77,524,v230_mouths,162,2.1.1
Херсон,kherson,2023-04-30,538.0,,,,False,0.38,-5.0,БС-77,538,v230_mouths,162,2.1.1
Херсон,kherson,2023-05-30,539.0,,,,False,0.39,-5.0,БС-77,539,v230_mouths,162,2.1.1
Херсон,kherson,2023-07-30,518.0,,,,False,0.18,-5.0,БС-77,518,v230_mouths,162,2.1.1
Херсон,kherson,2023-08-30,506.0,,,,False,0.06,-5.0,БС-77,506,v230_mouths,162,2.1.1
Херсон,kherson,2023-09-30,484.0,,,,False,-0.16,-5.0,БС-77,484,v230_mouths,162,2.1.1
Херсон,kherson,2023-10-30,493.0,,,,False,-0.07,-5.0,БС-77,493,v230_mouths,162,2.1.1
Херсон,kherson,2023-11-30,526.0,,,,False,0.26,-5.0,БС-77,526,v230_mouths,162,2.1.1
Херсон,kherson,2023-12-30,519.0,,,,False,0.19,-5.0,БС-77,519,v230_mouths,162,2.1.1
Херсон,kherson,2023-01-31,506.0,,,,False,0.06,-5.0,БС-77,506,v230_mouths,162,2.1.1
Херсон,kherson,2023-03-31,529.0,,,,False,0.29,-5.0,БС-77,529,v230_mouths,162,2.1.1
Херсон,kherson,2023-05-31,536.0,,,,False,0.36,-5.0,БС-77,536,v230_mouths,162,2.1.1
Херсон,kherson,2023-07-31,515.0,,,,False,0.15,-5.0,БС-77,515,v230_mouths,162,2.1.1
Херсон,kherson,2023-08-31,513.0,,,,False,0.13,-5.0,БС-77,513,v230_mouths,162,2.1.1
Херсон,kherson,2023-10-31,494.0,,,,False,-0.06,-5.0,БС-77,494,v230_mouths,162,2.1.1
Херсон,kherson,2023-12-31,520.0,,,,False,0.2,-5.0,БС-77,520,v230_mouths,162,2.1.1
Касперівка,kasperivka,2023-01-01,497.0,,,,False,-0.03,-5.0,БС-77,497,v230_mouths,163,2.1.1
Касперівка,kasperivka,2023-02-01,489.0,,,,False,-0.11,-5.0,БС-77,489,v230_mouths,163,2.1.1
Касперівка,kasperivka,2023-03-01,492.0,,,,False,-0.08,-5.0,БС-77,492,v230_mouths,163,2.1.1
Касперівка,kasperivka,2023-04-01,506.0,,,,False,0.06,-5.0,БС-77,506,v230_mouths,163,2.1.1
Касперівка,kasperivka,2023-05-01,506.0,,,,False,0.06,-5.0,БС-77,506,v230_mouths,163,2.1.1
Касперівка,kasperivka,2023-06-01,512.0,,,,False,0.12,-5.0,БС-77,512,v230_mouths,163,2.1.1
Касперівка,kasperivka,2023-07-01,519.0,,,,False,0.19,-5.0,БС-77,519,v230_mouths,163,2.1.1
Касперівка,kasperivka,2023-08-01,504.0,,,,False,0.04,-5.0,БС-77,504,v230_mouths,163,2.1.1
Касперівка,kasperivka,2023-01-02,497.0,,,,False,-0.03,-5.0,БС-77,497,v230_mouths,163,2.1.1
Касперівка,kasperivka,2023-02-02,491.0,,,,False,-0.09,-5.0,БС-77,491,v230_mouths,163,2.1.1
Касперівка,kasperivka,2023-03-02,485.0,,,,False,-0.15,-5.0,БС-77,485,v230_mouths,163,2.1.1
Касперівка,kasperivka,2023-04-02,507.0,,,,False,0.07,-5.0,БС-77,507,v230_mouths,163,2.1.1
Касперівка,kasperivka,2023-05-02,505.0,,,,False,0.05,-5.0,БС-77,505,v230_mouths,163,2.1.1
Касперівка,kasperivka,2023-06-02,516.0,,,,False,0.16,-5.0,БС-77,516,v230_mouths,163,2.1.1
Касперівка,kasperivka,2023-07-02,521.0,,,,False,0.21,-5.0,БС-77,521,v230_mouths,163,2.1.1
Касперівка,kasperivka,2023-08-02,508.0,,,,False,0.08,-5.0,БС-77,508,v230_mouths,163,2.1.1
Касперівка,kasperivka,2023-01-03,499.0,,,,False,-0.01,-5.0,БС-77,499,v230_mouths,163,2.1.1
Касперівка,kasperivka,2023-02-03,493.0,,,,False,-0.07,-5.0,БС-77,493,v230_mouths,163,2.1.1
Касперівка,kasperivka,2023-03-03,489.0,,,,False,-0.11,-5.0,БС-77,489,v230_mouths,163,2.1.1
Касперівка,kasperivka,2023-04-03,506.0,,,,False,0.06,-5.0,БС-77,506,v230_mouths,163,2.1.1
Касперівка,kasperivka,2023-05-03,506.0,,,,False,0.06,-5.0,БС-77,506,v230_mouths,163,2.1.1
Касперівка,kasperivka,2023-06-03,510.0,,,,False,0.1,-5.0,БС-77,510,v230_mouths,163,2.1.1
Касперівка,kasperivka,2023-07-03,514.0,,,,False,0.14,-5.0,БС-77,514,v230_mouths,163,2.1.1
Касперівка,kasperivka,2023-01-04,490.0,,,,False,-0.1,-5.0,БС-77,490,v230_mouths,163,2.1.1
Касперівка,kasperivka,2023-02-04,488.0,,,,False,-0.12,-5.0,БС-77,488,v230_mouths,163,2.1.1
Касперівка,kasperivka,2023-03-04,498.0,,,,False,-0.02,-5.0,БС-77,498,v230_mouths,163,2.1.1
Касперівка,kasperivka,2023-04-04,492.0,,,,False,-0.08,-5.0,БС-77,492,v230_mouths,163,2.1.1
Касперівка,kasperivka,2023-05-04,508.0,,,,False,0.08,-5.0,БС-77,508,v230_mouths,163,2.1.1
Касперівка,kasperivka,2023-06-04,502.0,,,,False,0.02,-5.0,БС-77,502,v230_mouths,163,2.1.1
Касперівка,kasperivka,2023-07-04,510.0,,,,False,0.1,-5.0,БС-77,510,v230_mouths,163,2.1.1
Касперівка,kasperivka,2023-01-05,510.0,,,,False,0.1,-5.0,БС-77,510,v230_mouths,163,2.1.1
Касперівка,kasperivka,2023-02-05,477.0,,,,False,-0.23,-5.0,БС-77,477,v230_mouths,163,2.1.1
Касперівка,kasperivka,2023-03-05,489.0,,,,False,-0.11,-5.0,БС-77,489,v230_mouths,163,2.1.1
Касперівка,kasperivka,2023-04-05,500.0,,,,False,0.0,-5.0,БС-77,500,v230_mouths,163,2.1.1
Касперівка,kasperivka,2023-05-05,512.0,,,,False,0.12,-5.0,БС-77,512,v230_mouths,163,2.1.1
Касперівка,kasperivka,2023-06-05,505.0,,,,False,0.05,-5.0,БС-77,505,v230_mouths,163,2.1.1
Касперівка,kasperivka,2023-07-05,508.0,,,,False,0.08,-5.0,БС-77,508,v230_mouths,163,2.1.1
Касперівка,kasperivka,2023-01-06,491.0,,,,False,-0.09,-5.0,БС-77,491,v230_mouths,163,2.1.1
Касперівка,kasperivka,2023-02-06,465.0,,,,False,-0.35,-5.0,БС-77,465,v230_mouths,163,2.1.1
Касперівка,kasperivka,2023-03-06,486.0,,,,False,-0.14,-5.0,БС-77,486,v230_mouths,163,2.1.1
Касперівка,kasperivka,2023-04-06,513.0,,,,False,0.13,-5.0,БС-77,513,v230_mouths,163,2.1.1
Касперівка,kasperivka,2023-05-06,509.0,,,,False,0.09,-5.0,БС-77,509,v230_mouths,163,2.1.1
Касперівка,kasperivka,2023-06-06,545.0,/,dam_breach_distortion,,False,0.45,-5.0,БС-77,545/,v230_mouths,163,2.1.1
Касперівка,kasperivka,2023-07-06,505.0,,,,False,0.05,-5.0,БС-77,505,v230_mouths,163,2.1.1
Касперівка,kasperivka,2023-01-07,480.0,,,,False,-0.2,-5.0,БС-77,480,v230_mouths,163,2.1.1
Касперівка,kasperivka,2023-02-07,470.0,,,Z,False,-0.3,-5.0,БС-77,470 Z,v230_mouths,163,2.1.1
Касперівка,kasperivka,2023-03-07,502.0,,,,False,0.02,-5.0,БС-77,502,v230_mouths,163,2.1.1
Касперівка,kasperivka,2023-04-07,503.0,,,,False,0.03,-5.0,БС-77,503,v230_mouths,163,2.1.1
Касперівка,kasperivka,2023-05-07,504.0,,,,False,0.04,-5.0,БС-77,504,v230_mouths,163,2.1.1
Касперівка,kasperivka,2023-06-07,625.0,?/,doubtful;dam_breach_distortion,,False,1.25,-5.0,БС-77,625?/,v230_mouths,163,2.1.1
Касперівка,kasperivka,2023-07-07,511.0,,,,False,0.11,-5.0,БС-77,511,v230_mouths,163,2.1.1
Касперівка,kasperivka,2023-01-08,480.0,,,,False,-0.2,-5.0,БС-77,480,v230_mouths,163,2.1.1
Касперівка,kasperivka,2023-02-08,464.0,,,Z,False,-0.36,-5.0,БС-77,464 Z,v230_mouths,163,2.1.1
Касперівка,kasperivka,2023-03-08,505.0,,,,False,0.05,-5.0,БС-77,505,v230_mouths,163,2.1.1
Касперівка,kasperivka,2023-04-08,504.0,,,,False,0.04,-5.0,БС-77,504,v230_mouths,163,2.1.1
Касперівка,kasperivka,2023-05-08,509.0,,,,False,0.09,-5.0,БС-77,509,v230_mouths,163,2.1.1
Касперівка,kasperivka,2023-07-08,498.0,,,,False,-0.02,-5.0,БС-77,498,v230_mouths,163,2.1.1
Касперівка,kasperivka,2023-01-09,483.0,,,,False,-0.17,-5.0,БС-77,483,v230_mouths,163,2.1.1
Касперівка,kasperivka,2023-02-09,488.0,,,Z,False,-0.12,-5.0,БС-77,488 Z,v230_mouths,163,2.1.1
Касперівка,kasperivka,2023-03-09,505.0,,,,False,0.05,-5.0,БС-77,505,v230_mouths,163,2.1.1
Касперівка,kasperivka,2023-04-09,502.0,,,,False,0.02,-5.0,БС-77,502,v230_mouths,163,2.1.1
Касперівка,kasperivka,2023-05-09,507.0,,,,False,0.07,-5.0,БС-77,507,v230_mouths,163,2.1.1
Касперівка,kasperivka,2023-07-09,497.0,,,,False,-0.03,-5.0,БС-77,497,v230_mouths,163,2.1.1
Касперівка,kasperivka,2023-01-10,471.0,,,,False,-0.29,-5.0,БС-77,471,v230_mouths,163,2.1.1
Касперівка,kasperivka,2023-02-10,497.0,,,Z,False,-0.03,-5.0,БС-77,497 Z,v230_mouths,163,2.1.1
Касперівка,kasperivka,2023-03-10,499.0,,,,False,-0.01,-5.0,БС-77,499,v230_mouths,163,2.1.1
Касперівка,kasperivka,2023-04-10,494.0,,,,False,-0.06,-5.0,БС-77,494,v230_mouths,163,2.1.1
Касперівка,kasperivka,2023-05-10,504.0,,,,False,0.04,-5.0,БС-77,504,v230_mouths,163,2.1.1
Касперівка,kasperivka,2023-07-10,507.0,,,,False,0.07,-5.0,БС-77,507,v230_mouths,163,2.1.1
Касперівка,kasperivka,2023-01-11,463.0,,,,False,-0.37,-5.0,БС-77,463,v230_mouths,163,2.1.1
Касперівка,kasperivka,2023-02-11,494.0,,,Z,False,-0.06,-5.0,БС-77,494 Z,v230_mouths,163,2.1.1
Касперівка,kasperivka,2023-03-11,506.0,,,,False,0.06,-5.0,БС-77,506,v230_mouths,163,2.1.1
Касперівка,kasperivka,2023-04-11,493.0,,,,False,-0.07,-5.0,БС-77,493,v230_mouths,163,2.1.1
Касперівка,kasperivka,2023-05-11,504.0,,,,False,0.04,-5.0,БС-77,504,v230_mouths,163,2.1.1
Касперівка,kasperivka,2023-07-11,512.0,,,,False,0.12,-5.0,БС-77,512,v230_mouths,163,2.1.1
Касперівка,kasperivka,2023-01-12,481.0,,,,False,-0.19,-5.0,БС-77,481,v230_mouths,163,2.1.1
Касперівка,kasperivka,2023-02-12,492.0,,,Z,False,-0.08,-5.0,БС-77,492 Z,v230_mouths,163,2.1.1
Касперівка,kasperivka,2023-03-12,508.0,,,,False,0.08,-5.0,БС-77,508,v230_mouths,163,2.1.1
Касперівка,kasperivka,2023-04-12,503.0,,,,False,0.03,-5.0,БС-77,503,v230_mouths,163,2.1.1
Касперівка,kasperivka,2023-05-12,505.0,,,,False,0.05,-5.0,БС-77,505,v230_mouths,163,2.1.1
Касперівка,kasperivka,2023-07-12,511.0,,,,False,0.11,-5.0,БС-77,511,v230_mouths,163,2.1.1
Касперівка,kasperivka,2023-01-13,489.0,,,,False,-0.11,-5.0,БС-77,489,v230_mouths,163,2.1.1
Касперівка,kasperivka,2023-02-13,488.0,,,Z,False,-0.12,-5.0,БС-77,488 Z,v230_mouths,163,2.1.1
Касперівка,kasperivka,2023-03-13,494.0,,,,False,-0.06,-5.0,БС-77,494,v230_mouths,163,2.1.1
Касперівка,kasperivka,2023-04-13,507.0,,,,False,0.07,-5.0,БС-77,507,v230_mouths,163,2.1.1
Касперівка,kasperivka,2023-05-13,505.0,,,,False,0.05,-5.0,БС-77,505,v230_mouths,163,2.1.1
Касперівка,kasperivka,2023-07-13,510.0,,,,False,0.1,-5.0,БС-77,510,v230_mouths,163,2.1.1
Касперівка,kasperivka,2023-01-14,491.0,,,,False,-0.09,-5.0,БС-77,491,v230_mouths,163,2.1.1
Касперівка,kasperivka,2023-02-14,484.0,,,Z,False,-0.16,-5.0,БС-77,484 Z,v230_mouths,163,2.1.1
Касперівка,kasperivka,2023-03-14,497.0,,,,False,-0.03,-5.0,БС-77,497,v230_mouths,163,2.1.1
Касперівка,kasperivka,2023-04-14,503.0,,,,False,0.03,-5.0,БС-77,503,v230_mouths,163,2.1.1
Касперівка,kasperivka,2023-05-14,503.0,,,,False,0.03,-5.0,БС-77,503,v230_mouths,163,2.1.1
Касперівка,kasperivka,2023-07-14,523.0,,,,False,0.23,-5.0,БС-77,523,v230_mouths,163,2.1.1
Касперівка,kasperivka,2023-01-15,492.0,,,,False,-0.08,-5.0,БС-77,492,v230_mouths,163,2.1.1
Касперівка,kasperivka,2023-02-15,476.0,,,Z,False,-0.24,-5.0,БС-77,476 Z,v230_mouths,163,2.1.1
Касперівка,kasperivka,2023-03-15,502.0,,,,False,0.02,-5.0,БС-77,502,v230_mouths,163,2.1.1
Касперівка,kasperivka,2023-04-15,496.0,,,,False,-0.04,-5.0,БС-77,496,v230_mouths,163,2.1.1
Касперівка,kasperivka,2023-05-15,505.0,,,,False,0.05,-5.0,БС-77,505,v230_mouths,163,2.1.1
Касперівка,kasperivka,2023-07-15,511.0,,,,False,0.11,-5.0,БС-77,511,v230_mouths,163,2.1.1
Касперівка,kasperivka,2023-01-16,494.0,,,,False,-0.06,-5.0,БС-77,494,v230_mouths,163,2.1.1
Касперівка,kasperivka,2023-02-16,486.0,,,Z,False,-0.14,-5.0,БС-77,486 Z,v230_mouths,163,2.1.1
Касперівка,kasperivka,2023-03-16,494.0,,,,False,-0.06,-5.0,БС-77,494,v230_mouths,163,2.1.1
Касперівка,kasperivka,2023-04-16,494.0,?,doubtful,,False,-0.06,-5.0,БС-77,494?,v230_mouths,163,2.1.1
Касперівка,kasperivka,2023-05-16,511.0,,,,False,0.11,-5.0,БС-77,511,v230_mouths,163,2.1.1
Касперівка,kasperivka,2023-06-16,533.0,?/,doubtful;dam_breach_distortion,,False,0.33,-5.0,БС-77,533?/,v230_mouths,163,2.1.1
Касперівка,kasperivka,2023-07-16,506.0,,,,False,0.06,-5.0,БС-77,506,v230_mouths,163,2.1.1
Касперівка,kasperivka,2023-01-17,507.0,,,,False,0.07,-5.0,БС-77,507,v230_mouths,163,2.1.1
Касперівка,kasperivka,2023-02-17,501.0,,,Z,False,0.01,-5.0,БС-77,501 Z,v230_mouths,163,2.1.1
Касперівка,kasperivka,2023-03-17,486.0,,,,False,-0.14,-5.0,БС-77,486,v230_mouths,163,2.1.1
Касперівка,kasperivka,2023-04-17,508.0,?,doubtful,,False,0.08,-5.0,БС-77,508?,v230_mouths,163,2.1.1
Касперівка,kasperivka,2023-05-17,507.0,,,,False,0.07,-5.0,БС-77,507,v230_mouths,163,2.1.1
Касперівка,kasperivka,2023-06-17,524.0,,,,False,0.24,-5.0,БС-77,524,v230_mouths,163,2.1.1
Касперівка,kasperivka,2023-07-17,512.0,,,,False,0.12,-5.0,БС-77,512,v230_mouths,163,2.1.1
Касперівка,kasperivka,2023-01-18,508.0,,,,False,0.08,-5.0,БС-77,508,v230_mouths,163,2.1.1
Касперівка,kasperivka,2023-02-18,505.0,,,Z,False,0.05,-5.0,БС-77,505 Z,v230_mouths,163,2.1.1
Касперівка,kasperivka,2023-03-18,483.0,,,,False,-0.17,-5.0,БС-77,483,v230_mouths,163,2.1.1
Касперівка,kasperivka,2023-04-18,505.0,,,,False,0.05,-5.0,БС-77,505,v230_mouths,163,2.1.1
Касперівка,kasperivka,2023-05-18,508.0,,,,False,0.08,-5.0,БС-77,508,v230_mouths,163,2.1.1
Касперівка,kasperivka,2023-06-18,517.0,,,,False,0.17,-5.0,БС-77,517,v230_mouths,163,2.1.1
Касперівка,kasperivka,2023-07-18,519.0,,,,False,0.19,-5.0,БС-77,519,v230_mouths,163,2.1.1
Касперівка,kasperivka,2023-01-19,506.0,,,,False,0.06,-5.0,БС-77,506,v230_mouths,163,2.1.1
Касперівка,kasperivka,2023-02-19,500.0,,,Z,False,0.0,-5.0,БС-77,500 Z,v230_mouths,163,2.1.1
Касперівка,kasperivka,2023-03-19,487.0,,,,False,-0.13,-5.0,БС-77,487,v230_mouths,163,2.1.1
Касперівка,kasperivka,2023-04-19,501.0,,,,False,0.01,-5.0,БС-77,501,v230_mouths,163,2.1.1
Касперівка,kasperivka,2023-05-19,507.0,,,,False,0.07,-5.0,БС-77,507,v230_mouths,163,2.1.1
Касперівка,kasperivka,2023-06-19,516.0,,,,False,0.16,-5.0,БС-77,516,v230_mouths,163,2.1.1
Касперівка,kasperivka,2023-07-19,506.0,,,,False,0.06,-5.0,БС-77,506,v230_mouths,163,2.1.1
Касперівка,kasperivka,2023-01-20,492.0,,,,False,-0.08,-5.0,БС-77,492,v230_mouths,163,2.1.1
Касперівка,kasperivka,2023-02-20,500.0,,,Z,False,0.0,-5.0,БС-77,500 Z,v230_mouths,163,2.1.1
Касперівка,kasperivka,2023-03-20,496.0,,,,False,-0.04,-5.0,БС-77,496,v230_mouths,163,2.1.1
Касперівка,kasperivka,2023-05-20,505.0,,,,False,0.05,-5.0,БС-77,505,v230_mouths,163,2.1.1
Касперівка,kasperivka,2023-06-20,519.0,,,,False,0.19,-5.0,БС-77,519,v230_mouths,163,2.1.1
Касперівка,kasperivka,2023-07-20,509.0,,,,False,0.09,-5.0,БС-77,509,v230_mouths,163,2.1.1
Касперівка,kasperivka,2023-01-21,493.0,,,,False,-0.07,-5.0,БС-77,493,v230_mouths,163,2.1.1
Касперівка,kasperivka,2023-02-21,511.0,,,,False,0.11,-5.0,БС-77,511,v230_mouths,163,2.1.1
Касперівка,kasperivka,2023-03-21,497.0,,,,False,-0.03,-5.0,БС-77,497,v230_mouths,163,2.1.1
Касперівка,kasperivka,2023-04-21,508.0,?,doubtful,,False,0.08,-5.0,БС-77,508?,v230_mouths,163,2.1.1
Касперівка,kasperivka,2023-05-21,504.0,,,,False,0.04,-5.0,БС-77,504,v230_mouths,163,2.1.1
Касперівка,kasperivka,2023-06-21,520.0,,,,False,0.2,-5.0,БС-77,520,v230_mouths,163,2.1.1
Касперівка,kasperivka,2023-07-21,506.0,,,,False,0.06,-5.0,БС-77,506,v230_mouths,163,2.1.1
Касперівка,kasperivka,2023-01-22,482.0,,,,False,-0.18,-5.0,БС-77,482,v230_mouths,163,2.1.1
Касперівка,kasperivka,2023-02-22,487.0,,,,False,-0.13,-5.0,БС-77,487,v230_mouths,163,2.1.1
Касперівка,kasperivka,2023-03-22,492.0,,,,False,-0.08,-5.0,БС-77,492,v230_mouths,163,2.1.1
Касперівка,kasperivka,2023-04-22,507.0,,,,False,0.07,-5.0,БС-77,507,v230_mouths,163,2.1.1
Касперівка,kasperivka,2023-05-22,499.0,,,,False,-0.01,-5.0,БС-77,499,v230_mouths,163,2.1.1
Касперівка,kasperivka,2023-06-22,516.0,,,,False,0.16,-5.0,БС-77,516,v230_mouths,163,2.1.1
Касперівка,kasperivka,2023-07-22,515.0,,,,False,0.15,-5.0,БС-77,515,v230_mouths,163,2.1.1
Касперівка,kasperivka,2023-01-23,483.0,,,,False,-0.17,-5.0,БС-77,483,v230_mouths,163,2.1.1
Касперівка,kasperivka,2023-02-23,485.0,,,,False,-0.15,-5.0,БС-77,485,v230_mouths,163,2.1.1
Касперівка,kasperivka,2023-03-23,491.0,,,,False,-0.09,-5.0,БС-77,491,v230_mouths,163,2.1.1
Касперівка,kasperivka,2023-04-23,506.0,,,,False,0.06,-5.0,БС-77,506,v230_mouths,163,2.1.1
Касперівка,kasperivka,2023-05-23,507.0,,,,False,0.07,-5.0,БС-77,507,v230_mouths,163,2.1.1
Касперівка,kasperivka,2023-06-23,525.0,,,,False,0.25,-5.0,БС-77,525,v230_mouths,163,2.1.1
Касперівка,kasperivka,2023-07-23,510.0,,,,False,0.1,-5.0,БС-77,510,v230_mouths,163,2.1.1
Касперівка,kasperivka,2023-01-24,485.0,,,,False,-0.15,-5.0,БС-77,485,v230_mouths,163,2.1.1
Касперівка,kasperivka,2023-02-24,502.0,,,,False,0.02,-5.0,БС-77,502,v230_mouths,163,2.1.1
Касперівка,kasperivka,2023-03-24,496.0,,,,False,-0.04,-5.0,БС-77,496,v230_mouths,163,2.1.1
Касперівка,kasperivka,2023-04-24,506.0,,,,False,0.06,-5.0,БС-77,506,v230_mouths,163,2.1.1
Касперівка,kasperivka,2023-05-24,508.0,,,,False,0.08,-5.0,БС-77,508,v230_mouths,163,2.1.1
Касперівка,kasperivka,2023-06-24,527.0,,,,False,0.27,-5.0,БС-77,527,v230_mouths,163,2.1.1
Касперівка,kasperivka,2023-07-24,504.0,,,,False,0.04,-5.0,БС-77,504,v230_mouths,163,2.1.1
Касперівка,kasperivka,2023-01-25,488.0,,,,False,-0.12,-5.0,БС-77,488,v230_mouths,163,2.1.1
Касперівка,kasperivka,2023-02-25,511.0,,,,False,0.11,-5.0,БС-77,511,v230_mouths,163,2.1.1
Касперівка,kasperivka,2023-03-25,505.0,,,,False,0.05,-5.0,БС-77,505,v230_mouths,163,2.1.1
Касперівка,kasperivka,2023-04-25,507.0,,,,False,0.07,-5.0,БС-77,507,v230_mouths,163,2.1.1
Касперівка,kasperivka,2023-05-25,508.0,,,,False,0.08,-5.0,БС-77,508,v230_mouths,163,2.1.1
Касперівка,kasperivka,2023-06-25,520.0,,,,False,0.2,-5.0,БС-77,520,v230_mouths,163,2.1.1
Касперівка,kasperivka,2023-07-25,505.0,,,,False,0.05,-5.0,БС-77,505,v230_mouths,163,2.1.1
Касперівка,kasperivka,2023-01-26,489.0,,,,False,-0.11,-5.0,БС-77,489,v230_mouths,163,2.1.1
Касперівка,kasperivka,2023-02-26,500.0,,,,False,0.0,-5.0,БС-77,500,v230_mouths,163,2.1.1
Касперівка,kasperivka,2023-03-26,500.0,,,,False,0.0,-5.0,БС-77,500,v230_mouths,163,2.1.1
Касперівка,kasperivka,2023-04-26,511.0,,,,False,0.11,-5.0,БС-77,511,v230_mouths,163,2.1.1
Касперівка,kasperivka,2023-05-26,505.0,,,,False,0.05,-5.0,БС-77,505,v230_mouths,163,2.1.1
Касперівка,kasperivka,2023-06-26,510.0,,,,False,0.1,-5.0,БС-77,510,v230_mouths,163,2.1.1
Касперівка,kasperivka,2023-07-26,513.0,,,,False,0.13,-5.0,БС-77,513,v230_mouths,163,2.1.1
Касперівка,kasperivka,2023-01-27,481.0,,,,False,-0.19,-5.0,БС-77,481,v230_mouths,163,2.1.1
Касперівка,kasperivka,2023-02-27,500.0,,,,False,0.0,-5.0,БС-77,500,v230_mouths,163,2.1.1
Касперівка,kasperivka,2023-03-27,503.0,,,,False,0.03,-5.0,БС-77,503,v230_mouths,163,2.1.1
Касперівка,kasperivka,2023-04-27,501.0,,,,False,0.01,-5.0,БС-77,501,v230_mouths,163,2.1.1
Касперівка,kasperivka,2023-05-27,503.0,,,,False,0.03,-5.0,БС-77,503,v230_mouths,163,2.1.1
Касперівка,kasperivka,2023-06-27,520.0,,,,False,0.2,-5.0,БС-77,520,v230_mouths,163,2.1.1
Касперівка,kasperivka,2023-07-27,508.0,,,,False,0.08,-5.0,БС-77,508,v230_mouths,163,2.1.1
Касперівка,kasperivka,2023-01-28,479.0,,,,False,-0.21,-5.0,БС-77,479,v230_mouths,163,2.1.1
Касперівка,kasperivka,2023-02-28,489.0,,,,False,-0.11,-5.0,БС-77,489,v230_mouths,163,2.1.1
Касперівка,kasperivka,2023-03-28,519.0,?,doubtful,,False,0.19,-5.0,БС-77,519?,v230_mouths,163,2.1.1
Касперівка,kasperivka,2023-04-28,497.0,,,,False,-0.03,-5.0,БС-77,497,v230_mouths,163,2.1.1
Касперівка,kasperivka,2023-05-28,506.0,,,,False,0.06,-5.0,БС-77,506,v230_mouths,163,2.1.1
Касперівка,kasperivka,2023-06-28,520.0,,,,False,0.2,-5.0,БС-77,520,v230_mouths,163,2.1.1
Касперівка,kasperivka,2023-07-28,511.0,,,,False,0.11,-5.0,БС-77,511,v230_mouths,163,2.1.1
Касперівка,kasperivka,2023-01-29,482.0,,,,False,-0.18,-5.0,БС-77,482,v230_mouths,163,2.1.1
Касперівка,kasperivka,2023-03-29,501.0,,,,False,0.01,-5.0,БС-77,501,v230_mouths,163,2.1.1
Касперівка,kasperivka,2023-04-29,498.0,,,,False,-0.02,-5.0,БС-77,498,v230_mouths,163,2.1.1
Касперівка,kasperivka,2023-05-29,508.0,,,,False,0.08,-5.0,БС-77,508,v230_mouths,163,2.1.1
Касперівка,kasperivka,2023-06-29,519.0,,,,False,0.19,-5.0,БС-77,519,v230_mouths,163,2.1.1
Касперівка,kasperivka,2023-07-29,512.0,,,,False,0.12,-5.0,БС-77,512,v230_mouths,163,2.1.1
Касперівка,kasperivka,2023-01-30,491.0,,,,False,-0.09,-5.0,БС-77,491,v230_mouths,163,2.1.1
Касперівка,kasperivka,2023-03-30,503.0,,,,False,0.03,-5.0,БС-77,503,v230_mouths,163,2.1.1
Касперівка,kasperivka,2023-04-30,509.0,,,,False,0.09,-5.0,БС-77,509,v230_mouths,163,2.1.1
Касперівка,kasperivka,2023-05-30,511.0,,,,False,0.11,-5.0,БС-77,511,v230_mouths,163,2.1.1
Касперівка,kasperivka,2023-06-30,521.0,,,,False,0.21,-5.0,БС-77,521,v230_mouths,163,2.1.1
Касперівка,kasperivka,2023-07-30,508.0,,,,False,0.08,-5.0,БС-77,508,v230_mouths,163,2.1.1
Касперівка,kasperivka,2023-01-31,496.0,,,,False,-0.04,-5.0,БС-77,496,v230_mouths,163,2.1.1
Касперівка,kasperivka,2023-03-31,507.0,,,,False,0.07,-5.0,БС-77,507,v230_mouths,163,2.1.1
Касперівка,kasperivka,2023-05-31,512.0,,,,False,0.12,-5.0,БС-77,512,v230_mouths,163,2.1.1
Касперівка,kasperivka,2023-07-31,509.0,,,,False,0.09,-5.0,БС-77,509,v230_mouths,163,2.1.1
Олександрівка,oleksandrivka,2023-01-01,371.0,,,,False,0.69,-3.02,БС-77,371,v230_mouths,164,2.1.1
Олександрівка,oleksandrivka,2023-02-01,355.0,,,,False,0.53,-3.02,БС-77,355,v230_mouths,164,2.1.1
Олександрівка,oleksandrivka,2023-03-01,363.0,,,,False,0.61,-3.02,БС-77,363,v230_mouths,164,2.1.1
Олександрівка,oleksandrivka,2023-04-01,350.0,,,,False,0.48,-3.02,БС-77,350,v230_mouths,164,2.1.1
Олександрівка,oleksandrivka,2023-05-01,403.0,,,А,False,1.01,-3.02,БС-77,403 А,v230_mouths,164,2.1.1
Олександрівка,oleksandrivka,2023-06-01,398.0,,,А,False,0.96,-3.02,БС-77,398 А,v230_mouths,164,2.1.1
Олександрівка,oleksandrivka,2023-07-01,355.0,,,Т,False,0.53,-3.02,БС-77,355 Т,v230_mouths,164,2.1.1
Олександрівка,oleksandrivka,2023-08-01,358.0,,,Т,False,0.56,-3.02,БС-77,358 Т,v230_mouths,164,2.1.1
Олександрівка,oleksandrivka,2023-09-01,351.0,,,Т,False,0.49,-3.02,БС-77,351 Т,v230_mouths,164,2.1.1
Олександрівка,oleksandrivka,2023-10-01,348.0,,,Т,False,0.46,-3.02,БС-77,348 Т,v230_mouths,164,2.1.1
Олександрівка,oleksandrivka,2023-11-01,353.0,,,А,False,0.51,-3.02,БС-77,353 А,v230_mouths,164,2.1.1
Олександрівка,oleksandrivka,2023-12-01,375.0,,,,False,0.73,-3.02,БС-77,375,v230_mouths,164,2.1.1
Олександрівка,oleksandrivka,2023-01-02,375.0,,,,False,0.73,-3.02,БС-77,375,v230_mouths,164,2.1.1
Олександрівка,oleksandrivka,2023-02-02,355.0,,,,False,0.53,-3.02,БС-77,355,v230_mouths,164,2.1.1
Олександрівка,oleksandrivka,2023-03-02,368.0,,,,False,0.66,-3.02,БС-77,368,v230_mouths,164,2.1.1
Олександрівка,oleksandrivka,2023-04-02,399.0,,,,False,0.97,-3.02,БС-77,399,v230_mouths,164,2.1.1
Олександрівка,oleksandrivka,2023-05-02,405.0,,,А,False,1.03,-3.02,БС-77,405 А,v230_mouths,164,2.1.1
Олександрівка,oleksandrivka,2023-06-02,410.0,,,Т,False,1.08,-3.02,БС-77,410 Т,v230_mouths,164,2.1.1
Олександрівка,oleksandrivka,2023-07-02,355.0,,,Т,False,0.53,-3.02,БС-77,355 Т,v230_mouths,164,2.1.1
Олександрівка,oleksandrivka,2023-08-02,364.0,,,Т,False,0.62,-3.02,БС-77,364 Т,v230_mouths,164,2.1.1
Олександрівка,oleksandrivka,2023-09-02,349.0,,,Т,False,0.47,-3.02,БС-77,349 Т,v230_mouths,164,2.1.1
Олександрівка,oleksandrivka,2023-10-02,339.0,,,Т,False,0.37,-3.02,БС-77,339 Т,v230_mouths,164,2.1.1
Олександрівка,oleksandrivka,2023-11-02,338.0,,,А,False,0.36,-3.02,БС-77,338 А,v230_mouths,164,2.1.1
Олександрівка,oleksandrivka,2023-12-02,380.0,,,,False,0.78,-3.02,БС-77,380,v230_mouths,164,2.1.1
Олександрівка,oleksandrivka,2023-01-03,378.0,,,,False,0.76,-3.02,БС-77,378,v230_mouths,164,2.1.1
Олександрівка,oleksandrivka,2023-02-03,369.0,,,,False,0.67,-3.02,БС-77,369,v230_mouths,164,2.1.1
Олександрівка,oleksandrivka,2023-03-03,368.0,,,,False,0.66,-3.02,БС-77,368,v230_mouths,164,2.1.1
Олександрівка,oleksandrivka,2023-04-03,349.0,,,,False,0.47,-3.02,БС-77,349,v230_mouths,164,2.1.1
Олександрівка,oleksandrivka,2023-05-03,410.0,,,А,False,1.08,-3.02,БС-77,410 А,v230_mouths,164,2.1.1
Олександрівка,oleksandrivka,2023-06-03,421.0,,,Т,False,1.19,-3.02,БС-77,421 Т,v230_mouths,164,2.1.1
Олександрівка,oleksandrivka,2023-07-03,370.0,,,Т,False,0.68,-3.02,БС-77,370 Т,v230_mouths,164,2.1.1
Олександрівка,oleksandrivka,2023-08-03,365.0,,,Т,False,0.63,-3.02,БС-77,365 Т,v230_mouths,164,2.1.1
Олександрівка,oleksandrivka,2023-09-03,341.0,,,Т,False,0.39,-3.02,БС-77,341 Т,v230_mouths,164,2.1.1
Олександрівка,oleksandrivka,2023-10-03,342.0,,,Т,False,0.4,-3.02,БС-77,342 Т,v230_mouths,164,2.1.1
Олександрівка,oleksandrivka,2023-11-03,335.0,,,А,False,0.33,-3.02,БС-77,335 А,v230_mouths,164,2.1.1
Олександрівка,oleksandrivka,2023-12-03,354.0,,,,False,0.52,-3.02,БС-77,354,v230_mouths,164,2.1.1
Олександрівка,oleksandrivka,2023-01-04,368.0,,,,False,0.66,-3.02,БС-77,368,v230_mouths,164,2.1.1
Олександрівка,oleksandrivka,2023-02-04,360.0,,,,False,0.58,-3.02,БС-77,360,v230_mouths,164,2.1.1
Олександрівка,oleksandrivka,2023-03-04,385.0,,,,False,0.83,-3.02,БС-77,385,v230_mouths,164,2.1.1
Олександрівка,oleksandrivka,2023-04-04,350.0,,,,False,0.48,-3.02,БС-77,350,v230_mouths,164,2.1.1
Олександрівка,oleksandrivka,2023-05-04,403.0,,,А,False,1.01,-3.02,БС-77,403 А,v230_mouths,164,2.1.1
Олександрівка,oleksandrivka,2023-06-04,395.0,,,Т,False,0.93,-3.02,БС-77,395 Т,v230_mouths,164,2.1.1
Олександрівка,oleksandrivka,2023-07-04,403.0,,,Т,False,1.01,-3.02,БС-77,403 Т,v230_mouths,164,2.1.1
Олександрівка,oleksandrivka,2023-08-04,365.0,,,Т,False,0.63,-3.02,БС-77,365 Т,v230_mouths,164,2.1.1
Олександрівка,oleksandrivka,2023-09-04,341.0,,,Т,False,0.39,-3.02,БС-77,341 Т,v230_mouths,164,2.1.1
Олександрівка,oleksandrivka,2023-10-04,339.0,,,Т,False,0.37,-3.02,БС-77,339 Т,v230_mouths,164,2.1.1
Олександрівка,oleksandrivka,2023-11-04,340.0,,,А,False,0.38,-3.02,БС-77,340 А,v230_mouths,164,2.1.1
Олександрівка,oleksandrivka,2023-12-04,354.0,,,,False,0.52,-3.02,БС-77,354,v230_mouths,164,2.1.1
Олександрівка,oleksandrivka,2023-01-05,385.0,,,,False,0.83,-3.02,БС-77,385,v230_mouths,164,2.1.1
Олександрівка,oleksandrivka,2023-02-05,350.0,,,,False,0.48,-3.02,БС-77,350,v230_mouths,164,2.1.1
Олександрівка,oleksandrivka,2023-03-05,385.0,,,,False,0.83,-3.02,БС-77,385,v230_mouths,164,2.1.1
Олександрівка,oleksandrivka,2023-04-05,360.0,,,,False,0.58,-3.02,БС-77,360,v230_mouths,164,2.1.1
Олександрівка,oleksandrivka,2023-05-05,405.0,,,А,False,1.03,-3.02,БС-77,405 А,v230_mouths,164,2.1.1
Олександрівка,oleksandrivka,2023-06-05,400.0,,,Т,False,0.98,-3.02,БС-77,400 Т,v230_mouths,164,2.1.1
Олександрівка,oleksandrivka,2023-07-05,423.0,,,Т,False,1.21,-3.02,БС-77,423 Т,v230_mouths,164,2.1.1
Олександрівка,oleksandrivka,2023-08-05,365.0,,,Т,False,0.63,-3.02,БС-77,365 Т,v230_mouths,164,2.1.1
Олександрівка,oleksandrivka,2023-09-05,353.0,,,Т,False,0.51,-3.02,БС-77,353 Т,v230_mouths,164,2.1.1
Олександрівка,oleksandrivka,2023-10-05,338.0,,,Т,False,0.36,-3.02,БС-77,338 Т,v230_mouths,164,2.1.1
Олександрівка,oleksandrivka,2023-11-05,355.0,,,А,False,0.53,-3.02,БС-77,355 А,v230_mouths,164,2.1.1
Олександрівка,oleksandrivka,2023-12-05,346.0,,,,False,0.44,-3.02,БС-77,346,v230_mouths,164,2.1.1
Олександрівка,oleksandrivka,2023-01-06,379.0,,,,False,0.77,-3.02,БС-77,379,v230_mouths,164,2.1.1
Олександрівка,oleksandrivka,2023-02-06,366.0,,,,False,0.64,-3.02,БС-77,366,v230_mouths,164,2.1.1
Олександрівка,oleksandrivka,2023-03-06,368.0,,,,False,0.66,-3.02,БС-77,368,v230_mouths,164,2.1.1
Олександрівка,oleksandrivka,2023-04-06,399.0,,,,False,0.97,-3.02,БС-77,399,v230_mouths,164,2.1.1
Олександрівка,oleksandrivka,2023-05-06,403.0,,,А,False,1.01,-3.02,БС-77,403 А,v230_mouths,164,2.1.1
Олександрівка,oleksandrivka,2023-06-06,400.0,,,Т,False,0.98,-3.02,БС-77,400 Т,v230_mouths,164,2.1.1
Олександрівка,oleksandrivka,2023-07-06,425.0,,,Т,False,1.23,-3.02,БС-77,425 Т,v230_mouths,164,2.1.1
Олександрівка,oleksandrivka,2023-08-06,365.0,,,Т,False,0.63,-3.02,БС-77,365 Т,v230_mouths,164,2.1.1
Олександрівка,oleksandrivka,2023-09-06,352.0,,,Т,False,0.5,-3.02,БС-77,352 Т,v230_mouths,164,2.1.1
Олександрівка,oleksandrivka,2023-10-06,335.0,,,Т,False,0.33,-3.02,БС-77,335 Т,v230_mouths,164,2.1.1
Олександрівка,oleksandrivka,2023-11-06,355.0,,,А,False,0.53,-3.02,БС-77,355 А,v230_mouths,164,2.1.1
Олександрівка,oleksandrivka,2023-12-06,367.0,,,,False,0.65,-3.02,БС-77,367,v230_mouths,164,2.1.1
Олександрівка,oleksandrivka,2023-01-07,368.0,,,,False,0.66,-3.02,БС-77,368,v230_mouths,164,2.1.1
Олександрівка,oleksandrivka,2023-02-07,356.0,,,,False,0.54,-3.02,БС-77,356,v230_mouths,164,2.1.1
Олександрівка,oleksandrivka,2023-03-07,370.0,,,,False,0.68,-3.02,БС-77,370,v230_mouths,164,2.1.1
Олександрівка,oleksandrivka,2023-04-07,366.0,,,,False,0.64,-3.02,БС-77,366,v230_mouths,164,2.1.1
Олександрівка,oleksandrivka,2023-05-07,403.0,,,А,False,1.01,-3.02,БС-77,403 А,v230_mouths,164,2.1.1
Олександрівка,oleksandrivka,2023-06-07,413.0,/,dam_breach_distortion,Т,False,1.11,-3.02,БС-77,413 /Т,v230_mouths,164,2.1.1
Олександрівка,oleksandrivka,2023-07-07,420.0,,,Т,False,1.18,-3.02,БС-77,420 Т,v230_mouths,164,2.1.1
Олександрівка,oleksandrivka,2023-08-07,365.0,,,Т,False,0.63,-3.02,БС-77,365 Т,v230_mouths,164,2.1.1
Олександрівка,oleksandrivka,2023-09-07,352.0,,,Т,False,0.5,-3.02,БС-77,352 Т,v230_mouths,164,2.1.1
Олександрівка,oleksandrivka,2023-10-07,333.0,,,Т,False,0.31,-3.02,БС-77,333 Т,v230_mouths,164,2.1.1
Олександрівка,oleksandrivka,2023-11-07,355.0,,,А,False,0.53,-3.02,БС-77,355 А,v230_mouths,164,2.1.1
Олександрівка,oleksandrivka,2023-12-07,358.0,,,,False,0.56,-3.02,БС-77,358,v230_mouths,164,2.1.1
Олександрівка,oleksandrivka,2023-01-08,363.0,,,,False,0.61,-3.02,БС-77,363,v230_mouths,164,2.1.1
Олександрівка,oleksandrivka,2023-02-08,350.0,,,),False,0.48,-3.02,БС-77,350 ),v230_mouths,164,2.1.1
Олександрівка,oleksandrivka,2023-03-08,373.0,,,,False,0.71,-3.02,БС-77,373,v230_mouths,164,2.1.1
Олександрівка,oleksandrivka,2023-04-08,360.0,,,,False,0.58,-3.02,БС-77,360,v230_mouths,164,2.1.1
Олександрівка,oleksandrivka,2023-05-08,393.0,,,А,False,0.91,-3.02,БС-77,393 А,v230_mouths,164,2.1.1
Олександрівка,oleksandrivka,2023-06-08,469.0,/,dam_breach_distortion,Т,False,1.67,-3.02,БС-77,469 /Т,v230_mouths,164,2.1.1
Олександрівка,oleksandrivka,2023-07-08,398.0,,,Т,False,0.96,-3.02,БС-77,398 Т,v230_mouths,164,2.1.1
Олександрівка,oleksandrivka,2023-08-08,365.0,,,Т,False,0.63,-3.02,БС-77,365 Т,v230_mouths,164,2.1.1
Олександрівка,oleksandrivka,2023-09-08,352.0,,,Т,False,0.5,-3.02,БС-77,352 Т,v230_mouths,164,2.1.1
Олександрівка,oleksandrivka,2023-10-08,339.0,,,Т,False,0.37,-3.02,БС-77,339 Т,v230_mouths,164,2.1.1
Олександрівка,oleksandrivka,2023-11-08,355.0,,,А,False,0.53,-3.02,БС-77,355 А,v230_mouths,164,2.1.1
Олександрівка,oleksandrivka,2023-12-08,334.0,,,,False,0.32,-3.02,БС-77,334,v230_mouths,164,2.1.1
Олександрівка,oleksandrivka,2023-01-09,385.0,,,,False,0.83,-3.02,БС-77,385,v230_mouths,164,2.1.1
Олександрівка,oleksandrivka,2023-02-09,350.0,,,),False,0.48,-3.02,БС-77,350 ),v230_mouths,164,2.1.1
Олександрівка,oleksandrivka,2023-03-09,361.0,,,,False,0.59,-3.02,БС-77,361,v230_mouths,164,2.1.1
Олександрівка,oleksandrivka,2023-04-09,403.0,,,,False,1.01,-3.02,БС-77,403,v230_mouths,164,2.1.1
Олександрівка,oleksandrivka,2023-05-09,398.0,,,А,False,0.96,-3.02,БС-77,398 А,v230_mouths,164,2.1.1
Олександрівка,oleksandrivka,2023-06-09,465.0,/,dam_breach_distortion,Т,False,1.63,-3.02,БС-77,465 /Т,v230_mouths,164,2.1.1
Олександрівка,oleksandrivka,2023-07-09,413.0,,,Т,False,1.11,-3.02,БС-77,413 Т,v230_mouths,164,2.1.1
Олександрівка,oleksandrivka,2023-08-09,403.0,,,Т,False,1.01,-3.02,БС-77,403 Т,v230_mouths,164,2.1.1
Олександрівка,oleksandrivka,2023-09-09,351.0,,,Т,False,0.49,-3.02,БС-77,351 Т,v230_mouths,164,2.1.1
Олександрівка,oleksandrivka,2023-10-09,338.0,,,Т,False,0.36,-3.02,БС-77,338 Т,v230_mouths,164,2.1.1
Олександрівка,oleksandrivka,2023-11-09,355.0,,,А,False,0.53,-3.02,БС-77,355 А,v230_mouths,164,2.1.1
Олександрівка,oleksandrivka,2023-12-09,343.0,,,,False,0.41,-3.02,БС-77,343,v230_mouths,164,2.1.1
Олександрівка,oleksandrivka,2023-01-10,370.0,,,,False,0.68,-3.02,БС-77,370,v230_mouths,164,2.1.1
Олександрівка,oleksandrivka,2023-02-10,355.0,,,),False,0.53,-3.02,БС-77,355 ),v230_mouths,164,2.1.1
Олександрівка,oleksandrivka,2023-03-10,362.0,,,,False,0.6,-3.02,БС-77,362,v230_mouths,164,2.1.1
Олександрівка,oleksandrivka,2023-04-10,412.0,,,,False,1.1,-3.02,БС-77,412,v230_mouths,164,2.1.1
Олександрівка,oleksandrivka,2023-05-10,379.0,,,А,False,0.77,-3.02,БС-77,379 А,v230_mouths,164,2.1.1
Олександрівка,oleksandrivka,2023-06-10,437.0,/,dam_breach_distortion,Т,False,1.35,-3.02,БС-77,437 /Т,v230_mouths,164,2.1.1
Олександрівка,oleksandrivka,2023-07-10,415.0,,,Т,False,1.13,-3.02,БС-77,415 Т,v230_mouths,164,2.1.1
Олександрівка,oleksandrivka,2023-08-10,403.0,,,Т,False,1.01,-3.02,БС-77,403 Т,v230_mouths,164,2.1.1
Олександрівка,oleksandrivka,2023-09-10,350.0,,,Т,False,0.48,-3.02,БС-77,350 Т,v230_mouths,164,2.1.1
Олександрівка,oleksandrivka,2023-10-10,338.0,,,Т,False,0.36,-3.02,БС-77,338 Т,v230_mouths,164,2.1.1
Олександрівка,oleksandrivka,2023-11-10,335.0,,,А,False,0.33,-3.02,БС-77,335 А,v230_mouths,164,2.1.1
Олександрівка,oleksandrivka,2023-12-10,363.0,,,,False,0.61,-3.02,БС-77,363,v230_mouths,164,2.1.1
Олександрівка,oleksandrivka,2023-01-11,350.0,,,,False,0.48,-3.02,БС-77,350,v230_mouths,164,2.1.1
Олександрівка,oleksandrivka,2023-02-11,358.0,,,),False,0.56,-3.02,БС-77,358 ),v230_mouths,164,2.1.1
Олександрівка,oleksandrivka,2023-03-11,366.0,,,,False,0.64,-3.02,БС-77,366,v230_mouths,164,2.1.1
Олександрівка,oleksandrivka,2023-04-11,444.0,,,,False,1.42,-3.02,БС-77,444,v230_mouths,164,2.1.1
Олександрівка,oleksandrivka,2023-05-11,369.0,,,А,False,0.67,-3.02,БС-77,369 А,v230_mouths,164,2.1.1
Олександрівка,oleksandrivka,2023-06-11,433.0,/,dam_breach_distortion,Т,False,1.31,-3.02,БС-77,433 /Т,v230_mouths,164,2.1.1
Олександрівка,oleksandrivka,2023-07-11,420.0,,,Т,False,1.18,-3.02,БС-77,420 Т,v230_mouths,164,2.1.1
Олександрівка,oleksandrivka,2023-08-11,400.0,,,Т,False,0.98,-3.02,БС-77,400 Т,v230_mouths,164,2.1.1
Олександрівка,oleksandrivka,2023-09-11,346.0,,,Т,False,0.44,-3.02,БС-77,346 Т,v230_mouths,164,2.1.1
Олександрівка,oleksandrivka,2023-10-11,338.0,,,Т,False,0.36,-3.02,БС-77,338 Т,v230_mouths,164,2.1.1
Олександрівка,oleksandrivka,2023-11-11,353.0,,,А,False,0.51,-3.02,БС-77,353 А,v230_mouths,164,2.1.1
Олександрівка,oleksandrivka,2023-12-11,375.0,,,,False,0.73,-3.02,БС-77,375,v230_mouths,164,2.1.1
Олександрівка,oleksandrivka,2023-01-12,350.0,,,,False,0.48,-3.02,БС-77,350,v230_mouths,164,2.1.1
Олександрівка,oleksandrivka,2023-02-12,355.0,,,,False,0.53,-3.02,БС-77,355,v230_mouths,164,2.1.1
Олександрівка,oleksandrivka,2023-03-12,359.0,,,,False,0.57,-3.02,БС-77,359,v230_mouths,164,2.1.1
Олександрівка,oleksandrivka,2023-04-12,415.0,,,,False,1.13,-3.02,БС-77,415,v230_mouths,164,2.1.1
Олександрівка,oleksandrivka,2023-05-12,375.0,,,А,False,0.73,-3.02,БС-77,375 А,v230_mouths,164,2.1.1
Олександрівка,oleksandrivka,2023-06-12,428.0,/,dam_breach_distortion,Т,False,1.26,-3.02,БС-77,428 /Т,v230_mouths,164,2.1.1
Олександрівка,oleksandrivka,2023-07-12,408.0,,,Т,False,1.06,-3.02,БС-77,408 Т,v230_mouths,164,2.1.1
Олександрівка,oleksandrivka,2023-08-12,395.0,,,Т,False,0.93,-3.02,БС-77,395 Т,v230_mouths,164,2.1.1
Олександрівка,oleksandrivka,2023-09-12,339.0,,,Т,False,0.37,-3.02,БС-77,339 Т,v230_mouths,164,2.1.1
Олександрівка,oleksandrivka,2023-10-12,335.0,,,Т,False,0.33,-3.02,БС-77,335 Т,v230_mouths,164,2.1.1
Олександрівка,oleksandrivka,2023-11-12,365.0,,,А,False,0.63,-3.02,БС-77,365 А,v230_mouths,164,2.1.1
Олександрівка,oleksandrivka,2023-12-12,371.0,,,,False,0.69,-3.02,БС-77,371,v230_mouths,164,2.1.1
Олександрівка,oleksandrivka,2023-01-13,358.0,,,,False,0.56,-3.02,БС-77,358,v230_mouths,164,2.1.1
Олександрівка,oleksandrivka,2023-02-13,353.0,,,,False,0.51,-3.02,БС-77,353,v230_mouths,164,2.1.1
Олександрівка,oleksandrivka,2023-03-13,366.0,,,,False,0.64,-3.02,БС-77,366,v230_mouths,164,2.1.1
Олександрівка,oleksandrivka,2023-04-13,400.0,,,,False,0.98,-3.02,БС-77,400,v230_mouths,164,2.1.1
Олександрівка,oleksandrivka,2023-05-13,379.0,,,А,False,0.77,-3.02,БС-77,379 А,v230_mouths,164,2.1.1
Олександрівка,oleksandrivka,2023-06-13,424.0,/,dam_breach_distortion,Т,False,1.22,-3.02,БС-77,424 /Т,v230_mouths,164,2.1.1
Олександрівка,oleksandrivka,2023-07-13,403.0,,,Т,False,1.01,-3.02,БС-77,403 Т,v230_mouths,164,2.1.1
Олександрівка,oleksandrivka,2023-08-13,395.0,,,Т,False,0.93,-3.02,БС-77,395 Т,v230_mouths,164,2.1.1
Олександрівка,oleksandrivka,2023-09-13,353.0,,,Т,False,0.51,-3.02,БС-77,353 Т,v230_mouths,164,2.1.1
Олександрівка,oleksandrivka,2023-10-13,333.0,,,Т,False,0.31,-3.02,БС-77,333 Т,v230_mouths,164,2.1.1
Олександрівка,oleksandrivka,2023-11-13,370.0,,,А,False,0.68,-3.02,БС-77,370 А,v230_mouths,164,2.1.1
Олександрівка,oleksandrivka,2023-12-13,369.0,,,,False,0.67,-3.02,БС-77,369,v230_mouths,164,2.1.1
Олександрівка,oleksandrivka,2023-01-14,373.0,,,,False,0.71,-3.02,БС-77,373,v230_mouths,164,2.1.1
Олександрівка,oleksandrivka,2023-02-14,355.0,,,,False,0.53,-3.02,БС-77,355,v230_mouths,164,2.1.1
Олександрівка,oleksandrivka,2023-03-14,380.0,,,,False,0.78,-3.02,БС-77,380,v230_mouths,164,2.1.1
Олександрівка,oleksandrivka,2023-04-14,408.0,,,,False,1.06,-3.02,БС-77,408,v230_mouths,164,2.1.1
Олександрівка,oleksandrivka,2023-05-14,376.0,,,А,False,0.74,-3.02,БС-77,376 А,v230_mouths,164,2.1.1
Олександрівка,oleksandrivka,2023-06-14,419.0,,,Т,False,1.17,-3.02,БС-77,419 Т,v230_mouths,164,2.1.1
Олександрівка,oleksandrivka,2023-07-14,403.0,,,Т,False,1.01,-3.02,БС-77,403 Т,v230_mouths,164,2.1.1
Олександрівка,oleksandrivka,2023-08-14,378.0,,,Т,False,0.76,-3.02,БС-77,378 Т,v230_mouths,164,2.1.1
Олександрівка,oleksandrivka,2023-09-14,355.0,,,Т,False,0.53,-3.02,БС-77,355 Т,v230_mouths,164,2.1.1
Олександрівка,oleksandrivka,2023-10-14,330.0,,,Т,False,0.28,-3.02,БС-77,330 Т,v230_mouths,164,2.1.1
Олександрівка,oleksandrivka,2023-11-14,328.0,,,А,False,0.26,-3.02,БС-77,328 А,v230_mouths,164,2.1.1
Олександрівка,oleksandrivka,2023-12-14,393.0,,,,False,0.91,-3.02,БС-77,393,v230_mouths,164,2.1.1
Олександрівка,oleksandrivka,2023-01-15,368.0,,,,False,0.66,-3.02,БС-77,368,v230_mouths,164,2.1.1
Олександрівка,oleksandrivka,2023-02-15,355.0,,,,False,0.53,-3.02,БС-77,355,v230_mouths,164,2.1.1
Олександрівка,oleksandrivka,2023-03-15,368.0,,,,False,0.66,-3.02,БС-77,368,v230_mouths,164,2.1.1
Олександрівка,oleksandrivka,2023-04-15,411.0,,,,False,1.09,-3.02,БС-77,411,v230_mouths,164,2.1.1
Олександрівка,oleksandrivka,2023-05-15,373.0,,,А,False,0.71,-3.02,БС-77,373 А,v230_mouths,164,2.1.1
Олександрівка,oleksandrivka,2023-06-15,420.0,,,Т,False,1.18,-3.02,БС-77,420 Т,v230_mouths,164,2.1.1
Олександрівка,oleksandrivka,2023-07-15,400.0,,,Т,False,0.98,-3.02,БС-77,400 Т,v230_mouths,164,2.1.1
Олександрівка,oleksandrivka,2023-08-15,355.0,,,Т,False,0.53,-3.02,БС-77,355 Т,v230_mouths,164,2.1.1
Олександрівка,oleksandrivka,2023-09-15,353.0,,,Т,False,0.51,-3.02,БС-77,353 Т,v230_mouths,164,2.1.1
Олександрівка,oleksandrivka,2023-10-15,330.0,,,Т,False,0.28,-3.02,БС-77,330 Т,v230_mouths,164,2.1.1
Олександрівка,oleksandrivka,2023-11-15,376.0,,,А,False,0.74,-3.02,БС-77,376 А,v230_mouths,164,2.1.1
Олександрівка,oleksandrivka,2023-12-15,348.0,,,,False,0.46,-3.02,БС-77,348,v230_mouths,164,2.1.1
Олександрівка,oleksandrivka,2023-01-16,358.0,,,,False,0.56,-3.02,БС-77,358,v230_mouths,164,2.1.1
Олександрівка,oleksandrivka,2023-02-16,353.0,,,,False,0.51,-3.02,БС-77,353,v230_mouths,164,2.1.1
Олександрівка,oleksandrivka,2023-03-16,400.0,,,,False,0.98,-3.02,БС-77,400,v230_mouths,164,2.1.1
Олександрівка,oleksandrivka,2023-04-16,418.0,,,,False,1.16,-3.02,БС-77,418,v230_mouths,164,2.1.1
Олександрівка,oleksandrivka,2023-05-16,413.0,,,А,False,1.11,-3.02,БС-77,413 А,v230_mouths,164,2.1.1
Олександрівка,oleksandrivka,2023-06-16,419.0,,,Т,False,1.17,-3.02,БС-77,419 Т,v230_mouths,164,2.1.1
Олександрівка,oleksandrivka,2023-07-16,402.0,,,Т,False,1.0,-3.02,БС-77,402 Т,v230_mouths,164,2.1.1
Олександрівка,oleksandrivka,2023-08-16,355.0,,,Т,False,0.53,-3.02,БС-77,355 Т,v230_mouths,164,2.1.1
Олександрівка,oleksandrivka,2023-09-16,347.0,,,Т,False,0.45,-3.02,БС-77,347 Т,v230_mouths,164,2.1.1
Олександрівка,oleksandrivka,2023-10-16,328.0,,,Т,False,0.26,-3.02,БС-77,328 Т,v230_mouths,164,2.1.1
Олександрівка,oleksandrivka,2023-11-16,340.0,,,А,False,0.38,-3.02,БС-77,340 А,v230_mouths,164,2.1.1
Олександрівка,oleksandrivka,2023-12-16,350.0,,,,False,0.48,-3.02,БС-77,350,v230_mouths,164,2.1.1
Олександрівка,oleksandrivka,2023-01-17,368.0,,,,False,0.66,-3.02,БС-77,368,v230_mouths,164,2.1.1
Олександрівка,oleksandrivka,2023-02-17,355.0,,,,False,0.53,-3.02,БС-77,355,v230_mouths,164,2.1.1
Олександрівка,oleksandrivka,2023-03-17,359.0,,,,False,0.57,-3.02,БС-77,359,v230_mouths,164,2.1.1
Олександрівка,oleksandrivka,2023-04-17,418.0,,,,False,1.16,-3.02,БС-77,418,v230_mouths,164,2.1.1
Олександрівка,oleksandrivka,2023-05-17,396.0,,,А,False,0.94,-3.02,БС-77,396 А,v230_mouths,164,2.1.1
Олександрівка,oleksandrivka,2023-06-17,419.0,,,Т,False,1.17,-3.02,БС-77,419 Т,v230_mouths,164,2.1.1
Олександрівка,oleksandrivka,2023-07-17,379.0,,,Т,False,0.77,-3.02,БС-77,379 Т,v230_mouths,164,2.1.1
Олександрівка,oleksandrivka,2023-08-17,355.0,,,Т,False,0.53,-3.02,БС-77,355 Т,v230_mouths,164,2.1.1
Олександрівка,oleksandrivka,2023-09-17,348.0,,,Т,False,0.46,-3.02,БС-77,348 Т,v230_mouths,164,2.1.1
Олександрівка,oleksandrivka,2023-10-17,326.0,,,Т,False,0.24,-3.02,БС-77,326 Т,v230_mouths,164,2.1.1
Олександрівка,oleksandrivka,2023-11-17,330.0,,,А,False,0.28,-3.02,БС-77,330 А,v230_mouths,164,2.1.1
Олександрівка,oleksandrivka,2023-12-17,350.0,,,,False,0.48,-3.02,БС-77,350,v230_mouths,164,2.1.1
Олександрівка,oleksandrivka,2023-01-18,380.0,,,,False,0.78,-3.02,БС-77,380,v230_mouths,164,2.1.1
Олександрівка,oleksandrivka,2023-02-18,355.0,,,,False,0.53,-3.02,БС-77,355,v230_mouths,164,2.1.1
Олександрівка,oleksandrivka,2023-03-18,355.0,,,,False,0.53,-3.02,БС-77,355,v230_mouths,164,2.1.1
Олександрівка,oleksandrivka,2023-04-18,419.0,,,,False,1.17,-3.02,БС-77,419,v230_mouths,164,2.1.1
Олександрівка,oleksandrivka,2023-05-18,378.0,,,А,False,0.76,-3.02,БС-77,378 А,v230_mouths,164,2.1.1
Олександрівка,oleksandrivka,2023-06-18,418.0,,,Т,False,1.16,-3.02,БС-77,418 Т,v230_mouths,164,2.1.1
Олександрівка,oleksandrivka,2023-07-18,378.0,,,Т,False,0.76,-3.02,БС-77,378 Т,v230_mouths,164,2.1.1
Олександрівка,oleksandrivka,2023-08-18,355.0,,,Т,False,0.53,-3.02,БС-77,355 Т,v230_mouths,164,2.1.1
Олександрівка,oleksandrivka,2023-09-18,351.0,,,Т,False,0.49,-3.02,БС-77,351 Т,v230_mouths,164,2.1.1
Олександрівка,oleksandrivka,2023-10-18,326.0,,,Т,False,0.24,-3.02,БС-77,326 Т,v230_mouths,164,2.1.1
Олександрівка,oleksandrivka,2023-11-18,330.0,,,А,False,0.28,-3.02,БС-77,330 А,v230_mouths,164,2.1.1
Олександрівка,oleksandrivka,2023-12-18,374.0,,,,False,0.72,-3.02,БС-77,374,v230_mouths,164,2.1.1
Олександрівка,oleksandrivka,2023-01-19,373.0,,,,False,0.71,-3.02,БС-77,373,v230_mouths,164,2.1.1
Олександрівка,oleksandrivka,2023-02-19,356.0,,,,False,0.54,-3.02,БС-77,356,v230_mouths,164,2.1.1
Олександрівка,oleksandrivka,2023-03-19,355.0,,,,False,0.53,-3.02,БС-77,355,v230_mouths,164,2.1.1
Олександрівка,oleksandrivka,2023-04-19,418.0,,,,False,1.16,-3.02,БС-77,418,v230_mouths,164,2.1.1
Олександрівка,oleksandrivka,2023-05-19,378.0,,,А,False,0.76,-3.02,БС-77,378 А,v230_mouths,164,2.1.1
Олександрівка,oleksandrivka,2023-06-19,420.0,,,Т,False,1.18,-3.02,БС-77,420 Т,v230_mouths,164,2.1.1
Олександрівка,oleksandrivka,2023-07-19,373.0,,,Т,False,0.71,-3.02,БС-77,373 Т,v230_mouths,164,2.1.1
Олександрівка,oleksandrivka,2023-08-19,355.0,,,Т,False,0.53,-3.02,БС-77,355 Т,v230_mouths,164,2.1.1
Олександрівка,oleksandrivka,2023-09-19,351.0,,,Т,False,0.49,-3.02,БС-77,351 Т,v230_mouths,164,2.1.1
Олександрівка,oleksandrivka,2023-10-19,330.0,,,Т,False,0.28,-3.02,БС-77,330 Т,v230_mouths,164,2.1.1
Олександрівка,oleksandrivka,2023-11-19,322.0,,,А,False,0.2,-3.02,БС-77,322 А,v230_mouths,164,2.1.1
Олександрівка,oleksandrivka,2023-12-19,374.0,,,,False,0.72,-3.02,БС-77,374,v230_mouths,164,2.1.1
Олександрівка,oleksandrivka,2023-01-20,388.0,,,,False,0.86,-3.02,БС-77,388,v230_mouths,164,2.1.1
Олександрівка,oleksandrivka,2023-02-20,357.0,,,,False,0.55,-3.02,БС-77,357,v230_mouths,164,2.1.1
Олександрівка,oleksandrivka,2023-03-20,368.0,,,,False,0.66,-3.02,БС-77,368,v230_mouths,164,2.1.1
Олександрівка,oleksandrivka,2023-04-20,420.0,,,,False,1.18,-3.02,БС-77,420,v230_mouths,164,2.1.1
Олександрівка,oleksandrivka,2023-05-20,373.0,,,А,False,0.71,-3.02,БС-77,373 А,v230_mouths,164,2.1.1
Олександрівка,oleksandrivka,2023-06-20,423.0,,,Т,False,1.21,-3.02,БС-77,423 Т,v230_mouths,164,2.1.1
Олександрівка,oleksandrivka,2023-07-20,365.0,,,Т,False,0.63,-3.02,БС-77,365 Т,v230_mouths,164,2.1.1
Олександрівка,oleksandrivka,2023-08-20,355.0,,,Т,False,0.53,-3.02,БС-77,355 Т,v230_mouths,164,2.1.1
Олександрівка,oleksandrivka,2023-09-20,351.0,,,Т,False,0.49,-3.02,БС-77,351 Т,v230_mouths,164,2.1.1
Олександрівка,oleksandrivka,2023-10-20,359.0,,,Т,False,0.57,-3.02,БС-77,359 Т,v230_mouths,164,2.1.1
Олександрівка,oleksandrivka,2023-11-20,322.0,,,А,False,0.2,-3.02,БС-77,322 А,v230_mouths,164,2.1.1
Олександрівка,oleksandrivka,2023-12-20,375.0,,,,False,0.73,-3.02,БС-77,375,v230_mouths,164,2.1.1
Олександрівка,oleksandrivka,2023-01-21,370.0,,,,False,0.68,-3.02,БС-77,370,v230_mouths,164,2.1.1
Олександрівка,oleksandrivka,2023-02-21,357.0,,,,False,0.55,-3.02,БС-77,357,v230_mouths,164,2.1.1
Олександрівка,oleksandrivka,2023-03-21,355.0,,,,False,0.53,-3.02,БС-77,355,v230_mouths,164,2.1.1
Олександрівка,oleksandrivka,2023-04-21,418.0,,,,False,1.16,-3.02,БС-77,418,v230_mouths,164,2.1.1
Олександрівка,oleksandrivka,2023-05-21,370.0,,,А,False,0.68,-3.02,БС-77,370 А,v230_mouths,164,2.1.1
Олександрівка,oleksandrivka,2023-06-21,422.0,,,Т,False,1.2,-3.02,БС-77,422 Т,v230_mouths,164,2.1.1
Олександрівка,oleksandrivka,2023-07-21,358.0,,,Т,False,0.56,-3.02,БС-77,358 Т,v230_mouths,164,2.1.1
Олександрівка,oleksandrivka,2023-08-21,353.0,,,Т,False,0.51,-3.02,БС-77,353 Т,v230_mouths,164,2.1.1
Олександрівка,oleksandrivka,2023-09-21,350.0,,,Т,False,0.48,-3.02,БС-77,350 Т,v230_mouths,164,2.1.1
Олександрівка,oleksandrivka,2023-10-21,338.0,,,Т,False,0.36,-3.02,БС-77,338 Т,v230_mouths,164,2.1.1
Олександрівка,oleksandrivka,2023-11-21,339.0,,,А,False,0.37,-3.02,БС-77,339 А,v230_mouths,164,2.1.1
Олександрівка,oleksandrivka,2023-12-21,369.0,,,,False,0.67,-3.02,БС-77,369,v230_mouths,164,2.1.1
Олександрівка,oleksandrivka,2023-01-22,358.0,,,,False,0.56,-3.02,БС-77,358,v230_mouths,164,2.1.1
Олександрівка,oleksandrivka,2023-02-22,357.0,,,,False,0.55,-3.02,БС-77,357,v230_mouths,164,2.1.1
Олександрівка,oleksandrivka,2023-03-22,371.0,,,,False,0.69,-3.02,БС-77,371,v230_mouths,164,2.1.1
Олександрівка,oleksandrivka,2023-04-22,419.0,,,,False,1.17,-3.02,БС-77,419,v230_mouths,164,2.1.1
Олександрівка,oleksandrivka,2023-05-22,370.0,,,А,False,0.68,-3.02,БС-77,370 А,v230_mouths,164,2.1.1
Олександрівка,oleksandrivka,2023-06-22,422.0,,,Т,False,1.2,-3.02,БС-77,422 Т,v230_mouths,164,2.1.1
Олександрівка,oleksandrivka,2023-07-22,355.0,,,Т,False,0.53,-3.02,БС-77,355 Т,v230_mouths,164,2.1.1
Олександрівка,oleksandrivka,2023-08-22,349.0,,,Т,False,0.47,-3.02,БС-77,349 Т,v230_mouths,164,2.1.1
Олександрівка,oleksandrivka,2023-09-22,348.0,,,Т,False,0.46,-3.02,БС-77,348 Т,v230_mouths,164,2.1.1
Олександрівка,oleksandrivka,2023-10-22,330.0,,,Т,False,0.28,-3.02,БС-77,330 Т,v230_mouths,164,2.1.1
Олександрівка,oleksandrivka,2023-11-22,356.0,,,А,False,0.54,-3.02,БС-77,356 А,v230_mouths,164,2.1.1
Олександрівка,oleksandrivka,2023-12-22,383.0,,,,False,0.81,-3.02,БС-77,383,v230_mouths,164,2.1.1
Олександрівка,oleksandrivka,2023-01-23,355.0,,,,False,0.53,-3.02,БС-77,355,v230_mouths,164,2.1.1
Олександрівка,oleksandrivka,2023-02-23,357.0,,,,False,0.55,-3.02,БС-77,357,v230_mouths,164,2.1.1
Олександрівка,oleksandrivka,2023-03-23,399.0,,,,False,0.97,-3.02,БС-77,399,v230_mouths,164,2.1.1
Олександрівка,oleksandrivka,2023-04-23,417.0,,,,False,1.15,-3.02,БС-77,417,v230_mouths,164,2.1.1
Олександрівка,oleksandrivka,2023-05-23,411.0,,,А,False,1.09,-3.02,БС-77,411 А,v230_mouths,164,2.1.1
Олександрівка,oleksandrivka,2023-06-23,422.0,,,Т,False,1.2,-3.02,БС-77,422 Т,v230_mouths,164,2.1.1
Олександрівка,oleksandrivka,2023-07-23,355.0,,,Т,False,0.53,-3.02,БС-77,355 Т,v230_mouths,164,2.1.1
Олександрівка,oleksandrivka,2023-08-23,349.0,,,Т,False,0.47,-3.02,БС-77,349 Т,v230_mouths,164,2.1.1
Олександрівка,oleksandrivka,2023-09-23,346.0,,,Т,False,0.44,-3.02,БС-77,346 Т,v230_mouths,164,2.1.1
Олександрівка,oleksandrivka,2023-10-23,328.0,,,Т,False,0.26,-3.02,БС-77,328 Т,v230_mouths,164,2.1.1
Олександрівка,oleksandrivka,2023-11-23,351.0,,,А,False,0.49,-3.02,БС-77,351 А,v230_mouths,164,2.1.1
Олександрівка,oleksandrivka,2023-12-23,370.0,,,,False,0.68,-3.02,БС-77,370,v230_mouths,164,2.1.1
Олександрівка,oleksandrivka,2023-01-24,368.0,,,,False,0.66,-3.02,БС-77,368,v230_mouths,164,2.1.1
Олександрівка,oleksandrivka,2023-02-24,357.0,,,,False,0.55,-3.02,БС-77,357,v230_mouths,164,2.1.1
Олександрівка,oleksandrivka,2023-03-24,375.0,,,,False,0.73,-3.02,БС-77,375,v230_mouths,164,2.1.1
Олександрівка,oleksandrivka,2023-04-24,417.0,,,,False,1.15,-3.02,БС-77,417,v230_mouths,164,2.1.1
Олександрівка,oleksandrivka,2023-05-24,413.0,,,А,False,1.11,-3.02,БС-77,413 А,v230_mouths,164,2.1.1
Олександрівка,oleksandrivka,2023-06-24,423.0,,,Т,False,1.21,-3.02,БС-77,423 Т,v230_mouths,164,2.1.1
Олександрівка,oleksandrivka,2023-07-24,355.0,,,Т,False,0.53,-3.02,БС-77,355 Т,v230_mouths,164,2.1.1
Олександрівка,oleksandrivka,2023-08-24,350.0,,,Т,False,0.48,-3.02,БС-77,350 Т,v230_mouths,164,2.1.1
Олександрівка,oleksandrivka,2023-09-24,348.0,,,Т,False,0.46,-3.02,БС-77,348 Т,v230_mouths,164,2.1.1
Олександрівка,oleksandrivka,2023-10-24,325.0,,,Т,False,0.23,-3.02,БС-77,325 Т,v230_mouths,164,2.1.1
Олександрівка,oleksandrivka,2023-11-24,380.0,,,А,False,0.78,-3.02,БС-77,380 А,v230_mouths,164,2.1.1
Олександрівка,oleksandrivka,2023-12-24,359.0,,,,False,0.57,-3.02,БС-77,359,v230_mouths,164,2.1.1
Олександрівка,oleksandrivka,2023-01-25,355.0,,,,False,0.53,-3.02,БС-77,355,v230_mouths,164,2.1.1
Олександрівка,oleksandrivka,2023-02-25,359.0,,,,False,0.57,-3.02,БС-77,359,v230_mouths,164,2.1.1
Олександрівка,oleksandrivka,2023-03-25,376.0,,,,False,0.74,-3.02,БС-77,376,v230_mouths,164,2.1.1
Олександрівка,oleksandrivka,2023-04-25,424.0,,,,False,1.22,-3.02,БС-77,424,v230_mouths,164,2.1.1
Олександрівка,oleksandrivka,2023-05-25,375.0,,,А,False,0.73,-3.02,БС-77,375 А,v230_mouths,164,2.1.1
Олександрівка,oleksandrivka,2023-06-25,425.0,,,Т,False,1.23,-3.02,БС-77,425 Т,v230_mouths,164,2.1.1
Олександрівка,oleksandrivka,2023-07-25,355.0,,,Т,False,0.53,-3.02,БС-77,355 Т,v230_mouths,164,2.1.1
Олександрівка,oleksandrivka,2023-08-25,349.0,,,Т,False,0.47,-3.02,БС-77,349 Т,v230_mouths,164,2.1.1
Олександрівка,oleksandrivka,2023-09-25,343.0,,,Т,False,0.41,-3.02,БС-77,343 Т,v230_mouths,164,2.1.1
Олександрівка,oleksandrivka,2023-10-25,358.0,,,Т,False,0.56,-3.02,БС-77,358 Т,v230_mouths,164,2.1.1
Олександрівка,oleksandrivka,2023-11-25,350.0,,,А,False,0.48,-3.02,БС-77,350 А,v230_mouths,164,2.1.1
Олександрівка,oleksandrivka,2023-12-25,368.0,,,,False,0.66,-3.02,БС-77,368,v230_mouths,164,2.1.1
Олександрівка,oleksandrivka,2023-01-26,355.0,,,,False,0.53,-3.02,БС-77,355,v230_mouths,164,2.1.1
Олександрівка,oleksandrivka,2023-02-26,365.0,,,,False,0.63,-3.02,БС-77,365,v230_mouths,164,2.1.1
Олександрівка,oleksandrivka,2023-03-26,380.0,,,,False,0.78,-3.02,БС-77,380,v230_mouths,164,2.1.1
Олександрівка,oleksandrivka,2023-04-26,420.0,,,,False,1.18,-3.02,БС-77,420,v230_mouths,164,2.1.1
Олександрівка,oleksandrivka,2023-05-26,368.0,,,А,False,0.66,-3.02,БС-77,368 А,v230_mouths,164,2.1.1
Олександрівка,oleksandrivka,2023-06-26,424.0,,,Т,False,1.22,-3.02,БС-77,424 Т,v230_mouths,164,2.1.1
Олександрівка,oleksandrivka,2023-07-26,365.0,,,Т,False,0.63,-3.02,БС-77,365 Т,v230_mouths,164,2.1.1
Олександрівка,oleksandrivka,2023-08-26,349.0,,,Т,False,0.47,-3.02,БС-77,349 Т,v230_mouths,164,2.1.1
Олександрівка,oleksandrivka,2023-09-26,343.0,,,Т,False,0.41,-3.02,БС-77,343 Т,v230_mouths,164,2.1.1
Олександрівка,oleksandrivka,2023-10-26,396.0,,,Т,False,0.94,-3.02,БС-77,396 Т,v230_mouths,164,2.1.1
Олександрівка,oleksandrivka,2023-11-26,335.0,,,,False,0.33,-3.02,БС-77,335,v230_mouths,164,2.1.1
Олександрівка,oleksandrivka,2023-12-26,365.0,,,,False,0.63,-3.02,БС-77,365,v230_mouths,164,2.1.1
Олександрівка,oleksandrivka,2023-01-27,355.0,,,,False,0.53,-3.02,БС-77,355,v230_mouths,164,2.1.1
Олександрівка,oleksandrivka,2023-02-27,360.0,,,,False,0.58,-3.02,БС-77,360,v230_mouths,164,2.1.1
Олександрівка,oleksandrivka,2023-03-27,376.0,,,,False,0.74,-3.02,БС-77,376,v230_mouths,164,2.1.1
Олександрівка,oleksandrivka,2023-04-27,423.0,,,,False,1.21,-3.02,БС-77,423,v230_mouths,164,2.1.1
Олександрівка,oleksandrivka,2023-05-27,378.0,,,А,False,0.76,-3.02,БС-77,378 А,v230_mouths,164,2.1.1
Олександрівка,oleksandrivka,2023-06-27,420.0,,,Т,False,1.18,-3.02,БС-77,420 Т,v230_mouths,164,2.1.1
Олександрівка,oleksandrivka,2023-07-27,370.0,,,Т,False,0.68,-3.02,БС-77,370 Т,v230_mouths,164,2.1.1
Олександрівка,oleksandrivka,2023-08-27,351.0,,,Т,False,0.49,-3.02,БС-77,351 Т,v230_mouths,164,2.1.1
Олександрівка,oleksandrivka,2023-09-27,342.0,,,Т,False,0.4,-3.02,БС-77,342 Т,v230_mouths,164,2.1.1
Олександрівка,oleksandrivka,2023-10-27,381.0,,,Т,False,0.79,-3.02,БС-77,381 Т,v230_mouths,164,2.1.1
Олександрівка,oleksandrivka,2023-11-27,335.0,,,,False,0.33,-3.02,БС-77,335,v230_mouths,164,2.1.1
Олександрівка,oleksandrivka,2023-12-27,368.0,,,,False,0.66,-3.02,БС-77,368,v230_mouths,164,2.1.1
Олександрівка,oleksandrivka,2023-01-28,353.0,,,,False,0.51,-3.02,БС-77,353,v230_mouths,164,2.1.1
Олександрівка,oleksandrivka,2023-02-28,356.0,,,,False,0.54,-3.02,БС-77,356,v230_mouths,164,2.1.1
Олександрівка,oleksandrivka,2023-03-28,414.0,,,,False,1.12,-3.02,БС-77,414,v230_mouths,164,2.1.1
Олександрівка,oleksandrivka,2023-04-28,421.0,,,,False,1.19,-3.02,БС-77,421,v230_mouths,164,2.1.1
Олександрівка,oleksandrivka,2023-05-28,383.0,,,А,False,0.81,-3.02,БС-77,383 А,v230_mouths,164,2.1.1
Олександрівка,oleksandrivka,2023-06-28,423.0,,,Т,False,1.21,-3.02,БС-77,423 Т,v230_mouths,164,2.1.1
Олександрівка,oleksandrivka,2023-07-28,355.0,,,Т,False,0.53,-3.02,БС-77,355 Т,v230_mouths,164,2.1.1
Олександрівка,oleksandrivka,2023-08-28,347.0,,,Т,False,0.45,-3.02,БС-77,347 Т,v230_mouths,164,2.1.1
Олександрівка,oleksandrivka,2023-09-28,343.0,,,Т,False,0.41,-3.02,БС-77,343 Т,v230_mouths,164,2.1.1
Олександрівка,oleksandrivka,2023-10-28,375.0,,,Т,False,0.73,-3.02,БС-77,375 Т,v230_mouths,164,2.1.1
Олександрівка,oleksandrivka,2023-11-28,348.0,,,,False,0.46,-3.02,БС-77,348,v230_mouths,164,2.1.1
Олександрівка,oleksandrivka,2023-12-28,350.0,,,,False,0.48,-3.02,БС-77,350,v230_mouths,164,2.1.1
Олександрівка,oleksandrivka,2023-01-29,353.0,,,,False,0.51,-3.02,БС-77,353,v230_mouths,164,2.1.1
Олександрівка,oleksandrivka,2023-03-29,379.0,,,,False,0.77,-3.02,БС-77,379,v230_mouths,164,2.1.1
Олександрівка,oleksandrivka,2023-04-29,426.0,,,А,False,1.24,-3.02,БС-77,426 А,v230_mouths,164,2.1.1
Олександрівка,oleksandrivka,2023-05-29,385.0,,,А,False,0.83,-3.02,БС-77,385 А,v230_mouths,164,2.1.1
Олександрівка,oleksandrivka,2023-06-29,373.0,,,Т,False,0.71,-3.02,БС-77,373 Т,v230_mouths,164,2.1.1
Олександрівка,oleksandrivka,2023-07-29,345.0,,,Т,False,0.43,-3.02,БС-77,345 Т,v230_mouths,164,2.1.1
Олександрівка,oleksandrivka,2023-08-29,347.0,,,Т,False,0.45,-3.02,БС-77,347 Т,v230_mouths,164,2.1.1
Олександрівка,oleksandrivka,2023-09-29,341.0,,,Т,False,0.39,-3.02,БС-77,341 Т,v230_mouths,164,2.1.1
Олександрівка,oleksandrivka,2023-10-29,373.0,,,Т,False,0.71,-3.02,БС-77,373 Т,v230_mouths,164,2.1.1
Олександрівка,oleksandrivka,2023-11-29,380.0,,,,False,0.78,-3.02,БС-77,380,v230_mouths,164,2.1.1
Олександрівка,oleksandrivka,2023-12-29,373.0,,,,False,0.71,-3.02,БС-77,373,v230_mouths,164,2.1.1
Олександрівка,oleksandrivka,2023-01-30,355.0,,,,False,0.53,-3.02,БС-77,355,v230_mouths,164,2.1.1
Олександрівка,oleksandrivka,2023-03-30,356.0,,,,False,0.54,-3.02,БС-77,356,v230_mouths,164,2.1.1
Олександрівка,oleksandrivka,2023-04-30,424.0,,,А,False,1.22,-3.02,БС-77,424 А,v230_mouths,164,2.1.1
Олександрівка,oleksandrivka,2023-05-30,383.0,,,А,False,0.81,-3.02,БС-77,383 А,v230_mouths,164,2.1.1
Олександрівка,oleksandrivka,2023-06-30,360.0,,,Т,False,0.58,-3.02,БС-77,360 Т,v230_mouths,164,2.1.1
Олександрівка,oleksandrivka,2023-07-30,348.0,,,Т,False,0.46,-3.02,БС-77,348 Т,v230_mouths,164,2.1.1
Олександрівка,oleksandrivka,2023-08-30,347.0,,,Т,False,0.45,-3.02,БС-77,347 Т,v230_mouths,164,2.1.1
Олександрівка,oleksandrivka,2023-09-30,339.0,,,Т,False,0.37,-3.02,БС-77,339 Т,v230_mouths,164,2.1.1
Олександрівка,oleksandrivka,2023-10-30,350.0,,,Т,False,0.48,-3.02,БС-77,350 Т,v230_mouths,164,2.1.1
Олександрівка,oleksandrivka,2023-11-30,345.0,,,,False,0.43,-3.02,БС-77,345,v230_mouths,164,2.1.1
Олександрівка,oleksandrivka,2023-12-30,348.0,,,,False,0.46,-3.02,БС-77,348,v230_mouths,164,2.1.1
Олександрівка,oleksandrivka,2023-01-31,358.0,,,,False,0.56,-3.02,БС-77,358,v230_mouths,164,2.1.1
Олександрівка,oleksandrivka,2023-03-31,350.0,,,,False,0.48,-3.02,БС-77,350,v230_mouths,164,2.1.1
Олександрівка,oleksandrivka,2023-05-31,383.0,,,А,False,0.81,-3.02,БС-77,383 А,v230_mouths,164,2.1.1
Олександрівка,oleksandrivka,2023-07-31,348.0,,,Т,False,0.46,-3.02,БС-77,348 Т,v230_mouths,164,2.1.1
Олександрівка,oleksandrivka,2023-08-31,347.0,,,Т,False,0.45,-3.02,БС-77,347 Т,v230_mouths,164,2.1.1
Олександрівка,oleksandrivka,2023-10-31,350.0,,,Т,False,0.48,-3.02,БС-77,350 Т,v230_mouths,164,2.1.1
Олександрівка,oleksandrivka,2023-12-31,354.0,,,,False,0.52,-3.02,БС-77,354,v230_mouths,164,2.1.1
Миколаїв,mykolaiv,2023-01-01,500.0,,,,False,0.0,-5.0,БС-77,500,v230_mouths,165,2.1.1
Миколаїв,mykolaiv,2023-02-01,488.0,,,,False,-0.12,-5.0,БС-77,488,v230_mouths,165,2.1.1
Миколаїв,mykolaiv,2023-03-01,487.0,,,,False,-0.13,-5.0,БС-77,487,v230_mouths,165,2.1.1
Миколаїв,mykolaiv,2023-04-01,508.0,,,,False,0.08,-5.0,БС-77,508,v230_mouths,165,2.1.1
Миколаїв,mykolaiv,2023-05-01,497.0,,,,False,-0.03,-5.0,БС-77,497,v230_mouths,165,2.1.1
Миколаїв,mykolaiv,2023-06-01,502.0,,,,False,0.02,-5.0,БС-77,502,v230_mouths,165,2.1.1
Миколаїв,mykolaiv,2023-07-01,514.0,,,,False,0.14,-5.0,БС-77,514,v230_mouths,165,2.1.1
Миколаїв,mykolaiv,2023-08-01,499.0,,,,False,-0.01,-5.0,БС-77,499,v230_mouths,165,2.1.1
Миколаїв,mykolaiv,2023-09-01,493.0,,,,False,-0.07,-5.0,БС-77,493,v230_mouths,165,2.1.1
Миколаїв,mykolaiv,2023-10-01,477.0,,,,False,-0.23,-5.0,БС-77,477,v230_mouths,165,2.1.1
Миколаїв,mykolaiv,2023-11-01,491.0,,,,False,-0.09,-5.0,БС-77,491,v230_mouths,165,2.1.1
Миколаїв,mykolaiv,2023-12-01,535.0,,,,False,0.35,-5.0,БС-77,535,v230_mouths,165,2.1.1
Миколаїв,mykolaiv,2023-01-02,499.0,,,,False,-0.01,-5.0,БС-77,499,v230_mouths,165,2.1.1
Миколаїв,mykolaiv,2023-02-02,491.0,,,,False,-0.09,-5.0,БС-77,491,v230_mouths,165,2.1.1
Миколаїв,mykolaiv,2023-03-02,484.0,,,,False,-0.16,-5.0,БС-77,484,v230_mouths,165,2.1.1
Миколаїв,mykolaiv,2023-04-02,510.0,,,,False,0.1,-5.0,БС-77,510,v230_mouths,165,2.1.1
Миколаїв,mykolaiv,2023-05-02,500.0,,,,False,0.0,-5.0,БС-77,500,v230_mouths,165,2.1.1
Миколаїв,mykolaiv,2023-06-02,510.0,,,,False,0.1,-5.0,БС-77,510,v230_mouths,165,2.1.1
Миколаїв,mykolaiv,2023-07-02,517.0,,,,False,0.17,-5.0,БС-77,517,v230_mouths,165,2.1.1
Миколаїв,mykolaiv,2023-08-02,509.0,,,,False,0.09,-5.0,БС-77,509,v230_mouths,165,2.1.1
Миколаїв,mykolaiv,2023-09-02,485.0,,,,False,-0.15,-5.0,БС-77,485,v230_mouths,165,2.1.1
Миколаїв,mykolaiv,2023-10-02,461.0,,,,False,-0.39,-5.0,БС-77,461,v230_mouths,165,2.1.1
Миколаїв,mykolaiv,2023-11-02,478.0,,,,False,-0.22,-5.0,БС-77,478,v230_mouths,165,2.1.1
Миколаїв,mykolaiv,2023-12-02,514.0,,,,False,0.14,-5.0,БС-77,514,v230_mouths,165,2.1.1
Миколаїв,mykolaiv,2023-01-03,503.0,,,,False,0.03,-5.0,БС-77,503,v230_mouths,165,2.1.1
Миколаїв,mykolaiv,2023-02-03,490.0,,,,False,-0.1,-5.0,БС-77,490,v230_mouths,165,2.1.1
Миколаїв,mykolaiv,2023-03-03,490.0,,,,False,-0.1,-5.0,БС-77,490,v230_mouths,165,2.1.1
Миколаїв,mykolaiv,2023-04-03,502.0,,,,False,0.02,-5.0,БС-77,502,v230_mouths,165,2.1.1
Миколаїв,mykolaiv,2023-05-03,504.0,,,,False,0.04,-5.0,БС-77,504,v230_mouths,165,2.1.1
Миколаїв,mykolaiv,2023-06-03,497.0,,,,False,-0.03,-5.0,БС-77,497,v230_mouths,165,2.1.1
Миколаїв,mykolaiv,2023-07-03,514.0,,,,False,0.14,-5.0,БС-77,514,v230_mouths,165,2.1.1
Миколаїв,mykolaiv,2023-08-03,505.0,,,,False,0.05,-5.0,БС-77,505,v230_mouths,165,2.1.1
Миколаїв,mykolaiv,2023-09-03,487.0,,,,False,-0.13,-5.0,БС-77,487,v230_mouths,165,2.1.1
Миколаїв,mykolaiv,2023-10-03,481.0,,,,False,-0.19,-5.0,БС-77,481,v230_mouths,165,2.1.1
Миколаїв,mykolaiv,2023-11-03,480.0,,,,False,-0.2,-5.0,БС-77,480,v230_mouths,165,2.1.1
Миколаїв,mykolaiv,2023-12-03,508.0,,,,False,0.08,-5.0,БС-77,508,v230_mouths,165,2.1.1
Миколаїв,mykolaiv,2023-01-04,486.0,,,,False,-0.14,-5.0,БС-77,486,v230_mouths,165,2.1.1
Миколаїв,mykolaiv,2023-02-04,486.0,,,,False,-0.14,-5.0,БС-77,486,v230_mouths,165,2.1.1
Миколаїв,mykolaiv,2023-03-04,494.0,,,,False,-0.06,-5.0,БС-77,494,v230_mouths,165,2.1.1
Миколаїв,mykolaiv,2023-04-04,486.0,,,,False,-0.14,-5.0,БС-77,486,v230_mouths,165,2.1.1
Миколаїв,mykolaiv,2023-05-04,501.0,,,,False,0.01,-5.0,БС-77,501,v230_mouths,165,2.1.1
Миколаїв,mykolaiv,2023-06-04,486.0,,,,False,-0.14,-5.0,БС-77,486,v230_mouths,165,2.1.1
Миколаїв,mykolaiv,2023-07-04,507.0,,,,False,0.07,-5.0,БС-77,507,v230_mouths,165,2.1.1
Миколаїв,mykolaiv,2023-08-04,504.0,,,,False,0.04,-5.0,БС-77,504,v230_mouths,165,2.1.1
Миколаїв,mykolaiv,2023-09-04,479.0,,,,False,-0.21,-5.0,БС-77,479,v230_mouths,165,2.1.1
Миколаїв,mykolaiv,2023-10-04,494.0,,,,False,-0.06,-5.0,БС-77,494,v230_mouths,165,2.1.1
Миколаїв,mykolaiv,2023-11-04,505.0,,,,False,0.05,-5.0,БС-77,505,v230_mouths,165,2.1.1
Миколаїв,mykolaiv,2023-12-04,494.0,,,,False,-0.06,-5.0,БС-77,494,v230_mouths,165,2.1.1
Миколаїв,mykolaiv,2023-01-05,508.0,,,,False,0.08,-5.0,БС-77,508,v230_mouths,165,2.1.1
Миколаїв,mykolaiv,2023-02-05,464.0,,,,False,-0.36,-5.0,БС-77,464,v230_mouths,165,2.1.1
Миколаїв,mykolaiv,2023-03-05,485.0,,,,False,-0.15,-5.0,БС-77,485,v230_mouths,165,2.1.1
Миколаїв,mykolaiv,2023-04-05,495.0,,,,False,-0.05,-5.0,БС-77,495,v230_mouths,165,2.1.1
Миколаїв,mykolaiv,2023-05-05,505.0,,,,False,0.05,-5.0,БС-77,505,v230_mouths,165,2.1.1
Миколаїв,mykolaiv,2023-06-05,495.0,,,,False,-0.05,-5.0,БС-77,495,v230_mouths,165,2.1.1
Миколаїв,mykolaiv,2023-07-05,505.0,,,,False,0.05,-5.0,БС-77,505,v230_mouths,165,2.1.1
Миколаїв,mykolaiv,2023-08-05,499.0,,,,False,-0.01,-5.0,БС-77,499,v230_mouths,165,2.1.1
Миколаїв,mykolaiv,2023-09-05,475.0,,,,False,-0.25,-5.0,БС-77,475,v230_mouths,165,2.1.1
Миколаїв,mykolaiv,2023-10-05,478.0,,,,False,-0.22,-5.0,БС-77,478,v230_mouths,165,2.1.1
Миколаїв,mykolaiv,2023-11-05,512.0,,,,False,0.12,-5.0,БС-77,512,v230_mouths,165,2.1.1
Миколаїв,mykolaiv,2023-12-05,506.0,,,,False,0.06,-5.0,БС-77,506,v230_mouths,165,2.1.1
Миколаїв,mykolaiv,2023-01-06,481.0,,,,False,-0.19,-5.0,БС-77,481,v230_mouths,165,2.1.1
Миколаїв,mykolaiv,2023-02-06,450.0,,,,False,-0.5,-5.0,БС-77,450,v230_mouths,165,2.1.1
Миколаїв,mykolaiv,2023-03-06,486.0,,,,False,-0.14,-5.0,БС-77,486,v230_mouths,165,2.1.1
Миколаїв,mykolaiv,2023-04-06,519.0,,,,False,0.19,-5.0,БС-77,519,v230_mouths,165,2.1.1
Миколаїв,mykolaiv,2023-05-06,489.0,,,,False,-0.11,-5.0,БС-77,489,v230_mouths,165,2.1.1
Миколаїв,mykolaiv,2023-06-06,514.0,,,,False,0.14,-5.0,БС-77,514,v230_mouths,165,2.1.1
Миколаїв,mykolaiv,2023-07-06,505.0,,,,False,0.05,-5.0,БС-77,505,v230_mouths,165,2.1.1
Миколаїв,mykolaiv,2023-08-06,506.0,,,,False,0.06,-5.0,БС-77,506,v230_mouths,165,2.1.1
Миколаїв,mykolaiv,2023-09-06,483.0,,,,False,-0.17,-5.0,БС-77,483,v230_mouths,165,2.1.1
Миколаїв,mykolaiv,2023-10-06,474.0,,,,False,-0.26,-5.0,БС-77,474,v230_mouths,165,2.1.1
Миколаїв,mykolaiv,2023-11-06,498.0,,,,False,-0.02,-5.0,БС-77,498,v230_mouths,165,2.1.1
Миколаїв,mykolaiv,2023-12-06,496.0,,,,False,-0.04,-5.0,БС-77,496,v230_mouths,165,2.1.1
Миколаїв,mykolaiv,2023-01-07,478.0,,,,False,-0.22,-5.0,БС-77,478,v230_mouths,165,2.1.1
Миколаїв,mykolaiv,2023-02-07,457.0,,,,False,-0.43,-5.0,БС-77,457,v230_mouths,165,2.1.1
Миколаїв,mykolaiv,2023-03-07,502.0,,,,False,0.02,-5.0,БС-77,502,v230_mouths,165,2.1.1
Миколаїв,mykolaiv,2023-04-07,497.0,,,,False,-0.03,-5.0,БС-77,497,v230_mouths,165,2.1.1
Миколаїв,mykolaiv,2023-05-07,491.0,,,,False,-0.09,-5.0,БС-77,491,v230_mouths,165,2.1.1
Миколаїв,mykolaiv,2023-06-07,568.0,/,dam_breach_distortion,,False,0.68,-5.0,БС-77,568/,v230_mouths,165,2.1.1
Миколаїв,mykolaiv,2023-07-07,501.0,,,,False,0.01,-5.0,БС-77,501,v230_mouths,165,2.1.1
Миколаїв,mykolaiv,2023-08-07,520.0,,,,False,0.2,-5.0,БС-77,520,v230_mouths,165,2.1.1
Миколаїв,mykolaiv,2023-09-07,482.0,,,,False,-0.18,-5.0,БС-77,482,v230_mouths,165,2.1.1
Миколаїв,mykolaiv,2023-10-07,496.0,,,,False,-0.04,-5.0,БС-77,496,v230_mouths,165,2.1.1
Миколаїв,mykolaiv,2023-11-07,488.0,,,,False,-0.12,-5.0,БС-77,488,v230_mouths,165,2.1.1
Миколаїв,mykolaiv,2023-12-07,493.0,,,,False,-0.07,-5.0,БС-77,493,v230_mouths,165,2.1.1
Миколаїв,mykolaiv,2023-01-08,485.0,,,,False,-0.15,-5.0,БС-77,485,v230_mouths,165,2.1.1
Миколаїв,mykolaiv,2023-02-08,451.0,,,,False,-0.49,-5.0,БС-77,451,v230_mouths,165,2.1.1
Миколаїв,mykolaiv,2023-03-08,503.0,,,,False,0.03,-5.0,БС-77,503,v230_mouths,165,2.1.1
Миколаїв,mykolaiv,2023-04-08,498.0,,,,False,-0.02,-5.0,БС-77,498,v230_mouths,165,2.1.1
Миколаїв,mykolaiv,2023-05-08,498.0,,,,False,-0.02,-5.0,БС-77,498,v230_mouths,165,2.1.1
Миколаїв,mykolaiv,2023-06-08,596.0,/,dam_breach_distortion,,False,0.96,-5.0,БС-77,596/,v230_mouths,165,2.1.1
Миколаїв,mykolaiv,2023-07-08,484.0,,,,False,-0.16,-5.0,БС-77,484,v230_mouths,165,2.1.1
Миколаїв,mykolaiv,2023-08-08,487.0,,,,False,-0.13,-5.0,БС-77,487,v230_mouths,165,2.1.1
Миколаїв,mykolaiv,2023-09-08,483.0,?,doubtful,,False,-0.17,-5.0,БС-77,483?,v230_mouths,165,2.1.1
Миколаїв,mykolaiv,2023-10-08,482.0,,,,False,-0.18,-5.0,БС-77,482,v230_mouths,165,2.1.1
Миколаїв,mykolaiv,2023-11-08,503.0,,,,False,0.03,-5.0,БС-77,503,v230_mouths,165,2.1.1
Миколаїв,mykolaiv,2023-12-08,492.0,,,,False,-0.08,-5.0,БС-77,492,v230_mouths,165,2.1.1
Миколаїв,mykolaiv,2023-01-09,498.0,,,,False,-0.02,-5.0,БС-77,498,v230_mouths,165,2.1.1
Миколаїв,mykolaiv,2023-02-09,479.0,,,Z,False,-0.21,-5.0,БС-77,479Z,v230_mouths,165,2.1.1
Миколаїв,mykolaiv,2023-03-09,505.0,,,,False,0.05,-5.0,БС-77,505,v230_mouths,165,2.1.1
Миколаїв,mykolaiv,2023-04-09,499.0,,,,False,-0.01,-5.0,БС-77,499,v230_mouths,165,2.1.1
Миколаїв,mykolaiv,2023-05-09,500.0,,,,False,0.0,-5.0,БС-77,500,v230_mouths,165,2.1.1
Миколаїв,mykolaiv,2023-06-09,595.0,/,dam_breach_distortion,,False,0.95,-5.0,БС-77,595/,v230_mouths,165,2.1.1
Миколаїв,mykolaiv,2023-07-09,479.0,,,,False,-0.21,-5.0,БС-77,479,v230_mouths,165,2.1.1
Миколаїв,mykolaiv,2023-08-09,488.0,,,,False,-0.12,-5.0,БС-77,488,v230_mouths,165,2.1.1
Миколаїв,mykolaiv,2023-09-09,485.0,,,,False,-0.15,-5.0,БС-77,485,v230_mouths,165,2.1.1
Миколаїв,mykolaiv,2023-10-09,475.0,,,,False,-0.25,-5.0,БС-77,475,v230_mouths,165,2.1.1
Миколаїв,mykolaiv,2023-11-09,477.0,,,,False,-0.23,-5.0,БС-77,477,v230_mouths,165,2.1.1
Миколаїв,mykolaiv,2023-12-09,485.0,,,,False,-0.15,-5.0,БС-77,485,v230_mouths,165,2.1.1
Миколаїв,mykolaiv,2023-01-10,484.0,,,,False,-0.16,-5.0,БС-77,484,v230_mouths,165,2.1.1
Миколаїв,mykolaiv,2023-02-10,495.0,,,Z,False,-0.05,-5.0,БС-77,495Z,v230_mouths,165,2.1.1
Миколаїв,mykolaiv,2023-03-10,495.0,,,,False,-0.05,-5.0,БС-77,495,v230_mouths,165,2.1.1
Миколаїв,mykolaiv,2023-04-10,488.0,,,,False,-0.12,-5.0,БС-77,488,v230_mouths,165,2.1.1
Миколаїв,mykolaiv,2023-05-10,507.0,,,,False,0.07,-5.0,БС-77,507,v230_mouths,165,2.1.1
Миколаїв,mykolaiv,2023-06-10,581.0,/,dam_breach_distortion,,False,0.81,-5.0,БС-77,581/,v230_mouths,165,2.1.1
Миколаїв,mykolaiv,2023-07-10,504.0,,,,False,0.04,-5.0,БС-77,504,v230_mouths,165,2.1.1
Миколаїв,mykolaiv,2023-08-10,482.0,,,,False,-0.18,-5.0,БС-77,482,v230_mouths,165,2.1.1
Миколаїв,mykolaiv,2023-09-10,487.0,,,,False,-0.13,-5.0,БС-77,487,v230_mouths,165,2.1.1
Миколаїв,mykolaiv,2023-10-10,480.0,,,,False,-0.2,-5.0,БС-77,480,v230_mouths,165,2.1.1
Миколаїв,mykolaiv,2023-11-10,490.0,,,,False,-0.1,-5.0,БС-77,490,v230_mouths,165,2.1.1
Миколаїв,mykolaiv,2023-12-10,500.0,,,,False,0.0,-5.0,БС-77,500,v230_mouths,165,2.1.1
Миколаїв,mykolaiv,2023-01-11,468.0,,,,False,-0.32,-5.0,БС-77,468,v230_mouths,165,2.1.1
Миколаїв,mykolaiv,2023-02-11,492.0,,,Z,False,-0.08,-5.0,БС-77,492Z,v230_mouths,165,2.1.1
Миколаїв,mykolaiv,2023-03-11,511.0,,,,False,0.11,-5.0,БС-77,511,v230_mouths,165,2.1.1
Миколаїв,mykolaiv,2023-04-11,485.0,,,,False,-0.15,-5.0,БС-77,485,v230_mouths,165,2.1.1
Миколаїв,mykolaiv,2023-05-11,505.0,,,,False,0.05,-5.0,БС-77,505,v230_mouths,165,2.1.1
Миколаїв,mykolaiv,2023-06-11,559.0,/,dam_breach_distortion,,False,0.59,-5.0,БС-77,559/,v230_mouths,165,2.1.1
Миколаїв,mykolaiv,2023-07-11,507.0,,,,False,0.07,-5.0,БС-77,507,v230_mouths,165,2.1.1
Миколаїв,mykolaiv,2023-08-11,486.0,,,,False,-0.14,-5.0,БС-77,486,v230_mouths,165,2.1.1
Миколаїв,mykolaiv,2023-09-11,490.0,,,,False,-0.1,-5.0,БС-77,490,v230_mouths,165,2.1.1
Миколаїв,mykolaiv,2023-10-11,481.0,,,,False,-0.19,-5.0,БС-77,481,v230_mouths,165,2.1.1
Миколаїв,mykolaiv,2023-11-11,509.0,,,,False,0.09,-5.0,БС-77,509,v230_mouths,165,2.1.1
Миколаїв,mykolaiv,2023-12-11,505.0,,,,False,0.05,-5.0,БС-77,505,v230_mouths,165,2.1.1
Миколаїв,mykolaiv,2023-01-12,481.0,,,,False,-0.19,-5.0,БС-77,481,v230_mouths,165,2.1.1
Миколаїв,mykolaiv,2023-02-12,482.0,,,-,False,-0.18,-5.0,БС-77,482-,v230_mouths,165,2.1.1
Миколаїв,mykolaiv,2023-03-12,492.0,,,,False,-0.08,-5.0,БС-77,492,v230_mouths,165,2.1.1
Миколаїв,mykolaiv,2023-04-12,503.0,,,,False,0.03,-5.0,БС-77,503,v230_mouths,165,2.1.1
Миколаїв,mykolaiv,2023-05-12,499.0,,,,False,-0.01,-5.0,БС-77,499,v230_mouths,165,2.1.1
Миколаїв,mykolaiv,2023-06-12,544.0,/,dam_breach_distortion,,False,0.44,-5.0,БС-77,544/,v230_mouths,165,2.1.1
Миколаїв,mykolaiv,2023-07-12,507.0,,,,False,0.07,-5.0,БС-77,507,v230_mouths,165,2.1.1
Миколаїв,mykolaiv,2023-08-12,493.0,,,,False,-0.07,-5.0,БС-77,493,v230_mouths,165,2.1.1
Миколаїв,mykolaiv,2023-09-12,495.0,,,,False,-0.05,-5.0,БС-77,495,v230_mouths,165,2.1.1
Миколаїв,mykolaiv,2023-10-12,495.0,,,,False,-0.05,-5.0,БС-77,495,v230_mouths,165,2.1.1
Миколаїв,mykolaiv,2023-11-12,525.0,,,,False,0.25,-5.0,БС-77,525,v230_mouths,165,2.1.1
Миколаїв,mykolaiv,2023-12-12,502.0,,,,False,0.02,-5.0,БС-77,502,v230_mouths,165,2.1.1
Миколаїв,mykolaiv,2023-01-13,487.0,,,,False,-0.13,-5.0,БС-77,487,v230_mouths,165,2.1.1
Миколаїв,mykolaiv,2023-02-13,482.0,,,)-,False,-0.18,-5.0,БС-77,482)-,v230_mouths,165,2.1.1
Миколаїв,mykolaiv,2023-03-13,495.0,,,,False,-0.05,-5.0,БС-77,495,v230_mouths,165,2.1.1
Миколаїв,mykolaiv,2023-04-13,504.0,,,,False,0.04,-5.0,БС-77,504,v230_mouths,165,2.1.1
Миколаїв,mykolaiv,2023-05-13,500.0,,,,False,0.0,-5.0,БС-77,500,v230_mouths,165,2.1.1
Миколаїв,mykolaiv,2023-06-13,537.0,/,dam_breach_distortion,,False,0.37,-5.0,БС-77,537/,v230_mouths,165,2.1.1
Миколаїв,mykolaiv,2023-07-13,518.0,,,,False,0.18,-5.0,БС-77,518,v230_mouths,165,2.1.1
Миколаїв,mykolaiv,2023-08-13,493.0,,,,False,-0.07,-5.0,БС-77,493,v230_mouths,165,2.1.1
Миколаїв,mykolaiv,2023-09-13,494.0,,,,False,-0.06,-5.0,БС-77,494,v230_mouths,165,2.1.1
Миколаїв,mykolaiv,2023-10-13,485.0,,,,False,-0.15,-5.0,БС-77,485,v230_mouths,165,2.1.1
Миколаїв,mykolaiv,2023-11-13,486.0,,,,False,-0.14,-5.0,БС-77,486,v230_mouths,165,2.1.1
Миколаїв,mykolaiv,2023-12-13,509.0,,,,False,0.09,-5.0,БС-77,509,v230_mouths,165,2.1.1
Миколаїв,mykolaiv,2023-01-14,490.0,,,,False,-0.1,-5.0,БС-77,490,v230_mouths,165,2.1.1
Миколаїв,mykolaiv,2023-02-14,476.0,,,-,False,-0.24,-5.0,БС-77,476-,v230_mouths,165,2.1.1
Миколаїв,mykolaiv,2023-03-14,500.0,,,,False,0.0,-5.0,БС-77,500,v230_mouths,165,2.1.1
Миколаїв,mykolaiv,2023-04-14,501.0,,,,False,0.01,-5.0,БС-77,501,v230_mouths,165,2.1.1
Миколаїв,mykolaiv,2023-05-14,505.0,,,,False,0.05,-5.0,БС-77,505,v230_mouths,165,2.1.1
Миколаїв,mykolaiv,2023-06-14,528.0,/,dam_breach_distortion,,False,0.28,-5.0,БС-77,528/,v230_mouths,165,2.1.1
Миколаїв,mykolaiv,2023-07-14,515.0,,,,False,0.15,-5.0,БС-77,515,v230_mouths,165,2.1.1
Миколаїв,mykolaiv,2023-08-14,489.0,,,,False,-0.11,-5.0,БС-77,489,v230_mouths,165,2.1.1
Миколаїв,mykolaiv,2023-09-14,501.0,,,,False,0.01,-5.0,БС-77,501,v230_mouths,165,2.1.1
Миколаїв,mykolaiv,2023-10-14,482.0,,,,False,-0.18,-5.0,БС-77,482,v230_mouths,165,2.1.1
Миколаїв,mykolaiv,2023-11-14,506.0,,,,False,0.06,-5.0,БС-77,506,v230_mouths,165,2.1.1
Миколаїв,mykolaiv,2023-12-14,533.0,,,,False,0.33,-5.0,БС-77,533,v230_mouths,165,2.1.1
Миколаїв,mykolaiv,2023-01-15,494.0,,,,False,-0.06,-5.0,БС-77,494,v230_mouths,165,2.1.1
Миколаїв,mykolaiv,2023-02-15,469.0,,,,False,-0.31,-5.0,БС-77,469,v230_mouths,165,2.1.1
Миколаїв,mykolaiv,2023-03-15,502.0,,,,False,0.02,-5.0,БС-77,502,v230_mouths,165,2.1.1
Миколаїв,mykolaiv,2023-04-15,500.0,,,,False,0.0,-5.0,БС-77,500,v230_mouths,165,2.1.1
Миколаїв,mykolaiv,2023-05-15,506.0,,,,False,0.06,-5.0,БС-77,506,v230_mouths,165,2.1.1
Миколаїв,mykolaiv,2023-06-15,524.0,/,dam_breach_distortion,,False,0.24,-5.0,БС-77,524/,v230_mouths,165,2.1.1
Миколаїв,mykolaiv,2023-07-15,505.0,,,,False,0.05,-5.0,БС-77,505,v230_mouths,165,2.1.1
Миколаїв,mykolaiv,2023-08-15,486.0,,,,False,-0.14,-5.0,БС-77,486,v230_mouths,165,2.1.1
Миколаїв,mykolaiv,2023-09-15,498.0,,,,False,-0.02,-5.0,БС-77,498,v230_mouths,165,2.1.1
Миколаїв,mykolaiv,2023-10-15,488.0,,,,False,-0.12,-5.0,БС-77,488,v230_mouths,165,2.1.1
Миколаїв,mykolaiv,2023-11-15,497.0,,,,False,-0.03,-5.0,БС-77,497,v230_mouths,165,2.1.1
Миколаїв,mykolaiv,2023-12-15,485.0,,,,False,-0.15,-5.0,БС-77,485,v230_mouths,165,2.1.1
Миколаїв,mykolaiv,2023-01-16,499.0,,,,False,-0.01,-5.0,БС-77,499,v230_mouths,165,2.1.1
Миколаїв,mykolaiv,2023-02-16,487.0,,,Z,False,-0.13,-5.0,БС-77,487Z,v230_mouths,165,2.1.1
Миколаїв,mykolaiv,2023-03-16,489.0,,,,False,-0.11,-5.0,БС-77,489,v230_mouths,165,2.1.1
Миколаїв,mykolaiv,2023-04-16,499.0,,,,False,-0.01,-5.0,БС-77,499,v230_mouths,165,2.1.1
Миколаїв,mykolaiv,2023-05-16,506.0,,,,False,0.06,-5.0,БС-77,506,v230_mouths,165,2.1.1
Миколаїв,mykolaiv,2023-06-16,520.0,,,,False,0.2,-5.0,БС-77,520,v230_mouths,165,2.1.1
Миколаїв,mykolaiv,2023-07-16,508.0,,,,False,0.08,-5.0,БС-77,508,v230_mouths,165,2.1.1
Миколаїв,mykolaiv,2023-08-16,488.0,,,,False,-0.12,-5.0,БС-77,488,v230_mouths,165,2.1.1
Миколаїв,mykolaiv,2023-09-16,480.0,,,,False,-0.2,-5.0,БС-77,480,v230_mouths,165,2.1.1
Миколаїв,mykolaiv,2023-10-16,464.0,,,,False,-0.36,-5.0,БС-77,464,v230_mouths,165,2.1.1
Миколаїв,mykolaiv,2023-11-16,482.0,,,,False,-0.18,-5.0,БС-77,482,v230_mouths,165,2.1.1
Миколаїв,mykolaiv,2023-12-16,497.0,,,,False,-0.03,-5.0,БС-77,497,v230_mouths,165,2.1.1
Миколаїв,mykolaiv,2023-01-17,516.0,,,,False,0.16,-5.0,БС-77,516,v230_mouths,165,2.1.1
Миколаїв,mykolaiv,2023-02-17,500.0,,,-,False,0.0,-5.0,БС-77,500-,v230_mouths,165,2.1.1
Миколаїв,mykolaiv,2023-03-17,475.0,,,,False,-0.25,-5.0,БС-77,475,v230_mouths,165,2.1.1
Миколаїв,mykolaiv,2023-04-17,493.0,,,,False,-0.07,-5.0,БС-77,493,v230_mouths,165,2.1.1
Миколаїв,mykolaiv,2023-05-17,504.0,,,,False,0.04,-5.0,БС-77,504,v230_mouths,165,2.1.1
Миколаїв,mykolaiv,2023-06-17,514.0,,,,False,0.14,-5.0,БС-77,514,v230_mouths,165,2.1.1
Миколаїв,mykolaiv,2023-07-17,513.0,,,,False,0.13,-5.0,БС-77,513,v230_mouths,165,2.1.1
Миколаїв,mykolaiv,2023-08-17,490.0,,,,False,-0.1,-5.0,БС-77,490,v230_mouths,165,2.1.1
Миколаїв,mykolaiv,2023-09-17,484.0,,,,False,-0.16,-5.0,БС-77,484,v230_mouths,165,2.1.1
Миколаїв,mykolaiv,2023-10-17,474.0,,,,False,-0.26,-5.0,БС-77,474,v230_mouths,165,2.1.1
Миколаїв,mykolaiv,2023-11-17,484.0,,,,False,-0.16,-5.0,БС-77,484,v230_mouths,165,2.1.1
Миколаїв,mykolaiv,2023-12-17,515.0,,,,False,0.15,-5.0,БС-77,515,v230_mouths,165,2.1.1
Миколаїв,mykolaiv,2023-01-18,517.0,,,,False,0.17,-5.0,БС-77,517,v230_mouths,165,2.1.1
Миколаїв,mykolaiv,2023-02-18,498.0,,,,False,-0.02,-5.0,БС-77,498,v230_mouths,165,2.1.1
Миколаїв,mykolaiv,2023-03-18,474.0,,,,False,-0.26,-5.0,БС-77,474,v230_mouths,165,2.1.1
Миколаїв,mykolaiv,2023-04-18,497.0,,,,False,-0.03,-5.0,БС-77,497,v230_mouths,165,2.1.1
Миколаїв,mykolaiv,2023-05-18,499.0,,,,False,-0.01,-5.0,БС-77,499,v230_mouths,165,2.1.1
Миколаїв,mykolaiv,2023-06-18,510.0,,,,False,0.1,-5.0,БС-77,510,v230_mouths,165,2.1.1
Миколаїв,mykolaiv,2023-07-18,517.0,,,,False,0.17,-5.0,БС-77,517,v230_mouths,165,2.1.1
Миколаїв,mykolaiv,2023-08-18,492.0,,,,False,-0.08,-5.0,БС-77,492,v230_mouths,165,2.1.1
Миколаїв,mykolaiv,2023-09-18,487.0,,,,False,-0.13,-5.0,БС-77,487,v230_mouths,165,2.1.1
Миколаїв,mykolaiv,2023-10-18,472.0,,,,False,-0.28,-5.0,БС-77,472,v230_mouths,165,2.1.1
Миколаїв,mykolaiv,2023-11-18,457.0,,,,False,-0.43,-5.0,БС-77,457,v230_mouths,165,2.1.1
Миколаїв,mykolaiv,2023-12-18,508.0,,,,False,0.08,-5.0,БС-77,508,v230_mouths,165,2.1.1
Миколаїв,mykolaiv,2023-01-19,512.0,,,,False,0.12,-5.0,БС-77,512,v230_mouths,165,2.1.1
Миколаїв,mykolaiv,2023-02-19,495.0,,,,False,-0.05,-5.0,БС-77,495,v230_mouths,165,2.1.1
Миколаїв,mykolaiv,2023-03-19,480.0,,,,False,-0.2,-5.0,БС-77,480,v230_mouths,165,2.1.1
Миколаїв,mykolaiv,2023-04-19,493.0,,,,False,-0.07,-5.0,БС-77,493,v230_mouths,165,2.1.1
Миколаїв,mykolaiv,2023-05-19,501.0,,,,False,0.01,-5.0,БС-77,501,v230_mouths,165,2.1.1
Миколаїв,mykolaiv,2023-06-19,510.0,,,,False,0.1,-5.0,БС-77,510,v230_mouths,165,2.1.1
Миколаїв,mykolaiv,2023-07-19,508.0,,,,False,0.08,-5.0,БС-77,508,v230_mouths,165,2.1.1
Миколаїв,mykolaiv,2023-08-19,492.0,,,,False,-0.08,-5.0,БС-77,492,v230_mouths,165,2.1.1
Миколаїв,mykolaiv,2023-09-19,490.0,,,,False,-0.1,-5.0,БС-77,490,v230_mouths,165,2.1.1
Миколаїв,mykolaiv,2023-10-19,493.0,,,,False,-0.07,-5.0,БС-77,493,v230_mouths,165,2.1.1
Миколаїв,mykolaiv,2023-11-19,407.0,?,doubtful,,False,-0.93,-5.0,БС-77,407?,v230_mouths,165,2.1.1
Миколаїв,mykolaiv,2023-12-19,507.0,,,,False,0.07,-5.0,БС-77,507,v230_mouths,165,2.1.1
Миколаїв,mykolaiv,2023-01-20,495.0,,,,False,-0.05,-5.0,БС-77,495,v230_mouths,165,2.1.1
Миколаїв,mykolaiv,2023-02-20,488.0,,,,False,-0.12,-5.0,БС-77,488,v230_mouths,165,2.1.1
Миколаїв,mykolaiv,2023-03-20,492.0,,,,False,-0.08,-5.0,БС-77,492,v230_mouths,165,2.1.1
Миколаїв,mykolaiv,2023-04-20,499.0,,,,False,-0.01,-5.0,БС-77,499,v230_mouths,165,2.1.1
Миколаїв,mykolaiv,2023-05-20,500.0,,,,False,0.0,-5.0,БС-77,500,v230_mouths,165,2.1.1
Миколаїв,mykolaiv,2023-06-20,514.0,,,,False,0.14,-5.0,БС-77,514,v230_mouths,165,2.1.1
Миколаїв,mykolaiv,2023-07-20,515.0,,,,False,0.15,-5.0,БС-77,515,v230_mouths,165,2.1.1
Миколаїв,mykolaiv,2023-08-20,491.0,,,,False,-0.09,-5.0,БС-77,491,v230_mouths,165,2.1.1
Миколаїв,mykolaiv,2023-09-20,490.0,,,,False,-0.1,-5.0,БС-77,490,v230_mouths,165,2.1.1
Миколаїв,mykolaiv,2023-10-20,508.0,,,,False,0.08,-5.0,БС-77,508,v230_mouths,165,2.1.1
Миколаїв,mykolaiv,2023-11-20,474.0,,,,False,-0.26,-5.0,БС-77,474,v230_mouths,165,2.1.1
Миколаїв,mykolaiv,2023-12-20,523.0,,,,False,0.23,-5.0,БС-77,523,v230_mouths,165,2.1.1
Миколаїв,mykolaiv,2023-01-21,494.0,,,,False,-0.06,-5.0,БС-77,494,v230_mouths,165,2.1.1
Миколаїв,mykolaiv,2023-02-21,505.0,,,,False,0.05,-5.0,БС-77,505,v230_mouths,165,2.1.1
Миколаїв,mykolaiv,2023-03-21,499.0,,,,False,-0.01,-5.0,БС-77,499,v230_mouths,165,2.1.1
Миколаїв,mykolaiv,2023-04-21,498.0,,,,False,-0.02,-5.0,БС-77,498,v230_mouths,165,2.1.1
Миколаїв,mykolaiv,2023-05-21,496.0,,,,False,-0.04,-5.0,БС-77,496,v230_mouths,165,2.1.1
Миколаїв,mykolaiv,2023-06-21,513.0,,,,False,0.13,-5.0,БС-77,513,v230_mouths,165,2.1.1
Миколаїв,mykolaiv,2023-07-21,505.0,,,,False,0.05,-5.0,БС-77,505,v230_mouths,165,2.1.1
Миколаїв,mykolaiv,2023-08-21,494.0,,,,False,-0.06,-5.0,БС-77,494,v230_mouths,165,2.1.1
Миколаїв,mykolaiv,2023-09-21,487.0,,,,False,-0.13,-5.0,БС-77,487,v230_mouths,165,2.1.1
Миколаїв,mykolaiv,2023-10-21,486.0,,,,False,-0.14,-5.0,БС-77,486,v230_mouths,165,2.1.1
Миколаїв,mykolaiv,2023-11-21,480.0,,,,False,-0.2,-5.0,БС-77,480,v230_mouths,165,2.1.1
Миколаїв,mykolaiv,2023-12-21,514.0,,,,False,0.14,-5.0,БС-77,514,v230_mouths,165,2.1.1
Миколаїв,mykolaiv,2023-01-22,478.0,,,,False,-0.22,-5.0,БС-77,478,v230_mouths,165,2.1.1
Миколаїв,mykolaiv,2023-02-22,480.0,,,,False,-0.2,-5.0,БС-77,480,v230_mouths,165,2.1.1
Миколаїв,mykolaiv,2023-03-22,493.0,,,,False,-0.07,-5.0,БС-77,493,v230_mouths,165,2.1.1
Миколаїв,mykolaiv,2023-04-22,498.0,,,,False,-0.02,-5.0,БС-77,498,v230_mouths,165,2.1.1
Миколаїв,mykolaiv,2023-05-22,495.0,,,,False,-0.05,-5.0,БС-77,495,v230_mouths,165,2.1.1
Миколаїв,mykolaiv,2023-06-22,512.0,,,,False,0.12,-5.0,БС-77,512,v230_mouths,165,2.1.1
Миколаїв,mykolaiv,2023-07-22,510.0,,,,False,0.1,-5.0,БС-77,510,v230_mouths,165,2.1.1
Миколаїв,mykolaiv,2023-08-22,496.0,,,,False,-0.04,-5.0,БС-77,496,v230_mouths,165,2.1.1
Миколаїв,mykolaiv,2023-09-22,489.0,,,,False,-0.11,-5.0,БС-77,489,v230_mouths,165,2.1.1
Миколаїв,mykolaiv,2023-10-22,486.0,,,,False,-0.14,-5.0,БС-77,486,v230_mouths,165,2.1.1
Миколаїв,mykolaiv,2023-11-22,486.0,,,,False,-0.14,-5.0,БС-77,486,v230_mouths,165,2.1.1
Миколаїв,mykolaiv,2023-12-22,524.0,,,,False,0.24,-5.0,БС-77,524,v230_mouths,165,2.1.1
Миколаїв,mykolaiv,2023-01-23,476.0,,,,False,-0.24,-5.0,БС-77,476,v230_mouths,165,2.1.1
Миколаїв,mykolaiv,2023-02-23,482.0,,,,False,-0.18,-5.0,БС-77,482,v230_mouths,165,2.1.1
Миколаїв,mykolaiv,2023-03-23,491.0,,,,False,-0.09,-5.0,БС-77,491,v230_mouths,165,2.1.1
Миколаїв,mykolaiv,2023-04-23,503.0,,,,False,0.03,-5.0,БС-77,503,v230_mouths,165,2.1.1
Миколаїв,mykolaiv,2023-05-23,504.0,,,,False,0.04,-5.0,БС-77,504,v230_mouths,165,2.1.1
Миколаїв,mykolaiv,2023-06-23,519.0,,,,False,0.19,-5.0,БС-77,519,v230_mouths,165,2.1.1
Миколаїв,mykolaiv,2023-07-23,497.0,,,,False,-0.03,-5.0,БС-77,497,v230_mouths,165,2.1.1
Миколаїв,mykolaiv,2023-08-23,498.0,,,,False,-0.02,-5.0,БС-77,498,v230_mouths,165,2.1.1
Миколаїв,mykolaiv,2023-09-23,487.0,,,,False,-0.13,-5.0,БС-77,487,v230_mouths,165,2.1.1
Миколаїв,mykolaiv,2023-10-23,484.0,,,,False,-0.16,-5.0,БС-77,484,v230_mouths,165,2.1.1
Миколаїв,mykolaiv,2023-11-23,495.0,,,,False,-0.05,-5.0,БС-77,495,v230_mouths,165,2.1.1
Миколаїв,mykolaiv,2023-12-23,505.0,,,,False,0.05,-5.0,БС-77,505,v230_mouths,165,2.1.1
Миколаїв,mykolaiv,2023-01-24,482.0,,,,False,-0.18,-5.0,БС-77,482,v230_mouths,165,2.1.1
Миколаїв,mykolaiv,2023-02-24,508.0,,,,False,0.08,-5.0,БС-77,508,v230_mouths,165,2.1.1
Миколаїв,mykolaiv,2023-03-24,498.0,,,,False,-0.02,-5.0,БС-77,498,v230_mouths,165,2.1.1
Миколаїв,mykolaiv,2023-04-24,505.0,,,,False,0.05,-5.0,БС-77,505,v230_mouths,165,2.1.1
Миколаїв,mykolaiv,2023-05-24,506.0,,,,False,0.06,-5.0,БС-77,506,v230_mouths,165,2.1.1
Миколаїв,mykolaiv,2023-06-24,525.0,,,,False,0.25,-5.0,БС-77,525,v230_mouths,165,2.1.1
Миколаїв,mykolaiv,2023-07-24,503.0,,,,False,0.03,-5.0,БС-77,503,v230_mouths,165,2.1.1
Миколаїв,mykolaiv,2023-08-24,497.0,,,,False,-0.03,-5.0,БС-77,497,v230_mouths,165,2.1.1
Миколаїв,mykolaiv,2023-09-24,483.0,,,,False,-0.17,-5.0,БС-77,483,v230_mouths,165,2.1.1
Миколаїв,mykolaiv,2023-10-24,480.0,,,,False,-0.2,-5.0,БС-77,480,v230_mouths,165,2.1.1
Миколаїв,mykolaiv,2023-11-24,506.0,,,,False,0.06,-5.0,БС-77,506,v230_mouths,165,2.1.1
Миколаїв,mykolaiv,2023-12-24,500.0,,,,False,0.0,-5.0,БС-77,500,v230_mouths,165,2.1.1
Миколаїв,mykolaiv,2023-01-25,482.0,,,,False,-0.18,-5.0,БС-77,482,v230_mouths,165,2.1.1
Миколаїв,mykolaiv,2023-02-25,514.0,,,,False,0.14,-5.0,БС-77,514,v230_mouths,165,2.1.1
Миколаїв,mykolaiv,2023-03-25,509.0,,,,False,0.09,-5.0,БС-77,509,v230_mouths,165,2.1.1
Миколаїв,mykolaiv,2023-04-25,507.0,,,,False,0.07,-5.0,БС-77,507,v230_mouths,165,2.1.1
Миколаїв,mykolaiv,2023-05-25,505.0,,,,False,0.05,-5.0,БС-77,505,v230_mouths,165,2.1.1
Миколаїв,mykolaiv,2023-06-25,517.0,,,,False,0.17,-5.0,БС-77,517,v230_mouths,165,2.1.1
Миколаїв,mykolaiv,2023-07-25,524.0,,,,False,0.24,-5.0,БС-77,524,v230_mouths,165,2.1.1
Миколаїв,mykolaiv,2023-08-25,494.0,,,,False,-0.06,-5.0,БС-77,494,v230_mouths,165,2.1.1
Миколаїв,mykolaiv,2023-09-25,475.0,,,,False,-0.25,-5.0,БС-77,475,v230_mouths,165,2.1.1
Миколаїв,mykolaiv,2023-10-25,498.0,,,,False,-0.02,-5.0,БС-77,498,v230_mouths,165,2.1.1
Миколаїв,mykolaiv,2023-11-25,473.0,,,,False,-0.27,-5.0,БС-77,473,v230_mouths,165,2.1.1
Миколаїв,mykolaiv,2023-12-25,509.0,,,,False,0.09,-5.0,БС-77,509,v230_mouths,165,2.1.1
Миколаїв,mykolaiv,2023-01-26,485.0,,,,False,-0.15,-5.0,БС-77,485,v230_mouths,165,2.1.1
Миколаїв,mykolaiv,2023-02-26,498.0,,,,False,-0.02,-5.0,БС-77,498,v230_mouths,165,2.1.1
Миколаїв,mykolaiv,2023-03-26,508.0,,,,False,0.08,-5.0,БС-77,508,v230_mouths,165,2.1.1
Миколаїв,mykolaiv,2023-04-26,511.0,,,,False,0.11,-5.0,БС-77,511,v230_mouths,165,2.1.1
Миколаїв,mykolaiv,2023-05-26,503.0,,,,False,0.03,-5.0,БС-77,503,v230_mouths,165,2.1.1
Миколаїв,mykolaiv,2023-06-26,503.0,,,,False,0.03,-5.0,БС-77,503,v230_mouths,165,2.1.1
Миколаїв,mykolaiv,2023-07-26,533.0,,,,False,0.33,-5.0,БС-77,533,v230_mouths,165,2.1.1
Миколаїв,mykolaiv,2023-08-26,501.0,,,,False,0.01,-5.0,БС-77,501,v230_mouths,165,2.1.1
Миколаїв,mykolaiv,2023-09-26,477.0,,,,False,-0.23,-5.0,БС-77,477,v230_mouths,165,2.1.1
Миколаїв,mykolaiv,2023-10-26,486.0,,,,False,-0.14,-5.0,БС-77,486,v230_mouths,165,2.1.1
Миколаїв,mykolaiv,2023-11-26,445.0,,,,False,-0.55,-5.0,БС-77,445,v230_mouths,165,2.1.1
Миколаїв,mykolaiv,2023-12-26,505.0,,,,False,0.05,-5.0,БС-77,505,v230_mouths,165,2.1.1
Миколаїв,mykolaiv,2023-01-27,478.0,,,,False,-0.22,-5.0,БС-77,478,v230_mouths,165,2.1.1
Миколаїв,mykolaiv,2023-02-27,497.0,,,,False,-0.03,-5.0,БС-77,497,v230_mouths,165,2.1.1
Миколаїв,mykolaiv,2023-03-27,506.0,,,,False,0.06,-5.0,БС-77,506,v230_mouths,165,2.1.1
Миколаїв,mykolaiv,2023-04-27,487.0,,,,False,-0.13,-5.0,БС-77,487,v230_mouths,165,2.1.1
Миколаїв,mykolaiv,2023-05-27,502.0,,,,False,0.02,-5.0,БС-77,502,v230_mouths,165,2.1.1
Миколаїв,mykolaiv,2023-06-27,516.0,,,,False,0.16,-5.0,БС-77,516,v230_mouths,165,2.1.1
Миколаїв,mykolaiv,2023-07-27,504.0,,,,False,0.04,-5.0,БС-77,504,v230_mouths,165,2.1.1
Миколаїв,mykolaiv,2023-08-27,503.0,,,,False,0.03,-5.0,БС-77,503,v230_mouths,165,2.1.1
Миколаїв,mykolaiv,2023-09-27,477.0,,,,False,-0.23,-5.0,БС-77,477,v230_mouths,165,2.1.1
Миколаїв,mykolaiv,2023-10-27,490.0,,,,False,-0.1,-5.0,БС-77,490,v230_mouths,165,2.1.1
Миколаїв,mykolaiv,2023-11-27,494.0,,,,False,-0.06,-5.0,БС-77,494,v230_mouths,165,2.1.1
Миколаїв,mykolaiv,2023-12-27,505.0,,,,False,0.05,-5.0,БС-77,505,v230_mouths,165,2.1.1
Миколаїв,mykolaiv,2023-01-28,466.0,,,,False,-0.34,-5.0,БС-77,466,v230_mouths,165,2.1.1
Миколаїв,mykolaiv,2023-02-28,482.0,,,,False,-0.18,-5.0,БС-77,482,v230_mouths,165,2.1.1
Миколаїв,mykolaiv,2023-03-28,511.0,?,doubtful,,False,0.11,-5.0,БС-77,511?,v230_mouths,165,2.1.1
Миколаїв,mykolaiv,2023-04-28,474.0,,,,False,-0.26,-5.0,БС-77,474,v230_mouths,165,2.1.1
Миколаїв,mykolaiv,2023-05-28,500.0,,,,False,0.0,-5.0,БС-77,500,v230_mouths,165,2.1.1
Миколаїв,mykolaiv,2023-06-28,513.0,,,,False,0.13,-5.0,БС-77,513,v230_mouths,165,2.1.1
Миколаїв,mykolaiv,2023-07-28,491.0,,,,False,-0.09,-5.0,БС-77,491,v230_mouths,165,2.1.1
Миколаїв,mykolaiv,2023-08-28,499.0,,,,False,-0.01,-5.0,БС-77,499,v230_mouths,165,2.1.1
Миколаїв,mykolaiv,2023-09-28,478.0,?,doubtful,,False,-0.22,-5.0,БС-77,478?,v230_mouths,165,2.1.1
Миколаїв,mykolaiv,2023-10-28,491.0,,,,False,-0.09,-5.0,БС-77,491,v230_mouths,165,2.1.1
Миколаїв,mykolaiv,2023-11-28,514.0,,,,False,0.14,-5.0,БС-77,514,v230_mouths,165,2.1.1
Миколаїв,mykolaiv,2023-12-28,508.0,,,,False,0.08,-5.0,БС-77,508,v230_mouths,165,2.1.1
Миколаїв,mykolaiv,2023-01-29,462.0,,,,False,-0.38,-5.0,БС-77,462,v230_mouths,165,2.1.1
Миколаїв,mykolaiv,2023-03-29,479.0,,,,False,-0.21,-5.0,БС-77,479,v230_mouths,165,2.1.1
Миколаїв,mykolaiv,2023-04-29,481.0,,,,False,-0.19,-5.0,БС-77,481,v230_mouths,165,2.1.1
Миколаїв,mykolaiv,2023-05-29,496.0,,,,False,-0.04,-5.0,БС-77,496,v230_mouths,165,2.1.1
Миколаїв,mykolaiv,2023-06-29,513.0,,,,False,0.13,-5.0,БС-77,513,v230_mouths,165,2.1.1
Миколаїв,mykolaiv,2023-07-29,509.0,,,,False,0.09,-5.0,БС-77,509,v230_mouths,165,2.1.1
Миколаїв,mykolaiv,2023-08-29,497.0,,,,False,-0.03,-5.0,БС-77,497,v230_mouths,165,2.1.1
Миколаїв,mykolaiv,2023-09-29,475.0,,,,False,-0.25,-5.0,БС-77,475,v230_mouths,165,2.1.1
Миколаїв,mykolaiv,2023-10-29,483.0,,,,False,-0.17,-5.0,БС-77,483,v230_mouths,165,2.1.1
Миколаїв,mykolaiv,2023-11-29,542.0,,,,False,0.42,-5.0,БС-77,542,v230_mouths,165,2.1.1
Миколаїв,mykolaiv,2023-12-29,516.0,,,,False,0.16,-5.0,БС-77,516,v230_mouths,165,2.1.1
Миколаїв,mykolaiv,2023-01-30,483.0,,,,False,-0.17,-5.0,БС-77,483,v230_mouths,165,2.1.1
Миколаїв,mykolaiv,2023-03-30,494.0,,,,False,-0.06,-5.0,БС-77,494,v230_mouths,165,2.1.1
Миколаїв,mykolaiv,2023-04-30,495.0,,,,False,-0.05,-5.0,БС-77,495,v230_mouths,165,2.1.1
Миколаїв,mykolaiv,2023-05-30,496.0,,,,False,-0.04,-5.0,БС-77,496,v230_mouths,165,2.1.1
Миколаїв,mykolaiv,2023-06-30,512.0,,,,False,0.12,-5.0,БС-77,512,v230_mouths,165,2.1.1
Миколаїв,mykolaiv,2023-07-30,509.0,,,,False,0.09,-5.0,БС-77,509,v230_mouths,165,2.1.1
Миколаїв,mykolaiv,2023-08-30,505.0,,,,False,0.05,-5.0,БС-77,505,v230_mouths,165,2.1.1
Миколаїв,mykolaiv,2023-09-30,481.0,,,,False,-0.19,-5.0,БС-77,481,v230_mouths,165,2.1.1
Миколаїв,mykolaiv,2023-10-30,490.0,,,,False,-0.1,-5.0,БС-77,490,v230_mouths,165,2.1.1
Миколаїв,mykolaiv,2023-11-30,508.0,,,,False,0.08,-5.0,БС-77,508,v230_mouths,165,2.1.1
Миколаїв,mykolaiv,2023-12-30,513.0,,,,False,0.13,-5.0,БС-77,513,v230_mouths,165,2.1.1
Миколаїв,mykolaiv,2023-01-31,491.0,,,,False,-0.09,-5.0,БС-77,491,v230_mouths,165,2.1.1
Миколаїв,mykolaiv,2023-03-31,511.0,,,,False,0.11,-5.0,БС-77,511,v230_mouths,165,2.1.1
Миколаїв,mykolaiv,2023-05-31,496.0,,,,False,-0.04,-5.0,БС-77,496,v230_mouths,165,2.1.1
Миколаїв,mykolaiv,2023-07-31,506.0,,,,False,0.06,-5.0,БС-77,506,v230_mouths,165,2.1.1
Миколаїв,mykolaiv,2023-08-31,507.0,,,,False,0.07,-5.0,БС-77,507,v230_mouths,165,2.1.1
Миколаїв,mykolaiv,2023-10-31,492.0,,,,False,-0.08,-5.0,БС-77,492,v230_mouths,165,2.1.1
Миколаїв,mykolaiv,2023-12-31,514.0,,,,False,0.14,-5.0,БС-77,514,v230_mouths,165,2.1.1
Очаків,ochakiv,2023-01-01,474.0,,,,False,-0.26,-5.0,БС-77,474,v230_mouths,166,2.1.1
Очаків,ochakiv,2023-02-01,472.0,,,,False,-0.28,-5.0,БС-77,472,v230_mouths,166,2.1.1
Очаків,ochakiv,2023-03-01,474.0,,,,False,-0.26,-5.0,БС-77,474,v230_mouths,166,2.1.1
Очаків,ochakiv,2023-04-01,495.0,,,,False,-0.05,-5.0,БС-77,495,v230_mouths,166,2.1.1
Очаків,ochakiv,2023-05-01,487.0,,,,False,-0.13,-5.0,БС-77,487,v230_mouths,166,2.1.1
Очаків,ochakiv,2023-06-01,488.0,,,,False,-0.12,-5.0,БС-77,488,v230_mouths,166,2.1.1
Очаків,ochakiv,2023-07-01,500.0,,,,False,0.0,-5.0,БС-77,500,v230_mouths,166,2.1.1
Очаків,ochakiv,2023-08-01,492.0,,,,False,-0.08,-5.0,БС-77,492,v230_mouths,166,2.1.1
Очаків,ochakiv,2023-09-01,488.0,,,,False,-0.12,-5.0,БС-77,488,v230_mouths,166,2.1.1
Очаків,ochakiv,2023-10-01,477.0,,,,False,-0.23,-5.0,БС-77,477,v230_mouths,166,2.1.1
Очаків,ochakiv,2023-11-01,497.0,,,,False,-0.03,-5.0,БС-77,497,v230_mouths,166,2.1.1
Очаків,ochakiv,2023-12-01,510.0,,,,False,0.1,-5.0,БС-77,510,v230_mouths,166,2.1.1
Очаків,ochakiv,2023-01-02,479.0,,,,False,-0.21,-5.0,БС-77,479,v230_mouths,166,2.1.1
Очаків,ochakiv,2023-02-02,478.0,,,,False,-0.22,-5.0,БС-77,478,v230_mouths,166,2.1.1
Очаків,ochakiv,2023-03-02,468.0,,,,False,-0.32,-5.0,БС-77,468,v230_mouths,166,2.1.1
Очаків,ochakiv,2023-04-02,501.0,,,,False,0.01,-5.0,БС-77,501,v230_mouths,166,2.1.1
Очаків,ochakiv,2023-05-02,493.0,,,,False,-0.07,-5.0,БС-77,493,v230_mouths,166,2.1.1
Очаків,ochakiv,2023-06-02,501.0,,,,False,0.01,-5.0,БС-77,501,v230_mouths,166,2.1.1
Очаків,ochakiv,2023-07-02,509.0,,,,False,0.09,-5.0,БС-77,509,v230_mouths,166,2.1.1
Очаків,ochakiv,2023-08-02,493.0,,,,False,-0.07,-5.0,БС-77,493,v230_mouths,166,2.1.1
Очаків,ochakiv,2023-09-02,478.0,,,,False,-0.22,-5.0,БС-77,478,v230_mouths,166,2.1.1
Очаків,ochakiv,2023-10-02,471.0,,,,False,-0.29,-5.0,БС-77,471,v230_mouths,166,2.1.1
Очаків,ochakiv,2023-11-02,480.0,,,,False,-0.2,-5.0,БС-77,480,v230_mouths,166,2.1.1
Очаків,ochakiv,2023-12-02,511.0,,,,False,0.11,-5.0,БС-77,511,v230_mouths,166,2.1.1
Очаків,ochakiv,2023-01-03,482.0,,,,False,-0.18,-5.0,БС-77,482,v230_mouths,166,2.1.1
Очаків,ochakiv,2023-02-03,480.0,,,,False,-0.2,-5.0,БС-77,480,v230_mouths,166,2.1.1
Очаків,ochakiv,2023-03-03,476.0,,,,False,-0.24,-5.0,БС-77,476,v230_mouths,166,2.1.1
Очаків,ochakiv,2023-04-03,492.0,,,,False,-0.08,-5.0,БС-77,492,v230_mouths,166,2.1.1
Очаків,ochakiv,2023-05-03,497.0,,,,False,-0.03,-5.0,БС-77,497,v230_mouths,166,2.1.1
Очаків,ochakiv,2023-06-03,504.0,,,,False,0.04,-5.0,БС-77,504,v230_mouths,166,2.1.1
Очаків,ochakiv,2023-07-03,504.0,,,,False,0.04,-5.0,БС-77,504,v230_mouths,166,2.1.1
Очаків,ochakiv,2023-08-03,494.0,,,,False,-0.06,-5.0,БС-77,494,v230_mouths,166,2.1.1
Очаків,ochakiv,2023-09-03,478.0,,,,False,-0.22,-5.0,БС-77,478,v230_mouths,166,2.1.1
Очаків,ochakiv,2023-10-03,476.0,,,,False,-0.24,-5.0,БС-77,476,v230_mouths,166,2.1.1
Очаків,ochakiv,2023-11-03,478.0,,,,False,-0.22,-5.0,БС-77,478,v230_mouths,166,2.1.1
Очаків,ochakiv,2023-12-03,502.0,,,,False,0.02,-5.0,БС-77,502,v230_mouths,166,2.1.1
Очаків,ochakiv,2023-01-04,481.0,,,,False,-0.19,-5.0,БС-77,481,v230_mouths,166,2.1.1
Очаків,ochakiv,2023-02-04,480.0,,,,False,-0.2,-5.0,БС-77,480,v230_mouths,166,2.1.1
Очаків,ochakiv,2023-03-04,483.0,,,,False,-0.17,-5.0,БС-77,483,v230_mouths,166,2.1.1
Очаків,ochakiv,2023-04-04,482.0,,,,False,-0.18,-5.0,БС-77,482,v230_mouths,166,2.1.1
Очаків,ochakiv,2023-05-04,502.0,,,,False,0.02,-5.0,БС-77,502,v230_mouths,166,2.1.1
Очаків,ochakiv,2023-06-04,498.0,,,,False,-0.02,-5.0,БС-77,498,v230_mouths,166,2.1.1
Очаків,ochakiv,2023-07-04,502.0,,,,False,0.02,-5.0,БС-77,502,v230_mouths,166,2.1.1
Очаків,ochakiv,2023-08-04,497.0,,,,False,-0.03,-5.0,БС-77,497,v230_mouths,166,2.1.1
Очаків,ochakiv,2023-09-04,480.0,,,,False,-0.2,-5.0,БС-77,480,v230_mouths,166,2.1.1
Очаків,ochakiv,2023-10-04,486.0,,,,False,-0.14,-5.0,БС-77,486,v230_mouths,166,2.1.1
Очаків,ochakiv,2023-11-04,475.0,,,,False,-0.25,-5.0,БС-77,475,v230_mouths,166,2.1.1
Очаків,ochakiv,2023-12-04,494.0,,,,False,-0.06,-5.0,БС-77,494,v230_mouths,166,2.1.1
Очаків,ochakiv,2023-01-05,485.0,,,,False,-0.15,-5.0,БС-77,485,v230_mouths,166,2.1.1
Очаків,ochakiv,2023-02-05,474.0,,,,False,-0.26,-5.0,БС-77,474,v230_mouths,166,2.1.1
Очаків,ochakiv,2023-03-05,477.0,,,,False,-0.23,-5.0,БС-77,477,v230_mouths,166,2.1.1
Очаків,ochakiv,2023-04-05,471.0,,,,False,-0.29,-5.0,БС-77,471,v230_mouths,166,2.1.1
Очаків,ochakiv,2023-05-05,500.0,,,,False,0.0,-5.0,БС-77,500,v230_mouths,166,2.1.1
Очаків,ochakiv,2023-06-05,496.0,,,,False,-0.04,-5.0,БС-77,496,v230_mouths,166,2.1.1
Очаків,ochakiv,2023-07-05,502.0,,,,False,0.02,-5.0,БС-77,502,v230_mouths,166,2.1.1
Очаків,ochakiv,2023-08-05,500.0,,,,False,0.0,-5.0,БС-77,500,v230_mouths,166,2.1.1
Очаків,ochakiv,2023-09-05,477.0,,,,False,-0.23,-5.0,БС-77,477,v230_mouths,166,2.1.1
Очаків,ochakiv,2023-10-05,483.0,,,,False,-0.17,-5.0,БС-77,483,v230_mouths,166,2.1.1
Очаків,ochakiv,2023-11-05,485.0,,,,False,-0.15,-5.0,БС-77,485,v230_mouths,166,2.1.1
Очаків,ochakiv,2023-12-05,482.0,,,,False,-0.18,-5.0,БС-77,482,v230_mouths,166,2.1.1
Очаків,ochakiv,2023-01-06,486.0,,,,False,-0.14,-5.0,БС-77,486,v230_mouths,166,2.1.1
Очаків,ochakiv,2023-02-06,461.0,,,,False,-0.39,-5.0,БС-77,461,v230_mouths,166,2.1.1
Очаків,ochakiv,2023-03-06,475.0,,,,False,-0.25,-5.0,БС-77,475,v230_mouths,166,2.1.1
Очаків,ochakiv,2023-04-06,485.0,,,,False,-0.15,-5.0,БС-77,485,v230_mouths,166,2.1.1
Очаків,ochakiv,2023-05-06,491.0,,,,False,-0.09,-5.0,БС-77,491,v230_mouths,166,2.1.1
Очаків,ochakiv,2023-06-06,509.0,/,dam_breach_distortion,,False,0.09,-5.0,БС-77,509/,v230_mouths,166,2.1.1
Очаків,ochakiv,2023-07-06,496.0,,,,False,-0.04,-5.0,БС-77,496,v230_mouths,166,2.1.1
Очаків,ochakiv,2023-08-06,490.0,,,,False,-0.1,-5.0,БС-77,490,v230_mouths,166,2.1.1
Очаків,ochakiv,2023-09-06,471.0,,,,False,-0.29,-5.0,БС-77,471,v230_mouths,166,2.1.1
Очаків,ochakiv,2023-10-06,482.0,,,,False,-0.18,-5.0,БС-77,482,v230_mouths,166,2.1.1
Очаків,ochakiv,2023-11-06,482.0,,,,False,-0.18,-5.0,БС-77,482,v230_mouths,166,2.1.1
Очаків,ochakiv,2023-12-06,483.0,,,,False,-0.17,-5.0,БС-77,483,v230_mouths,166,2.1.1
Очаків,ochakiv,2023-01-07,483.0,,,,False,-0.17,-5.0,БС-77,483,v230_mouths,166,2.1.1
Очаків,ochakiv,2023-02-07,458.0,,,,False,-0.42,-5.0,БС-77,458,v230_mouths,166,2.1.1
Очаків,ochakiv,2023-03-07,478.0,,,,False,-0.22,-5.0,БС-77,478,v230_mouths,166,2.1.1
Очаків,ochakiv,2023-04-07,489.0,,,,False,-0.11,-5.0,БС-77,489,v230_mouths,166,2.1.1
Очаків,ochakiv,2023-05-07,484.0,,,,False,-0.16,-5.0,БС-77,484,v230_mouths,166,2.1.1
Очаків,ochakiv,2023-06-07,545.0,/,dam_breach_distortion,,False,0.45,-5.0,БС-77,545/,v230_mouths,166,2.1.1
Очаків,ochakiv,2023-07-07,493.0,,,,False,-0.07,-5.0,БС-77,493,v230_mouths,166,2.1.1
Очаків,ochakiv,2023-08-07,495.0,,,,False,-0.05,-5.0,БС-77,495,v230_mouths,166,2.1.1
Очаків,ochakiv,2023-09-07,481.0,,,,False,-0.19,-5.0,БС-77,481,v230_mouths,166,2.1.1
Очаків,ochakiv,2023-10-07,477.0,,,,False,-0.23,-5.0,БС-77,477,v230_mouths,166,2.1.1
Очаків,ochakiv,2023-11-07,486.0,,,,False,-0.14,-5.0,БС-77,486,v230_mouths,166,2.1.1
Очаків,ochakiv,2023-12-07,489.0,,,,False,-0.11,-5.0,БС-77,489,v230_mouths,166,2.1.1
Очаків,ochakiv,2023-01-08,484.0,,,,False,-0.16,-5.0,БС-77,484,v230_mouths,166,2.1.1
Очаків,ochakiv,2023-02-08,458.0,,,,False,-0.42,-5.0,БС-77,458,v230_mouths,166,2.1.1
Очаків,ochakiv,2023-03-08,480.0,,,,False,-0.2,-5.0,БС-77,480,v230_mouths,166,2.1.1
Очаків,ochakiv,2023-04-08,484.0,,,,False,-0.16,-5.0,БС-77,484,v230_mouths,166,2.1.1
Очаків,ochakiv,2023-05-08,481.0,,,,False,-0.19,-5.0,БС-77,481,v230_mouths,166,2.1.1
Очаків,ochakiv,2023-06-08,568.0,/,dam_breach_distortion,,False,0.68,-5.0,БС-77,568/,v230_mouths,166,2.1.1
Очаків,ochakiv,2023-07-08,478.0,,,,False,-0.22,-5.0,БС-77,478,v230_mouths,166,2.1.1
Очаків,ochakiv,2023-08-08,494.0,,,,False,-0.06,-5.0,БС-77,494,v230_mouths,166,2.1.1
Очаків,ochakiv,2023-09-08,471.0,,,,False,-0.29,-5.0,БС-77,471,v230_mouths,166,2.1.1
Очаків,ochakiv,2023-10-08,475.0,,,,False,-0.25,-5.0,БС-77,475,v230_mouths,166,2.1.1
Очаків,ochakiv,2023-11-08,488.0,,,,False,-0.12,-5.0,БС-77,488,v230_mouths,166,2.1.1
Очаків,ochakiv,2023-12-08,481.0,,,,False,-0.19,-5.0,БС-77,481,v230_mouths,166,2.1.1
Очаків,ochakiv,2023-01-09,494.0,,,,False,-0.06,-5.0,БС-77,494,v230_mouths,166,2.1.1
Очаків,ochakiv,2023-02-09,456.0,,,,False,-0.44,-5.0,БС-77,456,v230_mouths,166,2.1.1
Очаків,ochakiv,2023-03-09,490.0,,,,False,-0.1,-5.0,БС-77,490,v230_mouths,166,2.1.1
Очаків,ochakiv,2023-04-09,479.0,,,,False,-0.21,-5.0,БС-77,479,v230_mouths,166,2.1.1
Очаків,ochakiv,2023-05-09,481.0,,,,False,-0.19,-5.0,БС-77,481,v230_mouths,166,2.1.1
Очаків,ochakiv,2023-06-09,569.0,/,dam_breach_distortion,,False,0.69,-5.0,БС-77,569/,v230_mouths,166,2.1.1
Очаків,ochakiv,2023-07-09,469.0,,,,False,-0.31,-5.0,БС-77,469,v230_mouths,166,2.1.1
Очаків,ochakiv,2023-08-09,481.0,,,,False,-0.19,-5.0,БС-77,481,v230_mouths,166,2.1.1
Очаків,ochakiv,2023-09-09,471.0,,,,False,-0.29,-5.0,БС-77,471,v230_mouths,166,2.1.1
Очаків,ochakiv,2023-10-09,467.0,,,,False,-0.33,-5.0,БС-77,467,v230_mouths,166,2.1.1
Очаків,ochakiv,2023-11-09,473.0,,,,False,-0.27,-5.0,БС-77,473,v230_mouths,166,2.1.1
Очаків,ochakiv,2023-12-09,489.0,,,,False,-0.11,-5.0,БС-77,489,v230_mouths,166,2.1.1
Очаків,ochakiv,2023-01-10,495.0,,,,False,-0.05,-5.0,БС-77,495,v230_mouths,166,2.1.1
Очаків,ochakiv,2023-02-10,461.0,,,,False,-0.39,-5.0,БС-77,461,v230_mouths,166,2.1.1
Очаків,ochakiv,2023-03-10,491.0,,,,False,-0.09,-5.0,БС-77,491,v230_mouths,166,2.1.1
Очаків,ochakiv,2023-04-10,473.0,,,,False,-0.27,-5.0,БС-77,473,v230_mouths,166,2.1.1
Очаків,ochakiv,2023-05-10,492.0,,,,False,-0.08,-5.0,БС-77,492,v230_mouths,166,2.1.1
Очаків,ochakiv,2023-06-10,559.0,/,dam_breach_distortion,,False,0.59,-5.0,БС-77,559/,v230_mouths,166,2.1.1
Очаків,ochakiv,2023-07-10,480.0,,,,False,-0.2,-5.0,БС-77,480,v230_mouths,166,2.1.1
Очаків,ochakiv,2023-08-10,468.0,,,,False,-0.32,-5.0,БС-77,468,v230_mouths,166,2.1.1
Очаків,ochakiv,2023-09-10,485.0,,,,False,-0.15,-5.0,БС-77,485,v230_mouths,166,2.1.1
Очаків,ochakiv,2023-10-10,466.0,,,,False,-0.34,-5.0,БС-77,466,v230_mouths,166,2.1.1
Очаків,ochakiv,2023-11-10,472.0,,,,False,-0.28,-5.0,БС-77,472,v230_mouths,166,2.1.1
Очаків,ochakiv,2023-12-10,488.0,,,,False,-0.12,-5.0,БС-77,488,v230_mouths,166,2.1.1
Очаків,ochakiv,2023-01-11,492.0,,,,False,-0.08,-5.0,БС-77,492,v230_mouths,166,2.1.1
Очаків,ochakiv,2023-02-11,458.0,,,,False,-0.42,-5.0,БС-77,458,v230_mouths,166,2.1.1
Очаків,ochakiv,2023-03-11,491.0,,,,False,-0.09,-5.0,БС-77,491,v230_mouths,166,2.1.1
Очаків,ochakiv,2023-04-11,466.0,,,,False,-0.34,-5.0,БС-77,466,v230_mouths,166,2.1.1
Очаків,ochakiv,2023-05-11,502.0,,,,False,0.02,-5.0,БС-77,502,v230_mouths,166,2.1.1
Очаків,ochakiv,2023-06-11,544.0,/,dam_breach_distortion,,False,0.44,-5.0,БС-77,544/,v230_mouths,166,2.1.1
Очаків,ochakiv,2023-07-11,491.0,,,,False,-0.09,-5.0,БС-77,491,v230_mouths,166,2.1.1
Очаків,ochakiv,2023-08-11,474.0,,,,False,-0.26,-5.0,БС-77,474,v230_mouths,166,2.1.1
Очаків,ochakiv,2023-09-11,485.0,,,,False,-0.15,-5.0,БС-77,485,v230_mouths,166,2.1.1
Очаків,ochakiv,2023-10-11,474.0,,,,False,-0.26,-5.0,БС-77,474,v230_mouths,166,2.1.1
Очаків,ochakiv,2023-11-11,487.0,,,,False,-0.13,-5.0,БС-77,487,v230_mouths,166,2.1.1
Очаків,ochakiv,2023-12-11,487.0,,,,False,-0.13,-5.0,БС-77,487,v230_mouths,166,2.1.1
Очаків,ochakiv,2023-01-12,484.0,,,,False,-0.16,-5.0,БС-77,484,v230_mouths,166,2.1.1
Очаків,ochakiv,2023-02-12,468.0,,,,False,-0.32,-5.0,БС-77,468,v230_mouths,166,2.1.1
Очаків,ochakiv,2023-03-12,487.0,,,,False,-0.13,-5.0,БС-77,487,v230_mouths,166,2.1.1
Очаків,ochakiv,2023-04-12,480.0,,,,False,-0.2,-5.0,БС-77,480,v230_mouths,166,2.1.1
Очаків,ochakiv,2023-05-12,503.0,,,,False,0.03,-5.0,БС-77,503,v230_mouths,166,2.1.1
Очаків,ochakiv,2023-06-12,529.0,/,dam_breach_distortion,,False,0.29,-5.0,БС-77,529/,v230_mouths,166,2.1.1
Очаків,ochakiv,2023-07-12,492.0,,,,False,-0.08,-5.0,БС-77,492,v230_mouths,166,2.1.1
Очаків,ochakiv,2023-08-12,472.0,,,,False,-0.28,-5.0,БС-77,472,v230_mouths,166,2.1.1
Очаків,ochakiv,2023-09-12,484.0,,,,False,-0.16,-5.0,БС-77,484,v230_mouths,166,2.1.1
Очаків,ochakiv,2023-10-12,482.0,,,,False,-0.18,-5.0,БС-77,482,v230_mouths,166,2.1.1
Очаків,ochakiv,2023-11-12,492.0,,,,False,-0.08,-5.0,БС-77,492,v230_mouths,166,2.1.1
Очаків,ochakiv,2023-12-12,493.0,,,,False,-0.07,-5.0,БС-77,493,v230_mouths,166,2.1.1
Очаків,ochakiv,2023-01-13,481.0,,,,False,-0.19,-5.0,БС-77,481,v230_mouths,166,2.1.1
Очаків,ochakiv,2023-02-13,478.0,,,,False,-0.22,-5.0,БС-77,478,v230_mouths,166,2.1.1
Очаків,ochakiv,2023-03-13,479.0,,,,False,-0.21,-5.0,БС-77,479,v230_mouths,166,2.1.1
Очаків,ochakiv,2023-04-13,485.0,,,,False,-0.15,-5.0,БС-77,485,v230_mouths,166,2.1.1
Очаків,ochakiv,2023-05-13,497.0,,,,False,-0.03,-5.0,БС-77,497,v230_mouths,166,2.1.1
Очаків,ochakiv,2023-06-13,526.0,/,dam_breach_distortion,,False,0.26,-5.0,БС-77,526/,v230_mouths,166,2.1.1
Очаків,ochakiv,2023-07-13,494.0,,,,False,-0.06,-5.0,БС-77,494,v230_mouths,166,2.1.1
Очаків,ochakiv,2023-08-13,479.0,,,,False,-0.21,-5.0,БС-77,479,v230_mouths,166,2.1.1
Очаків,ochakiv,2023-09-13,490.0,,,,False,-0.1,-5.0,БС-77,490,v230_mouths,166,2.1.1
Очаків,ochakiv,2023-10-13,487.0,,,,False,-0.13,-5.0,БС-77,487,v230_mouths,166,2.1.1
Очаків,ochakiv,2023-11-13,482.0,,,,False,-0.18,-5.0,БС-77,482,v230_mouths,166,2.1.1
Очаків,ochakiv,2023-12-13,493.0,,,,False,-0.07,-5.0,БС-77,493,v230_mouths,166,2.1.1
Очаків,ochakiv,2023-01-14,478.0,,,,False,-0.22,-5.0,БС-77,478,v230_mouths,166,2.1.1
Очаків,ochakiv,2023-02-14,480.0,,,,False,-0.2,-5.0,БС-77,480,v230_mouths,166,2.1.1
Очаків,ochakiv,2023-03-14,490.0,,,,False,-0.1,-5.0,БС-77,490,v230_mouths,166,2.1.1
Очаків,ochakiv,2023-04-14,492.0,,,,False,-0.08,-5.0,БС-77,492,v230_mouths,166,2.1.1
Очаків,ochakiv,2023-05-14,500.0,,,,False,0.0,-5.0,БС-77,500,v230_mouths,166,2.1.1
Очаків,ochakiv,2023-06-14,522.0,/,dam_breach_distortion,,False,0.22,-5.0,БС-77,522/,v230_mouths,166,2.1.1
Очаків,ochakiv,2023-07-14,496.0,,,,False,-0.04,-5.0,БС-77,496,v230_mouths,166,2.1.1
Очаків,ochakiv,2023-08-14,483.0,,,,False,-0.17,-5.0,БС-77,483,v230_mouths,166,2.1.1
Очаків,ochakiv,2023-09-14,491.0,,,,False,-0.09,-5.0,БС-77,491,v230_mouths,166,2.1.1
Очаків,ochakiv,2023-10-14,481.0,,,,False,-0.19,-5.0,БС-77,481,v230_mouths,166,2.1.1
Очаків,ochakiv,2023-11-14,488.0,,,,False,-0.12,-5.0,БС-77,488,v230_mouths,166,2.1.1
Очаків,ochakiv,2023-12-14,499.0,,,,False,-0.01,-5.0,БС-77,499,v230_mouths,166,2.1.1
Очаків,ochakiv,2023-01-15,473.0,,,,False,-0.27,-5.0,БС-77,473,v230_mouths,166,2.1.1
Очаків,ochakiv,2023-02-15,477.0,,,,False,-0.23,-5.0,БС-77,477,v230_mouths,166,2.1.1
Очаків,ochakiv,2023-03-15,490.0,,,,False,-0.1,-5.0,БС-77,490,v230_mouths,166,2.1.1
Очаків,ochakiv,2023-04-15,493.0,,,,False,-0.07,-5.0,БС-77,493,v230_mouths,166,2.1.1
Очаків,ochakiv,2023-05-15,503.0,,,,False,0.03,-5.0,БС-77,503,v230_mouths,166,2.1.1
Очаків,ochakiv,2023-06-15,518.0,/,dam_breach_distortion,,False,0.18,-5.0,БС-77,518/,v230_mouths,166,2.1.1
Очаків,ochakiv,2023-07-15,492.0,,,,False,-0.08,-5.0,БС-77,492,v230_mouths,166,2.1.1
Очаків,ochakiv,2023-08-15,482.0,,,,False,-0.18,-5.0,БС-77,482,v230_mouths,166,2.1.1
Очаків,ochakiv,2023-09-15,495.0,,,,False,-0.05,-5.0,БС-77,495,v230_mouths,166,2.1.1
Очаків,ochakiv,2023-10-15,482.0,,,,False,-0.18,-5.0,БС-77,482,v230_mouths,166,2.1.1
Очаків,ochakiv,2023-11-15,480.0,,,,False,-0.2,-5.0,БС-77,480,v230_mouths,166,2.1.1
Очаків,ochakiv,2023-12-15,498.0,,,,False,-0.02,-5.0,БС-77,498,v230_mouths,166,2.1.1
Очаків,ochakiv,2023-01-16,476.0,,,,False,-0.24,-5.0,БС-77,476,v230_mouths,166,2.1.1
Очаків,ochakiv,2023-02-16,472.0,,,,False,-0.28,-5.0,БС-77,472,v230_mouths,166,2.1.1
Очаків,ochakiv,2023-03-16,491.0,,,,False,-0.09,-5.0,БС-77,491,v230_mouths,166,2.1.1
Очаків,ochakiv,2023-04-16,478.0,,,,False,-0.22,-5.0,БС-77,478,v230_mouths,166,2.1.1
Очаків,ochakiv,2023-05-16,503.0,,,,False,0.03,-5.0,БС-77,503,v230_mouths,166,2.1.1
Очаків,ochakiv,2023-06-16,514.0,,,,False,0.14,-5.0,БС-77,514,v230_mouths,166,2.1.1
Очаків,ochakiv,2023-07-16,490.0,,,,False,-0.1,-5.0,БС-77,490,v230_mouths,166,2.1.1
Очаків,ochakiv,2023-08-16,488.0,,,,False,-0.12,-5.0,БС-77,488,v230_mouths,166,2.1.1
Очаків,ochakiv,2023-09-16,479.0,,,,False,-0.21,-5.0,БС-77,479,v230_mouths,166,2.1.1
Очаків,ochakiv,2023-10-16,473.0,,,,False,-0.27,-5.0,БС-77,473,v230_mouths,166,2.1.1
Очаків,ochakiv,2023-11-16,482.0,,,,False,-0.18,-5.0,БС-77,482,v230_mouths,166,2.1.1
Очаків,ochakiv,2023-12-16,491.0,,,,False,-0.09,-5.0,БС-77,491,v230_mouths,166,2.1.1
Очаків,ochakiv,2023-01-17,488.0,,,,False,-0.12,-5.0,БС-77,488,v230_mouths,166,2.1.1
Очаків,ochakiv,2023-02-17,477.0,,,,False,-0.23,-5.0,БС-77,477,v230_mouths,166,2.1.1
Очаків,ochakiv,2023-03-17,483.0,,,,False,-0.17,-5.0,БС-77,483,v230_mouths,166,2.1.1
Очаків,ochakiv,2023-04-17,476.0,,,,False,-0.24,-5.0,БС-77,476,v230_mouths,166,2.1.1
Очаків,ochakiv,2023-05-17,497.0,,,,False,-0.03,-5.0,БС-77,497,v230_mouths,166,2.1.1
Очаків,ochakiv,2023-06-17,511.0,,,,False,0.11,-5.0,БС-77,511,v230_mouths,166,2.1.1
Очаків,ochakiv,2023-07-17,489.0,,,,False,-0.11,-5.0,БС-77,489,v230_mouths,166,2.1.1
Очаків,ochakiv,2023-08-17,482.0,,,,False,-0.18,-5.0,БС-77,482,v230_mouths,166,2.1.1
Очаків,ochakiv,2023-09-17,474.0,,,,False,-0.26,-5.0,БС-77,474,v230_mouths,166,2.1.1
Очаків,ochakiv,2023-10-17,459.0,,,,False,-0.41,-5.0,БС-77,459,v230_mouths,166,2.1.1
Очаків,ochakiv,2023-11-17,478.0,,,,False,-0.22,-5.0,БС-77,478,v230_mouths,166,2.1.1
Очаків,ochakiv,2023-12-17,491.0,,,,False,-0.09,-5.0,БС-77,491,v230_mouths,166,2.1.1
Очаків,ochakiv,2023-01-18,501.0,,,,False,0.01,-5.0,БС-77,501,v230_mouths,166,2.1.1
Очаків,ochakiv,2023-02-18,485.0,,,,False,-0.15,-5.0,БС-77,485,v230_mouths,166,2.1.1
Очаків,ochakiv,2023-03-18,475.0,,,,False,-0.25,-5.0,БС-77,475,v230_mouths,166,2.1.1
Очаків,ochakiv,2023-04-18,492.0,,,,False,-0.08,-5.0,БС-77,492,v230_mouths,166,2.1.1
Очаків,ochakiv,2023-05-18,495.0,,,,False,-0.05,-5.0,БС-77,495,v230_mouths,166,2.1.1
Очаків,ochakiv,2023-06-18,510.0,,,,False,0.1,-5.0,БС-77,510,v230_mouths,166,2.1.1
Очаків,ochakiv,2023-07-18,495.0,,,,False,-0.05,-5.0,БС-77,495,v230_mouths,166,2.1.1
Очаків,ochakiv,2023-08-18,484.0,,,,False,-0.16,-5.0,БС-77,484,v230_mouths,166,2.1.1
Очаків,ochakiv,2023-09-18,479.0,,,,False,-0.21,-5.0,БС-77,479,v230_mouths,166,2.1.1
Очаків,ochakiv,2023-10-18,471.0,,,,False,-0.29,-5.0,БС-77,471,v230_mouths,166,2.1.1
Очаків,ochakiv,2023-11-18,477.0,,,,False,-0.23,-5.0,БС-77,477,v230_mouths,166,2.1.1
Очаків,ochakiv,2023-12-18,492.0,,,,False,-0.08,-5.0,БС-77,492,v230_mouths,166,2.1.1
Очаків,ochakiv,2023-01-19,500.0,,,,False,0.0,-5.0,БС-77,500,v230_mouths,166,2.1.1
Очаків,ochakiv,2023-02-19,484.0,,,,False,-0.16,-5.0,БС-77,484,v230_mouths,166,2.1.1
Очаків,ochakiv,2023-03-19,471.0,,,,False,-0.29,-5.0,БС-77,471,v230_mouths,166,2.1.1
Очаків,ochakiv,2023-04-19,491.0,,,,False,-0.09,-5.0,БС-77,491,v230_mouths,166,2.1.1
Очаків,ochakiv,2023-05-19,491.0,,,,False,-0.09,-5.0,БС-77,491,v230_mouths,166,2.1.1
Очаків,ochakiv,2023-06-19,509.0,,,,False,0.09,-5.0,БС-77,509,v230_mouths,166,2.1.1
Очаків,ochakiv,2023-07-19,501.0,,,,False,0.01,-5.0,БС-77,501,v230_mouths,166,2.1.1
Очаків,ochakiv,2023-08-19,485.0,,,,False,-0.15,-5.0,БС-77,485,v230_mouths,166,2.1.1
Очаків,ochakiv,2023-09-19,481.0,,,,False,-0.19,-5.0,БС-77,481,v230_mouths,166,2.1.1
Очаків,ochakiv,2023-10-19,471.0,,,,False,-0.29,-5.0,БС-77,471,v230_mouths,166,2.1.1
Очаків,ochakiv,2023-11-19,456.0,,,,False,-0.44,-5.0,БС-77,456,v230_mouths,166,2.1.1
Очаків,ochakiv,2023-12-19,483.0,,,,False,-0.17,-5.0,БС-77,483,v230_mouths,166,2.1.1
Очаків,ochakiv,2023-01-20,496.0,,,,False,-0.04,-5.0,БС-77,496,v230_mouths,166,2.1.1
Очаків,ochakiv,2023-02-20,480.0,,,,False,-0.2,-5.0,БС-77,480,v230_mouths,166,2.1.1
Очаків,ochakiv,2023-03-20,471.0,,,,False,-0.29,-5.0,БС-77,471,v230_mouths,166,2.1.1
Очаків,ochakiv,2023-04-20,490.0,,,,False,-0.1,-5.0,БС-77,490,v230_mouths,166,2.1.1
Очаків,ochakiv,2023-05-20,493.0,,,,False,-0.07,-5.0,БС-77,493,v230_mouths,166,2.1.1
Очаків,ochakiv,2023-06-20,509.0,,,,False,0.09,-5.0,БС-77,509,v230_mouths,166,2.1.1
Очаків,ochakiv,2023-07-20,503.0,,,,False,0.03,-5.0,БС-77,503,v230_mouths,166,2.1.1
Очаків,ochakiv,2023-08-20,483.0,,,,False,-0.17,-5.0,БС-77,483,v230_mouths,166,2.1.1
Очаків,ochakiv,2023-09-20,485.0,,,,False,-0.15,-5.0,БС-77,485,v230_mouths,166,2.1.1
Очаків,ochakiv,2023-10-20,496.0,,,,False,-0.04,-5.0,БС-77,496,v230_mouths,166,2.1.1
Очаків,ochakiv,2023-11-20,465.0,,,,False,-0.35,-5.0,БС-77,465,v230_mouths,166,2.1.1
Очаків,ochakiv,2023-12-20,491.0,,,,False,-0.09,-5.0,БС-77,491,v230_mouths,166,2.1.1
Очаків,ochakiv,2023-01-21,493.0,,,,False,-0.07,-5.0,БС-77,493,v230_mouths,166,2.1.1
Очаків,ochakiv,2023-02-21,478.0,,,,False,-0.22,-5.0,БС-77,478,v230_mouths,166,2.1.1
Очаків,ochakiv,2023-03-21,479.0,,,,False,-0.21,-5.0,БС-77,479,v230_mouths,166,2.1.1
Очаків,ochakiv,2023-04-21,484.0,,,,False,-0.16,-5.0,БС-77,484,v230_mouths,166,2.1.1
Очаків,ochakiv,2023-05-21,495.0,,,,False,-0.05,-5.0,БС-77,495,v230_mouths,166,2.1.1
Очаків,ochakiv,2023-06-21,509.0,,,,False,0.09,-5.0,БС-77,509,v230_mouths,166,2.1.1
Очаків,ochakiv,2023-07-21,501.0,,,,False,0.01,-5.0,БС-77,501,v230_mouths,166,2.1.1
Очаків,ochakiv,2023-08-21,481.0,,,,False,-0.19,-5.0,БС-77,481,v230_mouths,166,2.1.1
Очаків,ochakiv,2023-09-21,490.0,,,,False,-0.1,-5.0,БС-77,490,v230_mouths,166,2.1.1
Очаків,ochakiv,2023-10-21,499.0,,,,False,-0.01,-5.0,БС-77,499,v230_mouths,166,2.1.1
Очаків,ochakiv,2023-11-21,474.0,,,,False,-0.26,-5.0,БС-77,474,v230_mouths,166,2.1.1
Очаків,ochakiv,2023-12-21,496.0,,,,False,-0.04,-5.0,БС-77,496,v230_mouths,166,2.1.1
Очаків,ochakiv,2023-01-22,487.0,,,,False,-0.13,-5.0,БС-77,487,v230_mouths,166,2.1.1
Очаків,ochakiv,2023-02-22,468.0,,,,False,-0.32,-5.0,БС-77,468,v230_mouths,166,2.1.1
Очаків,ochakiv,2023-03-22,488.0,,,,False,-0.12,-5.0,БС-77,488,v230_mouths,166,2.1.1
Очаків,ochakiv,2023-04-22,484.0,,,,False,-0.16,-5.0,БС-77,484,v230_mouths,166,2.1.1
Очаків,ochakiv,2023-05-22,493.0,,,,False,-0.07,-5.0,БС-77,493,v230_mouths,166,2.1.1
Очаків,ochakiv,2023-06-22,507.0,,,,False,0.07,-5.0,БС-77,507,v230_mouths,166,2.1.1
Очаків,ochakiv,2023-07-22,505.0,,,,False,0.05,-5.0,БС-77,505,v230_mouths,166,2.1.1
Очаків,ochakiv,2023-08-22,489.0,,,,False,-0.11,-5.0,БС-77,489,v230_mouths,166,2.1.1
Очаків,ochakiv,2023-09-22,483.0,,,,False,-0.17,-5.0,БС-77,483,v230_mouths,166,2.1.1
Очаків,ochakiv,2023-10-22,489.0,,,,False,-0.11,-5.0,БС-77,489,v230_mouths,166,2.1.1
Очаків,ochakiv,2023-11-22,473.0,,,,False,-0.27,-5.0,БС-77,473,v230_mouths,166,2.1.1
Очаків,ochakiv,2023-12-22,495.0,,,,False,-0.05,-5.0,БС-77,495,v230_mouths,166,2.1.1
Очаків,ochakiv,2023-01-23,482.0,,,,False,-0.18,-5.0,БС-77,482,v230_mouths,166,2.1.1
Очаків,ochakiv,2023-02-23,458.0,,,,False,-0.42,-5.0,БС-77,458,v230_mouths,166,2.1.1
Очаків,ochakiv,2023-03-23,482.0,,,,False,-0.18,-5.0,БС-77,482,v230_mouths,166,2.1.1
Очаків,ochakiv,2023-04-23,493.0,,,,False,-0.07,-5.0,БС-77,493,v230_mouths,166,2.1.1
Очаків,ochakiv,2023-05-23,491.0,,,,False,-0.09,-5.0,БС-77,491,v230_mouths,166,2.1.1
Очаків,ochakiv,2023-06-23,509.0,,,,False,0.09,-5.0,БС-77,509,v230_mouths,166,2.1.1
Очаків,ochakiv,2023-07-23,502.0,,,,False,0.02,-5.0,БС-77,502,v230_mouths,166,2.1.1
Очаків,ochakiv,2023-08-23,492.0,,,,False,-0.08,-5.0,БС-77,492,v230_mouths,166,2.1.1
Очаків,ochakiv,2023-09-23,479.0,,,,False,-0.21,-5.0,БС-77,479,v230_mouths,166,2.1.1
Очаків,ochakiv,2023-10-23,488.0,,,,False,-0.12,-5.0,БС-77,488,v230_mouths,166,2.1.1
Очаків,ochakiv,2023-11-23,466.0,,,,False,-0.34,-5.0,БС-77,466,v230_mouths,166,2.1.1
Очаків,ochakiv,2023-12-23,489.0,,,,False,-0.11,-5.0,БС-77,489,v230_mouths,166,2.1.1
Очаків,ochakiv,2023-01-24,479.0,,,,False,-0.21,-5.0,БС-77,479,v230_mouths,166,2.1.1
Очаків,ochakiv,2023-02-24,473.0,,,,False,-0.27,-5.0,БС-77,473,v230_mouths,166,2.1.1
Очаків,ochakiv,2023-03-24,482.0,,,,False,-0.18,-5.0,БС-77,482,v230_mouths,166,2.1.1
Очаків,ochakiv,2023-04-24,489.0,,,,False,-0.11,-5.0,БС-77,489,v230_mouths,166,2.1.1
Очаків,ochakiv,2023-05-24,496.0,,,,False,-0.04,-5.0,БС-77,496,v230_mouths,166,2.1.1
Очаків,ochakiv,2023-06-24,510.0,,,,False,0.1,-5.0,БС-77,510,v230_mouths,166,2.1.1
Очаків,ochakiv,2023-07-24,501.0,,,,False,0.01,-5.0,БС-77,501,v230_mouths,166,2.1.1
Очаків,ochakiv,2023-08-24,491.0,,,,False,-0.09,-5.0,БС-77,491,v230_mouths,166,2.1.1
Очаків,ochakiv,2023-09-24,482.0,,,,False,-0.18,-5.0,БС-77,482,v230_mouths,166,2.1.1
Очаків,ochakiv,2023-10-24,480.0,,,,False,-0.2,-5.0,БС-77,480,v230_mouths,166,2.1.1
Очаків,ochakiv,2023-11-24,485.0,,,,False,-0.15,-5.0,БС-77,485,v230_mouths,166,2.1.1
Очаків,ochakiv,2023-12-24,488.0,,,,False,-0.12,-5.0,БС-77,488,v230_mouths,166,2.1.1
Очаків,ochakiv,2023-01-25,476.0,,,,False,-0.24,-5.0,БС-77,476,v230_mouths,166,2.1.1
Очаків,ochakiv,2023-02-25,496.0,,,,False,-0.04,-5.0,БС-77,496,v230_mouths,166,2.1.1
Очаків,ochakiv,2023-03-25,490.0,,,,False,-0.1,-5.0,БС-77,490,v230_mouths,166,2.1.1
Очаків,ochakiv,2023-04-25,485.0,,,,False,-0.15,-5.0,БС-77,485,v230_mouths,166,2.1.1
Очаків,ochakiv,2023-05-25,497.0,,,,False,-0.03,-5.0,БС-77,497,v230_mouths,166,2.1.1
Очаків,ochakiv,2023-06-25,506.0,,,,False,0.06,-5.0,БС-77,506,v230_mouths,166,2.1.1
Очаків,ochakiv,2023-07-25,504.0,,,,False,0.04,-5.0,БС-77,504,v230_mouths,166,2.1.1
Очаків,ochakiv,2023-08-25,491.0,,,,False,-0.09,-5.0,БС-77,491,v230_mouths,166,2.1.1
Очаків,ochakiv,2023-09-25,479.0,,,,False,-0.21,-5.0,БС-77,479,v230_mouths,166,2.1.1
Очаків,ochakiv,2023-10-25,486.0,,,,False,-0.14,-5.0,БС-77,486,v230_mouths,166,2.1.1
Очаків,ochakiv,2023-11-25,491.0,,,,False,-0.09,-5.0,БС-77,491,v230_mouths,166,2.1.1
Очаків,ochakiv,2023-12-25,481.0,,,,False,-0.19,-5.0,БС-77,481,v230_mouths,166,2.1.1
Очаків,ochakiv,2023-01-26,475.0,,,,False,-0.25,-5.0,БС-77,475,v230_mouths,166,2.1.1
Очаків,ochakiv,2023-02-26,494.0,,,,False,-0.06,-5.0,БС-77,494,v230_mouths,166,2.1.1
Очаків,ochakiv,2023-03-26,494.0,,,,False,-0.06,-5.0,БС-77,494,v230_mouths,166,2.1.1
Очаків,ochakiv,2023-04-26,492.0,,,,False,-0.08,-5.0,БС-77,492,v230_mouths,166,2.1.1
Очаків,ochakiv,2023-05-26,502.0,,,,False,0.02,-5.0,БС-77,502,v230_mouths,166,2.1.1
Очаків,ochakiv,2023-06-26,505.0,,,,False,0.05,-5.0,БС-77,505,v230_mouths,166,2.1.1
Очаків,ochakiv,2023-07-26,510.0,,,,False,0.1,-5.0,БС-77,510,v230_mouths,166,2.1.1
Очаків,ochakiv,2023-08-26,493.0,,,,False,-0.07,-5.0,БС-77,493,v230_mouths,166,2.1.1
Очаків,ochakiv,2023-09-26,466.0,,,,False,-0.34,-5.0,БС-77,466,v230_mouths,166,2.1.1
Очаків,ochakiv,2023-10-26,487.0,,,,False,-0.13,-5.0,БС-77,487,v230_mouths,166,2.1.1
Очаків,ochakiv,2023-11-26,468.0,,,,False,-0.32,-5.0,БС-77,468,v230_mouths,166,2.1.1
Очаків,ochakiv,2023-12-26,483.0,,,,False,-0.17,-5.0,БС-77,483,v230_mouths,166,2.1.1
Очаків,ochakiv,2023-01-27,477.0,,,,False,-0.23,-5.0,БС-77,477,v230_mouths,166,2.1.1
Очаків,ochakiv,2023-02-27,488.0,,,,False,-0.12,-5.0,БС-77,488,v230_mouths,166,2.1.1
Очаків,ochakiv,2023-03-27,496.0,,,,False,-0.04,-5.0,БС-77,496,v230_mouths,166,2.1.1
Очаків,ochakiv,2023-04-27,485.0,,,,False,-0.15,-5.0,БС-77,485,v230_mouths,166,2.1.1
Очаків,ochakiv,2023-05-27,503.0,,,,False,0.03,-5.0,БС-77,503,v230_mouths,166,2.1.1
Очаків,ochakiv,2023-06-27,503.0,,,,False,0.03,-5.0,БС-77,503,v230_mouths,166,2.1.1
Очаків,ochakiv,2023-07-27,504.0,,,,False,0.04,-5.0,БС-77,504,v230_mouths,166,2.1.1
Очаків,ochakiv,2023-08-27,493.0,,,,False,-0.07,-5.0,БС-77,493,v230_mouths,166,2.1.1
Очаків,ochakiv,2023-09-27,466.0,,,,False,-0.34,-5.0,БС-77,466,v230_mouths,166,2.1.1
Очаків,ochakiv,2023-10-27,485.0,,,,False,-0.15,-5.0,БС-77,485,v230_mouths,166,2.1.1
Очаків,ochakiv,2023-11-27,452.0,,,,False,-0.48,-5.0,БС-77,452,v230_mouths,166,2.1.1
Очаків,ochakiv,2023-12-27,488.0,,,,False,-0.12,-5.0,БС-77,488,v230_mouths,166,2.1.1
Очаків,ochakiv,2023-01-28,468.0,,,,False,-0.32,-5.0,БС-77,468,v230_mouths,166,2.1.1
Очаків,ochakiv,2023-02-28,480.0,,,,False,-0.2,-5.0,БС-77,480,v230_mouths,166,2.1.1
Очаків,ochakiv,2023-03-28,496.0,,,,False,-0.04,-5.0,БС-77,496,v230_mouths,166,2.1.1
Очаків,ochakiv,2023-04-28,477.0,,,,False,-0.23,-5.0,БС-77,477,v230_mouths,166,2.1.1
Очаків,ochakiv,2023-05-28,501.0,,,,False,0.01,-5.0,БС-77,501,v230_mouths,166,2.1.1
Очаків,ochakiv,2023-06-28,504.0,,,,False,0.04,-5.0,БС-77,504,v230_mouths,166,2.1.1
Очаків,ochakiv,2023-07-28,488.0,,,,False,-0.12,-5.0,БС-77,488,v230_mouths,166,2.1.1
Очаків,ochakiv,2023-08-28,492.0,,,,False,-0.08,-5.0,БС-77,492,v230_mouths,166,2.1.1
Очаків,ochakiv,2023-09-28,470.0,,,,False,-0.3,-5.0,БС-77,470,v230_mouths,166,2.1.1
Очаків,ochakiv,2023-10-28,481.0,,,,False,-0.19,-5.0,БС-77,481,v230_mouths,166,2.1.1
Очаків,ochakiv,2023-11-28,478.0,,,,False,-0.22,-5.0,БС-77,478,v230_mouths,166,2.1.1
Очаків,ochakiv,2023-12-28,484.0,,,,False,-0.16,-5.0,БС-77,484,v230_mouths,166,2.1.1
Очаків,ochakiv,2023-01-29,456.0,,,,False,-0.44,-5.0,БС-77,456,v230_mouths,166,2.1.1
Очаків,ochakiv,2023-03-29,488.0,,,,False,-0.12,-5.0,БС-77,488,v230_mouths,166,2.1.1
Очаків,ochakiv,2023-04-29,478.0,,,,False,-0.22,-5.0,БС-77,478,v230_mouths,166,2.1.1
Очаків,ochakiv,2023-05-29,495.0,,,,False,-0.05,-5.0,БС-77,495,v230_mouths,166,2.1.1
Очаків,ochakiv,2023-06-29,503.0,,,,False,0.03,-5.0,БС-77,503,v230_mouths,166,2.1.1
Очаків,ochakiv,2023-07-29,484.0,,,,False,-0.16,-5.0,БС-77,484,v230_mouths,166,2.1.1
Очаків,ochakiv,2023-08-29,487.0,,,,False,-0.13,-5.0,БС-77,487,v230_mouths,166,2.1.1
Очаків,ochakiv,2023-09-29,468.0,,,,False,-0.32,-5.0,БС-77,468,v230_mouths,166,2.1.1
Очаків,ochakiv,2023-10-29,484.0,,,,False,-0.16,-5.0,БС-77,484,v230_mouths,166,2.1.1
Очаків,ochakiv,2023-11-29,513.0,,,,False,0.13,-5.0,БС-77,513,v230_mouths,166,2.1.1
Очаків,ochakiv,2023-12-29,487.0,,,,False,-0.13,-5.0,БС-77,487,v230_mouths,166,2.1.1
Очаків,ochakiv,2023-01-30,465.0,,,,False,-0.35,-5.0,БС-77,465,v230_mouths,166,2.1.1
Очаків,ochakiv,2023-03-30,476.0,,,,False,-0.24,-5.0,БС-77,476,v230_mouths,166,2.1.1
Очаків,ochakiv,2023-04-30,480.0,,,,False,-0.2,-5.0,БС-77,480,v230_mouths,166,2.1.1
Очаків,ochakiv,2023-05-30,489.0,,,,False,-0.11,-5.0,БС-77,489,v230_mouths,166,2.1.1
Очаків,ochakiv,2023-06-30,504.0,,,,False,0.04,-5.0,БС-77,504,v230_mouths,166,2.1.1
Очаків,ochakiv,2023-07-30,491.0,,,,False,-0.09,-5.0,БС-77,491,v230_mouths,166,2.1.1
Очаків,ochakiv,2023-08-30,486.0,,,,False,-0.14,-5.0,БС-77,486,v230_mouths,166,2.1.1
Очаків,ochakiv,2023-09-30,469.0,,,,False,-0.31,-5.0,БС-77,469,v230_mouths,166,2.1.1
Очаків,ochakiv,2023-10-30,490.0,,,,False,-0.1,-5.0,БС-77,490,v230_mouths,166,2.1.1
Очаків,ochakiv,2023-11-30,507.0,,,,False,0.07,-5.0,БС-77,507,v230_mouths,166,2.1.1
Очаків,ochakiv,2023-12-30,485.0,,,,False,-0.15,-5.0,БС-77,485,v230_mouths,166,2.1.1
Очаків,ochakiv,2023-01-31,475.0,,,,False,-0.25,-5.0,БС-77,475,v230_mouths,166,2.1.1
Очаків,ochakiv,2023-03-31,478.0,,,,False,-0.22,-5.0,БС-77,478,v230_mouths,166,2.1.1
Очаків,ochakiv,2023-05-31,481.0,,,,False,-0.19,-5.0,БС-77,481,v230_mouths,166,2.1.1
Очаків,ochakiv,2023-07-31,493.0,,,,False,-0.07,-5.0,БС-77,493,v230_mouths,166,2.1.1
Очаків,ochakiv,2023-08-31,490.0,,,,False,-0.1,-5.0,БС-77,490,v230_mouths,166,2.1.1
Очаків,ochakiv,2023-10-31,495.0,,,,False,-0.05,-5.0,БС-77,495,v230_mouths,166,2.1.1
Очаків,ochakiv,2023-12-31,489.0,,,,False,-0.11,-5.0,БС-77,489,v230_mouths,166,2.1.1
Станіслав,stanislav,2023-01-01,497.0,,,,False,-0.03,-5.0,БС-77,497,v230_mouths,167,2.1.1
Станіслав,stanislav,2023-02-01,485.0,,,,False,-0.15,-5.0,БС-77,485,v230_mouths,167,2.1.1
Станіслав,stanislav,2023-03-01,486.0,,,,False,-0.14,-5.0,БС-77,486,v230_mouths,167,2.1.1
Станіслав,stanislav,2023-04-01,504.0,,,,False,0.04,-5.0,БС-77,504,v230_mouths,167,2.1.1
Станіслав,stanislav,2023-05-01,505.0,,,,False,0.05,-5.0,БС-77,505,v230_mouths,167,2.1.1
Станіслав,stanislav,2023-01-02,496.0,,,,False,-0.04,-5.0,БС-77,496,v230_mouths,167,2.1.1
Станіслав,stanislav,2023-02-02,488.0,,,,False,-0.12,-5.0,БС-77,488,v230_mouths,167,2.1.1
Станіслав,stanislav,2023-03-02,484.0,,,,False,-0.16,-5.0,БС-77,484,v230_mouths,167,2.1.1
Станіслав,stanislav,2023-04-02,505.0,,,,False,0.05,-5.0,БС-77,505,v230_mouths,167,2.1.1
Станіслав,stanislav,2023-05-02,502.0,,,,False,0.02,-5.0,БС-77,502,v230_mouths,167,2.1.1
Станіслав,stanislav,2023-01-03,499.0,,,,False,-0.01,-5.0,БС-77,499,v230_mouths,167,2.1.1
Станіслав,stanislav,2023-02-03,491.0,,,,False,-0.09,-5.0,БС-77,491,v230_mouths,167,2.1.1
Станіслав,stanislav,2023-03-03,487.0,,,,False,-0.13,-5.0,БС-77,487,v230_mouths,167,2.1.1
Станіслав,stanislav,2023-04-03,504.0,,,,False,0.04,-5.0,БС-77,504,v230_mouths,167,2.1.1
Станіслав,stanislav,2023-05-03,505.0,,,,False,0.05,-5.0,БС-77,505,v230_mouths,167,2.1.1
Станіслав,stanislav,2023-01-04,486.0,,,,False,-0.14,-5.0,БС-77,486,v230_mouths,167,2.1.1
Станіслав,stanislav,2023-02-04,485.0,,,,False,-0.15,-5.0,БС-77,485,v230_mouths,167,2.1.1
Станіслав,stanislav,2023-03-04,492.0,,,,False,-0.08,-5.0,БС-77,492,v230_mouths,167,2.1.1
Станіслав,stanislav,2023-04-04,490.0,,,,False,-0.1,-5.0,БС-77,490,v230_mouths,167,2.1.1
Станіслав,stanislav,2023-05-04,505.0,,,,False,0.05,-5.0,БС-77,505,v230_mouths,167,2.1.1
Станіслав,stanislav,2023-01-05,507.0,,,,False,0.07,-5.0,БС-77,507,v230_mouths,167,2.1.1
Станіслав,stanislav,2023-02-05,473.0,,,,False,-0.27,-5.0,БС-77,473,v230_mouths,167,2.1.1
Станіслав,stanislav,2023-03-05,485.0,,,,False,-0.15,-5.0,БС-77,485,v230_mouths,167,2.1.1
Станіслав,stanislav,2023-04-05,500.0,,,,False,0.0,-5.0,БС-77,500,v230_mouths,167,2.1.1
Станіслав,stanislav,2023-05-05,507.0,,,,False,0.07,-5.0,БС-77,507,v230_mouths,167,2.1.1
Станіслав,stanislav,2023-01-06,490.0,,,,False,-0.1,-5.0,БС-77,490,v230_mouths,167,2.1.1
Станіслав,stanislav,2023-02-06,463.0,,,,False,-0.37,-5.0,БС-77,463,v230_mouths,167,2.1.1
Станіслав,stanislav,2023-03-06,483.0,,,,False,-0.17,-5.0,БС-77,483,v230_mouths,167,2.1.1
Станіслав,stanislav,2023-04-06,514.0,,,,False,0.14,-5.0,БС-77,514,v230_mouths,167,2.1.1
Станіслав,stanislav,2023-05-06,496.0,,,,False,-0.04,-5.0,БС-77,496,v230_mouths,167,2.1.1
Станіслав,stanislav,2023-01-07,481.0,,,,False,-0.19,-5.0,БС-77,481,v230_mouths,167,2.1.1
Станіслав,stanislav,2023-02-07,472.0,,,,False,-0.28,-5.0,БС-77,472,v230_mouths,167,2.1.1
Станіслав,stanislav,2023-03-07,500.0,,,,False,0.0,-5.0,БС-77,500,v230_mouths,167,2.1.1
Станіслав,stanislav,2023-04-07,498.0,,,,False,-0.02,-5.0,БС-77,498,v230_mouths,167,2.1.1
Станіслав,stanislav,2023-05-07,494.0,,,,False,-0.06,-5.0,БС-77,494,v230_mouths,167,2.1.1
Станіслав,stanislav,2023-01-08,480.0,,,,False,-0.2,-5.0,БС-77,480,v230_mouths,167,2.1.1
Станіслав,stanislav,2023-02-08,462.0,,,,False,-0.38,-5.0,БС-77,462,v230_mouths,167,2.1.1
Станіслав,stanislav,2023-03-08,497.0,,,,False,-0.03,-5.0,БС-77,497,v230_mouths,167,2.1.1
Станіслав,stanislav,2023-04-08,498.0,,,,False,-0.02,-5.0,БС-77,498,v230_mouths,167,2.1.1
Станіслав,stanislav,2023-05-08,499.0,,,,False,-0.01,-5.0,БС-77,499,v230_mouths,167,2.1.1
Станіслав,stanislav,2023-01-09,485.0,,,,False,-0.15,-5.0,БС-77,485,v230_mouths,167,2.1.1
Станіслав,stanislav,2023-02-09,481.0,,,:,False,-0.19,-5.0,БС-77,481:,v230_mouths,167,2.1.1
Станіслав,stanislav,2023-03-09,499.0,,,,False,-0.01,-5.0,БС-77,499,v230_mouths,167,2.1.1
Станіслав,stanislav,2023-04-09,499.0,,,,False,-0.01,-5.0,БС-77,499,v230_mouths,167,2.1.1
Станіслав,stanislav,2023-01-10,475.0,,,,False,-0.25,-5.0,БС-77,475,v230_mouths,167,2.1.1
Станіслав,stanislav,2023-02-10,492.0,,,Z,False,-0.08,-5.0,БС-77,492Z,v230_mouths,167,2.1.1
Станіслав,stanislav,2023-03-10,493.0,,,,False,-0.07,-5.0,БС-77,493,v230_mouths,167,2.1.1
Станіслав,stanislav,2023-04-10,485.0,,,,False,-0.15,-5.0,БС-77,485,v230_mouths,167,2.1.1
Станіслав,stanislav,2023-01-11,467.0,,,,False,-0.33,-5.0,БС-77,467,v230_mouths,167,2.1.1
Станіслав,stanislav,2023-02-11,486.0,,,Z,False,-0.14,-5.0,БС-77,486Z,v230_mouths,167,2.1.1
Станіслав,stanislav,2023-03-11,496.0,,,,False,-0.04,-5.0,БС-77,496,v230_mouths,167,2.1.1
Станіслав,stanislav,2023-04-11,485.0,,,,False,-0.15,-5.0,БС-77,485,v230_mouths,167,2.1.1
Станіслав,stanislav,2023-01-12,481.0,,,,False,-0.19,-5.0,БС-77,481,v230_mouths,167,2.1.1
Станіслав,stanislav,2023-02-12,484.0,,,-,False,-0.16,-5.0,БС-77,484 -,v230_mouths,167,2.1.1
Станіслав,stanislav,2023-03-12,497.0,,,,False,-0.03,-5.0,БС-77,497,v230_mouths,167,2.1.1
Станіслав,stanislav,2023-04-12,498.0,,,,False,-0.02,-5.0,БС-77,498,v230_mouths,167,2.1.1
Станіслав,stanislav,2023-01-13,483.0,,,,False,-0.17,-5.0,БС-77,483,v230_mouths,167,2.1.1
Станіслав,stanislav,2023-02-13,480.0,,,-,False,-0.2,-5.0,БС-77,480 -,v230_mouths,167,2.1.1
Станіслав,stanislav,2023-03-13,490.0,,,,False,-0.1,-5.0,БС-77,490,v230_mouths,167,2.1.1
Станіслав,stanislav,2023-04-13,502.0,,,,False,0.02,-5.0,БС-77,502,v230_mouths,167,2.1.1
Станіслав,stanislav,2023-01-14,487.0,,,,False,-0.13,-5.0,БС-77,487,v230_mouths,167,2.1.1
Станіслав,stanislav,2023-02-14,481.0,,,-,False,-0.19,-5.0,БС-77,481 -,v230_mouths,167,2.1.1
Станіслав,stanislav,2023-03-14,492.0,,,,False,-0.08,-5.0,БС-77,492,v230_mouths,167,2.1.1
Станіслав,stanislav,2023-04-14,502.0,,,,False,0.02,-5.0,БС-77,502,v230_mouths,167,2.1.1
Станіслав,stanislav,2023-01-15,490.0,,,,False,-0.1,-5.0,БС-77,490,v230_mouths,167,2.1.1
Станіслав,stanislav,2023-02-15,472.0,,,,False,-0.28,-5.0,БС-77,472,v230_mouths,167,2.1.1
Станіслав,stanislav,2023-03-15,498.0,,,,False,-0.02,-5.0,БС-77,498,v230_mouths,167,2.1.1
Станіслав,stanislav,2023-04-15,496.0,,,,False,-0.04,-5.0,БС-77,496,v230_mouths,167,2.1.1
Станіслав,stanislav,2023-01-16,494.0,,,,False,-0.06,-5.0,БС-77,494,v230_mouths,167,2.1.1
Станіслав,stanislav,2023-02-16,486.0,,,,False,-0.14,-5.0,БС-77,486,v230_mouths,167,2.1.1
Станіслав,stanislav,2023-03-16,490.0,,,,False,-0.1,-5.0,БС-77,490,v230_mouths,167,2.1.1
Станіслав,stanislav,2023-04-16,497.0,,,,False,-0.03,-5.0,БС-77,497,v230_mouths,167,2.1.1
Станіслав,stanislav,2023-01-17,507.0,,,,False,0.07,-5.0,БС-77,507,v230_mouths,167,2.1.1
Станіслав,stanislav,2023-03-17,482.0,,,,False,-0.18,-5.0,БС-77,482,v230_mouths,167,2.1.1
Станіслав,stanislav,2023-04-17,501.0,,,,False,0.01,-5.0,БС-77,501,v230_mouths,167,2.1.1
Станіслав,stanislav,2023-01-18,507.0,,,,False,0.07,-5.0,БС-77,507,v230_mouths,167,2.1.1
Станіслав,stanislav,2023-03-18,479.0,,,,False,-0.21,-5.0,БС-77,479,v230_mouths,167,2.1.1
Станіслав,stanislav,2023-04-18,503.0,,,,False,0.03,-5.0,БС-77,503,v230_mouths,167,2.1.1
Станіслав,stanislav,2023-01-19,503.0,,,,False,0.03,-5.0,БС-77,503,v230_mouths,167,2.1.1
Станіслав,stanislav,2023-03-19,485.0,,,,False,-0.15,-5.0,БС-77,485,v230_mouths,167,2.1.1
Станіслав,stanislav,2023-04-19,500.0,,,,False,0.0,-5.0,БС-77,500,v230_mouths,167,2.1.1
Станіслав,stanislav,2023-01-20,489.0,,,,False,-0.11,-5.0,БС-77,489,v230_mouths,167,2.1.1
Станіслав,stanislav,2023-03-20,495.0,,,,False,-0.05,-5.0,БС-77,495,v230_mouths,167,2.1.1
Станіслав,stanislav,2023-04-20,503.0,,,,False,0.03,-5.0,БС-77,503,v230_mouths,167,2.1.1
Станіслав,stanislav,2023-01-21,488.0,,,,False,-0.12,-5.0,БС-77,488,v230_mouths,167,2.1.1
Станіслав,stanislav,2023-03-21,495.0,,,,False,-0.05,-5.0,БС-77,495,v230_mouths,167,2.1.1
Станіслав,stanislav,2023-04-21,501.0,,,,False,0.01,-5.0,БС-77,501,v230_mouths,167,2.1.1
Станіслав,stanislav,2023-01-22,475.0,,,,False,-0.25,-5.0,БС-77,475,v230_mouths,167,2.1.1
Станіслав,stanislav,2023-03-22,489.0,,,,False,-0.11,-5.0,БС-77,489,v230_mouths,167,2.1.1
Станіслав,stanislav,2023-04-22,500.0,,,,False,0.0,-5.0,БС-77,500,v230_mouths,167,2.1.1
Станіслав,stanislav,2023-01-23,480.0,,,,False,-0.2,-5.0,БС-77,480,v230_mouths,167,2.1.1
Станіслав,stanislav,2023-03-23,487.0,,,,False,-0.13,-5.0,БС-77,487,v230_mouths,167,2.1.1
Станіслав,stanislav,2023-04-23,501.0,,,,False,0.01,-5.0,БС-77,501,v230_mouths,167,2.1.1
Станіслав,stanislav,2023-01-24,480.0,,,,False,-0.2,-5.0,БС-77,480,v230_mouths,167,2.1.1
Станіслав,stanislav,2023-03-24,493.0,,,,False,-0.07,-5.0,БС-77,493,v230_mouths,167,2.1.1
Станіслав,stanislav,2023-04-24,501.0,,,,False,0.01,-5.0,БС-77,501,v230_mouths,167,2.1.1
Станіслав,stanislav,2023-01-25,482.0,,,,False,-0.18,-5.0,БС-77,482,v230_mouths,167,2.1.1
Станіслав,stanislav,2023-03-25,497.0,,,,False,-0.03,-5.0,БС-77,497,v230_mouths,167,2.1.1
Станіслав,stanislav,2023-04-25,501.0,,,,False,0.01,-5.0,БС-77,501,v230_mouths,167,2.1.1
Станіслав,stanislav,2023-01-26,485.0,,,,False,-0.15,-5.0,БС-77,485,v230_mouths,167,2.1.1
Станіслав,stanislav,2023-03-26,501.0,,,,False,0.01,-5.0,БС-77,501,v230_mouths,167,2.1.1
Станіслав,stanislav,2023-04-26,506.0,,,,False,0.06,-5.0,БС-77,506,v230_mouths,167,2.1.1
Станіслав,stanislav,2023-01-27,478.0,,,,False,-0.22,-5.0,БС-77,478,v230_mouths,167,2.1.1
Станіслав,stanislav,2023-03-27,497.0,,,,False,-0.03,-5.0,БС-77,497,v230_mouths,167,2.1.1
Станіслав,stanislav,2023-04-27,495.0,,,,False,-0.05,-5.0,БС-77,495,v230_mouths,167,2.1.1
Станіслав,stanislav,2023-01-28,473.0,,,,False,-0.27,-5.0,БС-77,473,v230_mouths,167,2.1.1
Станіслав,stanislav,2023-03-28,512.0,,,,False,0.12,-5.0,БС-77,512,v230_mouths,167,2.1.1
Станіслав,stanislav,2023-04-28,487.0,,,,False,-0.13,-5.0,БС-77,487,v230_mouths,167,2.1.1
Станіслав,stanislav,2023-01-29,475.0,,,,False,-0.25,-5.0,БС-77,475,v230_mouths,167,2.1.1
Станіслав,stanislav,2023-03-29,490.0,,,,False,-0.1,-5.0,БС-77,490,v230_mouths,167,2.1.1
Станіслав,stanislav,2023-04-29,491.0,,,,False,-0.09,-5.0,БС-77,491,v230_mouths,167,2.1.1
Станіслав,stanislav,2023-01-30,482.0,,,,False,-0.18,-5.0,БС-77,482,v230_mouths,167,2.1.1
Станіслав,stanislav,2023-03-30,499.0,,,,False,-0.01,-5.0,БС-77,499,v230_mouths,167,2.1.1
Станіслав,stanislav,2023-04-30,504.0,,,,False,0.04,-5.0,БС-77,504,v230_mouths,167,2.1.1
Станіслав,stanislav,2023-01-31,487.0,,,,False,-0.13,-5.0,БС-77,487,v230_mouths,167,2.1.1
Станіслав,stanislav,2023-03-31,504.0,,,,False,0.04,-5.0,БС-77,504,v230_mouths,167,2.1.1
Парутине,parutyne,2023-01-01,499.0,,,,False,-0.01,-5.0,БС-77,499,v230_mouths,168,2.1.1
Парутине,parutyne,2023-02-01,486.0,,,,False,-0.14,-5.0,БС-77,486,v230_mouths,168,2.1.1
Парутине,parutyne,2023-03-01,486.0,,,,False,-0.14,-5.0,БС-77,486,v230_mouths,168,2.1.1
Парутине,parutyne,2023-04-01,507.0,,,,False,0.07,-5.0,БС-77,507,v230_mouths,168,2.1.1
Парутине,parutyne,2023-05-01,504.0,,,,False,0.04,-5.0,БС-77,504,v230_mouths,168,2.1.1
Парутине,parutyne,2023-06-01,505.0,,,,False,0.05,-5.0,БС-77,505,v230_mouths,168,2.1.1
Парутине,parutyne,2023-07-01,513.0,,,,False,0.13,-5.0,БС-77,513,v230_mouths,168,2.1.1
Парутине,parutyne,2023-08-01,503.0,,,,False,0.03,-5.0,БС-77,503,v230_mouths,168,2.1.1
Парутине,parutyne,2023-09-01,495.0,,,,False,-0.05,-5.0,БС-77,495,v230_mouths,168,2.1.1
Парутине,parutyne,2023-10-01,479.0,,,,False,-0.21,-5.0,БС-77,479,v230_mouths,168,2.1.1
Парутине,parutyne,2023-11-01,483.0,,,,False,-0.17,-5.0,БС-77,483,v230_mouths,168,2.1.1
Парутине,parutyne,2023-12-01,530.0,,,,False,0.3,-5.0,БС-77,530,v230_mouths,168,2.1.1
Парутине,parutyne,2023-01-02,498.0,,,,False,-0.02,-5.0,БС-77,498,v230_mouths,168,2.1.1
Парутине,parutyne,2023-02-02,490.0,,,,False,-0.1,-5.0,БС-77,490,v230_mouths,168,2.1.1
Парутине,parutyne,2023-03-02,483.0,,,,False,-0.17,-5.0,БС-77,483,v230_mouths,168,2.1.1
Парутине,parutyne,2023-04-02,507.0,,,,False,0.07,-5.0,БС-77,507,v230_mouths,168,2.1.1
Парутине,parutyne,2023-05-02,501.0,,,,False,0.01,-5.0,БС-77,501,v230_mouths,168,2.1.1
Парутине,parutyne,2023-06-02,510.0,,,,False,0.1,-5.0,БС-77,510,v230_mouths,168,2.1.1
Парутине,parutyne,2023-07-02,513.0,,,,False,0.13,-5.0,БС-77,513,v230_mouths,168,2.1.1
Парутине,parutyne,2023-08-02,508.0,,,,False,0.08,-5.0,БС-77,508,v230_mouths,168,2.1.1
Парутине,parutyne,2023-09-02,486.0,,,,False,-0.14,-5.0,БС-77,486,v230_mouths,168,2.1.1
Парутине,parutyne,2023-10-02,466.0,,,,False,-0.34,-5.0,БС-77,466,v230_mouths,168,2.1.1
Парутине,parutyne,2023-11-02,471.0,,,,False,-0.29,-5.0,БС-77,471,v230_mouths,168,2.1.1
Парутине,parutyne,2023-12-02,511.0,,,,False,0.11,-5.0,БС-77,511,v230_mouths,168,2.1.1
Парутине,parutyne,2023-01-03,502.0,,,,False,0.02,-5.0,БС-77,502,v230_mouths,168,2.1.1
Парутине,parutyne,2023-02-03,491.0,,,,False,-0.09,-5.0,БС-77,491,v230_mouths,168,2.1.1
Парутине,parutyne,2023-03-03,487.0,,,,False,-0.13,-5.0,БС-77,487,v230_mouths,168,2.1.1
Парутине,parutyne,2023-04-03,503.0,,,,False,0.03,-5.0,БС-77,503,v230_mouths,168,2.1.1
Парутине,parutyne,2023-05-03,504.0,,,,False,0.04,-5.0,БС-77,504,v230_mouths,168,2.1.1
Парутине,parutyne,2023-06-03,501.0,,,,False,0.01,-5.0,БС-77,501,v230_mouths,168,2.1.1
Парутине,parutyne,2023-07-03,511.0,,,,False,0.11,-5.0,БС-77,511,v230_mouths,168,2.1.1
Парутине,parutyne,2023-08-03,503.0,,,,False,0.03,-5.0,БС-77,503,v230_mouths,168,2.1.1
Парутине,parutyne,2023-09-03,487.0,,,,False,-0.13,-5.0,БС-77,487,v230_mouths,168,2.1.1
Парутине,parutyne,2023-10-03,477.0,,,,False,-0.23,-5.0,БС-77,477,v230_mouths,168,2.1.1
Парутине,parutyne,2023-11-03,478.0,,,,False,-0.22,-5.0,БС-77,478,v230_mouths,168,2.1.1
Парутине,parutyne,2023-12-03,507.0,,,,False,0.07,-5.0,БС-77,507,v230_mouths,168,2.1.1
Парутине,parutyne,2023-01-04,488.0,,,,False,-0.12,-5.0,БС-77,488,v230_mouths,168,2.1.1
Парутине,parutyne,2023-02-04,489.0,,,,False,-0.11,-5.0,БС-77,489,v230_mouths,168,2.1.1
Парутине,parutyne,2023-03-04,482.0,,,,False,-0.18,-5.0,БС-77,482,v230_mouths,168,2.1.1
Парутине,parutyne,2023-04-04,491.0,,,,False,-0.09,-5.0,БС-77,491,v230_mouths,168,2.1.1
Парутине,parutyne,2023-05-04,505.0,,,,False,0.05,-5.0,БС-77,505,v230_mouths,168,2.1.1
Парутине,parutyne,2023-06-04,495.0,,,,False,-0.05,-5.0,БС-77,495,v230_mouths,168,2.1.1
Парутине,parutyne,2023-07-04,506.0,,,,False,0.06,-5.0,БС-77,506,v230_mouths,168,2.1.1
Парутине,parutyne,2023-08-04,498.0,,,,False,-0.02,-5.0,БС-77,498,v230_mouths,168,2.1.1
Парутине,parutyne,2023-09-04,479.0,,,,False,-0.21,-5.0,БС-77,479,v230_mouths,168,2.1.1
Парутине,parutyne,2023-10-04,485.0,,,,False,-0.15,-5.0,БС-77,485,v230_mouths,168,2.1.1
Парутине,parutyne,2023-11-04,498.0,,,,False,-0.02,-5.0,БС-77,498,v230_mouths,168,2.1.1
Парутине,parutyne,2023-12-04,494.0,,,,False,-0.06,-5.0,БС-77,494,v230_mouths,168,2.1.1
Парутине,parutyne,2023-01-05,508.0,,,,False,0.08,-5.0,БС-77,508,v230_mouths,168,2.1.1
Парутине,parutyne,2023-02-05,471.0,,,,False,-0.29,-5.0,БС-77,471,v230_mouths,168,2.1.1
Парутине,parutyne,2023-03-05,487.0,,,,False,-0.13,-5.0,БС-77,487,v230_mouths,168,2.1.1
Парутине,parutyne,2023-04-05,501.0,,,,False,0.01,-5.0,БС-77,501,v230_mouths,168,2.1.1
Парутине,parutyne,2023-05-05,507.0,,,,False,0.07,-5.0,БС-77,507,v230_mouths,168,2.1.1
Парутине,parutyne,2023-06-05,497.0,,,,False,-0.03,-5.0,БС-77,497,v230_mouths,168,2.1.1
Парутине,parutyne,2023-07-05,497.0,,,,False,-0.03,-5.0,БС-77,497,v230_mouths,168,2.1.1
Парутине,parutyne,2023-08-05,491.0,,,,False,-0.09,-5.0,БС-77,491,v230_mouths,168,2.1.1
Парутине,parutyne,2023-09-05,479.0,,,,False,-0.21,-5.0,БС-77,479,v230_mouths,168,2.1.1
Парутине,parutyne,2023-10-05,472.0,,,,False,-0.28,-5.0,БС-77,472,v230_mouths,168,2.1.1
Парутине,parutyne,2023-11-05,502.0,,,,False,0.02,-5.0,БС-77,502,v230_mouths,168,2.1.1
Парутине,parutyne,2023-12-05,503.0,,,,False,0.03,-5.0,БС-77,503,v230_mouths,168,2.1.1
Парутине,parutyne,2023-01-06,483.0,,,,False,-0.17,-5.0,БС-77,483,v230_mouths,168,2.1.1
Парутине,parutyne,2023-02-06,460.0,,,,False,-0.4,-5.0,БС-77,460,v230_mouths,168,2.1.1
Парутине,parutyne,2023-03-06,487.0,,,,False,-0.13,-5.0,БС-77,487,v230_mouths,168,2.1.1
Парутине,parutyne,2023-04-06,515.0,,,,False,0.15,-5.0,БС-77,515,v230_mouths,168,2.1.1
Парутине,parutyne,2023-05-06,493.0,,,,False,-0.07,-5.0,БС-77,493,v230_mouths,168,2.1.1
Парутине,parutyne,2023-06-06,515.0,/,dam_breach_distortion,,False,0.15,-5.0,БС-77,515/,v230_mouths,168,2.1.1
Парутине,parutyne,2023-07-06,500.0,,,,False,0.0,-5.0,БС-77,500,v230_mouths,168,2.1.1
Парутине,parutyne,2023-08-06,488.0,,,,False,-0.12,-5.0,БС-77,488,v230_mouths,168,2.1.1
Парутине,parutyne,2023-09-06,484.0,,,,False,-0.16,-5.0,БС-77,484,v230_mouths,168,2.1.1
Парутине,parutyne,2023-10-06,475.0,,,,False,-0.25,-5.0,БС-77,475,v230_mouths,168,2.1.1
Парутине,parutyne,2023-11-06,494.0,,,,False,-0.06,-5.0,БС-77,494,v230_mouths,168,2.1.1
Парутине,parutyne,2023-12-06,495.0,,,,False,-0.05,-5.0,БС-77,495,v230_mouths,168,2.1.1
Парутине,parutyne,2023-01-07,485.0,,,,False,-0.15,-5.0,БС-77,485,v230_mouths,168,2.1.1
Парутине,parutyne,2023-02-07,467.0,,,,False,-0.33,-5.0,БС-77,467,v230_mouths,168,2.1.1
Парутине,parutyne,2023-03-07,502.0,,,,False,0.02,-5.0,БС-77,502,v230_mouths,168,2.1.1
Парутине,parutyne,2023-04-07,499.0,,,,False,-0.01,-5.0,БС-77,499,v230_mouths,168,2.1.1
Парутине,parutyne,2023-05-07,496.0,,,,False,-0.04,-5.0,БС-77,496,v230_mouths,168,2.1.1
Парутине,parutyne,2023-06-07,568.0,/,dam_breach_distortion,,False,0.68,-5.0,БС-77,568/,v230_mouths,168,2.1.1
Парутине,parutyne,2023-07-07,498.0,,,,False,-0.02,-5.0,БС-77,498,v230_mouths,168,2.1.1
Парутине,parutyne,2023-08-07,512.0,,,,False,0.12,-5.0,БС-77,512,v230_mouths,168,2.1.1
Парутине,parutyne,2023-09-07,483.0,,,,False,-0.17,-5.0,БС-77,483,v230_mouths,168,2.1.1
Парутине,parutyne,2023-10-07,487.0,,,,False,-0.13,-5.0,БС-77,487,v230_mouths,168,2.1.1
Парутине,parutyne,2023-11-07,486.0,,,,False,-0.14,-5.0,БС-77,486,v230_mouths,168,2.1.1
Парутине,parutyne,2023-12-07,495.0,,,,False,-0.05,-5.0,БС-77,495,v230_mouths,168,2.1.1
Парутине,parutyne,2023-01-08,487.0,,,,False,-0.13,-5.0,БС-77,487,v230_mouths,168,2.1.1
Парутине,parutyne,2023-02-08,465.0,,,-,False,-0.35,-5.0,БС-77,465-,v230_mouths,168,2.1.1
Парутине,parutyne,2023-03-08,501.0,,,,False,0.01,-5.0,БС-77,501,v230_mouths,168,2.1.1
Парутине,parutyne,2023-04-08,501.0,,,,False,0.01,-5.0,БС-77,501,v230_mouths,168,2.1.1
Парутине,parutyne,2023-05-08,502.0,,,,False,0.02,-5.0,БС-77,502,v230_mouths,168,2.1.1
Парутине,parutyne,2023-06-08,595.0,/,dam_breach_distortion,,False,0.95,-5.0,БС-77,595/,v230_mouths,168,2.1.1
Парутине,parutyne,2023-07-08,486.0,,,,False,-0.14,-5.0,БС-77,486,v230_mouths,168,2.1.1
Парутине,parutyne,2023-08-08,484.0,,,,False,-0.16,-5.0,БС-77,484,v230_mouths,168,2.1.1
Парутине,parutyne,2023-09-08,480.0,,,,False,-0.2,-5.0,БС-77,480,v230_mouths,168,2.1.1
Парутине,parutyne,2023-10-08,477.0,,,,False,-0.23,-5.0,БС-77,477,v230_mouths,168,2.1.1
Парутине,parutyne,2023-11-08,501.0,,,,False,0.01,-5.0,БС-77,501,v230_mouths,168,2.1.1
Парутине,parutyne,2023-12-08,491.0,,,,False,-0.09,-5.0,БС-77,491,v230_mouths,168,2.1.1
Парутине,parutyne,2023-01-09,499.0,,,,False,-0.01,-5.0,БС-77,499,v230_mouths,168,2.1.1
Парутине,parutyne,2023-02-09,487.0,,,-,False,-0.13,-5.0,БС-77,487-,v230_mouths,168,2.1.1
Парутине,parutyne,2023-03-09,501.0,,,,False,0.01,-5.0,БС-77,501,v230_mouths,168,2.1.1
Парутине,parutyne,2023-04-09,497.0,,,,False,-0.03,-5.0,БС-77,497,v230_mouths,168,2.1.1
Парутине,parutyne,2023-05-09,499.0,,,,False,-0.01,-5.0,БС-77,499,v230_mouths,168,2.1.1
Парутине,parutyne,2023-06-09,595.0,/,dam_breach_distortion,,False,0.95,-5.0,БС-77,595/,v230_mouths,168,2.1.1
Парутине,parutyne,2023-07-09,478.0,,,,False,-0.22,-5.0,БС-77,478,v230_mouths,168,2.1.1
Парутине,parutyne,2023-08-09,485.0,,,,False,-0.15,-5.0,БС-77,485,v230_mouths,168,2.1.1
Парутине,parutyne,2023-09-09,487.0,,,,False,-0.13,-5.0,БС-77,487,v230_mouths,168,2.1.1
Парутине,parutyne,2023-10-09,468.0,,,,False,-0.32,-5.0,БС-77,468,v230_mouths,168,2.1.1
Парутине,parutyne,2023-11-09,475.0,,,,False,-0.25,-5.0,БС-77,475,v230_mouths,168,2.1.1
Парутине,parutyne,2023-12-09,485.0,,,,False,-0.15,-5.0,БС-77,485,v230_mouths,168,2.1.1
Парутине,parutyne,2023-01-10,490.0,,,,False,-0.1,-5.0,БС-77,490,v230_mouths,168,2.1.1
Парутине,parutyne,2023-02-10,489.0,,,І,False,-0.11,-5.0,БС-77,489 І,v230_mouths,168,2.1.1
Парутине,parutyne,2023-03-10,496.0,,,,False,-0.04,-5.0,БС-77,496,v230_mouths,168,2.1.1
Парутине,parutyne,2023-04-10,487.0,,,,False,-0.13,-5.0,БС-77,487,v230_mouths,168,2.1.1
Парутине,parutyne,2023-05-10,502.0,,,,False,0.02,-5.0,БС-77,502,v230_mouths,168,2.1.1
Парутине,parutyne,2023-06-10,581.0,/,dam_breach_distortion,,False,0.81,-5.0,БС-77,581/,v230_mouths,168,2.1.1
Парутине,parutyne,2023-07-10,500.0,,,,False,0.0,-5.0,БС-77,500,v230_mouths,168,2.1.1
Парутине,parutyne,2023-08-10,483.0,,,,False,-0.17,-5.0,БС-77,483,v230_mouths,168,2.1.1
Парутине,parutyne,2023-09-10,492.0,,,,False,-0.08,-5.0,БС-77,492,v230_mouths,168,2.1.1
Парутине,parutyne,2023-10-10,478.0,,,,False,-0.22,-5.0,БС-77,478,v230_mouths,168,2.1.1
Парутине,parutyne,2023-11-10,489.0,,,,False,-0.11,-5.0,БС-77,489,v230_mouths,168,2.1.1
Парутине,parutyne,2023-12-10,500.0,,,,False,0.0,-5.0,БС-77,500,v230_mouths,168,2.1.1
Парутине,parutyne,2023-01-11,473.0,,,,False,-0.27,-5.0,БС-77,473,v230_mouths,168,2.1.1
Парутине,parutyne,2023-02-11,485.0,,,І,False,-0.15,-5.0,БС-77,485 І,v230_mouths,168,2.1.1
Парутине,parutyne,2023-03-11,508.0,,,,False,0.08,-5.0,БС-77,508,v230_mouths,168,2.1.1
Парутине,parutyne,2023-04-11,490.0,,,,False,-0.1,-5.0,БС-77,490,v230_mouths,168,2.1.1
Парутине,parutyne,2023-05-11,498.0,,,,False,-0.02,-5.0,БС-77,498,v230_mouths,168,2.1.1
Парутине,parutyne,2023-06-11,561.0,/,dam_breach_distortion,,False,0.61,-5.0,БС-77,561/,v230_mouths,168,2.1.1
Парутине,parutyne,2023-07-11,506.0,,,,False,0.06,-5.0,БС-77,506,v230_mouths,168,2.1.1
Парутине,parutyne,2023-08-11,484.0,,,,False,-0.16,-5.0,БС-77,484,v230_mouths,168,2.1.1
Парутине,parutyne,2023-09-11,489.0,,,,False,-0.11,-5.0,БС-77,489,v230_mouths,168,2.1.1
Парутине,parutyne,2023-10-11,481.0,,,,False,-0.19,-5.0,БС-77,481,v230_mouths,168,2.1.1
Парутине,parutyne,2023-11-11,504.0,,,,False,0.04,-5.0,БС-77,504,v230_mouths,168,2.1.1
Парутине,parutyne,2023-12-11,501.0,,,,False,0.01,-5.0,БС-77,501,v230_mouths,168,2.1.1
Парутине,parutyne,2023-01-12,484.0,,,,False,-0.16,-5.0,БС-77,484,v230_mouths,168,2.1.1
Парутине,parutyne,2023-02-12,479.0,,,І,False,-0.21,-5.0,БС-77,479 І,v230_mouths,168,2.1.1
Парутине,parutyne,2023-03-12,492.0,,,,False,-0.08,-5.0,БС-77,492,v230_mouths,168,2.1.1
Парутине,parutyne,2023-04-12,500.0,,,,False,0.0,-5.0,БС-77,500,v230_mouths,168,2.1.1
Парутине,parutyne,2023-05-12,496.0,,,,False,-0.04,-5.0,БС-77,496,v230_mouths,168,2.1.1
Парутине,parutyne,2023-06-12,543.0,/,dam_breach_distortion,,False,0.43,-5.0,БС-77,543/,v230_mouths,168,2.1.1
Парутине,parutyne,2023-07-12,504.0,,,,False,0.04,-5.0,БС-77,504,v230_mouths,168,2.1.1
Парутине,parutyne,2023-08-12,493.0,,,,False,-0.07,-5.0,БС-77,493,v230_mouths,168,2.1.1
Парутине,parutyne,2023-09-12,492.0,,,,False,-0.08,-5.0,БС-77,492,v230_mouths,168,2.1.1
Парутине,parutyne,2023-10-12,486.0,,,,False,-0.14,-5.0,БС-77,486,v230_mouths,168,2.1.1
Парутине,parutyne,2023-11-12,519.0,,,,False,0.19,-5.0,БС-77,519,v230_mouths,168,2.1.1
Парутине,parutyne,2023-12-12,497.0,,,,False,-0.03,-5.0,БС-77,497,v230_mouths,168,2.1.1
Парутине,parutyne,2023-01-13,482.0,,,,False,-0.18,-5.0,БС-77,482,v230_mouths,168,2.1.1
Парутине,parutyne,2023-02-13,479.0,,,-,False,-0.21,-5.0,БС-77,479-,v230_mouths,168,2.1.1
Парутине,parutyne,2023-03-13,490.0,,,,False,-0.1,-5.0,БС-77,490,v230_mouths,168,2.1.1
Парутине,parutyne,2023-04-13,501.0,,,,False,0.01,-5.0,БС-77,501,v230_mouths,168,2.1.1
Парутине,parutyne,2023-05-13,498.0,,,,False,-0.02,-5.0,БС-77,498,v230_mouths,168,2.1.1
Парутине,parutyne,2023-06-13,536.0,/,dam_breach_distortion,,False,0.36,-5.0,БС-77,536/,v230_mouths,168,2.1.1
Парутине,parutyne,2023-07-13,512.0,,,,False,0.12,-5.0,БС-77,512,v230_mouths,168,2.1.1
Парутине,parutyne,2023-08-13,497.0,,,,False,-0.03,-5.0,БС-77,497,v230_mouths,168,2.1.1
Парутине,parutyne,2023-09-13,493.0,,,,False,-0.07,-5.0,БС-77,493,v230_mouths,168,2.1.1
Парутине,parutyne,2023-10-13,483.0,,,,False,-0.17,-5.0,БС-77,483,v230_mouths,168,2.1.1
Парутине,parutyne,2023-11-13,486.0,,,,False,-0.14,-5.0,БС-77,486,v230_mouths,168,2.1.1
Парутине,parutyne,2023-12-13,506.0,,,,False,0.06,-5.0,БС-77,506,v230_mouths,168,2.1.1
Парутине,parutyne,2023-01-14,488.0,,,,False,-0.12,-5.0,БС-77,488,v230_mouths,168,2.1.1
Парутине,parutyne,2023-02-14,475.0,,,,False,-0.25,-5.0,БС-77,475,v230_mouths,168,2.1.1
Парутине,parutyne,2023-03-14,496.0,,,,False,-0.04,-5.0,БС-77,496,v230_mouths,168,2.1.1
Парутине,parutyne,2023-04-14,499.0,,,,False,-0.01,-5.0,БС-77,499,v230_mouths,168,2.1.1
Парутине,parutyne,2023-05-14,505.0,,,,False,0.05,-5.0,БС-77,505,v230_mouths,168,2.1.1
Парутине,parutyne,2023-06-14,527.0,/,dam_breach_distortion,,False,0.27,-5.0,БС-77,527/,v230_mouths,168,2.1.1
Парутине,parutyne,2023-07-14,514.0,,,,False,0.14,-5.0,БС-77,514,v230_mouths,168,2.1.1
Парутине,parutyne,2023-08-14,488.0,,,,False,-0.12,-5.0,БС-77,488,v230_mouths,168,2.1.1
Парутине,parutyne,2023-09-14,499.0,,,,False,-0.01,-5.0,БС-77,499,v230_mouths,168,2.1.1
Парутине,parutyne,2023-10-14,481.0,,,,False,-0.19,-5.0,БС-77,481,v230_mouths,168,2.1.1
Парутине,parutyne,2023-11-14,505.0,,,,False,0.05,-5.0,БС-77,505,v230_mouths,168,2.1.1
Парутине,parutyne,2023-12-14,529.0,,,,False,0.29,-5.0,БС-77,529,v230_mouths,168,2.1.1
Парутине,parutyne,2023-01-15,490.0,,,,False,-0.1,-5.0,БС-77,490,v230_mouths,168,2.1.1
Парутине,parutyne,2023-02-15,473.0,,,,False,-0.27,-5.0,БС-77,473,v230_mouths,168,2.1.1
Парутине,parutyne,2023-03-15,498.0,,,,False,-0.02,-5.0,БС-77,498,v230_mouths,168,2.1.1
Парутине,parutyne,2023-04-15,500.0,,,,False,0.0,-5.0,БС-77,500,v230_mouths,168,2.1.1
Парутине,parutyne,2023-05-15,507.0,,,,False,0.07,-5.0,БС-77,507,v230_mouths,168,2.1.1
Парутине,parutyne,2023-06-15,525.0,/,dam_breach_distortion,,False,0.25,-5.0,БС-77,525/,v230_mouths,168,2.1.1
Парутине,parutyne,2023-07-15,507.0,,,,False,0.07,-5.0,БС-77,507,v230_mouths,168,2.1.1
Парутине,parutyne,2023-08-15,488.0,,,,False,-0.12,-5.0,БС-77,488,v230_mouths,168,2.1.1
Парутине,parutyne,2023-09-15,495.0,,,,False,-0.05,-5.0,БС-77,495,v230_mouths,168,2.1.1
Парутине,parutyne,2023-10-15,486.0,,,,False,-0.14,-5.0,БС-77,486,v230_mouths,168,2.1.1
Парутине,parutyne,2023-11-15,494.0,,,,False,-0.06,-5.0,БС-77,494,v230_mouths,168,2.1.1
Парутине,parutyne,2023-12-15,486.0,,,,False,-0.14,-5.0,БС-77,486,v230_mouths,168,2.1.1
Парутине,parutyne,2023-01-16,496.0,,,,False,-0.04,-5.0,БС-77,496,v230_mouths,168,2.1.1
Парутине,parutyne,2023-02-16,487.0,,,,False,-0.13,-5.0,БС-77,487,v230_mouths,168,2.1.1
Парутине,parutyne,2023-03-16,489.0,,,,False,-0.11,-5.0,БС-77,489,v230_mouths,168,2.1.1
Парутине,parutyne,2023-04-16,501.0,,,,False,0.01,-5.0,БС-77,501,v230_mouths,168,2.1.1
Парутине,parutyne,2023-05-16,505.0,,,,False,0.05,-5.0,БС-77,505,v230_mouths,168,2.1.1
Парутине,parutyne,2023-06-16,521.0,,,,False,0.21,-5.0,БС-77,521,v230_mouths,168,2.1.1
Парутине,parutyne,2023-07-16,507.0,,,,False,0.07,-5.0,БС-77,507,v230_mouths,168,2.1.1
Парутине,parutyne,2023-08-16,491.0,,,,False,-0.09,-5.0,БС-77,491,v230_mouths,168,2.1.1
Парутине,parutyne,2023-09-16,481.0,,,,False,-0.19,-5.0,БС-77,481,v230_mouths,168,2.1.1
Парутине,parutyne,2023-10-16,460.0,,,,False,-0.4,-5.0,БС-77,460,v230_mouths,168,2.1.1
Парутине,parutyne,2023-11-16,479.0,,,,False,-0.21,-5.0,БС-77,479,v230_mouths,168,2.1.1
Парутине,parutyne,2023-12-16,498.0,,,,False,-0.02,-5.0,БС-77,498,v230_mouths,168,2.1.1
Парутине,parutyne,2023-01-17,512.0,,,,False,0.12,-5.0,БС-77,512,v230_mouths,168,2.1.1
Парутине,parutyne,2023-02-17,499.0,,,,False,-0.01,-5.0,БС-77,499,v230_mouths,168,2.1.1
Парутине,parutyne,2023-03-17,479.0,,,,False,-0.21,-5.0,БС-77,479,v230_mouths,168,2.1.1
Парутине,parutyne,2023-04-17,503.0,,,,False,0.03,-5.0,БС-77,503,v230_mouths,168,2.1.1
Парутине,parutyne,2023-05-17,505.0,,,,False,0.05,-5.0,БС-77,505,v230_mouths,168,2.1.1
Парутине,parutyne,2023-06-17,514.0,,,,False,0.14,-5.0,БС-77,514,v230_mouths,168,2.1.1
Парутине,parutyne,2023-07-17,510.0,,,,False,0.1,-5.0,БС-77,510,v230_mouths,168,2.1.1
Парутине,parutyne,2023-08-17,493.0,,,,False,-0.07,-5.0,БС-77,493,v230_mouths,168,2.1.1
Парутине,parutyne,2023-09-17,483.0,,,,False,-0.17,-5.0,БС-77,483,v230_mouths,168,2.1.1
Парутине,parutyne,2023-10-17,471.0,,,,False,-0.29,-5.0,БС-77,471,v230_mouths,168,2.1.1
Парутине,parutyne,2023-11-17,482.0,,,,False,-0.18,-5.0,БС-77,482,v230_mouths,168,2.1.1
Парутине,parutyne,2023-12-17,511.0,,,,False,0.11,-5.0,БС-77,511,v230_mouths,168,2.1.1
Парутине,parutyne,2023-01-18,512.0,,,,False,0.12,-5.0,БС-77,512,v230_mouths,168,2.1.1
Парутине,parutyne,2023-02-18,502.0,,,,False,0.02,-5.0,БС-77,502,v230_mouths,168,2.1.1
Парутине,parutyne,2023-03-18,489.0,,,,False,-0.11,-5.0,БС-77,489,v230_mouths,168,2.1.1
Парутине,parutyne,2023-04-18,496.0,,,,False,-0.04,-5.0,БС-77,496,v230_mouths,168,2.1.1
Парутине,parutyne,2023-05-18,506.0,,,,False,0.06,-5.0,БС-77,506,v230_mouths,168,2.1.1
Парутине,parutyne,2023-06-18,511.0,,,,False,0.11,-5.0,БС-77,511,v230_mouths,168,2.1.1
Парутине,parutyne,2023-07-18,512.0,,,,False,0.12,-5.0,БС-77,512,v230_mouths,168,2.1.1
Парутине,parutyne,2023-08-18,491.0,,,,False,-0.09,-5.0,БС-77,491,v230_mouths,168,2.1.1
Парутине,parutyne,2023-09-18,484.0,,,,False,-0.16,-5.0,БС-77,484,v230_mouths,168,2.1.1
Парутине,parutyne,2023-10-18,466.0,,,,False,-0.34,-5.0,БС-77,466,v230_mouths,168,2.1.1
Парутине,parutyne,2023-11-18,471.0,,,,False,-0.29,-5.0,БС-77,471,v230_mouths,168,2.1.1
Парутине,parutyne,2023-12-18,502.0,,,,False,0.02,-5.0,БС-77,502,v230_mouths,168,2.1.1
Парутине,parutyne,2023-01-19,508.0,,,,False,0.08,-5.0,БС-77,508,v230_mouths,168,2.1.1
Парутине,parutyne,2023-02-19,497.0,,,,False,-0.03,-5.0,БС-77,497,v230_mouths,168,2.1.1
Парутине,parutyne,2023-03-19,486.0,,,,False,-0.14,-5.0,БС-77,486,v230_mouths,168,2.1.1
Парутине,parutyne,2023-04-19,500.0,,,,False,0.0,-5.0,БС-77,500,v230_mouths,168,2.1.1
Парутине,parutyne,2023-05-19,502.0,,,,False,0.02,-5.0,БС-77,502,v230_mouths,168,2.1.1
Парутине,parutyne,2023-06-19,512.0,,,,False,0.12,-5.0,БС-77,512,v230_mouths,168,2.1.1
Парутине,parutyne,2023-07-19,503.0,,,,False,0.03,-5.0,БС-77,503,v230_mouths,168,2.1.1
Парутине,parutyne,2023-08-19,491.0,,,,False,-0.09,-5.0,БС-77,491,v230_mouths,168,2.1.1
Парутине,parutyne,2023-09-19,488.0,,,,False,-0.12,-5.0,БС-77,488,v230_mouths,168,2.1.1
Парутине,parutyne,2023-10-19,489.0,,,,False,-0.11,-5.0,БС-77,489,v230_mouths,168,2.1.1
Парутине,parutyne,2023-11-19,441.0,,,,False,-0.59,-5.0,БС-77,441,v230_mouths,168,2.1.1
Парутине,parutyne,2023-12-19,504.0,,,,False,0.04,-5.0,БС-77,504,v230_mouths,168,2.1.1
Парутине,parutyne,2023-01-20,494.0,,,,False,-0.06,-5.0,БС-77,494,v230_mouths,168,2.1.1
Парутине,parutyne,2023-02-20,488.0,,,,False,-0.12,-5.0,БС-77,488,v230_mouths,168,2.1.1
Парутине,parutyne,2023-03-20,493.0,,,,False,-0.07,-5.0,БС-77,493,v230_mouths,168,2.1.1
Парутине,parutyne,2023-04-20,503.0,,,,False,0.03,-5.0,БС-77,503,v230_mouths,168,2.1.1
Парутине,parutyne,2023-05-20,501.0,,,,False,0.01,-5.0,БС-77,501,v230_mouths,168,2.1.1
Парутине,parutyne,2023-06-20,513.0,,,,False,0.13,-5.0,БС-77,513,v230_mouths,168,2.1.1
Парутине,parutyne,2023-07-20,506.0,,,,False,0.06,-5.0,БС-77,506,v230_mouths,168,2.1.1
Парутине,parutyne,2023-08-20,489.0,,,,False,-0.11,-5.0,БС-77,489,v230_mouths,168,2.1.1
Парутине,parutyne,2023-09-20,488.0,,,,False,-0.12,-5.0,БС-77,488,v230_mouths,168,2.1.1
Парутине,parutyne,2023-10-20,503.0,,,,False,0.03,-5.0,БС-77,503,v230_mouths,168,2.1.1
Парутине,parutyne,2023-11-20,480.0,,,,False,-0.2,-5.0,БС-77,480,v230_mouths,168,2.1.1
Парутине,parutyne,2023-12-20,516.0,,,,False,0.16,-5.0,БС-77,516,v230_mouths,168,2.1.1
Парутине,parutyne,2023-01-21,495.0,,,,False,-0.05,-5.0,БС-77,495,v230_mouths,168,2.1.1
Парутине,parutyne,2023-02-21,508.0,,,,False,0.08,-5.0,БС-77,508,v230_mouths,168,2.1.1
Парутине,parutyne,2023-03-21,499.0,,,,False,-0.01,-5.0,БС-77,499,v230_mouths,168,2.1.1
Парутине,parutyne,2023-04-21,502.0,,,,False,0.02,-5.0,БС-77,502,v230_mouths,168,2.1.1
Парутине,parutyne,2023-05-21,500.0,,,,False,0.0,-5.0,БС-77,500,v230_mouths,168,2.1.1
Парутине,parutyne,2023-06-21,512.0,,,,False,0.12,-5.0,БС-77,512,v230_mouths,168,2.1.1
Парутине,parutyne,2023-07-21,500.0,,,,False,0.0,-5.0,БС-77,500,v230_mouths,168,2.1.1
Парутине,parutyne,2023-08-21,491.0,,,,False,-0.09,-5.0,БС-77,491,v230_mouths,168,2.1.1
Парутине,parutyne,2023-09-21,482.0,,,,False,-0.18,-5.0,БС-77,482,v230_mouths,168,2.1.1
Парутине,parutyne,2023-10-21,481.0,,,,False,-0.19,-5.0,БС-77,481,v230_mouths,168,2.1.1
Парутине,parutyne,2023-11-21,479.0,,,,False,-0.21,-5.0,БС-77,479,v230_mouths,168,2.1.1
Парутине,parutyne,2023-12-21,510.0,,,,False,0.1,-5.0,БС-77,510,v230_mouths,168,2.1.1
Парутине,parutyne,2023-01-22,483.0,,,,False,-0.17,-5.0,БС-77,483,v230_mouths,168,2.1.1
Парутине,parutyne,2023-02-22,485.0,,,,False,-0.15,-5.0,БС-77,485,v230_mouths,168,2.1.1
Парутине,parutyne,2023-03-22,492.0,,,,False,-0.08,-5.0,БС-77,492,v230_mouths,168,2.1.1
Парутине,parutyne,2023-04-22,500.0,,,,False,0.0,-5.0,БС-77,500,v230_mouths,168,2.1.1
Парутине,parutyne,2023-05-22,500.0,,,,False,0.0,-5.0,БС-77,500,v230_mouths,168,2.1.1
Парутине,parutyne,2023-06-22,508.0,,,,False,0.08,-5.0,БС-77,508,v230_mouths,168,2.1.1
Парутине,parutyne,2023-07-22,503.0,,,,False,0.03,-5.0,БС-77,503,v230_mouths,168,2.1.1
Парутине,parutyne,2023-08-22,493.0,,,,False,-0.07,-5.0,БС-77,493,v230_mouths,168,2.1.1
Парутине,parutyne,2023-09-22,485.0,,,,False,-0.15,-5.0,БС-77,485,v230_mouths,168,2.1.1
Парутине,parutyne,2023-10-22,481.0,,,,False,-0.19,-5.0,БС-77,481,v230_mouths,168,2.1.1
Парутине,parutyne,2023-11-22,484.0,,,,False,-0.16,-5.0,БС-77,484,v230_mouths,168,2.1.1
Парутине,parutyne,2023-12-22,523.0,,,,False,0.23,-5.0,БС-77,523,v230_mouths,168,2.1.1
Парутине,parutyne,2023-01-23,479.0,,,,False,-0.21,-5.0,БС-77,479,v230_mouths,168,2.1.1
Парутине,parutyne,2023-02-23,480.0,,,,False,-0.2,-5.0,БС-77,480,v230_mouths,168,2.1.1
Парутине,parutyne,2023-03-23,491.0,,,,False,-0.09,-5.0,БС-77,491,v230_mouths,168,2.1.1
Парутине,parutyne,2023-04-23,503.0,,,,False,0.03,-5.0,БС-77,503,v230_mouths,168,2.1.1
Парутине,parutyne,2023-05-23,504.0,,,,False,0.04,-5.0,БС-77,504,v230_mouths,168,2.1.1
Парутине,parutyne,2023-06-23,514.0,,,,False,0.14,-5.0,БС-77,514,v230_mouths,168,2.1.1
Парутине,parutyne,2023-07-23,492.0,,,,False,-0.08,-5.0,БС-77,492,v230_mouths,168,2.1.1
Парутине,parutyne,2023-08-23,493.0,,,,False,-0.07,-5.0,БС-77,493,v230_mouths,168,2.1.1
Парутине,parutyne,2023-09-23,484.0,,,,False,-0.16,-5.0,БС-77,484,v230_mouths,168,2.1.1
Парутине,parutyne,2023-10-23,481.0,,,,False,-0.19,-5.0,БС-77,481,v230_mouths,168,2.1.1
Парутине,parutyne,2023-11-23,489.0,,,,False,-0.11,-5.0,БС-77,489,v230_mouths,168,2.1.1
Парутине,parutyne,2023-12-23,506.0,,,,False,0.06,-5.0,БС-77,506,v230_mouths,168,2.1.1
Парутине,parutyne,2023-01-24,484.0,,,,False,-0.16,-5.0,БС-77,484,v230_mouths,168,2.1.1
Парутине,parutyne,2023-02-24,505.0,,,,False,0.05,-5.0,БС-77,505,v230_mouths,168,2.1.1
Парутине,parutyne,2023-03-24,494.0,,,,False,-0.06,-5.0,БС-77,494,v230_mouths,168,2.1.1
Парутине,parutyne,2023-04-24,502.0,,,,False,0.02,-5.0,БС-77,502,v230_mouths,168,2.1.1
Парутине,parutyne,2023-05-24,504.0,,,,False,0.04,-5.0,БС-77,504,v230_mouths,168,2.1.1
Парутине,parutyne,2023-06-24,518.0,,,,False,0.18,-5.0,БС-77,518,v230_mouths,168,2.1.1
Парутине,parutyne,2023-07-24,493.0,,,,False,-0.07,-5.0,БС-77,493,v230_mouths,168,2.1.1
Парутине,parutyne,2023-08-24,492.0,,,,False,-0.08,-5.0,БС-77,492,v230_mouths,168,2.1.1
Парутине,parutyne,2023-09-24,483.0,,,,False,-0.17,-5.0,БС-77,483,v230_mouths,168,2.1.1
Парутине,parutyne,2023-10-24,479.0,,,,False,-0.21,-5.0,БС-77,479,v230_mouths,168,2.1.1
Парутине,parutyne,2023-11-24,502.0,,,,False,0.02,-5.0,БС-77,502,v230_mouths,168,2.1.1
Парутине,parutyne,2023-12-24,502.0,,,,False,0.02,-5.0,БС-77,502,v230_mouths,168,2.1.1
Парутине,parutyne,2023-01-25,483.0,,,,False,-0.17,-5.0,БС-77,483,v230_mouths,168,2.1.1
Парутине,parutyne,2023-02-25,508.0,,,,False,0.08,-5.0,БС-77,508,v230_mouths,168,2.1.1
Парутине,parutyne,2023-03-25,502.0,,,,False,0.02,-5.0,БС-77,502,v230_mouths,168,2.1.1
Парутине,parutyne,2023-04-25,501.0,,,,False,0.01,-5.0,БС-77,501,v230_mouths,168,2.1.1
Парутине,parutyne,2023-05-25,503.0,,,,False,0.03,-5.0,БС-77,503,v230_mouths,168,2.1.1
Парутине,parutyne,2023-06-25,512.0,,,,False,0.12,-5.0,БС-77,512,v230_mouths,168,2.1.1
Парутине,parutyne,2023-07-25,511.0,,,,False,0.11,-5.0,БС-77,511,v230_mouths,168,2.1.1
Парутине,parutyne,2023-08-25,495.0,,,,False,-0.05,-5.0,БС-77,495,v230_mouths,168,2.1.1
Парутине,parutyne,2023-09-25,476.0,,,,False,-0.24,-5.0,БС-77,476,v230_mouths,168,2.1.1
Парутине,parutyne,2023-10-25,498.0,,,,False,-0.02,-5.0,БС-77,498,v230_mouths,168,2.1.1
Парутине,parutyne,2023-11-25,479.0,,,,False,-0.21,-5.0,БС-77,479,v230_mouths,168,2.1.1
Парутине,parutyne,2023-12-25,510.0,,,,False,0.1,-5.0,БС-77,510,v230_mouths,168,2.1.1
Парутине,parutyne,2023-01-26,486.0,,,,False,-0.14,-5.0,БС-77,486,v230_mouths,168,2.1.1
Парутине,parutyne,2023-02-26,492.0,,,,False,-0.08,-5.0,БС-77,492,v230_mouths,168,2.1.1
Парутине,parutyne,2023-03-26,504.0,,,,False,0.04,-5.0,БС-77,504,v230_mouths,168,2.1.1
Парутине,parutyne,2023-04-26,506.0,,,,False,0.06,-5.0,БС-77,506,v230_mouths,168,2.1.1
Парутине,parutyne,2023-05-26,500.0,,,,False,0.0,-5.0,БС-77,500,v230_mouths,168,2.1.1
Парутине,parutyne,2023-06-26,502.0,,,,False,0.02,-5.0,БС-77,502,v230_mouths,168,2.1.1
Парутине,parutyne,2023-07-26,518.0,,,,False,0.18,-5.0,БС-77,518,v230_mouths,168,2.1.1
Парутине,parutyne,2023-08-26,496.0,,,,False,-0.04,-5.0,БС-77,496,v230_mouths,168,2.1.1
Парутине,parutyne,2023-09-26,478.0,,,,False,-0.22,-5.0,БС-77,478,v230_mouths,168,2.1.1
Парутине,parutyne,2023-10-26,484.0,,,,False,-0.16,-5.0,БС-77,484,v230_mouths,168,2.1.1
Парутине,parutyne,2023-11-26,462.0,,,,False,-0.38,-5.0,БС-77,462,v230_mouths,168,2.1.1
Парутине,parutyne,2023-12-26,502.0,,,,False,0.02,-5.0,БС-77,502,v230_mouths,168,2.1.1
Парутине,parutyne,2023-01-27,482.0,,,,False,-0.18,-5.0,БС-77,482,v230_mouths,168,2.1.1
Парутине,parutyne,2023-02-27,494.0,,,,False,-0.06,-5.0,БС-77,494,v230_mouths,168,2.1.1
Парутине,parutyne,2023-03-27,501.0,,,,False,0.01,-5.0,БС-77,501,v230_mouths,168,2.1.1
Парутине,parutyne,2023-04-27,492.0,,,,False,-0.08,-5.0,БС-77,492,v230_mouths,168,2.1.1
Парутине,parutyne,2023-05-27,502.0,,,,False,0.02,-5.0,БС-77,502,v230_mouths,168,2.1.1
Парутине,parutyne,2023-06-27,511.0,,,,False,0.11,-5.0,БС-77,511,v230_mouths,168,2.1.1
Парутине,parutyne,2023-07-27,503.0,,,,False,0.03,-5.0,БС-77,503,v230_mouths,168,2.1.1
Парутине,parutyne,2023-08-27,500.0,,,,False,0.0,-5.0,БС-77,500,v230_mouths,168,2.1.1
Парутине,parutyne,2023-09-27,477.0,,,,False,-0.23,-5.0,БС-77,477,v230_mouths,168,2.1.1
Парутине,parutyne,2023-10-27,486.0,,,,False,-0.14,-5.0,БС-77,486,v230_mouths,168,2.1.1
Парутине,parutyne,2023-11-27,504.0,,,,False,0.04,-5.0,БС-77,504,v230_mouths,168,2.1.1
Парутине,parutyne,2023-12-27,503.0,,,,False,0.03,-5.0,БС-77,503,v230_mouths,168,2.1.1
Парутине,parutyne,2023-01-28,471.0,,,,False,-0.29,-5.0,БС-77,471,v230_mouths,168,2.1.1
Парутине,parutyne,2023-02-28,480.0,,,,False,-0.2,-5.0,БС-77,480,v230_mouths,168,2.1.1
Парутине,parutyne,2023-03-28,514.0,,,,False,0.14,-5.0,БС-77,514,v230_mouths,168,2.1.1
Парутине,parutyne,2023-04-28,477.0,,,,False,-0.23,-5.0,БС-77,477,v230_mouths,168,2.1.1
Парутине,parutyne,2023-05-28,498.0,,,,False,-0.02,-5.0,БС-77,498,v230_mouths,168,2.1.1
Парутине,parutyne,2023-06-28,516.0,,,,False,0.16,-5.0,БС-77,516,v230_mouths,168,2.1.1
Парутине,parutyne,2023-07-28,490.0,,,,False,-0.1,-5.0,БС-77,490,v230_mouths,168,2.1.1
Парутине,parutyne,2023-08-28,497.0,,,,False,-0.03,-5.0,БС-77,497,v230_mouths,168,2.1.1
Парутине,parutyne,2023-09-28,476.0,,,,False,-0.24,-5.0,БС-77,476,v230_mouths,168,2.1.1
Парутине,parutyne,2023-10-28,491.0,,,,False,-0.09,-5.0,БС-77,491,v230_mouths,168,2.1.1
Парутине,parutyne,2023-11-28,507.0,,,,False,0.07,-5.0,БС-77,507,v230_mouths,168,2.1.1
Парутине,parutyne,2023-12-28,508.0,,,,False,0.08,-5.0,БС-77,508,v230_mouths,168,2.1.1
Парутине,parutyne,2023-01-29,468.0,,,,False,-0.32,-5.0,БС-77,468,v230_mouths,168,2.1.1
Парутине,parutyne,2023-03-29,483.0,,,,False,-0.17,-5.0,БС-77,483,v230_mouths,168,2.1.1
Парутине,parutyne,2023-04-29,485.0,,,,False,-0.15,-5.0,БС-77,485,v230_mouths,168,2.1.1
Парутине,parutyne,2023-05-29,500.0,,,,False,0.0,-5.0,БС-77,500,v230_mouths,168,2.1.1
Парутине,parutyne,2023-06-29,515.0,,,,False,0.15,-5.0,БС-77,515,v230_mouths,168,2.1.1
Парутине,parutyne,2023-07-29,506.0,,,,False,0.06,-5.0,БС-77,506,v230_mouths,168,2.1.1
Парутине,parutyne,2023-08-29,496.0,,,,False,-0.04,-5.0,БС-77,496,v230_mouths,168,2.1.1
Парутине,parutyne,2023-09-29,476.0,,,,False,-0.24,-5.0,БС-77,476,v230_mouths,168,2.1.1
Парутине,parutyne,2023-10-29,481.0,,,,False,-0.19,-5.0,БС-77,481,v230_mouths,168,2.1.1
Парутине,parutyne,2023-11-29,529.0,,,,False,0.29,-5.0,БС-77,529,v230_mouths,168,2.1.1
Парутине,parutyne,2023-12-29,512.0,,,,False,0.12,-5.0,БС-77,512,v230_mouths,168,2.1.1
Парутине,parutyne,2023-01-30,483.0,,,,False,-0.17,-5.0,БС-77,483,v230_mouths,168,2.1.1
Парутине,parutyne,2023-03-30,498.0,,,,False,-0.02,-5.0,БС-77,498,v230_mouths,168,2.1.1
Парутине,parutyne,2023-04-30,501.0,,,,False,0.01,-5.0,БС-77,501,v230_mouths,168,2.1.1
Парутине,parutyne,2023-05-30,503.0,,,,False,0.03,-5.0,БС-77,503,v230_mouths,168,2.1.1
Парутине,parutyne,2023-06-30,514.0,,,,False,0.14,-5.0,БС-77,514,v230_mouths,168,2.1.1
Парутине,parutyne,2023-07-30,506.0,,,,False,0.06,-5.0,БС-77,506,v230_mouths,168,2.1.1
Парутине,parutyne,2023-08-30,507.0,,,,False,0.07,-5.0,БС-77,507,v230_mouths,168,2.1.1
Парутине,parutyne,2023-09-30,481.0,,,,False,-0.19,-5.0,БС-77,481,v230_mouths,168,2.1.1
Парутине,parutyne,2023-10-30,483.0,,,,False,-0.17,-5.0,БС-77,483,v230_mouths,168,2.1.1
Парутине,parutyne,2023-11-30,499.0,,,,False,-0.01,-5.0,БС-77,499,v230_mouths,168,2.1.1
Парутине,parutyne,2023-12-30,507.0,,,,False,0.07,-5.0,БС-77,507,v230_mouths,168,2.1.1
Парутине,parutyne,2023-01-31,486.0,,,,False,-0.14,-5.0,БС-77,486,v230_mouths,168,2.1.1
Парутине,parutyne,2023-03-31,509.0,,,,False,0.09,-5.0,БС-77,509,v230_mouths,168,2.1.1
Парутине,parutyne,2023-05-31,500.0,,,,False,0.0,-5.0,БС-77,500,v230_mouths,168,2.1.1
Парутине,parutyne,2023-07-31,504.0,,,,False,0.04,-5.0,БС-77,504,v230_mouths,168,2.1.1
Парутине,parutyne,2023-08-31,507.0,,,,False,0.07,-5.0,БС-77,507,v230_mouths,168,2.1.1
Парутине,parutyne,2023-10-31,485.0,,,,False,-0.15,-5.0,БС-77,485,v230_mouths,168,2.1.1
Парутине,parutyne,2023-12-31,510.0,,,,False,0.1,-5.0,БС-77,510,v230_mouths,168,2.1.1
