hydr-1525-7541_2000_001_0005_crafit_2_0_co_2.pdf,SUCCESS,FULL
remotesensing-16-02193.pdf,SUCCESS,FULL
hydr-jhm-d-19-0045_1.pdf,SUCCESS,FULL
s40562-018-0113-z.pdf,SUCCESS,FULL
applsci-13-09869-v2.pdf,SUCCESS,FULL
rsta.2021.0141.pdf,SUCCESS,FULL
J Flood Risk Management - 2020 - Guo - Data‐driven flood emulation  Speeding up urban flood predictions by deep.pdf,SUCCESS,FULL
hydrology-04-00009 (1).pdf,SUCCESS,FULL
1-s2.0-S1876610215016008-main.pdf,SUCCESS,FULL
Grimm_ndsu_0157D_12211.pdf,SUCCESS,FULL
Assessing_Greek_small_and_medium-sized_enterprises.pdf,SUCCESS,FULL
model_hec_ras_0018.pdf,SUCCESS,FULL
model_hec_ras_1359.pdf,SUCCESS,FULL
hydrology-06-00072-v2 (1).pdf,SUCCESS,FULL
water-13-02713-v2.pdf,SUCCESS,FULL
Rainfall_Forecasting_with_Hourly_Surface.pdf,SUCCESS,FULL
1-s2.0-S0022169424000337-main.pdf,SUCCESS,FULL
2df741c2-ee9c-44f1-84f8-5d57e4ae2102.pdf,SUCCESS,FULL
model_hec_ras_1086.pdf,SUCCESS,FULL
Falaschietal2009t.pdf,SUCCESS,FULL
AdoptingSentinel-1SARDataforFloodMappingACaseStudyofBornoStateNortheasternNigeria.pdf,SUCCESS,FULL
model_hec_ras_1165.pdf,SUCCESS,FULL
4165-Article Text-24107-1-10-20250605.pdf,SUCCESS,FULL
model_hec_ras_0233.pdf,SUCCESS,FULL
9-1-509-578.pdf,SUCCESS,FULL
Survey_of_Neural_Network_Models_and_Algo.pdf,SUCCESS,FULL
hydr-JHM-D-20-0252.1.pdf,SUCCESS,FULL
The_effect_of_heterogeneities_and_small_cavities_o.pdf,SUCCESS,FULL
ConnectionofPrivateRemoteSensingMarketwith.pdf,SUCCESS,FULL
Improving_Flood_Forecasts_capability_of_Taihang_Pi.pdf,SUCCESS,FULL
PIIS2405844022003632.pdf,SUCCESS,FULL
model_hec_ras_0076.pdf,SUCCESS,FULL
model_hec_ras_1411.pdf,SUCCESS,FULL
model_hec_ras_1299.pdf,SUCCESS,FULL
model_hec_ras_1102.pdf,SUCCESS,FULL
remotesensing-13-02638-v4.pdf,SUCCESS,FULL
model_hec_ras_1390.pdf,SUCCESS,FULL
Machine-learning_and_HEC-RAS.pdf,SUCCESS,FULL
model_hec_ras_0150.pdf,SUCCESS,FULL
1-s2.0-S0022169422013634-main.pdf,SUCCESS,FULL
water-12-02122-v2.pdf,SUCCESS,FULL
sanyal2004.pdf,SUCCESS,FULL
Art. 5 Rev-5.pdf,SUCCESS,FULL
hydr-jhm-d-16-0071_1.pdf,SUCCESS,FULL
model_hec_ras_1100.pdf,SUCCESS,FULL
Ansori_2023_IOP_Conf._Ser.__Earth_Environ._Sci._1276_012034.pdf,SUCCESS,FULL
model_hec_ras_0314.pdf,SUCCESS,FULL
model_hec_ras_1059.pdf,SUCCESS,FULL
wainwright-ayala-2021-holistic-approaches-to-palaeohydrology-reconstructing-and-modelling-the-neolithic-river-carsamba.pdf,SUCCESS,FULL
model_hec_ras_1050.pdf,SUCCESS,FULL
Wagner_Aguiar2017.pdf,SUCCESS,FULL
model_hec_ras_0662.pdf,SUCCESS,FULL
remotesensing-11-02463.pdf,SUCCESS,FULL
hydr-JHM-D-22-0111.1.pdf,SUCCESS,FULL
model_hec_ras_0919.pdf,SUCCESS,FULL
water-08-00023.pdf,SUCCESS,FULL
GIS_hydrological_models_for_managing_wat.pdf,SUCCESS,FULL
2379.pdf,SUCCESS,FULL
model_hec_ras_0421.pdf,SUCCESS,FULL
model_hec_ras_0584.pdf,SUCCESS,FULL
remotesensing-12-01709-v3.pdf,SUCCESS,FULL
hydr-jhm-d-18-0092.1.pdf,SUCCESS,FULL
GJESM_Volume 5_Issue 1_Pages 1-16.pdf,SUCCESS,FULL
liquids-02-00010 (1).pdf,SUCCESS,FULL
1-s2.0-S0022169423008284-main.pdf,SUCCESS,FULL
hydrology-09-00147 (1).pdf,SUCCESS,FULL
model_hec_ras_1176.pdf,SUCCESS,FULL
applsci-13-10454.pdf,SUCCESS,FULL
Vergnes_Decharme_Habets_2014_jgrd51730.pdf,SUCCESS,FULL
1ac12c5c-efa4-46cb-97a6-99cfebd0f283.pdf,SUCCESS,FULL
hydr-jhm-d-13-0126_1-1.pdf,SUCCESS,FULL
remotesensing-14-02481-v2.pdf,SUCCESS,FULL
Time_series_data_mining_in_rainfall_fore.pdf,SUCCESS,FULL
model_hec_ras_0531.pdf,SUCCESS,FULL
model_hec_ras_0395.pdf,SUCCESS,FULL
remotesensing-10-00840-v3.pdf,SUCCESS,FULL
Simulation_of_Poyang_Lake_water_levels_and_outflow.pdf,SUCCESS,FULL
hydr-JHM-D-23-0006.1.pdf,SUCCESS,FULL
model_hec_ras_0768.pdf,SUCCESS,FULL
model_hec_ras_0570.pdf,SUCCESS,FULL
Drake2009JournalofHydrology.pdf,SUCCESS,FULL
102published_book.pdf,SUCCESS,FULL
water-14-02363.pdf,SUCCESS,FULL
hydr-jhm-d-14-0218_1.pdf,SUCCESS,FULL
model_hec_ras_0248.pdf,SUCCESS,FULL
199939045.pdf,SUCCESS,FULL
model_hec_ras_1071.pdf,SUCCESS,FULL
model_hec_ras_0183.pdf,SUCCESS,FULL
model_hec_ras_0724.pdf,SUCCESS,FULL
LakeMorphometryandHydrologicalModelingofBegnasLakeandRupaLakeWatersheds.pdf,SUCCESS,FULL
P9.pdf,SUCCESS,FULL
model_hec_ras_0703.pdf,SUCCESS,FULL
model_hec_ras_0419.pdf,SUCCESS,FULL
model_hec_ras_0352.pdf,SUCCESS,FULL
A_novel_hybrid_GIS_-based_multi-criteria_decision-.pdf,SUCCESS,FULL
hyp13726_rev_2.pdf,SUCCESS,FULL
model_hec_ras_1003.pdf,SUCCESS,FULL
model_hec_ras_0166.pdf,SUCCESS,FULL
model_hec_ras_1446.pdf,SUCCESS,FULL
0399-0405.pdf,SUCCESS,FULL
azu_etd_15167_sip1_m.pdf,SUCCESS,FULL
water-06-01221-v2.pdf,SUCCESS,FULL
model_hec_ras_0362.pdf,SUCCESS,FULL
model_hec_ras_1288.pdf,SUCCESS,FULL
KishanlalDarjiHydro2020Proceedings.pdf,SUCCESS,FULL
model_hec_ras_0083.pdf,SUCCESS,FULL
kussul2013.pdf,SUCCESS,FULL
model_hec_ras_0243.pdf,SUCCESS,FULL
water-16-00124.pdf,SUCCESS,FULL
Flood_frequency_analysis_of_Manas_River_Basin_in_C.pdf,SUCCESS,FULL
water-07-02293.pdf,SUCCESS,FULL
isprs-annals-IV-3-167-2018.pdf,SUCCESS,FULL
model_hec_ras_1328.pdf,SUCCESS,FULL
water-13-01229-v2.pdf,SUCCESS,FULL
water-10-00216-v2.pdf,SUCCESS,FULL
Merging dual-polarization X-band radar .pdf,FAIL,HTTP_500
Merging dual-polarization X-band radar .pdf,FAIL,HTTP_500
Merging dual-polarization X-band radar .pdf,FAIL,HTTP_500
Merging dual-polarization X-band radar .pdf,FAIL,FAILED_AFTER_RETRIES
model_hec_ras_0824.pdf,SUCCESS,FULL
1-s2.0-S0022169422013567-main.pdf,SUCCESS,FULL
model_hec_ras_0817.pdf,SUCCESS,FULL
skakun2014.pdf,SUCCESS,FULL
hess-18-5289-2014.pdf,SUCCESS,FULL
model_hec_ras_1122.pdf,SUCCESS,FULL
index (2).pdf,SUCCESS,FULL
model_hec_ras_0383.pdf,SUCCESS,FULL
model_hec_ras_0861.pdf,SUCCESS,FULL
Downward model development of the soil moisture accounting loss m.pdf,SUCCESS,FULL
water-12-02246-v2.pdf,SUCCESS,FULL
Predicting_Water_Levels_at_Kainji_Dam_Us.pdf,SUCCESS,FULL
Ynaotou_2021_IOP_Conf._Ser.__Earth_Environ._Sci._930_012082.pdf,SUCCESS,FULL
s13201-019-1026-5.pdf,SUCCESS,FULL
water-11-00266.pdf,SUCCESS,FULL
Sustainable_development_and_flood_risk_management.pdf,SUCCESS,FULL
1-s2.0-S0022169424001203-main.pdf,SUCCESS,FULL
1-s2.0-S0022169423004742-main.pdf,SUCCESS,FULL
maggioni2018.pdf,SUCCESS,FULL
hydr-2011jhm1387_1-2.pdf,SUCCESS,FULL
energies-14-05731-v2.pdf,SUCCESS,FULL
Vodeu_2015_19_19.pdf,SUCCESS,FULL
Mauri_PhD_revised.pdf,SUCCESS,FULL
"administrator,+21uoacmu.pdf",SUCCESS,FULL
model_hec_ras_0701.pdf,SUCCESS,FULL
hydr-jhm-d-19-0202.1-1.pdf,SUCCESS,FULL
hydr-jhm-d-12-040_1.pdf,SUCCESS,FULL
model_hec_ras_1000.pdf,SUCCESS,FULL
model_hec_ras_0116.pdf,SUCCESS,FULL
model_hec_ras_1492.pdf,SUCCESS,FULL
hydrology-10-00235-v2.pdf,SUCCESS,FULL
mathematics-11-00795.pdf,SUCCESS,FULL
model_hec_ras_0684.pdf,SUCCESS,FULL
A_study_of_optimal_model_lag_and_spatial.pdf,SUCCESS,FULL
hydrology-09-00174-v2.pdf,SUCCESS,FULL
Evaluation_of_satellite_precipitation_products_usi.pdf,SUCCESS,FULL
Hydrologic_modeling_of_the_Aliakmon_River_in_Greec.pdf,SUCCESS,FULL
model_hec_ras_1254.pdf,SUCCESS,FULL
50-58-3719-Ansori-July-2023-107 (2).pdf,SUCCESS,FULL
Water Resources Research - 2005 - Nayak - Short‐term flood forecasting with a neurofuzzy model.pdf,SUCCESS,FULL
model_hec_ras_0147.pdf,SUCCESS,FULL
model_hec_ras_0122.pdf,SUCCESS,FULL
jh0250971.pdf,SUCCESS,FULL
model_hec_ras_1395.pdf,SUCCESS,FULL
10.2478_johh-2022-0002.pdf,SUCCESS,FULL
T03-07-01_v4_2_P29.pdf,SUCCESS,FULL
A_comparison_between_artificial_neural_n.pdf,SUCCESS,FULL
Water_quality_control_in_the_river_Arno.pdf,SUCCESS,FULL
model_hec_ras_1042.pdf,SUCCESS,FULL
model_hec_ras_1244.pdf,SUCCESS,FULL
Enhanced_Surface_Water_Flood_Forecasts_User-led_De.pdf,SUCCESS,FULL
Modeling_studies_with_HEC-HMS_and_runoff_scenarios.pdf,SUCCESS,FULL
model_hec_ras_0602.pdf,SUCCESS,FULL
ReviewPaperforfloodplainmappingwithapplicationsofHEC-HMSHEC-RASandArcGISsoftwaresARemoteSensingandGISApproach.pdf,SUCCESS,FULL
model_hec_ras_0734.pdf,SUCCESS,FULL
model_hec_ras_1093.pdf,SUCCESS,FULL
eint-2013ei000532.1.pdf,SUCCESS,FULL
hess1990.pdf,SUCCESS,FULL
remotesensing-14-05008-v2.pdf,SUCCESS,FULL
water-09-00048.pdf,SUCCESS,FULL
bcwr_rsoq_packet.pdf,SUCCESS,FULL
model_hec_ras_1453.pdf,SUCCESS,FULL
model_hec_ras_0966.pdf,SUCCESS,FULL
model_hec_ras_0386.pdf,SUCCESS,FULL
hydrology-08-00044.pdf,SUCCESS,FULL
s11069-021-04843-1.pdf,SUCCESS,FULL
model_hec_ras_1002.pdf,SUCCESS,FULL
1-s2.0-S1110016818300966-main.pdf,SUCCESS,FULL
s41612-023-00388-1.pdf,SUCCESS,FULL
1-s2.0-S0022169423003451-main.pdf,SUCCESS,FULL
hydr-JHM-D-22-0107.1.pdf,SUCCESS,FULL
model_hec_ras_1047.pdf,SUCCESS,FULL
DEVELOPMENTOFINUNDATIONMAPFORHYPOTHETICALASADAMBREAKUSINGHEC-RASANDARCGIS.pdf,SUCCESS,FULL
JFloodRiskManagement-2023-Chahinian-EvaluationofanearlyfloodwarningsysteminBamakoMaliLessonslearned.pdf,SUCCESS,FULL
PaperHEC-HMS.pdf,SUCCESS,FULL
Performance_Analysis_of_Multilayer_Perce.pdf,SUCCESS,FULL
hess-6-627-2002.pdf,SUCCESS,FULL
model_hec_ras_1413.pdf,SUCCESS,FULL
RESCUE_A_geomorphology-based_hydrologic-hydraulic_.pdf,SUCCESS,FULL
Rainfall_Runoff_Analysis_of_Daman_Ganga.pdf,SUCCESS,FULL
model_hec_ras_0885.pdf,SUCCESS,FULL
model_hec_ras_0862.pdf,SUCCESS,FULL
model_hec_ras_0893.pdf,SUCCESS,FULL
hydr-jhm-d-19-0110_1.pdf,SUCCESS,FULL
model_hec_ras_1286.pdf,SUCCESS,FULL
model_hec_ras_0727.pdf,SUCCESS,FULL
22.pdf,SUCCESS,FULL
4e8ce6e3c5153970dd2101069163199ec993.pdf,SUCCESS,FULL
model_hec_ras_0290.pdf,SUCCESS,FULL
s12517-021-07911-9.pdf,SUCCESS,FULL
water-16-00039.pdf,SUCCESS,FULL
model_hec_ras_1443.pdf,SUCCESS,FULL
model_hec_ras_0674.pdf,SUCCESS,FULL
model_hec_ras_0381.pdf,SUCCESS,FULL
hydr-jhm-d-12-0191_1.pdf,SUCCESS,FULL
water-07-05155.pdf,SUCCESS,FULL
model_hec_ras_1336.pdf,SUCCESS,FULL
model_hec_ras_0809.pdf,SUCCESS,FULL
model_hec_ras_0030.pdf,SUCCESS,FULL
hydrology-10-00091-v2 (1).pdf,SUCCESS,FULL
model_hec_ras_0903.pdf,SUCCESS,FULL
land-12-01743.pdf,SUCCESS,FULL
Gessang_2020_IOP_Conf._Ser.__Mater._Sci._Eng._930_012080.pdf,SUCCESS,FULL
model_hec_ras_1266.pdf,SUCCESS,FULL
remotesensing-13-04934-v2.pdf,SUCCESS,FULL
water-10-01158-v2.pdf,SUCCESS,FULL
52755846.pdf,SUCCESS,FULL
Adesina-Interagencydeploymentofasharedlowcostfloodmonitoringsystem.pdf,SUCCESS,FULL
model_hec_ras_0954.pdf,SUCCESS,FULL
model_hec_ras_1473.pdf,SUCCESS,FULL
remotesensing-10-01023.pdf,SUCCESS,FULL
hydrology-08-00102.pdf,SUCCESS,FULL
A_novel_approach_for_determining_integrated_water_.pdf,SUCCESS,FULL
10_strapazan.pdf,SUCCESS,FULL
model_hec_ras_0939.pdf,SUCCESS,FULL
model_hec_ras_1225.pdf,SUCCESS,FULL
1-s2.0-S0022169421013743-main.pdf,SUCCESS,FULL
Multi-step-ahead_flood_forecasting_using_an_improv.pdf,SUCCESS,FULL
hydrology-06-00021-v2 (2).pdf,SUCCESS,FULL
remotesensing-15-05702.pdf,SUCCESS,FULL
model_hec_ras_1322.pdf,SUCCESS,FULL
model_hec_ras_0825.pdf,SUCCESS,FULL
model_hec_ras_0242.pdf,SUCCESS,FULL
A_deep_learning_technique_based_flood_propagation_.pdf,SUCCESS,FULL
remotesensing-15-03009-v2.pdf,SUCCESS,FULL
Estimation  forecasting and extrapolation of river flows by artificial neural networks.pdf,SUCCESS,FULL
Application_of_ANN_for_the_Hydrological.pdf,SUCCESS,FULL
model_hec_ras_0846.pdf,SUCCESS,FULL
model_hec_ras_0973.pdf,SUCCESS,FULL
Mon23-129.pdf,SUCCESS,FULL
model_hec_ras_1340.pdf,SUCCESS,FULL
ukrbotj-2025-82-5-488.pdf,SUCCESS,FULL
Reviews of Geophysics - 2009 - Schumann - Progress in integration of remote sensing derived flood extent and stage data and.pdf,SUCCESS,FULL
model_hec_ras_0562.pdf,SUCCESS,FULL
1911.00103.pdf,SUCCESS,FULL
ExperimentalandNumericalModellingofWaterWavesinSewerNetworksDuringSewer_SurfaceFlowInteractionUsingaCoupledODE-SWEsolver-JOURNALFLOODRISKMANAGEMENT.pdf,SUCCESS,FULL
water-15-03489.pdf,SUCCESS,FULL
model_hec_ras_1386.pdf,SUCCESS,FULL
isprsarchives-XL-7-W3-39-2015.pdf,SUCCESS,FULL
hydr-JHM-D-22-0118.1.pdf,SUCCESS,FULL
model_hec_ras_0678.pdf,SUCCESS,FULL
sustainability-14-10430-v2.pdf,SUCCESS,FULL
water-12-01159.pdf,SUCCESS,FULL
water-17-02281.pdf,SUCCESS,FULL
model_hec_ras_0002.pdf,SUCCESS,FULL
model_hec_ras_1215.pdf,SUCCESS,FULL
807-Article Text-1272-1-10-20210717.pdf,SUCCESS,FULL
FloodNet-Lite_A_Lightweight_Deep_Learning_for_Flood_Mapping_Using_Remote_Sensing_Data_With_Optimized_UNet_and_Edge_Deployment_Approach_in_6G.pdf,SUCCESS,FULL
model_hec_ras_0838.pdf,FAIL,HTTP_500
model_hec_ras_0838.pdf,FAIL,HTTP_500
model_hec_ras_0838.pdf,FAIL,HTTP_500
model_hec_ras_0838.pdf,FAIL,FAILED_AFTER_RETRIES
Mon23-115.pdf,SUCCESS,FULL
water-16-00407-v2.pdf,SUCCESS,FULL
model_hec_ras_0041.pdf,SUCCESS,FULL
1-s2.0-S0022169422011684-main.pdf,SUCCESS,FULL
Sustaining Environmental Flows in Southern New England Rivers_ Ef.pdf,SUCCESS,FULL
sustainability-16-00783-v2.pdf,SUCCESS,FULL
model_hec_ras_0301.pdf,SUCCESS,FULL
water-15-03711.pdf,SUCCESS,FULL
model_hec_ras_0873.pdf,SUCCESS,FULL
hydrology-07-00026-v2.pdf,SUCCESS,FULL
model_hec_ras_0858.pdf,SUCCESS,FULL
liang2020.pdf,SUCCESS,FULL
Wang_2018_IOP_Conf._Ser.__Earth_Environ._Sci._170_032093.pdf,SUCCESS,FULL
hydr-jhm-d-14-0126_1.pdf,SUCCESS,FULL
Trade-offs_and_synergies_in_managing_coastal_flood.pdf,SUCCESS,FULL
hydr-jhm-d-19-0019_1.pdf,SUCCESS,FULL
model_hec_ras_0708.pdf,SUCCESS,FULL
Rainfall_runoff_Prediction_Based_on_Arti.pdf,SUCCESS,FULL
Article_18_Calibration_Verification_and.pdf,SUCCESS,FULL
model_hec_ras_1427.pdf,SUCCESS,FULL
WPT-EM2079.pdf,SUCCESS,FULL
model_hec_ras_0125.pdf,SUCCESS,FULL
hydr-JHM-D-20-0228.1.pdf,SUCCESS,FULL
PDF6 2893.pdf,SUCCESS,FULL
PradhanLee-Landslides2010.pdf,SUCCESS,FULL
Development_and_Analysis_of_Artificial_N.pdf,SUCCESS,FULL
model_hec_ras_0716.pdf,SUCCESS,FULL
4_Kon.pdf,SUCCESS,FULL
water-15-02035.pdf,SUCCESS,FULL
model_hec_ras_0235.pdf,SUCCESS,FULL
1Deo44423 – копія.pdf,SUCCESS,FULL
model_hec_ras_1129.pdf,SUCCESS,FULL
model_hec_ras_1297.pdf,SUCCESS,FULL
model_hec_ras_1053.pdf,SUCCESS,FULL
remotesensing-13-03916-v2.pdf,SUCCESS,FULL
hydrology-09-00133-v3.pdf,SUCCESS,FULL
ASCEHY.1943-7900_PAPER.pdf,SUCCESS,FULL
bams-bams-d-19-0143.1.pdf,SUCCESS,FULL
model_hec_ras_0353.pdf,SUCCESS,FULL
model_hec_ras_0169.pdf,SUCCESS,FULL
hydr-jhm-d-18-0219_1.pdf,SUCCESS,FULL
USAMV_SP_volume_18_4_2018_page173-179.pdf,SUCCESS,FULL
American_Journal_of_Engineering_Research.pdf,SUCCESS,FULL
model_hec_ras_0979.pdf,SUCCESS,FULL
hess-13-1555-2009.pdf,SUCCESS,FULL
Marhendi_2020_IOP_Conf._Ser.__Mater._Sci._Eng._771_012044.pdf,SUCCESS,FULL
20110007292.pdf,SUCCESS,FULL
water-12-01624-v3.pdf,SUCCESS,FULL
model_hec_ras_1323.pdf,SUCCESS,FULL
remotesensing-17-03471-v2.pdf,SUCCESS,FULL
hydrology-09-00091.pdf,SUCCESS,FULL
43766ce9-dbf4-4a8a-9578-8b7dea439ffd.pdf,SUCCESS,FULL
Cannon_GPM_2017_Accepted.pdf,SUCCESS,FULL
model_hec_ras_0670.pdf,SUCCESS,FULL
model_hec_ras_1281.pdf,SUCCESS,FULL
model_hec_ras_0757.pdf,SUCCESS,FULL
model_hec_ras_1290.pdf,SUCCESS,FULL
model_hec_ras_0543.pdf,SUCCESS,FULL
sensors-22-03573-v2.pdf,SUCCESS,FULL
model_hec_ras_1264.pdf,SUCCESS,FULL
water-11-02454.pdf,SUCCESS,FULL
Vodeu_2014_18_18.pdf,SUCCESS,FULL
Flood Modeling of Jemo  River Catchment of Addis Ababa City.pdf,SUCCESS,FULL
ManualdeHECHMS-HECRAS-IBERSAGAGISconQGIS.pdf,SUCCESS,FULL
model_hec_ras_1203.pdf,SUCCESS,FULL
20140009993.pdf,SUCCESS,FULL
Eryani_2021_IOP_Conf._Ser.__Earth_Environ._Sci._930_012040.pdf,SUCCESS,FULL
model_hec_ras_1001.pdf,SUCCESS,FULL
model_hec_ras_1362.pdf,SUCCESS,FULL
hydr-JHM-D-20-0183.1.pdf,SUCCESS,FULL
hydr-jhm-d-11-0147_1.pdf,SUCCESS,FULL
model_hec_ras_1298.pdf,SUCCESS,FULL
model_hec_ras_1310.pdf,SUCCESS,FULL
model_hec_ras_0231.pdf,SUCCESS,FULL
ijgi-12-00194-v2.pdf,SUCCESS,FULL
remotesensing-15-05247.pdf,SUCCESS,FULL
proceedings-07-00008-v2.pdf,SUCCESS,FULL
Rainfall runoff  flood inundation and sensitivity analysis of the 2014 Pakistan flood in the Jhelum and Chenab river basin.pdf,SUCCESS,FULL
model_hec_ras_0950.pdf,SUCCESS,FULL
model_hec_ras_0187.pdf,SUCCESS,FULL
hydrology-05-00068-v2.pdf,SUCCESS,FULL
model_hec_ras_1133.pdf,SUCCESS,FULL
Shyam_CCWaterResourcesinBagmati_TAAC_2013.pdf,SUCCESS,FULL
model_hec_ras_1275.pdf,SUCCESS,FULL
Nvchnu_2014_724-725_24.pdf,SUCCESS,FULL
hydr-jhm-d-19-0238.1-2.pdf,SUCCESS,FULL
water-13-01275-v2.pdf,SUCCESS,FULL
model_hec_ras_0366.pdf,SUCCESS,FULL
JHE2003Sediment (1).pdf,SUCCESS,FULL
0030.pdf,SUCCESS,FULL
model_hec_ras_0816.pdf,SUCCESS,FULL
model_hec_ras_1232.pdf,FAIL,HTTP_500
model_hec_ras_1232.pdf,FAIL,HTTP_500
model_hec_ras_1232.pdf,FAIL,HTTP_500
model_hec_ras_1232.pdf,FAIL,FAILED_AFTER_RETRIES
model_hec_ras_1391.pdf,SUCCESS,FULL
ajol-file-journals_483_articles_150259_submission_proof_150259-5701-394967-1-10-20170120.pdf,SUCCESS,FULL
model_hec_ras_0174.pdf,SUCCESS,FULL
Artificial neural networks and high and low flows in various climate regimes.pdf,SUCCESS,FULL
model_hec_ras_0536.pdf,SUCCESS,FULL
model_hec_ras_0321.pdf,SUCCESS,FULL
hydr-2011jhm1387_1.pdf,SUCCESS,FULL
1-s2.0-S0022169422002633-main.pdf,SUCCESS,FULL
JHR2005VELOCITY.pdf,SUCCESS,FULL
model_hec_ras_0920.pdf,SUCCESS,FULL
model_hec_ras_0259.pdf,SUCCESS,FULL
model_hec_ras_1423.pdf,SUCCESS,FULL
hydrology-08-00093.pdf,SUCCESS,FULL
model_hec_ras_0364.pdf,SUCCESS,FULL
model_hec_ras_0291.pdf,SUCCESS,FULL
model_hec_ras_1251.pdf,SUCCESS,FULL
Artificial_Neural_Network_based_Weather.pdf,SUCCESS,FULL
model_hec_ras_1301.pdf,SUCCESS,FULL
hydr-jhm-d-11-035_1.pdf,SUCCESS,FULL
model_hec_ras_1334.pdf,SUCCESS,FULL
model_hec_ras_0898.pdf,SUCCESS,FULL
hess-18-4467-2014.pdf,SUCCESS,FULL
model_hec_ras_0246.pdf,SUCCESS,FULL
model_hec_ras_1223.pdf,SUCCESS,FULL
Modelling_and_prediction_of_rainfall_usi.pdf,SUCCESS,FULL
hydr-jhm-d-13-053_1.pdf,SUCCESS,FULL
100010_1_online.pdf,SUCCESS,FULL
model_hec_ras_0357.pdf,SUCCESS,FULL
nhess-2020-297.pdf,SUCCESS,FULL
model_hec_ras_1168.pdf,SUCCESS,FULL
Improving satellite-based global rainfa.pdf,FAIL,HTTP_500
Improving satellite-based global rainfa.pdf,FAIL,HTTP_500
Improving satellite-based global rainfa.pdf,FAIL,HTTP_500
Improving satellite-based global rainfa.pdf,FAIL,FAILED_AFTER_RETRIES
water-11-02341-v2.pdf,SUCCESS,FULL
Flood_Analysis_Using_HEC-RAS_and_HEC-HMS_A_Case_St.pdf,SUCCESS,FULL
model_hec_ras_0312.pdf,SUCCESS,FULL
Othman_2021_IOP_Conf._Ser.__Mater._Sci._Eng._1092_012028.pdf,SUCCESS,FULL
1-s2.0-S2666544122000090-main – копія.pdf,SUCCESS,FULL
Liliana_Carreras_Flores.pdf,SUCCESS,FULL
model_hec_ras_0902.pdf,SUCCESS,FULL
Ukrainian Journal of Forest and Wood Science_15_1_2024_25-40.pdf,SUCCESS,FULL
model_hec_ras_1090.pdf,SUCCESS,FULL
Hassan_2023_IOP_Conf._Ser.__Earth_Environ._Sci._1135_012021.pdf,SUCCESS,FULL
remotesensing-17-01886-v2.pdf,SUCCESS,FULL
model_hec_ras_0208.pdf,SUCCESS,FULL
model_hec_ras_0091.pdf,SUCCESS,FULL
model_hec_ras_1134.pdf,SUCCESS,FULL
model_hec_ras_1029.pdf,SUCCESS,FULL
hydr-jhm-d-18-0064_1-1.pdf,SUCCESS,FULL
Unsteady_flow_analysis_using_hydrologica.pdf,SUCCESS,FULL
water-11-02490.pdf,SUCCESS,FULL
A_comparison_of_artificial_neural_networks_for_pre.pdf,SUCCESS,FULL
model_hec_ras_0267.pdf,SUCCESS,FULL
Climate_change_allowances_non-stationarity_and_flo.pdf,SUCCESS,FULL
model_hec_ras_0865.pdf,SUCCESS,FULL
hydr-JHM-D-21-0245.1.pdf,SUCCESS,FULL
hydrology-04-00024-v2.pdf,SUCCESS,FULL
model_hec_ras_0268.pdf,SUCCESS,FULL
model_hec_ras_0843.pdf,SUCCESS,FULL
water-15-03303.pdf,SUCCESS,FULL
water-11-01887.pdf,SUCCESS,FULL
978-3-031-39675-5.pdf,SUCCESS,FULL
5743cdbc79b05.pdf,SUCCESS,FULL
water-11-02116.pdf,SUCCESS,FULL
hydrology-05-00024.pdf,SUCCESS,FULL
water-12-03494-v2.pdf,SUCCESS,FULL
hydr-JHM-D-20-0285.1.pdf,SUCCESS,FULL
hydr-JHM-D-21-0200.1.pdf,SUCCESS,FULL
hydr-jhm-d-14-0185_1.pdf,SUCCESS,FULL
73f35743675976fd2d8023e3559e67e9e61b.pdf,SUCCESS,FULL
hydr-jhm-d-12-0167_1.pdf,SUCCESS,FULL
water-15-02246.pdf,SUCCESS,FULL
1-s2.0-S1569843225001232-main.pdf,SUCCESS,FULL
model_hec_ras_1180.pdf,SUCCESS,FULL
model_hec_ras_0872.pdf,SUCCESS,FULL
Modelling_the_effectiveness_of_land-based_natural_.pdf,SUCCESS,FULL
water-15-03510-v2.pdf,SUCCESS,FULL
A_first_assessment_of_the_effect_of_storm_climate_.pdf,SUCCESS,FULL
model_hec_ras_1128.pdf,SUCCESS,FULL
isprs-archives-XLII-4-W1-315-2016.pdf,SUCCESS,FULL
model_hec_ras_0927.pdf,SUCCESS,FULL
D8C460F38071.pdf,SUCCESS,FULL
Haris_2016_IOP_Conf._Ser.__Earth_Environ._Sci._32_012022.pdf,SUCCESS,FULL
010079873.pdf,SUCCESS,FULL
applsci-14-00012.pdf,SUCCESS,FULL
journal.pwat.0000269.pdf,SUCCESS,FULL
model_hec_ras_0547.pdf,SUCCESS,FULL
model_hec_ras_0794.pdf,SUCCESS,FULL
model_hec_ras_0468.pdf,SUCCESS,FULL
An artificial neural network approach to rainfall-runoff modelling.pdf,SUCCESS,FULL
hydr-jhmD190075.pdf,SUCCESS,FULL
model_hec_ras_0135.pdf,SUCCESS,FULL
ojmh_2020102715412009.pdf,SUCCESS,FULL
hydrology-07-00029.pdf,SUCCESS,FULL
model_hec_ras_0742.pdf,SUCCESS,FULL
model_hec_ras_0426.pdf,SUCCESS,FULL
model_hec_ras_0378.pdf,SUCCESS,FULL
Early_Recognition_of_Rainfall_to_Plan_an.pdf,SUCCESS,FULL
03-04-FebEDUSAT_Introduction-to-Microwave-Remote-Sensing.pdf,SUCCESS,FULL
hechms_sma.pdf,SUCCESS,FULL
model_hec_ras_1149.pdf,SUCCESS,FULL
USING_ARTIFICIAL_NEURAL_NETWORKS_TO_ESTI.pdf,SUCCESS,FULL
JFloodRiskManagement-2023-Iliadis.pdf,SUCCESS,FULL
94_2016-005.pdf,SUCCESS,FULL
isprs-archives-XLII-2-W13-1927-2019.pdf,SUCCESS,FULL
model_hec_ras_0755.pdf,SUCCESS,FULL
remotesensing-13-05147-v2.pdf,SUCCESS,FULL
model_hec_ras_1057.pdf,SUCCESS,FULL
sensors-18-03704.pdf,SUCCESS,FULL
18144.pdf,SUCCESS,FULL
remotesensing-12-02235-v2.pdf,SUCCESS,FULL
sensors-20-07214-v3.pdf,SUCCESS,FULL
model_hec_ras_0758.pdf,SUCCESS,FULL
model_hec_ras_0075.pdf,SUCCESS,FULL
Comparative_study_among_different_neural.pdf,SUCCESS,FULL
s42452-025-07404-4.pdf,SUCCESS,FULL
model_hec_ras_1283.pdf,SUCCESS,FULL
model_hec_ras_1404.pdf,SUCCESS,FULL
Hydrological_Analysis_by_Artificial_Neur.pdf,SUCCESS,FULL
hydrology-04-00009.pdf,SUCCESS,FULL
1-s2.0-S0022169421005527-main.pdf,SUCCESS,FULL
model_hec_ras_0723.pdf,SUCCESS,FULL
model_hec_ras_1207.pdf,SUCCESS,FULL
model_hec_ras_0849.pdf,SUCCESS,FULL
paper37.pdf,SUCCESS,FULL
Landslide_susceptibility_assessment_and.pdf,SUCCESS,FULL
nhess-22-2473-2022.pdf,SUCCESS,FULL
model_hec_ras_1101.pdf,SUCCESS,FULL
model_hec_ras_1013.pdf,SUCCESS,FULL
River_Discharges_Forecasting_In_Northern.pdf,SUCCESS,FULL
model_hec_ras_0197.pdf,SUCCESS,FULL
Ryan_2020_IOP_Conf._Ser.__Earth_Environ._Sci._491_012005.pdf,SUCCESS,FULL
model_hec_ras_0325.pdf,SUCCESS,FULL
model_hec_ras_0229.pdf,SUCCESS,FULL
WRR2005bedformroughness (1).pdf,SUCCESS,FULL
52752374.pdf,SUCCESS,FULL
model_hec_ras_0641.pdf,SUCCESS,FULL
236412618.pdf,SUCCESS,FULL
model_hec_ras_0750.pdf,SUCCESS,FULL
JHE2004Velocity.pdf,SUCCESS,FULL
model_hec_ras_1039.pdf,SUCCESS,FULL
glghge_2012_2_6.pdf,SUCCESS,FULL
model_hec_ras_1245.pdf,SUCCESS,FULL
model_hec_ras_0429.pdf,SUCCESS,FULL
Risk_assessment_of_multireservoir_joint_flood_cont.pdf,SUCCESS,FULL
Rainfall-runoffmodelingusingHEC-HMSmodelforMekiriverwatershedriftvalleybasinEthiopia-1-s2.0-S1464343X22002953-main.pdf,SUCCESS,FULL
Monthly_Predicted_Flow_Values_of_the_San.pdf,SUCCESS,FULL
Urban_Flood_Mapping_Using_Satellite_Synthetic_Aperture_Radar_Data_A_review_of_characteristics_approaches_and_datasets.pdf,SUCCESS,FULL
remotesensing-12-03611.pdf,SUCCESS,FULL
Water Resources Research - 1999 - Campolo - River flood forecasting with a neural network model.pdf,SUCCESS,FULL
s40808-016-0123-9.pdf,SUCCESS,FULL
model_hec_ras_0105.pdf,SUCCESS,FULL
1149-Article Text-2053-1-10-20220809.pdf,SUCCESS,FULL
Measuring_community_flood_resilience_and_associate.pdf,SUCCESS,FULL
model_hec_ras_0760.pdf,SUCCESS,FULL
water-10-01440.pdf,SUCCESS,FULL
model_hec_ras_1378.pdf,SUCCESS,FULL
model_hec_ras_0476.pdf,SUCCESS,FULL
ExperimentalstudiesandmodeldevelopmentofflowoverArchedLabyrinthWeirsusingGMDHmethod.pdf,SUCCESS,FULL
hydr-jhm-d-15-0174_1.pdf,SUCCESS,FULL
towler-et-al-2022-incorporating-mid-term-temperature-predictions-into-streamflow-forecasts-and-operational-reservoir.pdf,SUCCESS,FULL
Performance_of_neural_networks_in_foreca.pdf,SUCCESS,FULL
model_hec_ras_0411.pdf,SUCCESS,FULL
LossmethodsinHEC-HMSmodelforstreamflowProjectionunderclimatechange.pdf,SUCCESS,FULL
hydr-JHM-D-20-0267.1-2.pdf,SUCCESS,FULL
coltin2016.pdf,SUCCESS,FULL
hydr-JHM-D-21-0229.1.pdf,SUCCESS,FULL
model_hec_ras_0482.pdf,SUCCESS,FULL
"Grimaldos Mojica, Manuel Alejandro - 2014.pdf",SUCCESS,FULL
PIIS2405844025025095 (1).pdf,SUCCESS,FULL
model_hec_ras_1439.pdf,SUCCESS,FULL
water-15-02249.pdf,SUCCESS,FULL
hydr-JHM-D-21-0062.1.pdf,SUCCESS,FULL
remotesensing-13-01384-v2.pdf,SUCCESS,FULL
model_hec_ras_0800.pdf,SUCCESS,FULL
sustainability-16-05040.pdf,SUCCESS,FULL
Applications of TRMM-based Multi-satellite Precipitation ( PDFDrive ).pdf,SUCCESS,FULL
model_hec_ras_0179.pdf,SUCCESS,FULL
Tailings_storage_facilities_flood_exposure_assessm.pdf,SUCCESS,FULL
model_hec_ras_1333.pdf,SUCCESS,FULL
water-10-00320-v2.pdf,SUCCESS,FULL
model_hec_ras_1292.pdf,SUCCESS,FULL
1-s2.0-S2215098614000706-main.pdf,SUCCESS,FULL
out.pdf,SUCCESS,FULL
model_hec_ras_1330.pdf,SUCCESS,FULL
model_hec_ras_0762.pdf,SUCCESS,FULL
Flood_hazard_modelling_and_risk_assessment_in_the_Nadi_River_Basin_Fiji_using_GIS_and_MCDA.pdf,SUCCESS,FULL
model_hec_ras_0694.pdf,SUCCESS,FULL
10.2478_mgr-2013-0005.pdf,SUCCESS,FULL
model_hec_ras_0293.pdf,SUCCESS,FULL
remotesensing-12-03550.pdf,SUCCESS,FULL
A wavelet-neural network hybrid modelling approach for estimating and predicting river monthly flows.pdf,SUCCESS,FULL
model_hec_ras_0413.pdf,SUCCESS,FULL
hydr-JHM-D-21-0130.1.pdf,SUCCESS,FULL
isprs-annals-IV-5-W1-51-2017.pdf,SUCCESS,FULL
hydrology-08-00058-v2.pdf,SUCCESS,FULL
model_hec_ras_0776.pdf,SUCCESS,FULL
hydr-jhm-d-18-0251_1.pdf,SUCCESS,FULL
hydrology-09-00147.pdf,SUCCESS,FULL
AJCC_2015051815491169.pdf,SUCCESS,FULL
hydrology-06-00076-v2 (1).pdf,SUCCESS,FULL
RegioFEM_-_Informing_future-oriented_flood_risk_ma.pdf,SUCCESS,FULL
model_hec_ras_0718.pdf,SUCCESS,FULL
Precipitation_runoff_simulation_for_a_Hi.pdf,SUCCESS,FULL
hydr-2009jhm1105_1-1.pdf,SUCCESS,FULL
010064143.pdf,SUCCESS,FULL
model_hec_ras_0071.pdf,SUCCESS,FULL
1-s2.0-S0022169418305407-main (1).pdf,SUCCESS,FULL
hydr-jhm-d-16-0081_1-1.pdf,SUCCESS,FULL
remotesensing-16-04437-v3.pdf,SUCCESS,FULL
remotesensing-14-06005-v3.pdf,SUCCESS,FULL
model_hec_ras_0915.pdf,SUCCESS,FULL
sustainability-14-13538.pdf,SUCCESS,FULL
Evaluation_of_the_implications_of_ice-jam_flood_mi.pdf,SUCCESS,FULL
model_hec_ras_1158.pdf,SUCCESS,FULL
model_hec_ras_1258.pdf,SUCCESS,FULL
Estimation_of_Bed_Shear_Stress_in_Shallow_Transiti.pdf,SUCCESS,FULL
remotesensing-12-02190.pdf,SUCCESS,FULL
model_hec_ras_1442.pdf,SUCCESS,FULL
ProceedingsSWARM_FINAL-pages-42-47.pdf,SUCCESS,FULL
water-11-00786.pdf,SUCCESS,FULL
Rapid_risk-based_levee_design_framework_for_greate.pdf,SUCCESS,FULL
remotesensing-10-00642.pdf,SUCCESS,FULL
model_hec_ras_0745.pdf,SUCCESS,FULL
proceedings-48-00006-v2.pdf,SUCCESS,FULL
OnaBasinFloodRiskpaperElsevierpdf.pdf,SUCCESS,FULL
model_hec_ras_0089.pdf,SUCCESS,FULL
32f22ccc-d5d4-4d64-afb7-dc07ce860c02.pdf,SUCCESS,FULL
model_hec_ras_0712.pdf,SUCCESS,FULL
model_hec_ras_1206.pdf,SUCCESS,FULL
model_hec_ras_0124.pdf,SUCCESS,FULL
model_hec_ras_0923.pdf,SUCCESS,FULL
model_hec_ras_1242.pdf,SUCCESS,FULL
model_hec_ras_1394.pdf,SUCCESS,FULL
model_hec_ras_1035.pdf,SUCCESS,FULL
water-15-00090-v2.pdf,SUCCESS,FULL
model_hec_ras_1464.pdf,SUCCESS,FULL
model_hec_ras_0495.pdf,SUCCESS,FULL
hydr-JHM-D-22-0021.1.pdf,SUCCESS,FULL
1-s2.0-S0022169418305407-main.pdf,SUCCESS,FULL
glghge_2010_3_7.pdf,SUCCESS,FULL
hydr-2010jhm1236_1.pdf,SUCCESS,FULL
Simulationofflashfloodpeaksinasmallandsteepcatchmentusingrainongrid_JFloodRiskManagement-2023-Godara.pdf,SUCCESS,FULL
Heterogeneous_Data_Fusion_Methods_for_Di.pdf,SUCCESS,FULL
Continuous_Soil_Moisture_Accounting_in_t.pdf,SUCCESS,FULL
remotesensing-06-04870.pdf,SUCCESS,FULL
model_hec_ras_0126.pdf,SUCCESS,FULL
model_hec_ras_1262.pdf,SUCCESS,FULL
water-15-03533.pdf,SUCCESS,FULL
model_hec_ras_0958.pdf,SUCCESS,FULL
model_hec_ras_1398.pdf,SUCCESS,FULL
1-s2.0-S2212420922006185-main.pdf,SUCCESS,FULL
1-s2.0-S0022169424001720-main.pdf,SUCCESS,FULL
model_hec_ras_1076.pdf,SUCCESS,FULL
model_hec_ras_1041.pdf,SUCCESS,FULL
173940.pdf,SUCCESS,FULL
model_hec_ras_1066.pdf,SUCCESS,FULL
Application_of_HEC-HMS_modelling_on_River_Stor.pdf,SUCCESS,FULL
sustainability-15-09502.pdf,SUCCESS,FULL
Geoinformation-mapping-of.pdf,SUCCESS,FULL
Rainfall_Monthly_Prediction_Based_on_Art.pdf,SUCCESS,FULL
Evaluation_of_prediction_capability_of_t.pdf,SUCCESS,FULL
water-15-00483-v2.pdf,SUCCESS,FULL
model_hec_ras_0692.pdf,SUCCESS,FULL
model_hec_ras_0407.pdf,SUCCESS,FULL
model_hec_ras_0113.pdf,SUCCESS,FULL
model_hec_ras_0496.pdf,SUCCESS,FULL
model_hec_ras_1366.pdf,SUCCESS,FULL
model_hec_ras_1009.pdf,SUCCESS,FULL
Uca_2018_J._Phys.__Conf._Ser._954_012030.pdf,SUCCESS,FULL
hydr-JHM-D-22-0049.1.pdf,SUCCESS,FULL
model_hec_ras_1412.pdf,SUCCESS,FULL
ACE_FP_AKAY_BADUNA_YANMAZ.pdf,SUCCESS,FULL
model_hec_ras_1486.pdf,SUCCESS,FULL
model_hec_ras_1081.pdf,SUCCESS,FULL
hydrology-09-00036-v2.pdf,SUCCESS,FULL
Hydrological_Models_and_Artificial_Neura.pdf,SUCCESS,FULL
water-10-01003-v2.pdf,SUCCESS,FULL
model_hec_ras_1348.pdf,SUCCESS,FULL
remotesensing-12-00428-v2.pdf,SUCCESS,FULL
A_Neural_Network_Based_Rainfall_Forecast.pdf,SUCCESS,FULL
remotesensing-14-00246.pdf,SUCCESS,FULL
water-14-00792.pdf,SUCCESS,FULL
water-13-00474-v2.pdf,SUCCESS,FULL
model_hec_ras_0056.pdf,SUCCESS,FULL
1-s2.0-S0022169422001238-main.pdf,SUCCESS,FULL
1-s2.0-S1110982318303041-main.pdf,SUCCESS,FULL
model_hec_ras_1479.pdf,SUCCESS,FULL
WRR2006Discusiona.pdf,SUCCESS,FULL
tralli2005.pdf,SUCCESS,FULL
1-s2.0-S2590061725001048-main.pdf,SUCCESS,FULL
water-15-00597.pdf,SUCCESS,FULL
hydrology-08-00072.pdf,SUCCESS,FULL
water-12-00273.pdf,SUCCESS,FULL
Adilah_2019_IOP_Conf._Ser.__Earth_Environ._Sci._244_012014.pdf,SUCCESS,FULL
model_hec_ras_0886.pdf,SUCCESS,FULL
Analysis of the riverbed backscattered signal registered by ADCPs in different bedload transport conditions   field application.pdf,SUCCESS,FULL
water-11-01620.pdf,SUCCESS,FULL
16_Daide_Beht_EEET_2022_1.pdf,SUCCESS,FULL
Water Resources Research - 2020 - Tartakovsky - Physics‐Informed Deep Neural Networks for Learning Parameters and.pdf,SUCCESS,FULL
model_hec_ras_1067.pdf,SUCCESS,FULL
model_hec_ras_0945.pdf,SUCCESS,FULL
A_standardised_inventory_for_New_Zealands_stopban.pdf,SUCCESS,FULL
neuro-fuzzy-flood-forecast.pdf,SUCCESS,FULL
hess-6-619-2002.pdf,SUCCESS,FULL
model_hec_ras_1339.pdf,SUCCESS,FULL
model_hec_ras_0666.pdf,SUCCESS,FULL
model_hec_ras_0433.pdf,SUCCESS,FULL
model_hec_ras_0889.pdf,SUCCESS,FULL
model_hec_ras_1478.pdf,SUCCESS,FULL
agronomy-12-01280-v2.pdf,SUCCESS,FULL
model_hec_ras_0896.pdf,SUCCESS,FULL
model_hec_ras_1063.pdf,SUCCESS,FULL
Determination_and_application_of_the_wei.pdf,SUCCESS,FULL
model_hec_ras_0143.pdf,SUCCESS,FULL
JFloodRiskManagement-2023-Arnal-TowardsacoherentfloodforecastingframeworkforCanadaLocaltoglobal.pdf,SUCCESS,FULL
Ashenafi_dissertation_2014_online.pdf,SUCCESS,FULL
climate-11-00226.pdf,SUCCESS,FULL
model_hec_ras_1153.pdf,SUCCESS,FULL
7_Runoff Analysis using Satellite Data for Regional Flood Assessment - Spatial and Time Series Bias Correction of Satellite Data -.pdf,SUCCESS,FULL
model_hec_ras_0815.pdf,SUCCESS,FULL
model_hec_ras_0188.pdf,SUCCESS,FULL
model_hec_ras_0441.pdf,SUCCESS,FULL
remotesensing-12-02688.pdf,SUCCESS,FULL
hydrology-05-00044.pdf,SUCCESS,FULL
atmosphere-11-00794.pdf,SUCCESS,FULL
model_hec_ras_0646.pdf,SUCCESS,FULL
model_hec_ras_1237.pdf,SUCCESS,FULL
model_hec_ras_0399.pdf,SUCCESS,FULL
water-13-03039.pdf,SUCCESS,FULL
model_hec_ras_0941.pdf,SUCCESS,FULL
Impact_Assessment_of_Flood_Events_Based_on_Multisource_Satellite_Remote_Sensing_The_Case_of_Kahovka_Dam.pdf,SUCCESS,FULL
Hydrological_Modelling_Studies_of_Paravar_River_Ba.pdf,SUCCESS,FULL
an2016-pub00050434.pdf,SUCCESS,FULL
Extreme_flood_reconstruction_by_using_th.pdf,SUCCESS,FULL
model_hec_ras_0693.pdf,SUCCESS,FULL
water-08-00119.pdf,SUCCESS,FULL
model_hec_ras_0337.pdf,SUCCESS,FULL
ijgi-07-00206-v2.pdf,SUCCESS,FULL
sustainability-14-14537-v2.pdf,SUCCESS,FULL
kompyuternoe-modelirovanie-dozhdevogo-stoka-v-basseyne-reki-charysh-s-ispolzovaniem-programmnogo-kompleksa-hec-hms.pdf,SUCCESS,FULL
naresh15-04-2023.pdf,SUCCESS,FULL
model_hec_ras_0836.pdf,SUCCESS,FULL
2010-WEEINK-MASTER.pdf,SUCCESS,FULL
ArtificialNeuralNetworkModelforRainfall-Runoff.pdf,SUCCESS,FULL
MATUS-THESIS-2018.pdf,SUCCESS,FULL
s40677-016-0044-y.pdf,SUCCESS,FULL
model_hec_ras_1007.pdf,SUCCESS,FULL
model_hec_ras_1337.pdf,SUCCESS,FULL
model_hec_ras_0196.pdf,SUCCESS,FULL
hydr-jhm-d-15-0212_1.pdf,SUCCESS,FULL
Beck_2016-2.pdf,SUCCESS,FULL
14IJAERS-DEC-2017-18-ForecastingofSuspendedSediment1 – копія.pdf,SUCCESS,FULL
sensors-17-01455-v2.pdf,SUCCESS,FULL
1-s2.0-S1110982325000201-main.pdf,SUCCESS,FULL
Prosephyingthestreamflowandperpetrating.pdf,SUCCESS,FULL
55808192.pdf,SUCCESS,FULL
model_hec_ras_1069.pdf,SUCCESS,FULL
1-s2.0-S1569843223001528-main.pdf,SUCCESS,FULL
hydr-2009jhm1105_1.pdf,SUCCESS,FULL
model_hec_ras_0833.pdf,SUCCESS,FULL
model_hec_ras_1078.pdf,SUCCESS,FULL
model_hec_ras_1068.pdf,SUCCESS,FULL
sedhyd_2019_mcmc_hms.pdf,SUCCESS,FULL
Agent-based_simulator_of_dynamic_flood-people_inte.pdf,SUCCESS,FULL
water-12-01347-v3.pdf,SUCCESS,FULL
Numerical investigation of air demand by the free surface tunnel flows By WANGRU WEI  JUN DENG and WEILIN XU  J. Hydraulic Res. 59 1   2021  158--165 .pdf,SUCCESS,FULL
water-10-00608.pdf,SUCCESS,FULL
model_hec_ras_1444.pdf,SUCCESS,FULL
model_hec_ras_1187.pdf,SUCCESS,FULL
1706_1566915685.pdf,SUCCESS,FULL
model_hec_ras_0510.pdf,SUCCESS,FULL
model_hec_ras_0848.pdf,SUCCESS,FULL
JHR2005RIVER.pdf,SUCCESS,FULL
A_comparative_analysis_of_training_metho (1).pdf,SUCCESS,FULL
model_hec_ras_0184.pdf,SUCCESS,FULL
Physical_vulnerability_assessment_to_flash_floods_.pdf,SUCCESS,FULL
model_hec_ras_0304.pdf,SUCCESS,FULL
proceedings-02-00644.pdf,SUCCESS,FULL
model_hec_ras_1253.pdf,SUCCESS,FULL
model_hec_ras_1230.pdf,SUCCESS,FULL
Widayati_2020_IOP_Conf._Ser.__Mater._Sci._Eng._930_012072.pdf,SUCCESS,FULL
model_hec_ras_1201.pdf,SUCCESS,FULL
Seasonal_Rainfall_Prediction_in_Lagos_Ni.pdf,SUCCESS,FULL
hydr-jhm558_1.pdf,SUCCESS,FULL
glghge_2019_3_41.pdf,SUCCESS,FULL
model_hec_ras_0225.pdf,SUCCESS,FULL
hydrology-06-00072-v2.pdf,SUCCESS,FULL
model_hec_ras_1428.pdf,SUCCESS,FULL
hess-2016-30.pdf,SUCCESS,FULL
remotesensing-11-00760.pdf,SUCCESS,FULL
model_hec_ras_0272.pdf,SUCCESS,FULL
Quantitative_flood_forecasting_using_multisensor_d.pdf,SUCCESS,FULL
annurev-fluid-030121-113138.pdf,SUCCESS,FULL
A_Rainfall_Model_Based_on_a_Geographically_Weighte.pdf,SUCCESS,FULL
hydr-2010jhm1196_1.pdf,SUCCESS,FULL
Development_of_Feature_Based_Artificial.pdf,SUCCESS,FULL
model_hec_ras_0186.pdf,SUCCESS,FULL
ae8604989946835f66f1622200802a8a2dfa.pdf,SUCCESS,FULL
remotesensing-12-03980-v2.pdf,SUCCESS,FULL
applsci-13-11688.pdf,SUCCESS,FULL
08861302.pdf,SUCCESS,FULL
isprs-archives-XLII-3-W8-349-2019.pdf,SUCCESS,FULL
model_hec_ras_0084.pdf,SUCCESS,FULL
water-13-00676.pdf,SUCCESS,FULL
034505_1.pdf,SUCCESS,FULL
feart-11-1332589.pdf,SUCCESS,FULL
model_hec_ras_0726.pdf,SUCCESS,FULL
model_hec_ras_0586.pdf,SUCCESS,FULL
model_hec_ras_0222.pdf,SUCCESS,FULL
water-14-04020.pdf,SUCCESS,FULL
model_hec_ras_0841.pdf,SUCCESS,FULL
energies-13-06020-v2.pdf,SUCCESS,FULL
model_hec_ras_0247.pdf,SUCCESS,FULL
Rainfall_modeling_using_Artificial_Neura.pdf,SUCCESS,FULL
1-s2.0-S1569843222001911-main.pdf,SUCCESS,FULL
FloodEstimation.pdf,SUCCESS,FULL
isprs-archives-XLII-5-575-2018.pdf,SUCCESS,FULL
remotesensing-16-00336.pdf,SUCCESS,FULL
J Flood Risk Management - 2025 - Simonovic - Local Scale Current and Projected Future Total Flood Hazard Mapping for Canada.pdf,SUCCESS,FULL
6-JWC-D-21-00072.pdf,SUCCESS,FULL
Why_understanding_behaviour_matters_for_flood_risk.pdf,SUCCESS,FULL
Rusli_2023_IOP_Conf._Ser.__Earth_Environ._Sci._1160_012027.pdf,SUCCESS,FULL
s12145-009-0024-9.pdf,SUCCESS,FULL
applsci-08-01457.pdf,SUCCESS,FULL
sustainability-13-07925.pdf,SUCCESS,FULL
Application of an Artificial Neural Network in Reactor Thermohydraulic Problem  Prediction of Critical Heat Flux.pdf,SUCCESS,FULL
model_hec_ras_0938.pdf,SUCCESS,FULL
FloodModeling05.pdf,SUCCESS,FULL
HEC-HMS_based_rainfall-runoff_model_for_Punpun_riv.pdf,SUCCESS,FULL
Estefania Carmen Aroca Jimenez.pdf,SUCCESS,FULL
Effectiveness_of_an_adaptive_flood_management_stra.pdf,SUCCESS,FULL
water-05-01036.pdf,SUCCESS,FULL
model_hec_ras_1468.pdf,SUCCESS,FULL
model_hec_ras_0309.pdf,SUCCESS,FULL
model_hec_ras_0014.pdf,SUCCESS,FULL
model_hec_ras_1156.pdf,SUCCESS,FULL
glghge_2011_3_11.pdf,SUCCESS,FULL
ArticleFloodHazardMapping_IJTE.pdf,SUCCESS,FULL
A GIS-based Hydrologic Model for Flood Prediction and Watershed Management ( PDFDrive ).pdf,SUCCESS,FULL
model_hec_ras_1377.pdf,SUCCESS,FULL
water-13-00057-v2.pdf,SUCCESS,FULL
Full Thesis.pdf,SUCCESS,FULL
wefo-waf-d-20-0153.1.pdf,SUCCESS,FULL
model_hec_ras_1284.pdf,SUCCESS,FULL
remotesensing-12-03624-v2.pdf,SUCCESS,FULL
model_hec_ras_1434.pdf,SUCCESS,FULL
model_hec_ras_1132.pdf,SUCCESS,FULL
model_hec_ras_0464.pdf,SUCCESS,FULL
model_hec_ras_0822.pdf,SUCCESS,FULL
model_hec_ras_0894.pdf,SUCCESS,FULL
model_hec_ras_0504.pdf,SUCCESS,FULL
s10712-022-09751-y (1).pdf,SUCCESS,FULL
Application of Physically Based Semi-Distributed Hec-Hms Model fo.pdf,SUCCESS,FULL
hydr-JHM-D-20-0220.1.pdf,SUCCESS,FULL
hydrology-10-00010-v2.pdf,SUCCESS,FULL
model_hec_ras_0870.pdf,SUCCESS,FULL
Artificial_Neural_Network_Model_for_Prediction_of_.pdf,SUCCESS,FULL
sustainability-15-14489-v3.pdf,SUCCESS,FULL
Investigationofflowresistanceinsmoothopenchannelsu.pdf,SUCCESS,FULL
1-s2.0-S0022169423000392-main.pdf,SUCCESS,FULL
VKNU_geol_2018_3_3.pdf,SUCCESS,FULL
Numerical validation of novel scaling laws for air water flows including compressibility and heat transfer.pdf,SUCCESS,FULL
model_hec_ras_1062.pdf,SUCCESS,FULL
hydr-1525-7541_2002_003_0714_tuitpo_2_0_co_2.pdf,SUCCESS,FULL
water-14-02884-v2.pdf,SUCCESS,FULL
water-07-01437.pdf,SUCCESS,FULL
ijgi-12-00464-v2.pdf,SUCCESS,FULL
hydrology-03-00019.pdf,SUCCESS,FULL
model_hec_ras_0305.pdf,SUCCESS,FULL
model_hec_ras_0677.pdf,SUCCESS,FULL
Willingness_of_households_to_reduce_flood_risk_in_.pdf,SUCCESS,FULL
model_hec_ras_0756.pdf,SUCCESS,FULL
Analysis Of Semi-Distributed And Global Hydrological Models In Th.pdf,SUCCESS,FULL
dis_Havrys A.P..pdf,SUCCESS,FULL
model_hec_ras_0072.pdf,SUCCESS,FULL
Cascade_correlation_artificial_neural_ne.pdf,SUCCESS,FULL
IRJMETS312000668802.pdf,SUCCESS,FULL
Comparative_analysis_of_neural_network_t.pdf,SUCCESS,FULL
environsciproc-26-00095.pdf,SUCCESS,FULL
wefo-WAF-D-21-0056.1.pdf,SUCCESS,FULL
hydrology-03-00034 (1).pdf,SUCCESS,FULL
hess-19-3755-2015.pdf,SUCCESS,FULL
hydr-JHM-D-21-0206.1.pdf,SUCCESS,FULL
Assessment_of_Satellite_and_Radar_Quantitative_Pre.pdf,SUCCESS,FULL
model_hec_ras_1408.pdf,SUCCESS,FULL
1-s2.0-S002216942300954X-main.pdf,SUCCESS,FULL
0000577383.pdf,SUCCESS,FULL
fiz_geo_2016_3_13.pdf,SUCCESS,FULL
Geoterrace-2022-066.pdf,SUCCESS,FULL
model_hec_ras_0491.pdf,SUCCESS,FULL
Ann_Back_Propagation_For_Forecasting_And.pdf,SUCCESS,FULL
Reviews_of_Geophysics_2018_Huang_Detecting_Extracting_and_Monitoring.pdf,SUCCESS,FULL
model_hec_ras_1087.pdf,SUCCESS,FULL
model_hec_ras_0008.pdf,SUCCESS,FULL
model_hec_ras_0963.pdf,SUCCESS,FULL
model_hec_ras_0537.pdf,SUCCESS,FULL
jwc0141935.pdf,SUCCESS,FULL
model_hec_ras_1209.pdf,SUCCESS,FULL
L-2021-09-01.pdf,SUCCESS,FULL
1-s2.0-S0022169421007320-main – копія.pdf,SUCCESS,FULL
model_hec_ras_0420.pdf,SUCCESS,FULL
ERDC-TN-EMRRP-EBA-08.pdf,SUCCESS,FULL
Sahib_Liu_McDougall_SV.pdf,SUCCESS,FULL
firstpublication.pdf,SUCCESS,FULL
model_hec_ras_1410.pdf,SUCCESS,FULL
Rainfall runoff inundation analysis of the 2010 Pakistan flood in the Kabul River basin.pdf,SUCCESS,FULL
Rainfall_Runoff_Modelling_Using_Artifici.pdf,SUCCESS,FULL
model_hec_ras_1335.pdf,SUCCESS,FULL
2401.17759v4.pdf,SUCCESS,FULL
model_hec_ras_0564.pdf,SUCCESS,FULL
Uggj_2012_10_18.pdf,SUCCESS,FULL
refice2017.pdf,SUCCESS,FULL
jwc0123005.pdf,SUCCESS,FULL
model_hec_ras_0788.pdf,SUCCESS,FULL
world-07-00003-v2.pdf,SUCCESS,FULL
hydrology-07-00044-v2.pdf,SUCCESS,FULL
adgeo-44-23-2017.pdf,SUCCESS,FULL
Oraya_2023_IOP_Conf._Ser.__Earth_Environ._Sci._1184_012014.pdf,SUCCESS,FULL
Forecasting_Rainfall_Distribution_Using.pdf,SUCCESS,FULL
1-s2.0-S0022169424002142-main.pdf,SUCCESS,FULL
remotesensing-14-03673-v2.pdf,SUCCESS,FULL
COMPARATIVE_ANALYSIS_OF_THE_PERFORMANCE.pdf,SUCCESS,FULL
Mon23-245.pdf,SUCCESS,FULL
external_content.pdf,SUCCESS,FULL
model_hec_ras_0813.pdf,SUCCESS,FULL
model_hec_ras_0834.pdf,SUCCESS,FULL
water-15-02077-v2.pdf,SUCCESS,FULL
model_hec_ras_0044.pdf,SUCCESS,FULL
model_hec_ras_0613.pdf,SUCCESS,FULL
14-EQ35-2-Ghouri+et+al_149-159.pdf,SUCCESS,FULL
1-s2.0-S0022169423004973-main.pdf,SUCCESS,FULL
environsciproc-25-00059.pdf,SUCCESS,FULL
Characterising the regional growth of o.pdf,FAIL,HTTP_500
Characterising the regional growth of o.pdf,FAIL,HTTP_500
Characterising the regional growth of o.pdf,FAIL,HTTP_500
Characterising the regional growth of o.pdf,FAIL,FAILED_AFTER_RETRIES
model_hec_ras_0104.pdf,SUCCESS,FULL
model_hec_ras_1107.pdf,SUCCESS,FULL
model_hec_ras_1346.pdf,SUCCESS,FULL
Remote Sensing for Ecology and Conservation_ A Handbook of Techniques (Techniques in Ecology and Conservation) ( PDFDrive ).pdf,SUCCESS,FULL
model_hec_ras_1389.pdf,SUCCESS,FULL
model_hec_ras_1099.pdf,SUCCESS,FULL
Vodeu_2011_12_21.pdf,SUCCESS,FULL
v1_covered.pdf,SUCCESS,FULL
remotesensing-13-05083-v2.pdf,SUCCESS,FULL
model_hec_ras_0563.pdf,SUCCESS,FULL
model_hec_ras_0469.pdf,SUCCESS,FULL
remotesensing-12-00643-v2.pdf,SUCCESS,FULL
water-11-00049.pdf,SUCCESS,FULL
model_hec_ras_0365.pdf,SUCCESS,FULL
Modelling_Rainfall_Runoff_Relations_Usin.pdf,SUCCESS,FULL
model_hec_ras_0854.pdf,SUCCESS,FULL
JFloodRiskManagement-2023-Paulik-Evaluatingthespatialapplicationofmultivariableflooddamagemodels.pdf,SUCCESS,FULL
Towards a set of agrosystem-specific cropland mapping methods to address the global cropland diversity.pdf,SUCCESS,FULL
Vodeu_2017_21_8 (1).pdf,SUCCESS,FULL
180_farahmand-2015.pdf,SUCCESS,FULL
Flood_Early_Warning_and_Risk_Modelling.pdf,SUCCESS,FULL
Adaptive_Predicting_of_Weather_Forecasti.pdf,SUCCESS,FULL
Novrima_2023_IOP_Conf._Ser.__Earth_Environ._Sci._1173_012043 (1).pdf,SUCCESS,FULL
remotesensing-16-00512.pdf,SUCCESS,FULL
remotesensing-09-00313-v2.pdf,SUCCESS,FULL
model_hec_ras_0432.pdf,SUCCESS,FULL
model_hec_ras_1114.pdf,SUCCESS,FULL
Agashua_2023_IOP_Conf._Ser.__Earth_Environ._Sci._1178_012022.pdf,SUCCESS,FULL
model_hec_ras_1437.pdf,SUCCESS,FULL
model_hec_ras_0351.pdf,SUCCESS,FULL
model_hec_ras_0960.pdf,SUCCESS,FULL
hydr-JHM-D-20-0296.1-1.pdf,SUCCESS,FULL
isprs-archives-XLIV-M-3-2021-37-2021.pdf,SUCCESS,FULL
pangalisharma2019.pdf,SUCCESS,FULL
model_hec_ras_0883.pdf,SUCCESS,FULL
hydrology-09-00039-v2.pdf,SUCCESS,FULL
Improving neural network for flood forecasting using radar data on the Upper Ping River.pdf,SUCCESS,FULL
water-10-00079.pdf,SUCCESS,FULL
model_hec_ras_1318.pdf,SUCCESS,FULL
model_hec_ras_0700.pdf,SUCCESS,FULL
2012133636.pdf,SUCCESS,FULL
model_hec_ras_0918.pdf,SUCCESS,FULL
KJAT-Pascual.pdf,SUCCESS,FULL
water-10-00581-v2.pdf,SUCCESS,FULL
model_hec_ras_1181.pdf,SUCCESS,FULL
model_hec_ras_0332.pdf,SUCCESS,FULL
model_hec_ras_1171.pdf,SUCCESS,FULL
model_hec_ras_1441.pdf,SUCCESS,FULL
hydr-jhm-d-18-0064_1.pdf,SUCCESS,FULL
Cities and Flooding_ A Guide to Integrated Urban Flood Risk ( PDFDrive ).pdf,FAIL,HTTP_500
Cities and Flooding_ A Guide to Integrated Urban Flood Risk ( PDFDrive ).pdf,FAIL,HTTP_500
Cities and Flooding_ A Guide to Integrated Urban Flood Risk ( PDFDrive ).pdf,FAIL,HTTP_500
Cities and Flooding_ A Guide to Integrated Urban Flood Risk ( PDFDrive ).pdf,FAIL,FAILED_AFTER_RETRIES
model_hec_ras_1182.pdf,SUCCESS,FULL
model_hec_ras_1175.pdf,SUCCESS,FULL
model_hec_ras_0659.pdf,SUCCESS,FULL
water-15-01103-v2.pdf,SUCCESS,FULL
Rainfall_Runoff_Modeling_using_Artificia (1).pdf,SUCCESS,FULL
35469147.pdf,SUCCESS,FULL
ioegc-9-017-90031.pdf,SUCCESS,FULL
model_hec_ras_1213.pdf,SUCCESS,FULL
hydr-JHM-D-20-0296.1.pdf,SUCCESS,FULL
water-15-01655-v3.pdf,SUCCESS,FULL
33703_actionplanweb14.06cs1.pdf,SUCCESS,FULL
model_hec_ras_0460.pdf,SUCCESS,FULL
remotesensing-14-03838-v2.pdf,SUCCESS,FULL
model_hec_ras_1197.pdf,SUCCESS,FULL
model_hec_ras_1202.pdf,SUCCESS,FULL
water-10-00923.pdf,SUCCESS,FULL
JFloodRiskManagement-2023-MelndezE28090Landaverde-Auserexperienceevaluationofamobileapplicationfor.pdf,SUCCESS,FULL
InfluenceDataSources.pdf,SUCCESS,FULL
model_hec_ras_0823.pdf,SUCCESS,FULL
hydr-JHM-D-20-0143.1.pdf,SUCCESS,FULL
model_hec_ras_0348.pdf,SUCCESS,FULL
model_hec_ras_0720.pdf,SUCCESS,FULL
1807.pdf,SUCCESS,FULL
model_hec_ras_0011.pdf,SUCCESS,FULL
remotesensing-15-01200.pdf,SUCCESS,FULL
Application_of_Standard_Models_and_Artif.pdf,SUCCESS,FULL
model_hec_ras_0404.pdf,SUCCESS,FULL
applsci-12-05210-v2.pdf,SUCCESS,FULL
hydr-JHM-D-21-0214.1.pdf,SUCCESS,FULL
hydrology-07-00042-v2.pdf,SUCCESS,FULL
hess-23-3057-2019.pdf,SUCCESS,FULL
model_hec_ras_1469.pdf,SUCCESS,FULL
A Tool for Modeling Phosphate Loading from Hydrologic Runoff using Multi-Criteria Analysis and ... ( PDFDrive ).pdf,SUCCESS,FULL
Ewme-ICE1998.pdf,SUCCESS,FULL
model_hec_ras_0942.pdf,SUCCESS,FULL
model_hec_ras_0452.pdf,SUCCESS,FULL
Tsunami_run-up_along_the_Zihuatanejo_region_Mexica.pdf,SUCCESS,FULL
model_hec_ras_0028.pdf,SUCCESS,FULL
behavsci-14-00074-v2.pdf,SUCCESS,FULL
1-s2.0-S1738573321005179-main.pdf,SUCCESS,FULL
Paper_22_Mujtba_StreamflowresponsetoprojectedclimatechangesintheNorthwesternUpperIndusBasinbasedonregionalclimatemodelRegCM4.3simulation.pdf,SUCCESS,FULL
model_hec_ras_0769.pdf,SUCCESS,FULL
Wardhana_2021_IOP_Conf._Ser.__Earth_Environ._Sci._930_012032.pdf,SUCCESS,FULL
model_hec_ras_1064.pdf,SUCCESS,FULL
model_hec_ras_0814.pdf,SUCCESS,FULL
Artificial_Neural_Network_Models_for_Rai.pdf,SUCCESS,FULL
Evaluation_of_Land_Development_Impact_on.pdf,SUCCESS,FULL
model_hec_ras_1155.pdf,SUCCESS,FULL
hydr-JHM-D-20-0189.1.pdf,SUCCESS,FULL
Depth-damage_curves_for_rail_rapid_transit_infrast.pdf,SUCCESS,FULL
ICTERI-2015-CEUR-WS-Volume.pdf,SUCCESS,FULL
model_hec_ras_1083.pdf,SUCCESS,FULL
wefo-waf-d-16-0094_1-1.pdf,SUCCESS,FULL
Country-wide_flood_exposure_analysis_using_Sentine.pdf,SUCCESS,FULL
model_hec_ras_0201.pdf,SUCCESS,FULL
Stable_Robust_Adaptive_Controller_and_Observer_Des.pdf,SUCCESS,FULL
model_hec_ras_0660.pdf,SUCCESS,FULL
model_hec_ras_0380.pdf,SUCCESS,FULL
model_hec_ras_1436.pdf,SUCCESS,FULL
kussul2014.pdf,SUCCESS,FULL
model_hec_ras_0957.pdf,SUCCESS,FULL
Azizetal_SERRA_offprint.pdf,SUCCESS,FULL
SocialinnovationsanddriversinfloodearlywarningsystemsAcommunitybasedTransboundaryEarlyWarningSystem.pdf,SUCCESS,FULL
Romali_2018_IOP_Conf._Ser.__Mater._Sci._Eng._318_012029.pdf,SUCCESS,FULL
hydr-jhm-d-18-0070_1.pdf,SUCCESS,FULL
model_hec_ras_0598.pdf,SUCCESS,FULL
model_hec_ras_0445.pdf,SUCCESS,FULL
ijgi-08-00534.pdf,SUCCESS,FULL
model_hec_ras_1358.pdf,SUCCESS,FULL
remotesensing-12-01422.pdf,SUCCESS,FULL
1-s2.0-S0022169423008181-main.pdf,SUCCESS,FULL
model_hec_ras_0612.pdf,SUCCESS,FULL
The_importance_of_public_risk_perception_for_the_e.pdf,SUCCESS,FULL
Rainfall_Runoff_Modeling_Using_Artificia.pdf,SUCCESS,FULL
model_hec_ras_0675.pdf,SUCCESS,FULL
model_hec_ras_0463.pdf,SUCCESS,FULL
model_hec_ras_1236.pdf,SUCCESS,FULL
Artificial_neural_network_for_precipitat.pdf,SUCCESS,FULL
model_hec_ras_0790.pdf,SUCCESS,FULL
model_hec_ras_0097.pdf,SUCCESS,FULL
model_hec_ras_0153.pdf,SUCCESS,FULL
model_hec_ras_1060.pdf,SUCCESS,FULL
VKNU_geol_2018_3_3 (1).pdf,SUCCESS,FULL
1-s2.0-S2211812814005744-main.pdf,SUCCESS,FULL
hydrology-04-00016.pdf,SUCCESS,FULL
JFloodRiskManagement-2023-Davis-FloodvulnerabilityandriskassessmentofhistoricurbanareasVulnerability.pdf,SUCCESS,FULL
Changes_in_flooding_in_the_alpine_catchments_of_th.pdf,SUCCESS,FULL
model_hec_ras_0899.pdf,SUCCESS,FULL
model_hec_ras_0538.pdf,SUCCESS,FULL
model_hec_ras_1361.pdf,SUCCESS,FULL
model_hec_ras_0771.pdf,SUCCESS,FULL
A_Framework_to_Assess_Remote_Sensing_Algorithms_for_Satellite-Based_Flood_Index_Insurance.pdf,SUCCESS,FULL
hydr-JHM-D-20-0161.1.pdf,SUCCESS,FULL
hydr-JHM-D-20-0215.1.pdf,SUCCESS,FULL
water-12-02893-v2.pdf,SUCCESS,FULL
978-3-89958-758-6.volltext.frei.pdf,SUCCESS,FULL
model_hec_ras_0434.pdf,SUCCESS,FULL
model_hec_ras_0725.pdf,SUCCESS,FULL
Simulation_of_the_rainfall-runoff_relationship_usi.pdf,SUCCESS,FULL
Application_of_the_HEC_HMS_model_for_run.pdf,SUCCESS,FULL
water-15-01557-v2.pdf,SUCCESS,FULL
model_hec_ras_0522.pdf,SUCCESS,FULL
model_hec_ras_0850.pdf,SUCCESS,FULL
Hanan_2020_IOP_Conf._Ser.__Earth_Environ._Sci._426_012019.pdf,SUCCESS,FULL
model_hec_ras_0092.pdf,SUCCESS,FULL
land-11-01810-v2.pdf,SUCCESS,FULL
model_hec_ras_1400.pdf,SUCCESS,FULL
Artificial neural networks as rainfall-runoff models.pdf,SUCCESS,FULL
sensors-19-05012.pdf,SUCCESS,FULL
1-s2.0-S0022169421010738-main.pdf,SUCCESS,FULL
apme-2008jamc2127.1.pdf,SUCCESS,FULL
1-s2.0-S2666592125000125-main.pdf,SUCCESS,FULL
remotesensing-14-00115.pdf,SUCCESS,FULL
Baynes_23430.pdf,SUCCESS,FULL
Integrated_approach_to_model_decomposed.pdf,SUCCESS,FULL
remotesensing-09-00593.pdf,SUCCESS,FULL
sustainability-15-01468.pdf,SUCCESS,FULL
20170712_Morning.pdf,SUCCESS,FULL
20537312.pdf,SUCCESS,FULL
Sentinel-1-Based_Water_and_Flood_Mapping_Benchmarking_Convolutional_Neural_Networks_Against_an_Operational_Rule-Based_Processing_Chain.pdf,SUCCESS,FULL
1-s2.0-S2212827122013130-main.pdf,SUCCESS,FULL
water-15-03883.pdf,SUCCESS,FULL
model_hec_ras_1124.pdf,SUCCESS,FULL
model_hec_ras_0096.pdf,SUCCESS,FULL
water-14-00191.pdf,SUCCESS,FULL
remotesensing-10-00041.pdf,SUCCESS,FULL
PIIS2405844025025095.pdf,SUCCESS,FULL
model_hec_ras_0173.pdf,SUCCESS,FULL
model_hec_ras_1261.pdf,SUCCESS,FULL
High-resolution modelling of the grass .pdf,FAIL,HTTP_500
High-resolution modelling of the grass .pdf,FAIL,HTTP_500
High-resolution modelling of the grass .pdf,FAIL,HTTP_500
High-resolution modelling of the grass .pdf,FAIL,FAILED_AFTER_RETRIES
model_hec_ras_1070.pdf,SUCCESS,FULL
model_hec_ras_0359.pdf,SUCCESS,FULL
Study_of_Modeling_Method_Selection_in_Flood_Discha.pdf,SUCCESS,FULL
A modeling approach for operational flash flood forecasting for small-scale watersheds in central ( PDFDrive ).pdf,SUCCESS,FULL
hydr-jhm-d-12-074_1.pdf,SUCCESS,FULL
model_hec_ras_0668.pdf,SUCCESS,FULL
model_hec_ras_1314.pdf,SUCCESS,FULL
geoinf_2010_3_8.pdf,SUCCESS,FULL
WPT-EM2079 (1).pdf,SUCCESS,FULL
hydrology-10-00091-v2.pdf,SUCCESS,FULL
water-14-00905-v3.pdf,SUCCESS,FULL
Artificial_neural_network_technique_for.pdf,SUCCESS,FULL
model_hec_ras_0270.pdf,SUCCESS,FULL
86409ab675880095ebeec5902ac5bde1c512.pdf,SUCCESS,FULL
Simulation_of_runoff_in_Baitarani_basin_using_comp.pdf,SUCCESS,FULL
model_hec_ras_1343.pdf,SUCCESS,FULL
Reducing_flood_risk_by_effective_use_of_flood-peak.pdf,SUCCESS,FULL
model_hec_ras_1247.pdf,SUCCESS,FULL
water-14-03779.pdf,SUCCESS,FULL
water-08-00246.pdf,SUCCESS,FULL
model_hec_ras_1296.pdf,SUCCESS,FULL
ijerph-19-16530.pdf,SUCCESS,FULL
model_hec_ras_0829.pdf,SUCCESS,FULL
InfluenceAnalysisofPeakRateFactor.pdf,SUCCESS,FULL
Pluvial_Flood_Risk_Assessment_in_Urban_Areas_A_Cas.pdf,SUCCESS,FULL
16_RS_Object_Based.pdf,SUCCESS,FULL
model_hec_ras_1024.pdf,SUCCESS,FULL
model_hec_ras_0215.pdf,SUCCESS,FULL
model_hec_ras_1052.pdf,SUCCESS,FULL
Data_Mining_Based_on_Neural_Networks_for.pdf,SUCCESS,FULL
"admin, Pap 3_2010_Apr_43_2.pdf",SUCCESS,FULL
model_hec_ras_0114.pdf,SUCCESS,FULL
model_hec_ras_0897.pdf,SUCCESS,FULL
DeterminationofFloodRiskUsingHEC-RASCaseStudyLowerSakaryaRiverTurkey.pdf,SUCCESS,FULL
model_hec_ras_1371.pdf,SUCCESS,FULL
glghge_2011_3_21.pdf,SUCCESS,FULL
A-comparative-technical-study-for-estimating-seeped-water-f_2023_Ain-Shams-E.pdf,SUCCESS,FULL
Hu_2019_IOP_Conf._Ser.__Earth_Environ._Sci._267_032050.pdf,SUCCESS,FULL
model_hec_ras_0645.pdf,SUCCESS,FULL
GMDH-type_neural_network_approach_for_modeling_the_discharge_coefficient_of.pdf,SUCCESS,FULL
remotesensing-13-00351-v3.pdf,SUCCESS,FULL
model_hec_ras_0912.pdf,SUCCESS,FULL
Assessment_and_prediction_of_flood_hazards_using_s.pdf,SUCCESS,FULL
model_hec_ras_0704.pdf,SUCCESS,FULL
hydr-jhm-d-12-09_1.pdf,SUCCESS,FULL
hess-13-1607-2009.pdf,SUCCESS,FULL
remotesensing-08-00625.pdf,SUCCESS,FULL
hydr-2009jhm1072_1.pdf,SUCCESS,FULL
sustainability-16-00875-v2.pdf,SUCCESS,FULL
1-s2.0-S0022169421007320-main.pdf,SUCCESS,FULL
LiDAR_DEM_Data_for_Flood_Mapping_and_Ass.pdf,SUCCESS,FULL
model_hec_ras_0736.pdf,SUCCESS,FULL
River_Inundation_and_Hazard_Mapping_a_Ca.pdf,SUCCESS,FULL
Exploring_the_role_of_the_long_short-term_memory_m.pdf,SUCCESS,FULL
Forecasting_reservoir_water_level_based.pdf,SUCCESS,FULL
A_rainfall_prediction_model_using_artifi.pdf,SUCCESS,FULL
1-s2.0-S1110016812000105-main.pdf,SUCCESS,FULL
model_hec_ras_1143.pdf,SUCCESS,FULL
remotesensing-11-02470-v2.pdf,SUCCESS,FULL
model_hec_ras_0599.pdf,SUCCESS,FULL
bams-bams-d-19-0001.1.pdf,SUCCESS,FULL
IJIAS-14-268-04.pdf,SUCCESS,FULL
Flooded_and_Irrigation_Area_Monitoring_After_the_Kakhovka_Dam_Disaster_Based_on_Machine_Learning_and_Satellite_Data.pdf,SUCCESS,FULL
Urban flood susceptibility assessment based on convolutional neural networks.pdf,SUCCESS,FULL
remotesensing-13-00262-v4.pdf,SUCCESS,FULL
model_hec_ras_1326.pdf,SUCCESS,FULL
10_ApplicationofArtificialNeuralNetworks.pdf,SUCCESS,FULL
model_hec_ras_0994.pdf,SUCCESS,FULL
model_hec_ras_0098.pdf,SUCCESS,FULL
model_hec_ras_1026.pdf,SUCCESS,FULL
The_Flood_Resilience_Rose_A_management_tool_to_p.pdf,SUCCESS,FULL
model_hec_ras_1199.pdf,SUCCESS,FULL
water-11-01832.pdf,SUCCESS,FULL
model_hec_ras_1315.pdf,SUCCESS,FULL
sensors-21-00280.pdf,SUCCESS,FULL
hydrology-07-00014.pdf,SUCCESS,FULL
model_hec_ras_1092.pdf,SUCCESS,FULL
model_hec_ras_0921.pdf,SUCCESS,FULL
water-07-03832.pdf,SUCCESS,FULL
Short_term_water_level_prediction_using.pdf,SUCCESS,FULL
model_hec_ras_0801.pdf,SUCCESS,FULL
geohazards-03-00020-v2.pdf,SUCCESS,FULL
remotesensing-09-00781 (1).pdf,SUCCESS,FULL
hydr-JHM-D-20-0219.1.pdf,SUCCESS,FULL
sustainability-11-05406-v2.pdf,SUCCESS,FULL
Charlier-HESS-2009_{9B3527A3-2C15-4FA7-843F-A81113233371}.pdf,SUCCESS,FULL
water-12-00487-v2.pdf,SUCCESS,FULL
model_hec_ras_0910.pdf,SUCCESS,FULL
model_hec_ras_1106.pdf,SUCCESS,FULL
model_hec_ras_1192.pdf,SUCCESS,FULL
JFloodRiskManagement-2023-Jesna-Impactofcrosssectionalorientationinonedimensionalhydrodynamicmodelingon1.pdf,SUCCESS,FULL
remotesensing-06-05279.pdf,SUCCESS,FULL
model_hec_ras_0904.pdf,SUCCESS,FULL
Depression threshold control proxy to improve HEC-HMS modeling of depression-dominated watersheds.pdf,SUCCESS,FULL
4ddc1005a9b58ecaff94006c2188dc80da32.pdf,SUCCESS,FULL
model_hec_ras_1250.pdf,SUCCESS,FULL
remotesensing-14-06239.pdf,SUCCESS,FULL
model_hec_ras_0975.pdf,SUCCESS,FULL
A_historical_flash_flood_chronology_for_Britain.pdf,SUCCESS,FULL
water-14-03936-v2.pdf,SUCCESS,FULL
AshikIqbal_EffectivenessofDEMsforFloodModeling_jfr3.12937.pdf,SUCCESS,FULL
AdvancesinRemoteSensingandGeoInforIndusBasinGroundwater.pdf,SUCCESS,FULL
TA-FING-IC-144058-2014.pdf,SUCCESS,FULL
model_hec_ras_0341.pdf,SUCCESS,FULL
model_hec_ras_0632.pdf,SUCCESS,FULL
sustainability-15-02084.pdf,SUCCESS,FULL
ijitk05-2.pdf,SUCCESS,FULL
hydrology-09-00214-v2.pdf,SUCCESS,FULL
IJH-06-00296.pdf,SUCCESS,FULL
model_hec_ras_0860.pdf,SUCCESS,FULL
Puno_GIS_Based_Flood_Hazard_Mapping_in_G.pdf,SUCCESS,FULL
model_hec_ras_1375.pdf,SUCCESS,FULL
model_hec_ras_0931.pdf,SUCCESS,FULL
hydr-jhm-d-14-0012_1.pdf,SUCCESS,FULL
model_hec_ras_0743.pdf,SUCCESS,FULL
Artificial_Neural_Network_Modeling_of_Ra.pdf,SUCCESS,FULL
Pazharska.pdf,SUCCESS,FULL
hess-8-247-2004.pdf,SUCCESS,FULL
applsci-10-05776-v4.pdf,SUCCESS,FULL
model_hec_ras_0192.pdf,SUCCESS,FULL
hess-26-4469-2022.pdf,SUCCESS,FULL
new.pdf,SUCCESS,FULL
remotesensing-07-15702.pdf,SUCCESS,FULL
model_hec_ras_0078.pdf,SUCCESS,FULL
model_hec_ras_0685.pdf,SUCCESS,FULL
Flood Frequence Analysis of Big Akaki River.pdf,SUCCESS,FULL
MT_Gisele Icyimpaye.pdf,SUCCESS,FULL
hydrology-09-00048-v2.pdf,SUCCESS,FULL
Development of a novel hybrid multi-boosting neural network model for spatial prediction of urban flood.pdf,SUCCESS,FULL
s40808-016-0207-6.pdf,SUCCESS,FULL
model_hec_ras_1056.pdf,SUCCESS,FULL
model_hec_ras_0765.pdf,SUCCESS,FULL
doc.pdf,SUCCESS,FULL
model_hec_ras_0119.pdf,SUCCESS,FULL
hydrology-08-00027-v2.pdf,SUCCESS,FULL
model_hec_ras_1051.pdf,SUCCESS,FULL
The directional unit hydrograph model_ .pdf,FAIL,HTTP_500
The directional unit hydrograph model_ .pdf,FAIL,HTTP_500
The directional unit hydrograph model_ .pdf,FAIL,HTTP_500
The directional unit hydrograph model_ .pdf,FAIL,FAILED_AFTER_RETRIES
model_hec_ras_0741.pdf,SUCCESS,FULL
The_Application_and_Applicability_of_HEC-HMS_Model.pdf,SUCCESS,FULL
remotesensing-15-05139-v2.pdf,SUCCESS,FULL
Catani_et_al_2005_Landslides.pdf,SUCCESS,FULL
Flood-After-Fire_California-Toolkit_September-2020-2.pdf,SUCCESS,FULL
AI-Powered_Digital_Twin_Framework_for_Land_Use_Change_in_Disaster_Affected_Regions.pdf,SUCCESS,FULL
173-ResearchInstrument-673-1-10-20231016.pdf,SUCCESS,FULL
water-14-02778.pdf,SUCCESS,FULL
23_reference.pdf,SUCCESS,FULL
model_hec_ras_0682.pdf,SUCCESS,FULL
16_3_17.pdf,SUCCESS,FULL
Gunawan_2021_IOP_Conf._Ser.__Earth_Environ._Sci._871_012033.pdf,SUCCESS,FULL
model_hec_ras_0821.pdf,SUCCESS,FULL
model_hec_ras_0234.pdf,SUCCESS,FULL
PEMODELAN_HIDROLOGI_DENGAN_HEC-HMS_DI_SUB-DAS_KARA.pdf,SUCCESS,FULL
remotesensing-11-00879.pdf,SUCCESS,FULL
Rainfall partitioning by vegetation in China_ A quantitative synthesis.pdf,FAIL,HTTP_500
Rainfall partitioning by vegetation in China_ A quantitative synthesis.pdf,FAIL,HTTP_500
Rainfall partitioning by vegetation in China_ A quantitative synthesis.pdf,FAIL,HTTP_500
Rainfall partitioning by vegetation in China_ A quantitative synthesis.pdf,FAIL,FAILED_AFTER_RETRIES
model_hec_ras_1252.pdf,SUCCESS,FULL
hydr-JHM-D-20-0082.1.pdf,SUCCESS,FULL
model_hec_ras_1370.pdf,SUCCESS,FULL
model_hec_ras_0881.pdf,SUCCESS,FULL
water-10-01292.pdf,SUCCESS,FULL
acceleratinganddeceleratingows.pdf,SUCCESS,FULL
Water Resources Research - 2016 - Schumann - Unlocking the full potential of Earth observation during the 2015 Texas flood.pdf,SUCCESS,FULL
model_hec_ras_0006.pdf,SUCCESS,FULL
HYDROLOGICAL_AND_HYDROGEOLOGICAL_CONSEQUENCES_.pdf,SUCCESS,FULL
DeepSAR Flood Mapper  global flood mapping on google earth engine cloud platform using MLP deep learning model with Sentinel-1 SAR imagery and HAND to.pdf,SUCCESS,FULL
model_hec_ras_1257.pdf,SUCCESS,FULL
ajol-file-journals_219_articles_175995_submission_proof_175995-2605-450135-1-10-20180813.pdf,SUCCESS,FULL
bfec42525fd333d646a68543c5e33e15ac87.pdf,SUCCESS,FULL
Hydrological_forecast_in_Macae_river_bas.pdf,SUCCESS,FULL
model_hec_ras_1424.pdf,SUCCESS,FULL
remotesensing-10-01230.pdf,SUCCESS,FULL
L-2021-09-28.pdf,SUCCESS,FULL
model_hec_ras_0115.pdf,SUCCESS,FULL
Mitigating_flood_risk_using_low-cost_sensors_and_c.pdf,SUCCESS,FULL
model_hec_ras_0780.pdf,SUCCESS,FULL
1-s2.0-S0022169423013471-main.pdf,SUCCESS,FULL
model_hec_ras_0655.pdf,SUCCESS,FULL
Quantifying_hydraulic_roughness_in_a_riparian_fore (1).pdf,SUCCESS,FULL
model_hec_ras_0676.pdf,SUCCESS,FULL
Mooyaart2023-Economicoptimizationofcoastalflooddefencesystemsincludingstormsurge.pdf,SUCCESS,FULL
Artificial_Neural_Network_Modelling_of_F.pdf,SUCCESS,FULL
model_hec_ras_1364.pdf,SUCCESS,FULL
model_hec_ras_1169.pdf,SUCCESS,FULL
A_comparative_study_of_landslide_susceptibility_ma.pdf,SUCCESS,FULL
52752108.pdf,SUCCESS,FULL
atmosphere-15-00120-v2.pdf,SUCCESS,FULL
Uncertainties in the Assessment of Individual and Compound Floodi.pdf,SUCCESS,FULL
isprs-archives-XLII-3-W4-109-2018.pdf,SUCCESS,FULL
Analisis_Debit_Rencana_Tukad_Unda_Bagian_Hilir_Men.pdf,SUCCESS,FULL
model_hec_ras_1194.pdf,SUCCESS,FULL
glghge_2011_3_12.pdf,SUCCESS,FULL
220503maket-5-15.pdf,SUCCESS,FULL
model_hec_ras_1074.pdf,SUCCESS,FULL
Transposing_flood_risk_from_extreme_rainfall_event.pdf,SUCCESS,FULL
Hydrological_Analysis_with_Respect_to_Sp.pdf,SUCCESS,FULL
model_hec_ras_1285.pdf,SUCCESS,FULL
model_hec_ras_1021.pdf,SUCCESS,FULL
Prediction_of_Rainfall_in_India_using_Ar.pdf,SUCCESS,FULL
Urban_pluvial_flood_adaptation_Results_of_a_househ.pdf,SUCCESS,FULL
Review on algorithms of dealing with depressions in grid DEM.pdf,SUCCESS,FULL
model_hec_ras_0483.pdf,SUCCESS,FULL
remotesensing-08-00655.pdf,SUCCESS,FULL
model_hec_ras_0808.pdf,SUCCESS,FULL
Surface_runoff_hydrograph_derivation_using_a_dynam.pdf,SUCCESS,FULL
model_hec_ras_1224.pdf,SUCCESS,FULL
Thesisfinaldraft_SagarKumarTamang.pdf,SUCCESS,FULL
model_hec_ras_0269.pdf,SUCCESS,FULL
BookofAbstractANASIGG.pdf,SUCCESS,FULL
model_hec_ras_1216.pdf,SUCCESS,FULL
model_hec_ras_1238.pdf,SUCCESS,FULL
model_hec_ras_0997.pdf,SUCCESS,FULL
Mistry_2022_IOP_Conf._Ser.__Earth_Environ._Sci._1086_012036.pdf,SUCCESS,FULL
A_neural_network_approach_for_prediction.pdf,SUCCESS,FULL
model_hec_ras_0284.pdf,SUCCESS,FULL
Coupling_a_land_surface_model_with_a_hydrodynamic_.pdf,SUCCESS,FULL
model_hec_ras_1154.pdf,SUCCESS,FULL
Development_of_an_ANN_Based_Model_for_Fo.pdf,SUCCESS,FULL
Vodeu_2015_19_19 (1).pdf,SUCCESS,FULL
ThesisonFlood.pdf,SUCCESS,FULL
model_hec_ras_1387.pdf,SUCCESS,FULL
model_hec_ras_1095.pdf,SUCCESS,FULL
BookChapter.ID_63857_6x9.pdf,SUCCESS,FULL
hydrology-11-00009.pdf,SUCCESS,FULL
smith1997.pdf,SUCCESS,FULL
2511.pdf,SUCCESS,FULL
s40808-020-00792-z.pdf,SUCCESS,FULL
Managing_flood_risks_in_a_changing_climate.pdf,SUCCESS,FULL
GeoTerrace-2023-105.pdf,SUCCESS,FULL
model_hec_ras_0880.pdf,SUCCESS,FULL
Full_Length_Research_Article_ASSESSMENT.pdf,SUCCESS,FULL
model_hec_ras_1022.pdf,SUCCESS,FULL
model_hec_ras_0654.pdf,SUCCESS,FULL
model_hec_ras_1048.pdf,SUCCESS,FULL
Comparative_analysis_of_routed_flood_frequency_for.pdf,SUCCESS,FULL
model_hec_ras_0922.pdf,SUCCESS,FULL
a6de57d7b04bf143995da81ea65f8991.pdf,SUCCESS,FULL
1-s2.0-S1569843225004637-main.pdf,SUCCESS,FULL
Appendix D Rainfall-runoff model summaries ( PDFDrive ).pdf,SUCCESS,FULL
model_hec_ras_0212.pdf,SUCCESS,FULL
IRJET_A_Review_on_Rainfall_Prediction_us.pdf,SUCCESS,FULL
remotesensing-11-00107.pdf,SUCCESS,FULL
model_hec_ras_1189.pdf,SUCCESS,FULL
model_hec_ras_1144.pdf,SUCCESS,FULL
model_hec_ras_0369.pdf,SUCCESS,FULL
model_hec_ras_0051.pdf,SUCCESS,FULL
water-13-01408-v2.pdf,SUCCESS,FULL
model_hec_ras_1360.pdf,SUCCESS,FULL
hydrology-06-00077.pdf,SUCCESS,FULL
hydrology-03-00023.pdf,SUCCESS,FULL
model_hec_ras_0302.pdf,SUCCESS,FULL
Self-stated_recovery_from_flooding_Empirical_resul.pdf,SUCCESS,FULL
hydr-JHM-D-19-0301.1.pdf,SUCCESS,FULL
sustainability-12-07187-v2.pdf,SUCCESS,FULL
water-11-00085.pdf,SUCCESS,FULL
model_hec_ras_0867.pdf,SUCCESS,FULL
model_hec_ras_0855.pdf,SUCCESS,FULL
model_hec_ras_0282.pdf,SUCCESS,FULL
model_hec_ras_0998.pdf,SUCCESS,FULL
Lemenkova_BulgariaSofia2015.pdf,SUCCESS,FULL
model_hec_ras_0342.pdf,SUCCESS,FULL
WRR2005bedformroughness.pdf,SUCCESS,FULL
sensors-21-02648-v2.pdf,SUCCESS,FULL
On application of empirical mode decomposition for turbulence analysis in open-channel flows.pdf,SUCCESS,FULL
model_hec_ras_1072.pdf,SUCCESS,FULL
Evaluating the performance of HBV  HEC-HMS and ANN models in simulating streamflow for a data scarce high-humid tropical catchment in Tanzania.pdf,SUCCESS,FULL
water-13-00424-v2.pdf,SUCCESS,FULL
Water Resources Research - 2004 - Shu - Artificial neural network ensembles and their application in pooled flood frequency.pdf,SUCCESS,FULL
model_hec_ras_1233.pdf,SUCCESS,FULL
model_hec_ras_1268.pdf,SUCCESS,FULL
10 – копія.pdf,SUCCESS,FULL
hydr-JHM-D-19-0171.1.pdf,SUCCESS,FULL
model_hec_ras_1025.pdf,SUCCESS,FULL
hydrology-08-00088-v2.pdf,SUCCESS,FULL
model_hec_ras_0493.pdf,SUCCESS,FULL
remotesensing-17-02363-v2.pdf,SUCCESS,FULL
ksuhsgs_2019_10_18.pdf,SUCCESS,FULL
model_hec_ras_0261.pdf,SUCCESS,FULL
model_hec_ras_0461.pdf,SUCCESS,FULL
model_hec_ras_1131.pdf,SUCCESS,FULL
48253_1.pdf,SUCCESS,FULL
model_hec_ras_1126.pdf,SUCCESS,FULL
model_hec_ras_1324.pdf,SUCCESS,FULL
ijgi-09-00244.pdf,SUCCESS,FULL
hydrology-09-00057.pdf,SUCCESS,FULL
268-633-1-SM.pdf,SUCCESS,FULL
Multi-step-ahead neural networks for flood forecasting.pdf,SUCCESS,FULL
forests-12-00553.pdf,SUCCESS,FULL
model_hec_ras_0681.pdf,SUCCESS,FULL
remotesensing-12-02532-v2.pdf,SUCCESS,FULL
model_hec_ras_1327.pdf,SUCCESS,FULL
Application_of_HEC-HMS_modelling_on_River_Stor (1).pdf,SUCCESS,FULL
Flood_modelling_of_Air_Bengkulu_Watershed_Indonesi.pdf,SUCCESS,FULL
Development_of_a_new_rainfall-triggering_index_of_.pdf,SUCCESS,FULL
water-14-02612.pdf,SUCCESS,FULL
model_hec_ras_1306.pdf,SUCCESS,FULL
remotesensing-11-02492-v2.pdf,SUCCESS,FULL
Application_of_Arc-GIS_HEC-GeoHMS_and_HEC-HMS_in_a.pdf,SUCCESS,FULL
hydr-jhm-d-19-0125.1.pdf,SUCCESS,FULL
MMFlood_A_Multimodal_Dataset_for_Flood_Delineation_From_Satellite_Imagery.pdf,SUCCESS,FULL
SiegEtAl2023_jfr3-12889.pdf,SUCCESS,FULL
Evaluating_learning_spaces_in_flood_risk_managemen.pdf,SUCCESS,FULL
"Advances in Photogrammetry, Remote Sensing and Spatial Information Sciences_ 2008 ISPRS Congress Book (International Society for Photogrammetry and Remote Sensing (Isprs.pdf",SUCCESS,FULL
model_hec_ras_0566.pdf,SUCCESS,FULL
Rainfall_prediction_using_artificial_neu.pdf,SUCCESS,FULL
model_hec_ras_1054.pdf,SUCCESS,FULL
atmosphere-14-00794.pdf,SUCCESS,FULL
Uggj_2013_13_16.pdf,SUCCESS,FULL
model_hec_ras_1172.pdf,SUCCESS,FULL
Modellingeconomicrisktosealevelriseandstormsatthecoastalmargin.pdf,SUCCESS,FULL
model_hec_ras_0826.pdf,SUCCESS,FULL
model_hec_ras_0025.pdf,SUCCESS,FULL
model_hec_ras_1077.pdf,SUCCESS,FULL
model_hec_ras_0980.pdf,SUCCESS,FULL
vol3-issue1-article0015.pdf,SUCCESS,FULL
Ibrahim-Bathis-Rainfall-runoffmodelling.pdf,SUCCESS,FULL
water-15-00303-v2.pdf,SUCCESS,FULL
isprs-annals-IV-3-W1-41-2019.pdf,SUCCESS,FULL
Application of Satellite-Based Precipitation Estimates to Rainfall-Runoff Modelling in a Data-Scarce ( PDFDrive ).pdf,SUCCESS,FULL
hydr-jhm482_1.pdf,SUCCESS,FULL
water-14-00087.pdf,SUCCESS,FULL
sustainability-13-03180-v2.pdf,SUCCESS,FULL
Mon-22-029.pdf,SUCCESS,FULL
model_hec_ras_1037.pdf,SUCCESS,FULL
Urban_storm_flood_simulation_using_improved_SWMM_b.pdf,SUCCESS,FULL
model_hec_ras_0148.pdf,SUCCESS,FULL
land-12-01514-v2.pdf,SUCCESS,FULL
hessd-10-15375-2013.pdf,SUCCESS,FULL
model_hec_ras_1119.pdf,SUCCESS,FULL
model_hec_ras_1163.pdf,SUCCESS,FULL
model_hec_ras_0241.pdf,SUCCESS,FULL
remotesensing-13-04511-v2.pdf,SUCCESS,FULL
model_hec_ras_0680.pdf,SUCCESS,FULL
model_hec_ras_1017.pdf,SUCCESS,FULL
remotesensing-12-02073-v2.pdf,SUCCESS,FULL
Flood_risk_research_for_improving_flood_risk_outco.pdf,SUCCESS,FULL
model_hec_ras_0866.pdf,SUCCESS,FULL
model_hec_ras_1228.pdf,SUCCESS,FULL
model_hec_ras_0217.pdf,SUCCESS,FULL
model_hec_ras_0015.pdf,SUCCESS,FULL
Vodeu_2014_18_19.pdf,SUCCESS,FULL
fulltext_Bakhtiyarikia_27_5_2012 (1).pdf,SUCCESS,FULL
model_hec_ras_0313.pdf,SUCCESS,FULL
remotesensing-10-00030-v2.pdf,SUCCESS,FULL
model_hec_ras_0695.pdf,SUCCESS,FULL
energies-17-00469.pdf,SUCCESS,FULL
preprints201802.0043.v1.pdf,SUCCESS,FULL
191393_doc.pdf,SUCCESS,FULL
model_hec_ras_0283.pdf,SUCCESS,FULL
1-s2.0-S0022169424019838-main.pdf,SUCCESS,FULL
Uncertainty quantification in watershed hydrology_ Which method to use_.pdf,FAIL,HTTP_500
Uncertainty quantification in watershed hydrology_ Which method to use_.pdf,FAIL,HTTP_500
Uncertainty quantification in watershed hydrology_ Which method to use_.pdf,FAIL,HTTP_500
Uncertainty quantification in watershed hydrology_ Which method to use_.pdf,FAIL,FAILED_AFTER_RETRIES
model_hec_ras_0907.pdf,SUCCESS,FULL
sustainability-15-07959.pdf,SUCCESS,FULL
water-12-02319.pdf,SUCCESS,FULL
model_hec_ras_1344.pdf,SUCCESS,FULL
model_hec_ras_1307.pdf,SUCCESS,FULL
isprs-archives-XLII-2-W13-1927-2019 (1).pdf,SUCCESS,FULL
model_hec_ras_0596.pdf,SUCCESS,FULL
model_hec_ras_0520.pdf,SUCCESS,FULL
Probable_maximum_flood_inundation_modeli.pdf,SUCCESS,FULL
MT_Pascal Kwisanga.pdf,SUCCESS,FULL
model_hec_ras_0022.pdf,SUCCESS,FULL
model_hec_ras_0696.pdf,SUCCESS,FULL
A_Model_for_Land_Cover_Ecological_State_Assessment_of_Southern_Ukraine_Based_on_Remote_Data_for_Analyzing_the_Consequences_of_the_Kakhovka_Reservoir_Shallowing.pdf,SUCCESS,FULL
14IJAERS-DEC-2017-18-ForecastingofSuspendedSediment1.pdf,SUCCESS,FULL
model_hec_ras_1369.pdf,SUCCESS,FULL
JFloodRiskManagement-2023-Jacob-Usingthetheoryofplannedbehaviortoidentifykeybeliefsunderlying.pdf,SUCCESS,FULL
Toward_an_improved_estimation_of_flood_frequency_s.pdf,SUCCESS,FULL
model_hec_ras_0628.pdf,SUCCESS,FULL
hydrology-08-00151-v3.pdf,SUCCESS,FULL
hydr-JHM-D-20-0260.1.pdf,SUCCESS,FULL
model_hec_ras_1372.pdf,SUCCESS,FULL
model_hec_ras_0751.pdf,SUCCESS,FULL
s13201-014-0258-7.pdf,SUCCESS,FULL
out (2).pdf,SUCCESS,FULL
model_hec_ras_0812.pdf,SUCCESS,FULL
model_hec_ras_0470.pdf,SUCCESS,FULL
model_hec_ras_0935.pdf,SUCCESS,FULL
model_hec_ras_0791.pdf,SUCCESS,FULL
model_hec_ras_0887.pdf,SUCCESS,FULL
hydr-jhm577_1.pdf,SUCCESS,FULL
sharifi2021.pdf,SUCCESS,FULL
s10712-022-09751-y.pdf,SUCCESS,FULL
Assessment_of_rainfall-runoff_process_using_Arc-GI.pdf,SUCCESS,FULL
Daily_streamflow_forecasting_using_artif.pdf,SUCCESS,FULL
0115-0128.pdf,SUCCESS,FULL
aaaenvironmentalmodellingandsoftware4.pdf,SUCCESS,FULL
13DeterminationofMeanVelocityandDischarge.pdf,SUCCESS,FULL
10.21923-jesd.982868-1925180.pdf,SUCCESS,FULL
ijerph-18-01072.pdf,SUCCESS,FULL
model_hec_ras_0845.pdf,SUCCESS,FULL
Mon23-170.pdf,SUCCESS,FULL
Automatic_identification_of_buildings_vulnerable_t.pdf,SUCCESS,FULL
model_hec_ras_0775.pdf,SUCCESS,FULL
Spontaneousvolunteersandtheflooddisaster2021inGermany.pdf,SUCCESS,FULL
remotesensing-10-00217-v2.pdf,SUCCESS,FULL
model_hec_ras_1111.pdf,SUCCESS,FULL
model_hec_ras_1319.pdf,SUCCESS,FULL
water-07-00420.pdf,SUCCESS,FULL
model_hec_ras_1030.pdf,SUCCESS,FULL
model_hec_ras_1123.pdf,SUCCESS,FULL
FrontPageAMIWRE-2021.pdf,SUCCESS,FULL
fulltext_Bakhtiyarikia_27_5_2012.pdf,SUCCESS,FULL
Hydrological Impact of Beaver Habitat Restoration in the Milwauke.pdf,SUCCESS,FULL
model_hec_ras_1338.pdf,SUCCESS,FULL
Improving_representation_of_collective_memory_in_s.pdf,SUCCESS,FULL
model_hec_ras_1178.pdf,SUCCESS,FULL
model_hec_ras_1356.pdf,SUCCESS,FULL
model_hec_ras_0103.pdf,SUCCESS,FULL
b257d309d07cef19db9ecef2c9c3f849cba0.pdf,SUCCESS,FULL
Artificial_Neural_Network_Model_for_Rain.pdf,SUCCESS,FULL
37773492.pdf,SUCCESS,FULL
14844-24642-1-SM.pdf,SUCCESS,FULL
henry2006.pdf,SUCCESS,FULL
model_hec_ras_0180.pdf,SUCCESS,FULL
KumarPandey-2014-ModelingSuspendedSedimentUsingArtificialNeuralNetworksandTRMM-3B42Version7RainfallDataset.pdf,SUCCESS,FULL
model_hec_ras_0759.pdf,SUCCESS,FULL
Yong12_JGR-A_TRMM-RT_HighLat.pdf,SUCCESS,FULL
model_hec_ras_1121.pdf,SUCCESS,FULL
Uncertainty assessment of radar-raingau.pdf,FAIL,HTTP_500
Uncertainty assessment of radar-raingau.pdf,FAIL,HTTP_500
Uncertainty assessment of radar-raingau.pdf,FAIL,HTTP_500
Uncertainty assessment of radar-raingau.pdf,FAIL,FAILED_AFTER_RETRIES
1-s2.0-S1569843223003291-main.pdf,SUCCESS,FULL
371-Article Text-634-2-10-20240104.pdf,SUCCESS,FULL
hydr-jhm-d-14-0227_1.pdf,SUCCESS,FULL
hydr-jhm-d-18-0092_1.pdf,SUCCESS,FULL
11_Buksha_138-145.pdf,SUCCESS,FULL
out (1).pdf,SUCCESS,FULL
water-13-02667-v2.pdf,SUCCESS,FULL
tnveconn_2019_106_39.pdf,SUCCESS,FULL
model_hec_ras_0503.pdf,SUCCESS,FULL
model_hec_ras_1309.pdf,SUCCESS,FULL
hydrology-08-00087-v2.pdf,SUCCESS,FULL
model_hec_ras_1388.pdf,SUCCESS,FULL
model_hec_ras_0555.pdf,SUCCESS,FULL
model_hec_ras_1151.pdf,SUCCESS,FULL
model_hec_ras_0892.pdf,SUCCESS,FULL
model_hec_ras_0176.pdf,SUCCESS,FULL
hydrology-09-00117.pdf,SUCCESS,FULL
land-13-00923-v2.pdf,SUCCESS,FULL
sustainability-12-06588-v3.pdf,SUCCESS,FULL
wefo-WAF-D-22-0056.1.pdf,SUCCESS,FULL
model_hec_ras_1308.pdf,SUCCESS,FULL
Simulation_of_the_impacts_of_land_use_ch.pdf,SUCCESS,FULL
sustainability-15-06646.pdf,SUCCESS,FULL
sustainability-15-12754.pdf,SUCCESS,FULL
Vodeu_2017_21_8.pdf,SUCCESS,FULL
model_hec_ras_0524.pdf,SUCCESS,FULL
sensors-22-00960.pdf,SUCCESS,FULL
Neural_network_model_for_discharge_and_w.pdf,SUCCESS,FULL
geosciences-10-00209-v2.pdf,SUCCESS,FULL
hydrology-06-00082-v2.pdf,SUCCESS,FULL
An_Investigation_of_Artificial_Neural_N.pdf,SUCCESS,FULL
model_hec_ras_1231.pdf,SUCCESS,FULL
hydr-jhm-d-10-05022_1.pdf,SUCCESS,FULL
hydrology-08-00058-v2 (1).pdf,SUCCESS,FULL
10.2478_jlecol-2023-0011.pdf,SUCCESS,FULL
water-11-02370-v2.pdf,SUCCESS,FULL
Ayumi_2023_IOP_Conf._Ser.__Earth_Environ._Sci._1233_012055.pdf,SUCCESS,FULL
model_hec_ras_0932.pdf,SUCCESS,FULL
model_hec_ras_0400.pdf,SUCCESS,FULL
model_hec_ras_0851.pdf,SUCCESS,FULL
PID30.pdf,SUCCESS,FULL
model_hec_ras_1208.pdf,SUCCESS,FULL
model_hec_ras_1416.pdf,SUCCESS,FULL
Measuring_the_economic_benefits_of_advanced_techno.pdf,SUCCESS,FULL
Flood_Extent_Mapping_An_Integrated_Method_Using_Deep_Learning_and_Region_Growing_Using_UAV_Optical_Data.pdf,SUCCESS,FULL
model_hec_ras_0193.pdf,SUCCESS,FULL
26459823.pdf,SUCCESS,FULL
Huang_2019_IOP_Conf._Ser.__Earth_Environ._Sci._344_012117.pdf,SUCCESS,FULL
wefo-waf-d-20-0028.1.pdf,SUCCESS,FULL
isprs-archives-XLII-4-W18-797-2019.pdf,SUCCESS,FULL
model_hec_ras_1392.pdf,SUCCESS,FULL
model_hec_ras_1229.pdf,SUCCESS,FULL
water-14-03075-v2.pdf,SUCCESS,FULL
Assessment_of_climate_change_impact_on_hydro-clima.pdf,SUCCESS,FULL
Backpropagation_Method_to_Predict_Rainfa.pdf,SUCCESS,FULL
hydrology-05-00049-v2.pdf,SUCCESS,FULL
water-12-01549.pdf,SUCCESS,FULL
model_hec_ras_1280.pdf,SUCCESS,FULL
model_hec_ras_0779.pdf,SUCCESS,FULL
model_hec_ras_0853.pdf,SUCCESS,FULL
model_hec_ras_1415.pdf,SUCCESS,FULL
Dahl_SedHyd2023_RainOnSnow.pdf,SUCCESS,FULL
model_hec_ras_0782.pdf,SUCCESS,FULL
model_hec_ras_1117.pdf,SUCCESS,FULL
model_hec_ras_0647.pdf,SUCCESS,FULL
032003_1.pdf,SUCCESS,FULL
hydr-jhm529_1.pdf,SUCCESS,FULL
model_hec_ras_1353.pdf,SUCCESS,FULL
voigt2016.pdf,SUCCESS,FULL
model_hec_ras_1016.pdf,SUCCESS,FULL
remotesensing-08-00456-v2.pdf,SUCCESS,FULL
2220-5318-1-SM (1).pdf,SUCCESS,FULL
water-15-04243.pdf,SUCCESS,FULL
hydr-jhm-d-15-0114_1.pdf,SUCCESS,FULL
2354.pdf,SUCCESS,FULL
model_hec_ras_0158.pdf,SUCCESS,FULL
model_hec_ras_1167.pdf,SUCCESS,FULL
model_hec_ras_1188.pdf,SUCCESS,FULL
model_hec_ras_0343.pdf,SUCCESS,FULL
model_hec_ras_1246.pdf,SUCCESS,FULL
model_hec_ras_1089.pdf,SUCCESS,FULL
model_hec_ras_1148.pdf,SUCCESS,FULL
model_hec_ras_1293.pdf,SUCCESS,FULL
model_hec_ras_0141.pdf,SUCCESS,FULL
model_hec_ras_0427.pdf,SUCCESS,FULL
model_hec_ras_1385.pdf,SUCCESS,FULL
Novrima_2023_IOP_Conf._Ser.__Earth_Environ._Sci._1173_012043.pdf,SUCCESS,FULL
model_hec_ras_0379.pdf,SUCCESS,FULL
hydrology-08-00170.pdf,SUCCESS,FULL
model_hec_ras_1401.pdf,SUCCESS,FULL
applsci-10-06598-v2.pdf,SUCCESS,FULL
hydr-jhm-d-18-0119_1.pdf,SUCCESS,FULL
yelistratova et al..pdf,SUCCESS,FULL
model_hec_ras_0664.pdf,SUCCESS,FULL
P25-MO67-DaoNguyenKhoi_rev.pdf,SUCCESS,FULL
model_hec_ras_0818.pdf,SUCCESS,FULL
water-16-00356.pdf,SUCCESS,FULL
Can_Satellite_Precipitation_Products_Estimate_Prob.pdf,SUCCESS,FULL
yan2015.pdf,SUCCESS,FULL
model_hec_ras_1138.pdf,SUCCESS,FULL
applsci-13-11136-v2.pdf,SUCCESS,FULL
water-13-01671.pdf,SUCCESS,FULL
model_hec_ras_0558.pdf,SUCCESS,FULL
model_hec_ras_1449.pdf,SUCCESS,FULL
model_hec_ras_1475.pdf,SUCCESS,FULL
model_hec_ras_0778.pdf,SUCCESS,FULL
model_hec_ras_0608.pdf,SUCCESS,FULL
model_hec_ras_0665.pdf,SUCCESS,FULL
model_hec_ras_0058.pdf,SUCCESS,FULL
sustainability-14-03251.pdf,SUCCESS,FULL
ViewofComparativePerformanceEvaluationofHEC-HMSandSWATModelsinStreamFlowSimulation_theCaseofBilateandGidaboWatershedsEthiopia.pdf,SUCCESS,FULL
The_Improvement_of_Synthetic_Unit_Hydrograph_Perfo.pdf,SUCCESS,FULL
model_hec_ras_1354.pdf,SUCCESS,FULL
model_hec_ras_1023.pdf,SUCCESS,FULL
model_hec_ras_1127.pdf,SUCCESS,FULL
Winarta_2019_IOP_Conf._Ser.__Earth_Environ._Sci._366_012036.pdf,SUCCESS,FULL
model_hec_ras_0971.pdf,SUCCESS,FULL
water-11-00212.pdf,SUCCESS,FULL
model_hec_ras_0430.pdf,SUCCESS,FULL
model_hec_ras_0050.pdf,SUCCESS,FULL
3744743.pdf,SUCCESS,FULL
Artificial neural networks for sheet sediment transport.pdf,SUCCESS,FULL
model_hec_ras_0710.pdf,SUCCESS,FULL
DamBreachModeling.pdf,SUCCESS,FULL
JFloodRiskManagement-2023-Huynh-Estimatingdiseaseburdenofrotavirusinfloodwaterthroughtrafficintheurban1.pdf,SUCCESS,FULL
hydr-jhm593_1.pdf,SUCCESS,FULL
GJESM_Volume 5_Issue 2_Pages 139-154.pdf,SUCCESS,FULL
model_hec_ras_0088.pdf,SUCCESS,FULL
model_hec_ras_1430.pdf,SUCCESS,FULL
model_hec_ras_0094.pdf,SUCCESS,FULL
model_hec_ras_0732.pdf,SUCCESS,FULL
model_hec_ras_0206.pdf,SUCCESS,FULL
hydrology-08-00020-v3.pdf,SUCCESS,FULL
hydrology-03-00034.pdf,SUCCESS,FULL
"Advances in Remote Sensing and Geo Informatics Applications_ Proceedings of the 1st Springer Conference of the Arabian Journal of Geosciences (CAJG-1), Tunisia 2018 ( PD.pdf",SUCCESS,FULL
remotesensing-11-01778-v3.pdf,SUCCESS,FULL
model_hec_ras_0640.pdf,SUCCESS,FULL
JFloodRiskManagement-2023-Vojtek-Riverinefloodpotentialassessmentusingmetaheuristichybridmachinelearning.pdf,SUCCESS,FULL
Resilience_of_art_cities_to_flood_risk_A_quantitat.pdf,SUCCESS,FULL
Cahyono_2021_IOP_Conf._Ser.__Earth_Environ._Sci._794_012057.pdf,SUCCESS,FULL
model_hec_ras_0719.pdf,SUCCESS,FULL
Tarigan_2016_IOP_Conf._Ser.__Earth_Environ._Sci._31_012030.pdf,SUCCESS,FULL
Customising_flood_damage_functions_to_estimate_the.pdf,SUCCESS,FULL
hydr-JHM-D-22-0021.1-1.pdf,SUCCESS,FULL
model_hec_ras_0575.pdf,SUCCESS,FULL
model_hec_ras_1396.pdf,SUCCESS,FULL
2013-JHE-EffectsofVegetationCoveronHydrologicalProcessesinalargebasin.pdf,SUCCESS,FULL
Artificial_neural_network_application_in.pdf,SUCCESS,FULL
GSchoener_Impervious_AcceptedManuscript.pdf,SUCCESS,FULL
hydr-JHM-D-22-0011.1.pdf,SUCCESS,FULL
model_hec_ras_0714.pdf,SUCCESS,FULL
s13753-018-0195-4.pdf,SUCCESS,FULL
water-14-01776.pdf,SUCCESS,FULL
WM2010Burst.pdf,SUCCESS,FULL
hydr-jhm-d-13-0137_1.pdf,SUCCESS,FULL
hydr-jhm-d-14-0172_1.pdf,SUCCESS,FULL
model_hec_ras_0859.pdf,SUCCESS,FULL
hydr-JHM-D-20-0302.1.pdf,SUCCESS,FULL
Chapter_Springer.pdf,SUCCESS,FULL
model_hec_ras_0376.pdf,SUCCESS,FULL
hydr-2011jhm1387_1-1.pdf,SUCCESS,FULL
model_hec_ras_1317.pdf,SUCCESS,FULL
Sangam Shrestha.pdf,SUCCESS,FULL
hydrology-08-00149-v2.pdf,SUCCESS,FULL
151239.pdf,SUCCESS,FULL
model_hec_ras_1239.pdf,SUCCESS,FULL
sensors-19-01024.pdf,SUCCESS,FULL
1-Hydrological-Modeling-with-HEC-HMS.pdf,SUCCESS,FULL
184-Article Text-530-1-10-20200117.pdf,SUCCESS,FULL
model_hec_ras_0901.pdf,SUCCESS,FULL
hydrology-08-00122.pdf,SUCCESS,FULL
model_hec_ras_0842.pdf,SUCCESS,FULL
FOSS4G-IndiaA4-format-2015_HydroTool.pdf,SUCCESS,FULL
Suspended_Sediment_Load_Prediction_of_Ri.pdf,SUCCESS,FULL
1-s2.0-S0022169425007036-main.pdf,SUCCESS,FULL
model_hec_ras_1312.pdf,SUCCESS,FULL
Ecological_Assessment_and_Operational_Ef.pdf,SUCCESS,FULL
hydr-jhm-d-19-0021_1.pdf,SUCCESS,FULL
applsci-08-02435.pdf,SUCCESS,FULL
"Flood Hydrograph Modelıng Studıes By Usıng Gıs And Hec-Hms For Dakar, Senegal.pdf",SUCCESS,FULL
20190926TUM-CRBM_paper-TUC-2019_reviewed_Final.pdf,SUCCESS,FULL
khan2011.pdf,SUCCESS,FULL
wefo-WAF-D-23-0104.1.pdf,SUCCESS,FULL
3_disaster_risk_resilience.pdf,SUCCESS,FULL
Effects of tributary floodplain on confluence hydrodynamics.pdf,SUCCESS,FULL
model_hec_ras_1141.pdf,SUCCESS,FULL
model_hec_ras_1456.pdf,SUCCESS,FULL
TheApplicationofHEC-HMSandHEC-RASMathematicalModelsforStudyofFloodMitigationinCha-UatNakhonSiThammarat.pdf,SUCCESS,FULL
isprs-archives-XLI-B7-757-2016.pdf,SUCCESS,FULL
10.1515_geo-2020-0325.pdf,SUCCESS,FULL
L-G-0000013085-0002346516.pdf,SUCCESS,FULL
Flood_forecasting_methods_for_a_semi-arid_and_semi.pdf,SUCCESS,FULL
2193-2697-3-11.pdf,SUCCESS,FULL
model_hec_ras_0425.pdf,SUCCESS,FULL
model_hec_ras_0473.pdf,SUCCESS,FULL
model_hec_ras_0323.pdf,SUCCESS,FULL
geohazards-04-00025-v2.pdf,SUCCESS,FULL
remotesensing-10-01828.pdf,SUCCESS,FULL
model_hec_ras_0307.pdf,SUCCESS,FULL
model_hec_ras_0080.pdf,SUCCESS,FULL
36-53-Shevchuk-017.pdf,SUCCESS,FULL
hydrology-07-00057-v2.pdf,SUCCESS,FULL
sustainability-14-16651-v2.pdf,SUCCESS,FULL
detection-of-changes-in-terrestrial-ecosystems-of-ukraine-using-remote-sensing-data.pdf,SUCCESS,FULL
1159244.pdf,SUCCESS,FULL
hydr-jhm-d-16-0243_1.pdf,SUCCESS,FULL
JRUSD_22+2.pdf,SUCCESS,FULL
model_hec_ras_0656.pdf,SUCCESS,FULL
klemas2015.pdf,SUCCESS,FULL
model_hec_ras_0661.pdf,SUCCESS,FULL
serpico2012.pdf,SUCCESS,FULL
model_hec_ras_0908.pdf,SUCCESS,FULL
model_hec_ras_1265.pdf,SUCCESS,FULL
hydr-jhm-d-15-0195_1.pdf,SUCCESS,FULL
model_hec_ras_1255.pdf,SUCCESS,FULL
model_hec_ras_1218.pdf,SUCCESS,FULL
2021.12.23-HYDRO-Paper.pdf,SUCCESS,FULL
hydr-jhm-d-12-0142_1.pdf,SUCCESS,FULL
model_hec_ras_0021.pdf,SUCCESS,FULL
remotesensing-15-01922.pdf,SUCCESS,FULL
1-s2.0-S1877050919310725-main.pdf,SUCCESS,FULL
Cullmann2006.pdf,SUCCESS,FULL
jain2018.pdf,SUCCESS,FULL
hydrology-06-00021-v2 (1).pdf,SUCCESS,FULL
PhDThesisofMeshachIleanwaALFA-P14EGWR9002.pdf,SUCCESS,FULL
model_hec_ras_0406.pdf,SUCCESS,FULL
Quantitative_flood_hazard_assessment_methods_A_rev.pdf,SUCCESS,FULL
70738-439555-1-PB.pdf,SUCCESS,FULL
climate-05-00032-v2.pdf,SUCCESS,FULL
remotesensing-15-05075.pdf,SUCCESS,FULL
model_hec_ras_0847.pdf,SUCCESS,FULL
GeoTerrace-2023-052.pdf,SUCCESS,FULL
model_hec_ras_0223.pdf,SUCCESS,FULL
model_hec_ras_1403.pdf,SUCCESS,FULL
Rainfall_Forecasting_Using_Various_Artif.pdf,SUCCESS,FULL
model_hec_ras_0181.pdf,SUCCESS,FULL
remotesensing-15-05226.pdf,SUCCESS,FULL
model_hec_ras_1079.pdf,SUCCESS,FULL
water-14-03074-v2.pdf,SUCCESS,FULL
joyce2014.pdf,SUCCESS,FULL
Kadaryanti_2021_IOP_Conf._Ser.__Mater._Sci._Eng._1087_012035.pdf,SUCCESS,FULL
model_hec_ras_1162.pdf,SUCCESS,FULL
model_hec_ras_0871.pdf,SUCCESS,FULL
6_Kon.pdf,SUCCESS,FULL
model_hec_ras_1321.pdf,SUCCESS,FULL
remotesensing-17-02943.pdf,SUCCESS,FULL
model_hec_ras_1373.pdf,SUCCESS,FULL
water-08-00559.pdf,SUCCESS,FULL
Distributed storage modeling in Soap Creek for flood control and.pdf,SUCCESS,FULL
isprs-archives-XLIII-B3-2020-1697-2020.pdf,SUCCESS,FULL
MASTER THESIS Final_ETCHE Ulrich.pdf,SUCCESS,FULL
model_hec_ras_0913.pdf,SUCCESS,FULL
model_hec_ras_1200.pdf,SUCCESS,FULL
model_hec_ras_1316.pdf,SUCCESS,FULL
water-11-01387-v2.pdf,SUCCESS,FULL
537754032.pdf,SUCCESS,FULL
model_hec_ras_0722.pdf,SUCCESS,FULL
model_hec_ras_1097.pdf,SUCCESS,FULL
model_hec_ras_0888.pdf,SUCCESS,FULL
Preliminary_Study_on_Flood_Simulation_using_the_HE.pdf,SUCCESS,FULL
hydrology-05-00044 (1).pdf,SUCCESS,FULL
model_hec_ras_0706.pdf,SUCCESS,FULL
Flood_Forecasting_for_Klang_River_at_Kuala_Lumpur_.pdf,SUCCESS,FULL
model_hec_ras_1405.pdf,SUCCESS,FULL
agro-geoinformatics.2016.7577655.pdf,SUCCESS,FULL
1-s2.0-S0309170816301257-main.pdf,SUCCESS,FULL
model_hec_ras_0258.pdf,SUCCESS,FULL
12286613.pdf,SUCCESS,FULL
isprs-archives-XLVIII-3-2024-251-2024_VERY_IMPORTANT.pdf,SUCCESS,FULL
environsciproc-26-00110.pdf,SUCCESS,FULL
hess-10-1-2006.pdf,SUCCESS,FULL
model_hec_ras_0438.pdf,SUCCESS,FULL
glghge_2011_4_7.pdf,SUCCESS,FULL
hydr-JHM-D-21-0194.1.pdf,SUCCESS,FULL
2011_ImpactofhumanactivityonstreamflowintheHuaiheRiverBasinChina-analysisandsimulation.pdf,SUCCESS,FULL
model_hec_ras_1234.pdf,SUCCESS,FULL
model_hec_ras_0911.pdf,SUCCESS,FULL
model_hec_ras_0017.pdf,SUCCESS,FULL
model_hec_ras_1125.pdf,SUCCESS,FULL
17783-ArticleText-74399-1-10-20231011.pdf,SUCCESS,FULL
model_hec_ras_0049.pdf,SUCCESS,FULL
hydr-JHM-D-21-0096.1-1.pdf,SUCCESS,FULL
model_hec_ras_0787.pdf,SUCCESS,FULL
remotesensing-14-04518.pdf,SUCCESS,FULL
ijgi-13-00323.pdf,SUCCESS,FULL
model_hec_ras_0490.pdf,SUCCESS,FULL
RazaviKaramouz2007_WI_AdaptiveNeuralNetworksforFloodRoutinginRiverSystems.pdf,SUCCESS,FULL
hess-5-577-2001.pdf,SUCCESS,FULL
model_hec_ras_1240.pdf,SUCCESS,FULL
model_hec_ras_0601.pdf,SUCCESS,FULL
model_hec_ras_1417.pdf,SUCCESS,FULL
Simulation of laminar to transitional wakes past cylinders with a discontinuous Galerkin inviscid shallow water model.pdf,SUCCESS,FULL
model_hec_ras_0149.pdf,SUCCESS,FULL
IOSR_Journal_of_Engineering_IOSR_JEN_Vol.pdf,SUCCESS,FULL
s11069-015-2092-0.pdf,SUCCESS,FULL
Artificial_neural_networks_for_estimatin.pdf,SUCCESS,FULL
model_hec_ras_1352.pdf,SUCCESS,FULL
model_hec_ras_0868.pdf,SUCCESS,FULL
model_hec_ras_0026.pdf,SUCCESS,FULL
GeoTerrace-2023-071.pdf,SUCCESS,FULL
water-15-02374.pdf,SUCCESS,FULL
An_Artificial_Neural_Network_Model_for_R.pdf,SUCCESS,FULL
sustainability-10-03780.pdf,SUCCESS,FULL
Analysis_of_flood_impacts_on_masonry_structures_an.pdf,SUCCESS,FULL
model_hec_ras_1220.pdf,SUCCESS,FULL
model_hec_ras_1014.pdf,SUCCESS,FULL
Improving_flash_flood_risk_assessment_using_a_simp.pdf,SUCCESS,FULL
model_hec_ras_0368.pdf,SUCCESS,FULL
water-09-00342.pdf,SUCCESS,FULL
water-12-02416.pdf,SUCCESS,FULL
remotesensing-14-05505-v2.pdf,SUCCESS,FULL
Handayani_2023_IOP_Conf._Ser.__Earth_Environ._Sci._1134_012017.pdf,SUCCESS,FULL
model_hec_ras_1235.pdf,SUCCESS,FULL
land-13-00116-v2.pdf,SUCCESS,FULL
Entropy-measures-of-Y-junction-based-nanostru_2023_Ain-Shams-Engineering-Jou.pdf,SUCCESS,FULL
Going_home_for_tea_and_medals_How_members_of_the_f.pdf,SUCCESS,FULL
water-13-01207-v2.pdf,SUCCESS,FULL
model_hec_ras_0561.pdf,SUCCESS,FULL
Hydrologic_Data_Exploration_and_River_Fl.pdf,SUCCESS,FULL
model_hec_ras_1179.pdf,SUCCESS,FULL
model_hec_ras_0835.pdf,SUCCESS,FULL
model_hec_ras_1270.pdf,SUCCESS,FULL
model_hec_ras_1010.pdf,SUCCESS,FULL
model_hec_ras_0773.pdf,SUCCESS,FULL
model_hec_ras_0507.pdf,SUCCESS,FULL
Comparison_of_several_flood_forecasting.pdf,SUCCESS,FULL
J Flood Risk Management - 2020 - Dash - Identification and validation of potential flood hazard area using GIS‐based.pdf,SUCCESS,FULL
model_hec_ras_0043.pdf,SUCCESS,FULL
100051G.pdf,SUCCESS,FULL
hydrology-09-00017.pdf,SUCCESS,FULL
hydr-JHM-D-20-0302.1-1.pdf,SUCCESS,FULL
hydr-jhm-d-19-0169.1.pdf,SUCCESS,FULL
7_Sina_Alaghmand__Rozi_bin_Abdullah__Ismail_Abustan__Esmaeil_Kordi_&_Behdokht_Vosoogh_OK_FINAL.pdf,SUCCESS,FULL
model_hec_ras_1160.pdf,SUCCESS,FULL
hydrology-10-00002-v2.pdf,SUCCESS,FULL
13_14.pdf,SUCCESS,FULL
water-15-00681.pdf,SUCCESS,FULL
Estimation of hydrogeological parameters using physically based hydrological modelling and lithology data in ungauged creek catchments of southern Tai.pdf,SUCCESS,FULL
model_hec_ras_1294.pdf,SUCCESS,FULL
model_hec_ras_1320.pdf,SUCCESS,FULL
Targeting_property_flood_resilience_in_flood_risk_.pdf,SUCCESS,FULL
1-s2.0-S1674237015300946-main.pdf,SUCCESS,FULL
remotesensing-11-00255.pdf,SUCCESS,FULL
remotesensing-15-01071-v2.pdf,SUCCESS,FULL
model_hec_ras_0422.pdf,SUCCESS,FULL
model_hec_ras_1112.pdf,SUCCESS,FULL
remotesensing-17-01869.pdf,SUCCESS,FULL
Artificial_Neural_Networks_Based_Daily_R.pdf,SUCCESS,FULL
water-12-00802-v2.pdf,SUCCESS,FULL
isprs-archives-XLVIII-4-W6-2022-231-2023.pdf,SUCCESS,FULL
model_hec_ras_1295.pdf,SUCCESS,FULL
model_hec_ras_0345.pdf,SUCCESS,FULL
Rainfall_forecasting_by_relevant_attribu.pdf,SUCCESS,FULL
hydr-JHM-D-21-0123.1.pdf,SUCCESS,FULL
JREE_Volume 8_Issue 3_Pages 75-85.pdf,SUCCESS,FULL
Can_hydrological_models_benefit_from_using_global_.pdf,SUCCESS,FULL
Geospatial_Flood_Inundation_Modelling_an.pdf,SUCCESS,FULL
model_hec_ras_0582.pdf,SUCCESS,FULL
Regional_floodplain_evaluation_matrix-Applying_a_f.pdf,SUCCESS,FULL
remotesensing-11-02555-v2.pdf,SUCCESS,FULL
water-15-02898-v2.pdf,SUCCESS,FULL
Comparison_of_neural_network_configurati.pdf,SUCCESS,FULL
Effects_of_relative_submergence_and_bed_slope_on_s.pdf,SUCCESS,FULL
model_hec_ras_1355.pdf,SUCCESS,FULL
Sensitivity_analysis_of_the_flash_flood_hazard_by_.pdf,SUCCESS,FULL
IJIAS-18-203-18.pdf,SUCCESS,FULL
model_hec_ras_0525.pdf,SUCCESS,FULL
1-s2.0-S0022169423011277-main.pdf,SUCCESS,FULL
model_hec_ras_0663.pdf,SUCCESS,FULL
model_hec_ras_0457.pdf,SUCCESS,FULL
Metamodel-based design of alluvial channels at incipient motion subjected to seepage.pdf,SUCCESS,FULL
hydr-2007jhm858_1.pdf,SUCCESS,FULL
model_hec_ras_0985.pdf,SUCCESS,FULL
model_hec_ras_0629.pdf,SUCCESS,FULL
Reconstructing_the_peak_flow_of_historical_flood_e.pdf,SUCCESS,FULL
model_hec_ras_0001.pdf,SUCCESS,FULL
model_hec_ras_0972.pdf,SUCCESS,FULL
GJESM_Volume 5_Issue 4_Pages 399-414.pdf,SUCCESS,FULL
A Tool for Modeling Phosphate Loading from Hydrologic Runoff using Multi-Criteria Analysis and ( PDFDrive ).pdf,SUCCESS,FULL
1-s2.0-S0022169423008314-main.pdf,SUCCESS,FULL
water-12-01315.pdf,SUCCESS,FULL
61010883.pdf,SUCCESS,FULL
2220-5318-1-SM (2).pdf,SUCCESS,FULL
model_hec_ras_1146.pdf,SUCCESS,FULL
s43832-024-00185-8.pdf,SUCCESS,FULL
model_hec_ras_0459.pdf,SUCCESS,FULL
Comparative_Performance_Evaluation_of_HEC-HMS_and_.pdf,SUCCESS,FULL
1-s2.0-S0895717700002727-main.pdf,SUCCESS,FULL
JFloodRiskManagement-2023-Heijer-AssetmanagementofflooddefencesasacoproductionAnanalysisofcooperationinclappendix.pdf,SUCCESS,FULL
model_hec_ras_1406.pdf,SUCCESS,FULL
Floodinundationmapping_Cauvery.pdf,SUCCESS,FULL
hydrology-05-00044 (2).pdf,SUCCESS,FULL
model_hec_ras_0795.pdf,SUCCESS,FULL
model_hec_ras_1008.pdf,SUCCESS,FULL
hydr-JHM-D-20-0181.1.pdf,SUCCESS,FULL
hess-20-2649-2016.pdf,SUCCESS,FULL
water-09-00283.pdf,SUCCESS,FULL
Uggj_2011_9_19.pdf,SUCCESS,FULL
hydr-jhm-d-15-0115_1.pdf,SUCCESS,FULL
Application of satellite remote sensing imagery to bridge scour e.pdf,SUCCESS,FULL
environments-08-00077-v2.pdf,SUCCESS,FULL
2020-front-matter.pdf,SUCCESS,FULL
water-15-00813.pdf,SUCCESS,FULL
Full Thesis (1).pdf,SUCCESS,FULL
4jan.pdf,SUCCESS,FULL
Artificial neural network approach to flood forecasting in the River Arno.pdf,SUCCESS,FULL
sustainability-12-05784.pdf,SUCCESS,FULL
hydrology-05-00039-v2.pdf,SUCCESS,FULL
model_hec_ras_1205.pdf,SUCCESS,FULL
model_hec_ras_0744.pdf,SUCCESS,FULL
hydr-JHM-D-22-0038.1.pdf,SUCCESS,FULL
hydr-jhm-d-19-0105.1.pdf,SUCCESS,FULL
Best practice in coastal flood forecasting (PDF 4.71 MB) ( PDFDrive ).pdf,SUCCESS,FULL
Flood_susceptibility_assessment_for_ungauged_sites.pdf,SUCCESS,FULL
water-15-00463-v2.pdf,SUCCESS,FULL
water-12-02851-v2.pdf,SUCCESS,FULL
BenKhlifa-Mosbahi2021_Article_ModelingOfRainfall-runoffProce.pdf,SUCCESS,FULL
tramutoli2007.pdf,SUCCESS,FULL
model_hec_ras_0009.pdf,SUCCESS,FULL
Monitoring2020_60.pdf,SUCCESS,FULL
model_hec_ras_0969.pdf,SUCCESS,FULL
model_hec_ras_1325.pdf,SUCCESS,FULL
model_hec_ras_0793.pdf,SUCCESS,FULL
model_hec_ras_0955.pdf,SUCCESS,FULL
hydrology-10-00226.pdf,SUCCESS,FULL
model_hec_ras_1379.pdf,SUCCESS,FULL
hydrology-05-00052.pdf,SUCCESS,FULL
geosciences-09-00136-v2.pdf,SUCCESS,FULL
gis_and_remote_sensing_based_land_useland_cover_change_detection.pdf,SUCCESS,FULL
panteras2017.pdf,SUCCESS,FULL
remotesensing-08-00547.pdf,SUCCESS,FULL
model_hec_ras_0754.pdf,SUCCESS,FULL
model_hec_ras_0447.pdf,SUCCESS,FULL
model_hec_ras_0631.pdf,SUCCESS,FULL
model_hec_ras_0007.pdf,SUCCESS,FULL
model_hec_ras_0965.pdf,SUCCESS,FULL
model_hec_ras_0875.pdf,SUCCESS,FULL
model_hec_ras_0306.pdf,SUCCESS,FULL
hydrology-10-00123.pdf,SUCCESS,FULL
model_hec_ras_0219.pdf,SUCCESS,FULL
model_hec_ras_1185.pdf,SUCCESS,FULL
107830P.pdf,SUCCESS,FULL
model_hec_ras_0055.pdf,SUCCESS,FULL
hydrology-09-00223.pdf,SUCCESS,FULL
hydr-jhm-d-11-083_1.pdf,SUCCESS,FULL
1-s2.0-S0022169423014555-main.pdf,SUCCESS,FULL
sustainability-15-15223-v2.pdf,SUCCESS,FULL
model_hec_ras_1193.pdf,SUCCESS,FULL
2000-TokarMarkus.pdf,SUCCESS,FULL
hydr-jhm-d-15-0074_1.pdf,SUCCESS,FULL
dezso2005.pdf,SUCCESS,FULL
JWRHE10163-20160902-165849-3161-46826.pdf,SUCCESS,FULL
hydr-JHM-D-18-0074.1.pdf,SUCCESS,FULL
water-14-02453.pdf,SUCCESS,FULL
Alrammahi_2022_IOP_Conf._Ser.__Earth_Environ._Sci._1120_012007.pdf,SUCCESS,FULL
Spatial_Prediction_of_Monthly_Precipitat.pdf,SUCCESS,FULL
Natural_flood_management_lag_time_and_catchment_sc.pdf,SUCCESS,FULL
Riverow_forecast_for_reservoir_managemen.pdf,SUCCESS,FULL
JournalEASREngineeringandAppliedScienceResearch_Vol49No5Sept-Okt2022.pdf,SUCCESS,FULL
Geohazards_Rasgharib2.pdf,SUCCESS,FULL
EmployingDigitalElevationModelDEMforFloodplainmappingwithapplicationsofHEC-HMSHEC-RASandArcGISAReview.pdf,SUCCESS,FULL
model_hec_ras_1173.pdf,SUCCESS,FULL
Predicting CSOs depth with ANNs_preproof.pdf,SUCCESS,FULL
Uggj_2015_16_23.pdf,SUCCESS,FULL
water-08-00053.pdf,SUCCESS,FULL
model_hec_ras_1142.pdf,SUCCESS,FULL
The_Effect_of_Predicting_Discharge_Coeff.pdf,SUCCESS,FULL
model_hec_ras_0819.pdf,SUCCESS,FULL
model_hec_ras_1248.pdf,SUCCESS,FULL
Application_of_HEC_HMS_RAS_and_GIS_Tools.pdf,SUCCESS,FULL
21042.pdf,SUCCESS,FULL
water-14-03582-v2.pdf,SUCCESS,FULL
The_growing_strength_of_the_Journal_of_Flood_Risk.pdf,SUCCESS,FULL
model_hec_ras_1422.pdf,SUCCESS,FULL
Flood Forecasting Using Artificial Neural Networks in Black-Box a.pdf,SUCCESS,FULL
water-05-01533-v2.pdf,SUCCESS,FULL
Multitemporal_Scale_Hydrograph_Predictio.pdf,SUCCESS,FULL
1-s2.0-S0022169423010065-main.pdf,SUCCESS,FULL
hydr-jhm-d-18-0013_1.pdf,SUCCESS,FULL
model_hec_ras_1211.pdf,SUCCESS,FULL
model_hec_ras_0746.pdf,SUCCESS,FULL
model_hec_ras_0890.pdf,SUCCESS,FULL
model_hec_ras_1480.pdf,SUCCESS,FULL
model_hec_ras_1491.pdf,SUCCESS,FULL
model_hec_ras_0852.pdf,SUCCESS,FULL
model_hec_ras_0981.pdf,SUCCESS,FULL
model_hec_ras_0108.pdf,SUCCESS,FULL
model_hec_ras_0295.pdf,SUCCESS,FULL
water-11-01615.pdf,SUCCESS,FULL
model_hec_ras_1210.pdf,SUCCESS,FULL
52755656.pdf,SUCCESS,FULL
model_hec_ras_1011.pdf,SUCCESS,FULL
model_hec_ras_0785.pdf,SUCCESS,FULL
model_hec_ras_1350.pdf,SUCCESS,FULL
Unraveling the 2021 Central Tennessee f.pdf,FAIL,HTTP_500
Unraveling the 2021 Central Tennessee f.pdf,FAIL,HTTP_500
Unraveling the 2021 Central Tennessee f.pdf,FAIL,HTTP_500
Unraveling the 2021 Central Tennessee f.pdf,FAIL,FAILED_AFTER_RETRIES
Probabilistic forecasting of rainfall response in a Danish stormwater tunnel.pdf,FAIL,HTTP_500
Probabilistic forecasting of rainfall response in a Danish stormwater tunnel.pdf,FAIL,HTTP_500
Probabilistic forecasting of rainfall response in a Danish stormwater tunnel.pdf,FAIL,HTTP_500
Probabilistic forecasting of rainfall response in a Danish stormwater tunnel.pdf,FAIL,FAILED_AFTER_RETRIES
isprs-archives-XLVIII-G-2025-583-2025.pdf,SUCCESS,FULL
model_hec_ras_0346.pdf,SUCCESS,FULL
model_hec_ras_0435.pdf,SUCCESS,FULL
model_hec_ras_1393.pdf,SUCCESS,FULL
hessd-9-4747-2012.pdf,SUCCESS,FULL
JHS_Volume 2_Issue 2_Pages 62-73.pdf,SUCCESS,FULL
s42452-020-2839-4.pdf,SUCCESS,FULL
water-12-01158-v2.pdf,SUCCESS,FULL
model_hec_ras_1407.pdf,SUCCESS,FULL
water-10-01626-v2.pdf,SUCCESS,FULL
agriculture-10-00131-v2.pdf,SUCCESS,FULL
model_hec_ras_0786.pdf,SUCCESS,FULL
707-Article Text-1819-2-10-20211104.pdf,SUCCESS,FULL
Enriching_flood_risk_analyses_with_distributions_o.pdf,SUCCESS,FULL
applsci-10-04885.pdf,SUCCESS,FULL
hydrology-06-00076-v2.pdf,SUCCESS,FULL
415-Текст статті-1440-1-10-20180925.pdf,SUCCESS,FULL
1-s2.0-S0022169424001720-main (1).pdf,SUCCESS,FULL
model_hec_ras_1085.pdf,SUCCESS,FULL
Mon23-147.pdf,SUCCESS,FULL
model_hec_ras_0805.pdf,SUCCESS,FULL
model_hec_ras_1311.pdf,SUCCESS,FULL
model_hec_ras_1098.pdf,SUCCESS,FULL
model_hec_ras_0747.pdf,SUCCESS,FULL
People_not_just_places_Expanding_physical_and_soci.pdf,SUCCESS,FULL
hydrology-06-00070-v2.pdf,SUCCESS,FULL
model_hec_ras_0690.pdf,SUCCESS,FULL
model_hec_ras_0987.pdf,SUCCESS,FULL
model_hec_ras_1065.pdf,SUCCESS,FULL
water-12-01090-v2.pdf,SUCCESS,FULL
model_hec_ras_0465.pdf,SUCCESS,FULL
model_hec_ras_0580.pdf,SUCCESS,FULL
Spatiotemporal classification of heavy .pdf,FAIL,HTTP_500
Spatiotemporal classification of heavy .pdf,FAIL,HTTP_500
Spatiotemporal classification of heavy .pdf,FAIL,HTTP_500
Spatiotemporal classification of heavy .pdf,FAIL,FAILED_AFTER_RETRIES
model_hec_ras_1150.pdf,SUCCESS,FULL
model_hec_ras_0054.pdf,SUCCESS,FULL
JFloodRiskManagement-2023-Heijer-Seriousgamingforbettercooperationinflooddefenceassetmanagementinclappendix.pdf,SUCCESS,FULL
model_hec_ras_1157.pdf,SUCCESS,FULL
model_hec_ras_1304.pdf,SUCCESS,FULL
remotesensing-12-01302-v2.pdf,SUCCESS,FULL
water-12-00096.pdf,SUCCESS,FULL
6-3-19-699.pdf,SUCCESS,FULL
model_hec_ras_0652.pdf,SUCCESS,FULL
model_hec_ras_0658.pdf,SUCCESS,FULL
model_hec_ras_1341.pdf,SUCCESS,FULL
model_hec_ras_1170.pdf,SUCCESS,FULL
brivio2002.pdf,SUCCESS,FULL
atmosphere-14-00182-v3.pdf,SUCCESS,FULL
model_hec_ras_1349.pdf,SUCCESS,FULL
11.pdf,SUCCESS,FULL
model_hec_ras_0783.pdf,SUCCESS,FULL
applsci-11-04901-v2.pdf,SUCCESS,FULL
JFloodRiskManagement-2022-Elshamy-PhysicallybasedcoldregionsriverfloodpredictionindatasparseregionsThe.pdf,SUCCESS,FULL
hydr-JHM-D-21-0114.1.pdf,SUCCESS,FULL
w04w05_20091215141524.pdf,SUCCESS,FULL
model_hec_ras_0300.pdf,SUCCESS,FULL
model_hec_ras_0308.pdf,SUCCESS,FULL
model_hec_ras_1273.pdf,SUCCESS,FULL
water-14-01569-v3.pdf,SUCCESS,FULL
hydr-JHM-D-21-0096.1.pdf,SUCCESS,FULL
Evaluation_of_HEC_HMS_and_WEPP_for_simul.pdf,SUCCESS,FULL
model_hec_ras_1136.pdf,SUCCESS,FULL
model_hec_ras_0414.pdf,SUCCESS,FULL
model_hec_ras_0807.pdf,SUCCESS,FULL
jmse-13-00072-v2.pdf,SUCCESS,FULL
remotesensing-08-00348.pdf,SUCCESS,FULL
River_Water_Level_Prediction_Modelling_u.pdf,SUCCESS,FULL
model_hec_ras_0856.pdf,SUCCESS,FULL
1-s2.0-S0034425722003790-main.pdf,SUCCESS,FULL
ambaw.pdf,SUCCESS,FULL
61008633.pdf,SUCCESS,FULL
model_hec_ras_1483.pdf,SUCCESS,FULL
model_hec_ras_0330.pdf,SUCCESS,FULL
Basarudin_2014_IOP_Conf._Ser.__Earth_Environ._Sci._18_012084.pdf,SUCCESS,FULL
isprs-archives-XLVIII-3-2024-223-2024.pdf,SUCCESS,FULL
model_hec_ras_1219.pdf,SUCCESS,FULL
model_hec_ras_1088.pdf,SUCCESS,FULL
model_hec_ras_0315.pdf,SUCCESS,FULL
Monitoring2020_94.pdf,SUCCESS,FULL
model_hec_ras_1018.pdf,SUCCESS,FULL
model_hec_ras_0133.pdf,SUCCESS,FULL
model_hec_ras_0266.pdf,SUCCESS,FULL
model_hec_ras_1005.pdf,SUCCESS,FULL
model_hec_ras_0509.pdf,SUCCESS,FULL
FLOODrisk2020_fullpaper_Guta.pdf,SUCCESS,FULL
remotesensing-12-00187-v2.pdf,SUCCESS,FULL
hydrology-09-00093.pdf,SUCCESS,FULL
Predictive_simulation_of_concurrent_debris_flows_H.pdf,SUCCESS,FULL
model_hec_ras_0574.pdf,SUCCESS,FULL
model_hec_ras_0182.pdf,SUCCESS,FULL
model_hec_ras_0194.pdf,SUCCESS,FULL
Tessisaftercorection3.pdf,SUCCESS,FULL
model_hec_ras_1110.pdf,SUCCESS,FULL
hydr-jhm-d-16-0164_1.pdf,SUCCESS,FULL
model_hec_ras_0928.pdf,SUCCESS,FULL
Linear and nonlinear frequency-domain modelling of oscillatory flow over submerged canopies.pdf,SUCCESS,FULL
1-s2.0-S0895717704002742-main.pdf,SUCCESS,FULL
Delineasi_DAS_dan_Elemen_Model_Hidrologi_Menggunak.pdf,SUCCESS,FULL
JWLD_44_2020_Obasi et al.pdf,SUCCESS,FULL
model_hec_ras_0828.pdf,SUCCESS,FULL
model_hec_ras_0436.pdf,SUCCESS,FULL
hydr-jhm-d-17-0077_1.pdf,SUCCESS,FULL
Managing_residual_flood_risk_behind_levees_Compari.pdf,SUCCESS,FULL
s13201-022-01621-7.pdf,SUCCESS,FULL
model_hec_ras_0717.pdf,SUCCESS,FULL
water-13-01098-v2.pdf,SUCCESS,FULL
model_hec_ras_1431.pdf,SUCCESS,FULL
model_hec_ras_0946.pdf,SUCCESS,FULL
hydrology-09-00223 (1).pdf,SUCCESS,FULL
Alleviation-of-the-transients-induced-in-large-photovol_2023_Ain-Shams-Engin.pdf,SUCCESS,FULL
Formulae_of_Sediment_Transport_in_Steady_Flows_Par.pdf,SUCCESS,FULL
remotesensing-14-03140.pdf,SUCCESS,FULL
model_hec_ras_0292.pdf,SUCCESS,FULL
model_hec_ras_0472.pdf,SUCCESS,FULL
Identification_of_floodwater_source_areas_in_Nepal.pdf,SUCCESS,FULL
Duration_Rainfall_Forecasting_Modeling_T.pdf,SUCCESS,FULL
pagination_RSE_10791.pdf,SUCCESS,FULL
model_hec_ras_0109.pdf,SUCCESS,FULL
1-s2.0-S0022169423013239-main.pdf,SUCCESS,FULL
s40899-016-0063-6.pdf,SUCCESS,FULL
water-11-02195-v2.pdf,SUCCESS,FULL
Aysa Hanfare thesis.pdf,SUCCESS,FULL
model_hec_ras_0609.pdf,SUCCESS,FULL
model_hec_ras_1249.pdf,SUCCESS,FULL
Journal.pdf,SUCCESS,FULL
wefo-WAF-D-22-0070.1.pdf,SUCCESS,FULL
model_hec_ras_1345.pdf,SUCCESS,FULL
model_hec_ras_0740.pdf,SUCCESS,FULL
10_ApplicationofArtificialNeuralNetworks – копія.pdf,SUCCESS,FULL
model_hec_ras_1282.pdf,SUCCESS,FULL
model_hec_ras_0207.pdf,SUCCESS,FULL
remotesensing-05-00687-v2.pdf,SUCCESS,FULL
model_hec_ras_0412.pdf,SUCCESS,FULL
model_hec_ras_1222.pdf,SUCCESS,FULL
model_hec_ras_0228.pdf,SUCCESS,FULL
nhess-17-1541-2017.pdf,SUCCESS,FULL
sarhadi2012.pdf,SUCCESS,FULL
Evaluation_of_evacuation_difficulty_of_urban_resid.pdf,SUCCESS,FULL
model_hec_ras_1419.pdf,SUCCESS,FULL
model_hec_ras_0327.pdf,SUCCESS,FULL
Flood_modelling_using_Artificial_Neural.pdf,SUCCESS,FULL
model_hec_ras_0879.pdf,SUCCESS,FULL
model_hec_ras_1256.pdf,SUCCESS,FULL
model_hec_ras_0347.pdf,SUCCESS,FULL
remotesensing-11-02331-v2.pdf,SUCCESS,FULL
model_hec_ras_1212.pdf,SUCCESS,FULL
JFloodRiskManagement-2023-Schotten-CriticalinfrastructurenetworkmodellingforfloodriskanalysesApproachand.pdf,SUCCESS,FULL
model_hec_ras_0906.pdf,SUCCESS,FULL
water-11-01717.pdf,SUCCESS,FULL
model_hec_ras_0905.pdf,SUCCESS,FULL
model_hec_ras_0502.pdf,SUCCESS,FULL
hydrology-09-00208-v2.pdf,SUCCESS,FULL
Assessment of interfacial turbulence treatment models for free surface flows.pdf,SUCCESS,FULL
HydrologicalmodellingofBhagirathiRiverbasinusingHECHMS.pdf,SUCCESS,FULL
Geographic Information System and Remote Sensing Applications in Flood Hazards Management A Review.pdf,SUCCESS,FULL
Impact_of_hydraulic_model_resolution_and_loss_of_l.pdf,SUCCESS,FULL
model_hec_ras_0739.pdf,SUCCESS,FULL
giustarini2013.pdf,SUCCESS,FULL
Critical_flows_in_semi-alluvial_channels_during_ex.pdf,SUCCESS,FULL
reservioroperationThe-13th-ICSBE-Version-I.pdf,SUCCESS,FULL
model_hec_ras_0285.pdf,SUCCESS,FULL
0229.pdf,SUCCESS,FULL
model_hec_ras_0764.pdf,SUCCESS,FULL
Kastali2021_Article_Auto-calibrationOfHEC-HMSModel.pdf,SUCCESS,FULL
water-11-00095.pdf,SUCCESS,FULL
1-s2.0-S0303243421001070-main.pdf,SUCCESS,FULL
airGR.pdf,SUCCESS,FULL
Gunawan_2021_IOP_Conf._Ser.__Mater._Sci._Eng._1173_012021.pdf,SUCCESS,FULL
Zhang_2019_IOP_Conf._Ser.__Earth_Environ._Sci._252_052060.pdf,SUCCESS,FULL
Rainfall_runoff_modelling_using_artifici (1).pdf,SUCCESS,FULL
1-s2.0-S1876610219312706-main.pdf,SUCCESS,FULL
Documento_completo.pdf-PDFA.pdf,SUCCESS,FULL
model_hec_ras_0995.pdf,SUCCESS,FULL
978-3-031-04129-7.pdf,SUCCESS,FULL
model_hec_ras_0372.pdf,SUCCESS,FULL
model_hec_ras_1040.pdf,SUCCESS,FULL
model_hec_ras_0839.pdf,SUCCESS,FULL
hydr-jhm-d-13-0126_1.pdf,SUCCESS,FULL
water-09-00870.pdf,SUCCESS,FULL
model_hec_ras_1367.pdf,SUCCESS,FULL
model_hec_ras_1271.pdf,SUCCESS,FULL
hydr-JHM-D-22-0224.1.pdf,SUCCESS,FULL
52631699.pdf,SUCCESS,FULL
222.pdf,SUCCESS,FULL
hydr-jhm-d-19-0202.1-2.pdf,SUCCESS,FULL
Flood_extent_delineation_using_Sentinel.pdf,SUCCESS,FULL
model_hec_ras_1147.pdf,SUCCESS,FULL
1-s2.0-S2215098615000774-main – копія.pdf,SUCCESS,FULL
Reviews of Geophysics - 2023 - Jafarzadegan - Recent Advances and New Frontiers in Riverine and Coastal Flood Modeling.pdf,SUCCESS,FULL
model_hec_ras_0129.pdf,SUCCESS,FULL
model_hec_ras_0984.pdf,SUCCESS,FULL
aali1400-A-10-42-7-705e16f.pdf,SUCCESS,FULL
kussul2017.pdf,SUCCESS,FULL
model_hec_ras_0999.pdf,SUCCESS,FULL
1584.pdf,SUCCESS,FULL
model_hec_ras_1347.pdf,SUCCESS,FULL
atmosphere-13-01348-v2.pdf,SUCCESS,FULL
model_hec_ras_1302.pdf,SUCCESS,FULL
Quantitative_flood_hazard_assessment_methods_A_rev (1).pdf,SUCCESS,FULL
hydr-JHM-D-20-0052.1.pdf,SUCCESS,FULL
Rainfall_Runoff_modeling_of_Small_Waters.pdf,SUCCESS,FULL
Susetyo_2022_IOP_Conf._Ser.__Earth_Environ._Sci._998_012001.pdf,SUCCESS,FULL
_ASCE_HE.1943-5584.0001742.pdf,SUCCESS,FULL
model_hec_ras_0763.pdf,SUCCESS,FULL
Uggj_2012_10_15.pdf,SUCCESS,FULL
model_hec_ras_0709.pdf,SUCCESS,FULL
hydr-jhm-d-18-0196_1-1.pdf,SUCCESS,FULL
model_hec_ras_0277.pdf,SUCCESS,FULL
water-13-02881-v2.pdf,SUCCESS,FULL
hydrology-09-00071-v2.pdf,SUCCESS,FULL
model_hec_ras_0249.pdf,SUCCESS,FULL
model_hec_ras_0031.pdf,SUCCESS,FULL
Flooding_time_nomograph_for_urban_river_flood_pred.pdf,SUCCESS,FULL
model_hec_ras_1399.pdf,SUCCESS,FULL
model_hec_ras_0649.pdf,SUCCESS,FULL
water-11-01571-v2.pdf,SUCCESS,FULL
model_hec_ras_0840.pdf,SUCCESS,FULL
moharrami2021.pdf,SUCCESS,FULL
Flood hazards in an urbanizing watershed in Riyadh  Saudi Arabia.pdf,SUCCESS,FULL
model_hec_ras_0205.pdf,SUCCESS,FULL
hess-3-529-1999.pdf,FAIL,HTTP_500
hess-3-529-1999.pdf,FAIL,HTTP_500
hess-3-529-1999.pdf,FAIL,HTTP_500
hess-3-529-1999.pdf,FAIL,FAILED_AFTER_RETRIES
remotesensing-11-00501.pdf,SUCCESS,FULL
Performance_Evaluation_of_Artificial_Neu.pdf,SUCCESS,FULL
6695-ArticleText-22735-1-10-20210429.pdf,SUCCESS,FULL
model_hec_ras_1020.pdf,SUCCESS,FULL
Artificial_Neural_Network_Modeling_for_R.pdf,SUCCESS,FULL
water-10-00876.pdf,SUCCESS,FULL
Remote Sensing Geology ( PDFDrive ).pdf,SUCCESS,FULL
1-s2.0-S2095268619304525-main.pdf,SUCCESS,FULL
water-11-00907.pdf,SUCCESS,FULL
hydr-jhm-d-14-0124_1.pdf,SUCCESS,FULL
JFloodRiskManagement-2022-MelndezE28090Landaverde-DesignandevaluationofacommunityandimpactE28090basedsiteE28090specific.pdf,SUCCESS,FULL
model_hec_ras_0415.pdf,SUCCESS,FULL
Water Resources Research - 1999 - Campolo - Forecasting river flow rate during low‐flow periods using neural networks.pdf,SUCCESS,FULL
water-10-01241-v2.pdf,SUCCESS,FULL
NZTNPU_2015_3-4_44.pdf,SUCCESS,FULL
climate-05-00032-s001.pdf,SUCCESS,FULL
model_hec_ras_0020.pdf,SUCCESS,FULL
wefo-2008waf2006082_1-1.pdf,SUCCESS,FULL
hydr-JHM-D-23-0018.1.pdf,SUCCESS,FULL
remotesensing-09-00781.pdf,SUCCESS,FULL
water-10-01681.pdf,SUCCESS,FULL
land-12-01785-v2.pdf,SUCCESS,FULL
model_hec_ras_0996.pdf,SUCCESS,FULL
model_hec_ras_0023.pdf,SUCCESS,FULL
model_hec_ras_0988.pdf,SUCCESS,FULL
glghge_2016_4_5.pdf,SUCCESS,FULL
WomackJ0512.pdf,SUCCESS,FULL
model_hec_ras_1365.pdf,SUCCESS,FULL
model_hec_ras_0637.pdf,SUCCESS,FULL
model_hec_ras_1342.pdf,SUCCESS,FULL
fulltext.pdf,SUCCESS,FULL
hydr-jhm-d-11-024_1.pdf,SUCCESS,FULL
remotesensing-09-00086.pdf,SUCCESS,FULL
hydrology-10-00203.pdf,SUCCESS,FULL
hapuarachchi2011.pdf,SUCCESS,FULL
model_hec_ras_1217.pdf,SUCCESS,FULL
hydrology-09-00133-v3 (1).pdf,SUCCESS,FULL
Remotely Sensed Land Use Data and Watershed Hydrologic Change.pdf,SUCCESS,FULL
1-s2.0-S0022169424001604-main.pdf,SUCCESS,FULL
Humphreyetal2016JoHHybridANNRG.pdf,SUCCESS,FULL
remotesensing-10-01673-v2.pdf,SUCCESS,FULL
bijeesh2020.pdf,SUCCESS,FULL
model_hec_ras_0804.pdf,SUCCESS,FULL
The impact of earth fissures on flood hazard extent for the Northern part of the Qaa Jahran Basin  Dhamar  Yemen.pdf,SUCCESS,FULL
fluids-07-00267.pdf,SUCCESS,FULL
model_hec_ras_1313.pdf,SUCCESS,FULL
sustainability-12-08454-v2.pdf,SUCCESS,FULL
remotesensing-07-07615.pdf,SUCCESS,FULL
Nugroho_2019_IOP_Conf._Ser.__Earth_Environ._Sci._328_012041.pdf,SUCCESS,FULL
model_hec_ras_1190.pdf,SUCCESS,FULL
s11069-024-06629-7.pdf,SUCCESS,FULL
model_hec_ras_0820.pdf,SUCCESS,FULL
model_hec_ras_0303.pdf,SUCCESS,FULL
remotesensing-16-00858.pdf,SUCCESS,FULL
water-08-00228.pdf,SUCCESS,FULL
model_hec_ras_0844.pdf,SUCCESS,FULL
Hydroecological_approach_for_determining.pdf,SUCCESS,FULL
schumann2015.pdf,SUCCESS,FULL
hydr-JHM-D-20-0182.1.pdf,SUCCESS,FULL
1-s2.0-S235293852300201X-main.pdf,SUCCESS,FULL
applsci-10-03906-v2.pdf,SUCCESS,FULL
model_hec_ras_0863.pdf,SUCCESS,FULL
803-2719-1-PB.pdf,SUCCESS,FULL
model_hec_ras_1241.pdf,SUCCESS,FULL
s00521-022-08165-6.pdf,SUCCESS,FULL
Uggj_2019_24_7.pdf,SUCCESS,FULL
1-s2.0-S002216942100809X-main.pdf,SUCCESS,FULL
wefo-WAF-D-19-0254.1.pdf,SUCCESS,FULL
Estimation_of_flood_risk_exposure_with_c.pdf,SUCCESS,FULL
Improving_hydrological_climate_impact_assessments_.pdf,SUCCESS,FULL
hydr-JHM-D-20-0122.1.pdf,SUCCESS,FULL
General shallow water equations  GSWEs .pdf,SUCCESS,FULL
applsci-13-12147-v2.pdf,SUCCESS,FULL
hydr-jhmD190242.pdf,SUCCESS,FULL
sustainability-12-05122-v2.pdf,SUCCESS,FULL
rehman2019.pdf,SUCCESS,FULL
water-15-00086.pdf,SUCCESS,FULL
model_hec_ras_0929.pdf,SUCCESS,FULL
model_hec_ras_0803.pdf,SUCCESS,FULL
c05467cc0bca43d1ff68ea7d5e6ed0eee5dd.pdf,SUCCESS,FULL
A hybrid approach for enhanced flood prediction and assessment  Leveraging physical models  deep learning and satellite remote sensing.pdf,SUCCESS,FULL
JFloodRiskManagement-2023-Miller-Manageddiversionleadtimeeffectsonfloodresponseinatidalfreshwaterriver.pdf,SUCCESS,FULL
model_hec_ras_0286.pdf,SUCCESS,FULL
Runoff and sediment response to defores.pdf,FAIL,HTTP_500
Runoff and sediment response to defores.pdf,FAIL,HTTP_500
Runoff and sediment response to defores.pdf,FAIL,HTTP_500
Runoff and sediment response to defores.pdf,FAIL,FAILED_AFTER_RETRIES
mq23568.pdf,SUCCESS,FULL
water-13-02516.pdf,SUCCESS,FULL
Flood_Prediction_Model_using_Artificial_Neural_Net.pdf,SUCCESS,FULL
remotesensing-16-00350-v2.pdf,SUCCESS,FULL
model_hec_ras_0340.pdf,SUCCESS,FULL
Formulae_of_Sediment_Transport_in_Unsteady_Flows_P.pdf,SUCCESS,FULL
model_hec_ras_0118.pdf,SUCCESS,FULL
water-14-03618.pdf,SUCCESS,FULL
2_★sms19_2611_20191220最終.pdf,SUCCESS,FULL
model_hec_ras_1109.pdf,SUCCESS,FULL
model_hec_ras_1477.pdf,SUCCESS,FULL
model_hec_ras_1004.pdf,SUCCESS,FULL
remotesensing-07-14200-v2.pdf,SUCCESS,FULL
model_hec_ras_0324.pdf,SUCCESS,FULL
34eec009-cc32-445f-9ed4-d3857d805b3e.pdf,SUCCESS,FULL
wang2018.pdf,SUCCESS,FULL
index (1).pdf,SUCCESS,FULL
Estimation_of_extreme_rainfall_quantiles_at_ungaug.pdf,SUCCESS,FULL
model_hec_ras_0983.pdf,SUCCESS,FULL
index.pdf,SUCCESS,FULL
model_hec_ras_1303.pdf,SUCCESS,FULL
model_hec_ras_1380.pdf,SUCCESS,FULL
model_hec_ras_0811.pdf,SUCCESS,FULL
Manuscript_Revised.pdf,SUCCESS,FULL
model_hec_ras_0874.pdf,SUCCESS,FULL
Fatihah_Nor_Azlan_Shah_2022_IOP_Conf._Ser.__Earth_Environ._Sci._1022_012070.pdf,SUCCESS,FULL
model_hec_ras_1186.pdf,SUCCESS,FULL
Rainfall-Runoff_Modeling_Using_the_HEC-HMS_Model_f.pdf,SUCCESS,FULL
hydr-1525-7541_2004_005_0989_poclac_2_0_co_2.pdf,SUCCESS,FULL
water-13-01122-v2.pdf,SUCCESS,FULL
120482-WP-P156643-PUBLIC-108p-WBFloodReportOct.pdf,SUCCESS,FULL
model_hec_ras_1034.pdf,SUCCESS,FULL
model_hec_ras_0577.pdf,SUCCESS,FULL
hydr-2009jhm1163_1.pdf,SUCCESS,FULL
model_hec_ras_1272.pdf,SUCCESS,FULL
Identifying_critical_risk_factors_and_responses_of.pdf,SUCCESS,FULL
RBFNN_versus_FFNN_for_daily_river_flow_f.pdf,SUCCESS,FULL
Monthly_Rainfall_Prediction_Using_the_Ba.pdf,SUCCESS,FULL
001.pdf,FAIL,HTTP_500
001.pdf,FAIL,HTTP_500
001.pdf,FAIL,HTTP_500
001.pdf,FAIL,FAILED_AFTER_RETRIES
model_hec_ras_0607.pdf,SUCCESS,FULL
model_hec_ras_1046.pdf,SUCCESS,FULL
model_hec_ras_0882.pdf,SUCCESS,FULL
20100032014.pdf,SUCCESS,FULL
model_hec_ras_1113.pdf,SUCCESS,FULL
water-14-02945-v2.pdf,SUCCESS,FULL
frsen-04-1280654.pdf,SUCCESS,FULL
model_hec_ras_0036.pdf,SUCCESS,FULL
model_hec_ras_0397.pdf,SUCCESS,FULL
model_hec_ras_0320.pdf,SUCCESS,FULL
s12145-016-0274-2.pdf,SUCCESS,FULL
hydr-1525-7541_2004_005_0656_alaota_2_0_co_2.pdf,SUCCESS,FULL
Gao_2018_IOP_Conf._Ser.__Earth_Environ._Sci._178_012002.pdf,SUCCESS,FULL
model_hec_ras_0443.pdf,SUCCESS,FULL
remotesensing-17-00524.pdf,SUCCESS,FULL
model_hec_ras_0796.pdf,SUCCESS,FULL
hydr-JHM-D-20-0240.1.pdf,SUCCESS,FULL
Comparing the Effectiveness of Rain Barrels and Detention Ponds o.pdf,SUCCESS,FULL
remotesensing-11-00915-v2.pdf,SUCCESS,FULL
preprints201807.0624.v1.pdf,SUCCESS,FULL
water-15-03783-v2.pdf,SUCCESS,FULL
hydr-jhm-d-19-0119.1.pdf,SUCCESS,FULL
hydrology-08-00020-v3 (1).pdf,SUCCESS,FULL
FloodModellingandInundationMappingofMeenachilRiverUsingHEC-RASandHEC-HMSSoftware.pdf,SUCCESS,FULL
model_hec_ras_0766.pdf,SUCCESS,FULL
Towards_Operational_Flood_Monitoring_in_Flanders_Using_Sentinel-1.pdf,SUCCESS,FULL
RunoffmodellingusingHECHMSforRuralwatershed.pdf,SUCCESS,FULL
model_hec_ras_0355.pdf,SUCCESS,FULL
model_hec_ras_1383.pdf,SUCCESS,FULL
remotesensing-11-02557-v2.pdf,SUCCESS,FULL
model_hec_ras_1381.pdf,SUCCESS,FULL
hydr-jhm-d-11-083_1-1.pdf,SUCCESS,FULL
model_hec_ras_0735.pdf,SUCCESS,FULL
JHR2005Shear.pdf,SUCCESS,FULL
1-s2.0-S0022169423003463-main.pdf,SUCCESS,FULL
Two simple theoretical models for teaching wave mechanics in coastal engineering.pdf,SUCCESS,FULL
model_hec_ras_1045.pdf,SUCCESS,FULL
model_hec_ras_0185.pdf,SUCCESS,FULL
PAJES_25_8_949_955.pdf,SUCCESS,FULL
model_hec_ras_0069.pdf,SUCCESS,FULL
model_hec_ras_1429.pdf,SUCCESS,FULL
model_hec_ras_1221.pdf,SUCCESS,FULL
Space_research_in_Ukraine_20222024_anhl.pdf,FAIL,HTTP_500
Space_research_in_Ukraine_20222024_anhl.pdf,FAIL,HTTP_500
Space_research_in_Ukraine_20222024_anhl.pdf,FAIL,HTTP_500
Space_research_in_Ukraine_20222024_anhl.pdf,FAIL,FAILED_AFTER_RETRIES
model_hec_ras_0924.pdf,SUCCESS,FULL
model_hec_ras_1049.pdf,SUCCESS,FULL
land-13-00047.pdf,SUCCESS,FULL
model_hec_ras_0961.pdf,SUCCESS,FULL
Kholiq_2023_IOP_Conf._Ser.__Earth_Environ._Sci._1127_012011.pdf,SUCCESS,FULL
Physical_representation_of_hillslope_leaky_barrier.pdf,SUCCESS,FULL
water-13-00872.pdf,SUCCESS,FULL
model_hec_ras_1409.pdf,SUCCESS,FULL
model_hec_ras_1044.pdf,SUCCESS,FULL
J Flood Risk Management - 2020 - Ahmadlou - Flood susceptibility mapping and assessment using a novel deep learning model.pdf,SUCCESS,FULL
hydr-jhm-d-11-012_1.pdf,SUCCESS,FULL
water-10-01595.pdf,SUCCESS,FULL
sensors-17-00446-v2.pdf,SUCCESS,FULL
198-Article Text-323-3-10-20200427.pdf,SUCCESS,FULL
model_hec_ras_0711.pdf,SUCCESS,FULL
model_hec_ras_0579.pdf,SUCCESS,FULL
model_hec_ras_0066.pdf,SUCCESS,FULL
model_hec_ras_0444.pdf,SUCCESS,FULL
wefo-WAF-D-22-0187.1.pdf,SUCCESS,FULL
sensors-19-01486-v2.pdf,SUCCESS,FULL
model_hec_ras_0361.pdf,SUCCESS,FULL
Dissertation_Latt.pdf,SUCCESS,FULL
hydr-jhm-d-17-0073_1.pdf,SUCCESS,FULL
model_hec_ras_0864.pdf,SUCCESS,FULL
glghge_2018_4_4.pdf,SUCCESS,FULL
Robo_2019_IOP_Conf._Ser.__Earth_Environ._Sci._325_012009.pdf,SUCCESS,FULL
model_hec_ras_0289.pdf,SUCCESS,FULL
water-12-00255-v2.pdf,SUCCESS,FULL
hydr-jhmD200014.pdf,SUCCESS,FULL
model_hec_ras_0440.pdf,SUCCESS,FULL
1-s2.0-S0198971521000351-am.pdf,SUCCESS,FULL
lopez2020.pdf,SUCCESS,FULL
remotesensing-12-00106-v3.pdf,SUCCESS,FULL
water-13-00230-v2.pdf,SUCCESS,FULL
1-s2.0-S092427161930111X-am.pdf,SUCCESS,FULL
Climate_change_impacts_on_flood_peaks_in_Britain_f.pdf,SUCCESS,FULL
model_hec_ras_1276.pdf,SUCCESS,FULL
Hydrological assessment of proposed reservoirs in the Sonora River Basin  Mexico  under historical and future climate scenarios.pdf,SUCCESS,FULL
A_numerical_coupled_atmospheric-hydrologic_modelin.pdf,SUCCESS,FULL
s11069-016-2601-9.pdf,SUCCESS,FULL
sustainability-12-09338-v2.pdf,SUCCESS,FULL
s11069-017-2755-0.pdf,SUCCESS,FULL
PAJES_25_8_949_955 (1).pdf,SUCCESS,FULL
model_hec_ras_0878.pdf,SUCCESS,FULL
IJH-03-00209.pdf,SUCCESS,FULL
s41598-021-86650-z.pdf,SUCCESS,FULL
s41597-025-04554-3.pdf,SUCCESS,FULL
hydr-jhm-d-14-0116_1.pdf,SUCCESS,FULL
Voloshyn_Melnik04.02.17_english.pdf,SUCCESS,FULL
model_hec_ras_0970.pdf,SUCCESS,FULL
model_hec_ras_1382.pdf,SUCCESS,FULL
IJITK03-2.pdf,SUCCESS,FULL
hydr-jhm-d-11-087_1.pdf,SUCCESS,FULL
atmosphere-14-00351.pdf,SUCCESS,FULL
model_hec_ras_0262.pdf,SUCCESS,FULL
wcas-WCAS-D-21-0141.1-1.pdf,SUCCESS,FULL
environsciproc-25-00040-v2.pdf,SUCCESS,FULL
model_hec_ras_1191.pdf,SUCCESS,FULL
UGJ_2018_2_6.pdf,SUCCESS,FULL
water-14-00061.pdf,SUCCESS,FULL
model_hec_ras_1036.pdf,SUCCESS,FULL
model_hec_ras_0489.pdf,SUCCESS,FULL
isprs-annals-V-3-2022-549-2022.pdf,SUCCESS,FULL
model_hec_ras_1139.pdf,SUCCESS,FULL
YAHYE AHMED DAUD.pdf,SUCCESS,FULL
model_hec_ras_0178.pdf,SUCCESS,FULL
model_hec_ras_0082.pdf,SUCCESS,FULL
hydr-jhm577_1-1.pdf,SUCCESS,FULL
model_hec_ras_0529.pdf,SUCCESS,FULL
remotesensing-10-00078-v2.pdf,SUCCESS,FULL
Gorbachova_263.pdf,SUCCESS,FULL
ModifiedPulsMethodManuallyandHECHMSSimulation.pdf,SUCCESS,FULL
model_hec_ras_0777.pdf,SUCCESS,FULL
model_hec_ras_0752.pdf,SUCCESS,FULL
A_novel_simulation-optimization_strategy_for_stoch.pdf,SUCCESS,FULL
ws022043842.pdf,SUCCESS,FULL
model_hec_ras_0131.pdf,SUCCESS,FULL
1-s2.0-S2090447922002155-main.pdf,SUCCESS,FULL
model_hec_ras_0171.pdf,SUCCESS,FULL
hydr-JHM-D-20-0067.1.pdf,SUCCESS,FULL
Winarta_2019_IOP_Conf._Ser.__Earth_Environ._Sci._366_012037.pdf,SUCCESS,FULL
resources-10-00014-v3.pdf,SUCCESS,FULL
model_hec_ras_0462.pdf,SUCCESS,FULL
model_hec_ras_1130.pdf,SUCCESS,FULL
model_hec_ras_0737.pdf,SUCCESS,FULL
model_hec_ras_0595.pdf,SUCCESS,FULL
model_hec_ras_1116.pdf,SUCCESS,FULL
model_hec_ras_0048.pdf,SUCCESS,FULL
model_hec_ras_0439.pdf,SUCCESS,FULL
water-13-02346-v4.pdf,SUCCESS,FULL
Adapting the SCS Method for Estimating Runoff in Shallow Water Ta.pdf,SUCCESS,FULL
DEVELOPMENT_OF_HYDROLOGICAL_MODELLING_USING_HEC-HM.pdf,SUCCESS,FULL
hydr-jhm-d-15-0044_1.pdf,SUCCESS,FULL
model_hec_ras_0944.pdf,SUCCESS,FULL
Rainfall_Forecasting_Using_Neural_Networ.pdf,SUCCESS,FULL
hydr-jhm-d-14-0148_1.pdf,SUCCESS,FULL
model_hec_ras_0615.pdf,SUCCESS,FULL
model_hec_ras_0964.pdf,SUCCESS,FULL
1-s2.0-S2215098615000774-main.pdf,SUCCESS,FULL
water-12-00704-v2.pdf,SUCCESS,FULL
hydr-jhm-d-14-0093_1.pdf,SUCCESS,FULL
Check dam layout optimization on the stream network for flood mitigation  surrogate modelling with uncertainty handling.pdf,SUCCESS,FULL
10.30897-ijegeo.794723-1289664.pdf,SUCCESS,FULL
CALIBRATION_ANALYSIS_OF_RAIN_DISCHARGE_MODELING_IN.pdf,SUCCESS,FULL
model_hec_ras_0512.pdf,SUCCESS,FULL
1-s2.0-S0022169423015275-main.pdf,SUCCESS,FULL
Knowledge-Driven_Flood_Intelligent_Monitoring_KDFIM_Method_Analyzing_the_Kakhovka_Dam_Destruction_Incident.pdf,SUCCESS,FULL
model_hec_ras_0728.pdf,SUCCESS,FULL
wefo-WAF-D-21-0078.1.pdf,SUCCESS,FULL
model_hec_ras_0322.pdf,SUCCESS,FULL
Comparison_of_Rainfall-Runoff_Simulation_between_S.pdf,SUCCESS,FULL
model_hec_ras_0004.pdf,SUCCESS,FULL
remotesensing-13-02114-v2.pdf,SUCCESS,FULL
2023GRL-Wang-ChangesInHumanFloodDistance.pdf,SUCCESS,FULL
model_hec_ras_1447.pdf,SUCCESS,FULL
model_hec_ras_1094.pdf,SUCCESS,FULL
model_hec_ras_0423.pdf,SUCCESS,FULL
2D-HEC-RAS_Modeling_of_Flood_Wave_Propagation_in_a.pdf,SUCCESS,FULL
sustainability-15-01758-v2.pdf,SUCCESS,FULL
water-12-02715-v3.pdf,SUCCESS,FULL
j.envsoft.2017.01.006.pdf,SUCCESS,FULL
Flood_Extent_Mapping_in_the_Caprivi_Floodplain_Using_Sentinel-1_Time_Series.pdf,SUCCESS,FULL
model_hec_ras_0319.pdf,SUCCESS,FULL
water-10-00802.pdf,SUCCESS,FULL
model_hec_ras_0336.pdf,SUCCESS,FULL
model_hec_ras_0335.pdf,SUCCESS,FULL
fiz_geo_2017_4_10.pdf,SUCCESS,FULL
isprsarchives-XL-7-W3-45-2015.pdf,SUCCESS,FULL
atmosphere-13-01544-v2.pdf,SUCCESS,FULL
model_hec_ras_1277.pdf,SUCCESS,FULL
model_hec_ras_0554.pdf,SUCCESS,FULL
model_hec_ras_1332.pdf,SUCCESS,FULL
model_hec_ras_1140.pdf,SUCCESS,FULL
model_hec_ras_0982.pdf,SUCCESS,FULL
Sentinel-1_remote_sensing_data_and_Hydrologic_Engi.pdf,SUCCESS,FULL
hydr-jhm-d-14-0012_1-1.pdf,SUCCESS,FULL
model_hec_ras_1166.pdf,SUCCESS,FULL
20170321_Xie.pdf,SUCCESS,FULL
Prediction_of_monthly_discharge_volume_b.pdf,SUCCESS,FULL
model_hec_ras_0916.pdf,SUCCESS,FULL
Hydrological_and_Hydrodynamic_Modeling_for_Flash_F.pdf,SUCCESS,FULL
isprs-archives-XLIII-B3-2020-641-2020.pdf,SUCCESS,FULL
Integrated_flood_management_based_on_Hazard_Analys.pdf,SUCCESS,FULL
hydr-jhm-d-18-0196_1.pdf,SUCCESS,FULL
Conformable-double-Sumudu-transformations-an-efficient-ap_2023_Ain-Shams-Eng.pdf,SUCCESS,FULL
model_hec_ras_0688.pdf,SUCCESS,FULL
model_hec_ras_0884.pdf,SUCCESS,FULL
River_flow_modelling_for_flood_predictio.pdf,SUCCESS,FULL
Global rainfall erosivity projections for 2050 and 2070.pdf,FAIL,HTTP_500
                                                                                                                                                                                                                                                                                                                                                        hydr-1525-7541_2000_001_0005_crafit_2_0_co_2.pdf,SKIPPED,EXISTS
remotesensing-16-02193.pdf,SKIPPED,EXISTS
hydr-jhm-d-19-0045_1.pdf,SKIPPED,EXISTS
s40562-018-0113-z.pdf,SKIPPED,EXISTS
applsci-13-09869-v2.pdf,SKIPPED,EXISTS
rsta.2021.0141.pdf,SKIPPED,EXISTS
J Flood Risk Management - 2020 - Guo - Data‐driven flood emulation  Speeding up urban flood predictions by deep.pdf,SKIPPED,EXISTS
hydrology-04-00009 (1).pdf,SKIPPED,EXISTS
1-s2.0-S1876610215016008-main.pdf,SKIPPED,EXISTS
Grimm_ndsu_0157D_12211.pdf,SKIPPED,EXISTS
Assessing_Greek_small_and_medium-sized_enterprises.pdf,SKIPPED,EXISTS
model_hec_ras_0018.pdf,SKIPPED,EXISTS
model_hec_ras_1359.pdf,SKIPPED,EXISTS
hydrology-06-00072-v2 (1).pdf,SKIPPED,EXISTS
water-13-02713-v2.pdf,SKIPPED,EXISTS
Rainfall_Forecasting_with_Hourly_Surface.pdf,SKIPPED,EXISTS
1-s2.0-S0022169424000337-main.pdf,SKIPPED,EXISTS
2df741c2-ee9c-44f1-84f8-5d57e4ae2102.pdf,SKIPPED,EXISTS
model_hec_ras_1086.pdf,SKIPPED,EXISTS
Falaschietal2009t.pdf,SKIPPED,EXISTS
AdoptingSentinel-1SARDataforFloodMappingACaseStudyofBornoStateNortheasternNigeria.pdf,SKIPPED,EXISTS
model_hec_ras_1165.pdf,SKIPPED,EXISTS
4165-Article Text-24107-1-10-20250605.pdf,SKIPPED,EXISTS
model_hec_ras_0233.pdf,SKIPPED,EXISTS
9-1-509-578.pdf,SKIPPED,EXISTS
Survey_of_Neural_Network_Models_and_Algo.pdf,SKIPPED,EXISTS
hydr-JHM-D-20-0252.1.pdf,SKIPPED,EXISTS
The_effect_of_heterogeneities_and_small_cavities_o.pdf,SKIPPED,EXISTS
ConnectionofPrivateRemoteSensingMarketwith.pdf,SKIPPED,EXISTS
Improving_Flood_Forecasts_capability_of_Taihang_Pi.pdf,SKIPPED,EXISTS
PIIS2405844022003632.pdf,SKIPPED,EXISTS
model_hec_ras_0076.pdf,SKIPPED,EXISTS
model_hec_ras_1411.pdf,SKIPPED,EXISTS
model_hec_ras_1299.pdf,SKIPPED,EXISTS
model_hec_ras_1102.pdf,SKIPPED,EXISTS
remotesensing-13-02638-v4.pdf,SKIPPED,EXISTS
model_hec_ras_1390.pdf,SKIPPED,EXISTS
Machine-learning_and_HEC-RAS.pdf,SKIPPED,EXISTS
model_hec_ras_0150.pdf,SKIPPED,EXISTS
1-s2.0-S0022169422013634-main.pdf,SKIPPED,EXISTS
water-12-02122-v2.pdf,SKIPPED,EXISTS
sanyal2004.pdf,SKIPPED,EXISTS
Art. 5 Rev-5.pdf,SKIPPED,EXISTS
hydr-jhm-d-16-0071_1.pdf,SKIPPED,EXISTS
model_hec_ras_1100.pdf,SKIPPED,EXISTS
Ansori_2023_IOP_Conf._Ser.__Earth_Environ._Sci._1276_012034.pdf,SKIPPED,EXISTS
model_hec_ras_0314.pdf,SKIPPED,EXISTS
model_hec_ras_1059.pdf,SKIPPED,EXISTS
wainwright-ayala-2021-holistic-approaches-to-palaeohydrology-reconstructing-and-modelling-the-neolithic-river-carsamba.pdf,SKIPPED,EXISTS
model_hec_ras_1050.pdf,SKIPPED,EXISTS
Wagner_Aguiar2017.pdf,SKIPPED,EXISTS
model_hec_ras_0662.pdf,SKIPPED,EXISTS
remotesensing-11-02463.pdf,SKIPPED,EXISTS
hydr-JHM-D-22-0111.1.pdf,SKIPPED,EXISTS
model_hec_ras_0919.pdf,SKIPPED,EXISTS
water-08-00023.pdf,SKIPPED,EXISTS
GIS_hydrological_models_for_managing_wat.pdf,SKIPPED,EXISTS
2379.pdf,SKIPPED,EXISTS
model_hec_ras_0421.pdf,SKIPPED,EXISTS
model_hec_ras_0584.pdf,SKIPPED,EXISTS
remotesensing-12-01709-v3.pdf,SKIPPED,EXISTS
hydr-jhm-d-18-0092.1.pdf,SKIPPED,EXISTS
GJESM_Volume 5_Issue 1_Pages 1-16.pdf,SKIPPED,EXISTS
liquids-02-00010 (1).pdf,SKIPPED,EXISTS
1-s2.0-S0022169423008284-main.pdf,SKIPPED,EXISTS
hydrology-09-00147 (1).pdf,SKIPPED,EXISTS
model_hec_ras_1176.pdf,SKIPPED,EXISTS
applsci-13-10454.pdf,SKIPPED,EXISTS
Vergnes_Decharme_Habets_2014_jgrd51730.pdf,SKIPPED,EXISTS
1ac12c5c-efa4-46cb-97a6-99cfebd0f283.pdf,SKIPPED,EXISTS
hydr-jhm-d-13-0126_1-1.pdf,SKIPPED,EXISTS
remotesensing-14-02481-v2.pdf,SKIPPED,EXISTS
Time_series_data_mining_in_rainfall_fore.pdf,SKIPPED,EXISTS
model_hec_ras_0531.pdf,SKIPPED,EXISTS
model_hec_ras_0395.pdf,SKIPPED,EXISTS
remotesensing-10-00840-v3.pdf,SKIPPED,EXISTS
Simulation_of_Poyang_Lake_water_levels_and_outflow.pdf,SKIPPED,EXISTS
hydr-JHM-D-23-0006.1.pdf,SKIPPED,EXISTS
model_hec_ras_0768.pdf,SKIPPED,EXISTS
model_hec_ras_0570.pdf,SKIPPED,EXISTS
Drake2009JournalofHydrology.pdf,SKIPPED,EXISTS
102published_book.pdf,SKIPPED,EXISTS
water-14-02363.pdf,SKIPPED,EXISTS
hydr-jhm-d-14-0218_1.pdf,SKIPPED,EXISTS
model_hec_ras_0248.pdf,SKIPPED,EXISTS
199939045.pdf,SKIPPED,EXISTS
model_hec_ras_1071.pdf,SKIPPED,EXISTS
model_hec_ras_0183.pdf,SKIPPED,EXISTS
model_hec_ras_0724.pdf,SKIPPED,EXISTS
LakeMorphometryandHydrologicalModelingofBegnasLakeandRupaLakeWatersheds.pdf,SKIPPED,EXISTS
P9.pdf,SKIPPED,EXISTS
model_hec_ras_0703.pdf,SKIPPED,EXISTS
model_hec_ras_0419.pdf,SKIPPED,EXISTS
model_hec_ras_0352.pdf,SKIPPED,EXISTS
A_novel_hybrid_GIS_-based_multi-criteria_decision-.pdf,SKIPPED,EXISTS
hyp13726_rev_2.pdf,SKIPPED,EXISTS
model_hec_ras_1003.pdf,SKIPPED,EXISTS
model_hec_ras_0166.pdf,SKIPPED,EXISTS
model_hec_ras_1446.pdf,SKIPPED,EXISTS
0399-0405.pdf,SKIPPED,EXISTS
azu_etd_15167_sip1_m.pdf,SKIPPED,EXISTS
water-06-01221-v2.pdf,SKIPPED,EXISTS
model_hec_ras_0362.pdf,SKIPPED,EXISTS
model_hec_ras_1288.pdf,SKIPPED,EXISTS
KishanlalDarjiHydro2020Proceedings.pdf,SKIPPED,EXISTS
model_hec_ras_0083.pdf,SKIPPED,EXISTS
kussul2013.pdf,SKIPPED,EXISTS
model_hec_ras_0243.pdf,SKIPPED,EXISTS
water-16-00124.pdf,SKIPPED,EXISTS
Flood_frequency_analysis_of_Manas_River_Basin_in_C.pdf,SKIPPED,EXISTS
water-07-02293.pdf,SKIPPED,EXISTS
isprs-annals-IV-3-167-2018.pdf,SKIPPED,EXISTS
model_hec_ras_1328.pdf,SKIPPED,EXISTS
water-13-01229-v2.pdf,SKIPPED,EXISTS
water-10-00216-v2.pdf,SKIPPED,EXISTS
Merging dual-polarization X-band radar .pdf,FAIL,HTTP_500
Merging dual-polarization X-band radar .pdf,FAIL,HTTP_500
Merging dual-polarization X-band radar .pdf,FAIL,HTTP_500
Merging dual-polarization X-band radar .pdf,FAIL,FAILED_AFTER_RETRIES
model_hec_ras_0824.pdf,SKIPPED,EXISTS
1-s2.0-S0022169422013567-main.pdf,SKIPPED,EXISTS
model_hec_ras_0817.pdf,SKIPPED,EXISTS
skakun2014.pdf,SKIPPED,EXISTS
hess-18-5289-2014.pdf,SKIPPED,EXISTS
model_hec_ras_1122.pdf,SKIPPED,EXISTS
index (2).pdf,SKIPPED,EXISTS
model_hec_ras_0383.pdf,SKIPPED,EXISTS
model_hec_ras_0861.pdf,SKIPPED,EXISTS
Downward model development of the soil moisture accounting loss m.pdf,SKIPPED,EXISTS
water-12-02246-v2.pdf,SKIPPED,EXISTS
Predicting_Water_Levels_at_Kainji_Dam_Us.pdf,SKIPPED,EXISTS
Ynaotou_2021_IOP_Conf._Ser.__Earth_Environ._Sci._930_012082.pdf,SKIPPED,EXISTS
s13201-019-1026-5.pdf,SKIPPED,EXISTS
water-11-00266.pdf,SKIPPED,EXISTS
Sustainable_development_and_flood_risk_management.pdf,SKIPPED,EXISTS
1-s2.0-S0022169424001203-main.pdf,SKIPPED,EXISTS
1-s2.0-S0022169423004742-main.pdf,SKIPPED,EXISTS
maggioni2018.pdf,SKIPPED,EXISTS
hydr-2011jhm1387_1-2.pdf,SKIPPED,EXISTS
energies-14-05731-v2.pdf,SKIPPED,EXISTS
Vodeu_2015_19_19.pdf,SKIPPED,EXISTS
Mauri_PhD_revised.pdf,SKIPPED,EXISTS
"administrator,+21uoacmu.pdf",SKIPPED,EXISTS
model_hec_ras_0701.pdf,SKIPPED,EXISTS
hydr-jhm-d-19-0202.1-1.pdf,SKIPPED,EXISTS
hydr-jhm-d-12-040_1.pdf,SKIPPED,EXISTS
model_hec_ras_1000.pdf,SKIPPED,EXISTS
model_hec_ras_0116.pdf,SKIPPED,EXISTS
model_hec_ras_1492.pdf,SKIPPED,EXISTS
hydrology-10-00235-v2.pdf,SKIPPED,EXISTS
mathematics-11-00795.pdf,SKIPPED,EXISTS
model_hec_ras_0684.pdf,SKIPPED,EXISTS
A_study_of_optimal_model_lag_and_spatial.pdf,SKIPPED,EXISTS
hydrology-09-00174-v2.pdf,SKIPPED,EXISTS
Evaluation_of_satellite_precipitation_products_usi.pdf,SKIPPED,EXISTS
Hydrologic_modeling_of_the_Aliakmon_River_in_Greec.pdf,SKIPPED,EXISTS
model_hec_ras_1254.pdf,SKIPPED,EXISTS
50-58-3719-Ansori-July-2023-107 (2).pdf,SKIPPED,EXISTS
Water Resources Research - 2005 - Nayak - Short‐term flood forecasting with a neurofuzzy model.pdf,SKIPPED,EXISTS
model_hec_ras_0147.pdf,SKIPPED,EXISTS
model_hec_ras_0122.pdf,SKIPPED,EXISTS
jh0250971.pdf,SKIPPED,EXISTS
model_hec_ras_1395.pdf,SKIPPED,EXISTS
10.2478_johh-2022-0002.pdf,SKIPPED,EXISTS
T03-07-01_v4_2_P29.pdf,SKIPPED,EXISTS
A_comparison_between_artificial_neural_n.pdf,SKIPPED,EXISTS
Water_quality_control_in_the_river_Arno.pdf,SKIPPED,EXISTS
model_hec_ras_1042.pdf,SKIPPED,EXISTS
model_hec_ras_1244.pdf,SKIPPED,EXISTS
Enhanced_Surface_Water_Flood_Forecasts_User-led_De.pdf,SKIPPED,EXISTS
Modeling_studies_with_HEC-HMS_and_runoff_scenarios.pdf,SKIPPED,EXISTS
model_hec_ras_0602.pdf,SKIPPED,EXISTS
ReviewPaperforfloodplainmappingwithapplicationsofHEC-HMSHEC-RASandArcGISsoftwaresARemoteSensingandGISApproach.pdf,SKIPPED,EXISTS
model_hec_ras_0734.pdf,SKIPPED,EXISTS
model_hec_ras_1093.pdf,SKIPPED,EXISTS
eint-2013ei000532.1.pdf,SKIPPED,EXISTS
hess1990.pdf,SKIPPED,EXISTS
remotesensing-14-05008-v2.pdf,SKIPPED,EXISTS
water-09-00048.pdf,SKIPPED,EXISTS
bcwr_rsoq_packet.pdf,SKIPPED,EXISTS
model_hec_ras_1453.pdf,SKIPPED,EXISTS
model_hec_ras_0966.pdf,SKIPPED,EXISTS
model_hec_ras_0386.pdf,SKIPPED,EXISTS
hydrology-08-00044.pdf,SKIPPED,EXISTS
s11069-021-04843-1.pdf,SKIPPED,EXISTS
model_hec_ras_1002.pdf,SKIPPED,EXISTS
1-s2.0-S1110016818300966-main.pdf,SKIPPED,EXISTS
s41612-023-00388-1.pdf,SKIPPED,EXISTS
1-s2.0-S0022169423003451-main.pdf,SKIPPED,EXISTS
hydr-JHM-D-22-0107.1.pdf,SKIPPED,EXISTS
model_hec_ras_1047.pdf,SKIPPED,EXISTS
DEVELOPMENTOFINUNDATIONMAPFORHYPOTHETICALASADAMBREAKUSINGHEC-RASANDARCGIS.pdf,SKIPPED,EXISTS
JFloodRiskManagement-2023-Chahinian-EvaluationofanearlyfloodwarningsysteminBamakoMaliLessonslearned.pdf,SKIPPED,EXISTS
PaperHEC-HMS.pdf,SKIPPED,EXISTS
Performance_Analysis_of_Multilayer_Perce.pdf,SKIPPED,EXISTS
hess-6-627-2002.pdf,SKIPPED,EXISTS
model_hec_ras_1413.pdf,SKIPPED,EXISTS
RESCUE_A_geomorphology-based_hydrologic-hydraulic_.pdf,SKIPPED,EXISTS
Rainfall_Runoff_Analysis_of_Daman_Ganga.pdf,SKIPPED,EXISTS
model_hec_ras_0885.pdf,SKIPPED,EXISTS
model_hec_ras_0862.pdf,SKIPPED,EXISTS
model_hec_ras_0893.pdf,SKIPPED,EXISTS
hydr-jhm-d-19-0110_1.pdf,SKIPPED,EXISTS
model_hec_ras_1286.pdf,SKIPPED,EXISTS
model_hec_ras_0727.pdf,SKIPPED,EXISTS
22.pdf,SKIPPED,EXISTS
4e8ce6e3c5153970dd2101069163199ec993.pdf,SKIPPED,EXISTS
model_hec_ras_0290.pdf,SKIPPED,EXISTS
s12517-021-07911-9.pdf,SKIPPED,EXISTS
water-16-00039.pdf,SKIPPED,EXISTS
model_hec_ras_1443.pdf,SKIPPED,EXISTS
model_hec_ras_0674.pdf,SKIPPED,EXISTS
model_hec_ras_0381.pdf,SKIPPED,EXISTS
hydr-jhm-d-12-0191_1.pdf,SKIPPED,EXISTS
water-07-05155.pdf,SKIPPED,EXISTS
model_hec_ras_1336.pdf,SKIPPED,EXISTS
model_hec_ras_0809.pdf,SKIPPED,EXISTS
model_hec_ras_0030.pdf,SKIPPED,EXISTS
hydrology-10-00091-v2 (1).pdf,SKIPPED,EXISTS
model_hec_ras_0903.pdf,SKIPPED,EXISTS
land-12-01743.pdf,SKIPPED,EXISTS
Gessang_2020_IOP_Conf._Ser.__Mater._Sci._Eng._930_012080.pdf,SKIPPED,EXISTS
model_hec_ras_1266.pdf,SKIPPED,EXISTS
remotesensing-13-04934-v2.pdf,SKIPPED,EXISTS
water-10-01158-v2.pdf,SKIPPED,EXISTS
52755846.pdf,SKIPPED,EXISTS
Adesina-Interagencydeploymentofasharedlowcostfloodmonitoringsystem.pdf,SKIPPED,EXISTS
model_hec_ras_0954.pdf,SKIPPED,EXISTS
model_hec_ras_1473.pdf,SKIPPED,EXISTS
remotesensing-10-01023.pdf,SKIPPED,EXISTS
hydrology-08-00102.pdf,SKIPPED,EXISTS
A_novel_approach_for_determining_integrated_water_.pdf,SKIPPED,EXISTS
10_strapazan.pdf,SKIPPED,EXISTS
model_hec_ras_0939.pdf,SKIPPED,EXISTS
model_hec_ras_1225.pdf,SKIPPED,EXISTS
1-s2.0-S0022169421013743-main.pdf,SKIPPED,EXISTS
Multi-step-ahead_flood_forecasting_using_an_improv.pdf,SKIPPED,EXISTS
hydrology-06-00021-v2 (2).pdf,SKIPPED,EXISTS
remotesensing-15-05702.pdf,SKIPPED,EXISTS
model_hec_ras_1322.pdf,SKIPPED,EXISTS
model_hec_ras_0825.pdf,SKIPPED,EXISTS
model_hec_ras_0242.pdf,SKIPPED,EXISTS
A_deep_learning_technique_based_flood_propagation_.pdf,SKIPPED,EXISTS
remotesensing-15-03009-v2.pdf,SKIPPED,EXISTS
Estimation  forecasting and extrapolation of river flows by artificial neural networks.pdf,SKIPPED,EXISTS
Application_of_ANN_for_the_Hydrological.pdf,SKIPPED,EXISTS
model_hec_ras_0846.pdf,SKIPPED,EXISTS
model_hec_ras_0973.pdf,SKIPPED,EXISTS
Mon23-129.pdf,SKIPPED,EXISTS
model_hec_ras_1340.pdf,SKIPPED,EXISTS
ukrbotj-2025-82-5-488.pdf,SKIPPED,EXISTS
Reviews of Geophysics - 2009 - Schumann - Progress in integration of remote sensing derived flood extent and stage data and.pdf,SKIPPED,EXISTS
model_hec_ras_0562.pdf,SKIPPED,EXISTS
1911.00103.pdf,SKIPPED,EXISTS
ExperimentalandNumericalModellingofWaterWavesinSewerNetworksDuringSewer_SurfaceFlowInteractionUsingaCoupledODE-SWEsolver-JOURNALFLOODRISKMANAGEMENT.pdf,SKIPPED,EXISTS
water-15-03489.pdf,SKIPPED,EXISTS
model_hec_ras_1386.pdf,SKIPPED,EXISTS
isprsarchives-XL-7-W3-39-2015.pdf,SKIPPED,EXISTS
hydr-JHM-D-22-0118.1.pdf,SKIPPED,EXISTS
model_hec_ras_0678.pdf,SKIPPED,EXISTS
sustainability-14-10430-v2.pdf,SKIPPED,EXISTS
water-12-01159.pdf,SKIPPED,EXISTS
water-17-02281.pdf,SKIPPED,EXISTS
model_hec_ras_0002.pdf,SKIPPED,EXISTS
model_hec_ras_1215.pdf,SKIPPED,EXISTS
807-Article Text-1272-1-10-20210717.pdf,SKIPPED,EXISTS
FloodNet-Lite_A_Lightweight_Deep_Learning_for_Flood_Mapping_Using_Remote_Sensing_Data_With_Optimized_UNet_and_Edge_Deployment_Approach_in_6G.pdf,SKIPPED,EXISTS
model_hec_ras_0838.pdf,FAIL,HTTP_500
model_hec_ras_0838.pdf,FAIL,HTTP_500
model_hec_ras_0838.pdf,FAIL,HTTP_500
model_hec_ras_0838.pdf,FAIL,FAILED_AFTER_RETRIES
Mon23-115.pdf,SKIPPED,EXISTS
water-16-00407-v2.pdf,SKIPPED,EXISTS
model_hec_ras_0041.pdf,SKIPPED,EXISTS
1-s2.0-S0022169422011684-main.pdf,SKIPPED,EXISTS
Sustaining Environmental Flows in Southern New England Rivers_ Ef.pdf,SKIPPED,EXISTS
sustainability-16-00783-v2.pdf,SKIPPED,EXISTS
model_hec_ras_0301.pdf,SKIPPED,EXISTS
water-15-03711.pdf,SKIPPED,EXISTS
model_hec_ras_0873.pdf,SKIPPED,EXISTS
hydrology-07-00026-v2.pdf,SKIPPED,EXISTS
model_hec_ras_0858.pdf,SKIPPED,EXISTS
liang2020.pdf,SKIPPED,EXISTS
Wang_2018_IOP_Conf._Ser.__Earth_Environ._Sci._170_032093.pdf,SKIPPED,EXISTS
hydr-jhm-d-14-0126_1.pdf,SKIPPED,EXISTS
Trade-offs_and_synergies_in_managing_coastal_flood.pdf,SKIPPED,EXISTS
hydr-jhm-d-19-0019_1.pdf,SKIPPED,EXISTS
model_hec_ras_0708.pdf,SKIPPED,EXISTS
Rainfall_runoff_Prediction_Based_on_Arti.pdf,SKIPPED,EXISTS
Article_18_Calibration_Verification_and.pdf,SKIPPED,EXISTS
model_hec_ras_1427.pdf,SKIPPED,EXISTS
WPT-EM2079.pdf,SKIPPED,EXISTS
model_hec_ras_0125.pdf,SKIPPED,EXISTS
hydr-JHM-D-20-0228.1.pdf,SKIPPED,EXISTS
PDF6 2893.pdf,SKIPPED,EXISTS
PradhanLee-Landslides2010.pdf,SKIPPED,EXISTS
Development_and_Analysis_of_Artificial_N.pdf,SKIPPED,EXISTS
model_hec_ras_0716.pdf,SKIPPED,EXISTS
4_Kon.pdf,SKIPPED,EXISTS
water-15-02035.pdf,SKIPPED,EXISTS
model_hec_ras_0235.pdf,SKIPPED,EXISTS
1Deo44423 – копія.pdf,SKIPPED,EXISTS
model_hec_ras_1129.pdf,SKIPPED,EXISTS
model_hec_ras_1297.pdf,SKIPPED,EXISTS
model_hec_ras_1053.pdf,SKIPPED,EXISTS
remotesensing-13-03916-v2.pdf,SKIPPED,EXISTS
hydrology-09-00133-v3.pdf,SKIPPED,EXISTS
ASCEHY.1943-7900_PAPER.pdf,SKIPPED,EXISTS
bams-bams-d-19-0143.1.pdf,SKIPPED,EXISTS
model_hec_ras_0353.pdf,SKIPPED,EXISTS
model_hec_ras_0169.pdf,SKIPPED,EXISTS
hydr-jhm-d-18-0219_1.pdf,SKIPPED,EXISTS
USAMV_SP_volume_18_4_2018_page173-179.pdf,SKIPPED,EXISTS
American_Journal_of_Engineering_Research.pdf,SKIPPED,EXISTS
model_hec_ras_0979.pdf,SKIPPED,EXISTS
hess-13-1555-2009.pdf,SKIPPED,EXISTS
Marhendi_2020_IOP_Conf._Ser.__Mater._Sci._Eng._771_012044.pdf,SKIPPED,EXISTS
20110007292.pdf,SKIPPED,EXISTS
water-12-01624-v3.pdf,SKIPPED,EXISTS
model_hec_ras_1323.pdf,SKIPPED,EXISTS
remotesensing-17-03471-v2.pdf,SKIPPED,EXISTS
hydrology-09-00091.pdf,SKIPPED,EXISTS
43766ce9-dbf4-4a8a-9578-8b7dea439ffd.pdf,SKIPPED,EXISTS
Cannon_GPM_2017_Accepted.pdf,SKIPPED,EXISTS
model_hec_ras_0670.pdf,SKIPPED,EXISTS
model_hec_ras_1281.pdf,SKIPPED,EXISTS
model_hec_ras_0757.pdf,SKIPPED,EXISTS
model_hec_ras_1290.pdf,SKIPPED,EXISTS
model_hec_ras_0543.pdf,SKIPPED,EXISTS
sensors-22-03573-v2.pdf,SKIPPED,EXISTS
model_hec_ras_1264.pdf,SKIPPED,EXISTS
water-11-02454.pdf,SKIPPED,EXISTS
Vodeu_2014_18_18.pdf,SKIPPED,EXISTS
Flood Modeling of Jemo  River Catchment of Addis Ababa City.pdf,SKIPPED,EXISTS
ManualdeHECHMS-HECRAS-IBERSAGAGISconQGIS.pdf,SKIPPED,EXISTS
model_hec_ras_1203.pdf,SKIPPED,EXISTS
20140009993.pdf,SKIPPED,EXISTS
Eryani_2021_IOP_Conf._Ser.__Earth_Environ._Sci._930_012040.pdf,SKIPPED,EXISTS
model_hec_ras_1001.pdf,SKIPPED,EXISTS
model_hec_ras_1362.pdf,SKIPPED,EXISTS
hydr-JHM-D-20-0183.1.pdf,SKIPPED,EXISTS
hydr-jhm-d-11-0147_1.pdf,SKIPPED,EXISTS
model_hec_ras_1298.pdf,SKIPPED,EXISTS
model_hec_ras_1310.pdf,SKIPPED,EXISTS
model_hec_ras_0231.pdf,SKIPPED,EXISTS
ijgi-12-00194-v2.pdf,SKIPPED,EXISTS
remotesensing-15-05247.pdf,SKIPPED,EXISTS
proceedings-07-00008-v2.pdf,SKIPPED,EXISTS
Rainfall runoff  flood inundation and sensitivity analysis of the 2014 Pakistan flood in the Jhelum and Chenab river basin.pdf,SKIPPED,EXISTS
model_hec_ras_0950.pdf,SKIPPED,EXISTS
model_hec_ras_0187.pdf,SKIPPED,EXISTS
hydrology-05-00068-v2.pdf,SKIPPED,EXISTS
model_hec_ras_1133.pdf,SKIPPED,EXISTS
Shyam_CCWaterResourcesinBagmati_TAAC_2013.pdf,SKIPPED,EXISTS
model_hec_ras_1275.pdf,SKIPPED,EXISTS
Nvchnu_2014_724-725_24.pdf,SKIPPED,EXISTS
hydr-jhm-d-19-0238.1-2.pdf,SKIPPED,EXISTS
water-13-01275-v2.pdf,SKIPPED,EXISTS
model_hec_ras_0366.pdf,SKIPPED,EXISTS
JHE2003Sediment (1).pdf,SKIPPED,EXISTS
0030.pdf,SKIPPED,EXISTS
model_hec_ras_0816.pdf,SKIPPED,EXISTS
model_hec_ras_1232.pdf,FAIL,HTTP_500
model_hec_ras_1232.pdf,FAIL,HTTP_500
model_hec_ras_1232.pdf,FAIL,HTTP_500
model_hec_ras_1232.pdf,FAIL,FAILED_AFTER_RETRIES
model_hec_ras_1391.pdf,SKIPPED,EXISTS
ajol-file-journals_483_articles_150259_submission_proof_150259-5701-394967-1-10-20170120.pdf,SKIPPED,EXISTS
model_hec_ras_0174.pdf,SKIPPED,EXISTS
Artificial neural networks and high and low flows in various climate regimes.pdf,SKIPPED,EXISTS
model_hec_ras_0536.pdf,SKIPPED,EXISTS
model_hec_ras_0321.pdf,SKIPPED,EXISTS
hydr-2011jhm1387_1.pdf,SKIPPED,EXISTS
1-s2.0-S0022169422002633-main.pdf,SKIPPED,EXISTS
JHR2005VELOCITY.pdf,SKIPPED,EXISTS
model_hec_ras_0920.pdf,SKIPPED,EXISTS
model_hec_ras_0259.pdf,SKIPPED,EXISTS
model_hec_ras_1423.pdf,SKIPPED,EXISTS
hydrology-08-00093.pdf,SKIPPED,EXISTS
model_hec_ras_0364.pdf,SKIPPED,EXISTS
model_hec_ras_0291.pdf,SKIPPED,EXISTS
model_hec_ras_1251.pdf,SKIPPED,EXISTS
Artificial_Neural_Network_based_Weather.pdf,SKIPPED,EXISTS
model_hec_ras_1301.pdf,SKIPPED,EXISTS
hydr-jhm-d-11-035_1.pdf,SKIPPED,EXISTS
model_hec_ras_1334.pdf,SKIPPED,EXISTS
model_hec_ras_0898.pdf,SKIPPED,EXISTS
hess-18-4467-2014.pdf,SKIPPED,EXISTS
model_hec_ras_0246.pdf,SKIPPED,EXISTS
model_hec_ras_1223.pdf,SKIPPED,EXISTS
Modelling_and_prediction_of_rainfall_usi.pdf,SKIPPED,EXISTS
hydr-jhm-d-13-053_1.pdf,SKIPPED,EXISTS
100010_1_online.pdf,SKIPPED,EXISTS
model_hec_ras_0357.pdf,SKIPPED,EXISTS
nhess-2020-297.pdf,SKIPPED,EXISTS
model_hec_ras_1168.pdf,SKIPPED,EXISTS
Improving satellite-based global rainfa.pdf,FAIL,HTTP_500
Improving satellite-based global rainfa.pdf,FAIL,HTTP_500
Improving satellite-based global rainfa.pdf,FAIL,HTTP_500
Improving satellite-based global rainfa.pdf,FAIL,FAILED_AFTER_RETRIES
water-11-02341-v2.pdf,SKIPPED,EXISTS
Flood_Analysis_Using_HEC-RAS_and_HEC-HMS_A_Case_St.pdf,SKIPPED,EXISTS
model_hec_ras_0312.pdf,SKIPPED,EXISTS
Othman_2021_IOP_Conf._Ser.__Mater._Sci._Eng._1092_012028.pdf,SKIPPED,EXISTS
1-s2.0-S2666544122000090-main – копія.pdf,SKIPPED,EXISTS
Liliana_Carreras_Flores.pdf,SKIPPED,EXISTS
model_hec_ras_0902.pdf,SKIPPED,EXISTS
Ukrainian Journal of Forest and Wood Science_15_1_2024_25-40.pdf,SKIPPED,EXISTS
model_hec_ras_1090.pdf,SKIPPED,EXISTS
Hassan_2023_IOP_Conf._Ser.__Earth_Environ._Sci._1135_012021.pdf,SKIPPED,EXISTS
remotesensing-17-01886-v2.pdf,SKIPPED,EXISTS
model_hec_ras_0208.pdf,SKIPPED,EXISTS
model_hec_ras_0091.pdf,SKIPPED,EXISTS
model_hec_ras_1134.pdf,SKIPPED,EXISTS
model_hec_ras_1029.pdf,SKIPPED,EXISTS
hydr-jhm-d-18-0064_1-1.pdf,SKIPPED,EXISTS
Unsteady_flow_analysis_using_hydrologica.pdf,SKIPPED,EXISTS
water-11-02490.pdf,SKIPPED,EXISTS
A_comparison_of_artificial_neural_networks_for_pre.pdf,SKIPPED,EXISTS
model_hec_ras_0267.pdf,SKIPPED,EXISTS
Climate_change_allowances_non-stationarity_and_flo.pdf,SKIPPED,EXISTS
model_hec_ras_0865.pdf,SKIPPED,EXISTS
hydr-JHM-D-21-0245.1.pdf,SKIPPED,EXISTS
hydrology-04-00024-v2.pdf,SKIPPED,EXISTS
model_hec_ras_0268.pdf,SKIPPED,EXISTS
model_hec_ras_0843.pdf,SKIPPED,EXISTS
water-15-03303.pdf,SKIPPED,EXISTS
water-11-01887.pdf,SKIPPED,EXISTS
978-3-031-39675-5.pdf,SKIPPED,EXISTS
5743cdbc79b05.pdf,SKIPPED,EXISTS
water-11-02116.pdf,SKIPPED,EXISTS
hydrology-05-00024.pdf,SKIPPED,EXISTS
water-12-03494-v2.pdf,SKIPPED,EXISTS
hydr-JHM-D-20-0285.1.pdf,SKIPPED,EXISTS
hydr-JHM-D-21-0200.1.pdf,SKIPPED,EXISTS
hydr-jhm-d-14-0185_1.pdf,SKIPPED,EXISTS
73f35743675976fd2d8023e3559e67e9e61b.pdf,SKIPPED,EXISTS
hydr-jhm-d-12-0167_1.pdf,SKIPPED,EXISTS
water-15-02246.pdf,SKIPPED,EXISTS
1-s2.0-S1569843225001232-main.pdf,SKIPPED,EXISTS
model_hec_ras_1180.pdf,SKIPPED,EXISTS
model_hec_ras_0872.pdf,SKIPPED,EXISTS
Modelling_the_effectiveness_of_land-based_natural_.pdf,SKIPPED,EXISTS
water-15-03510-v2.pdf,SKIPPED,EXISTS
A_first_assessment_of_the_effect_of_storm_climate_.pdf,SKIPPED,EXISTS
model_hec_ras_1128.pdf,SKIPPED,EXISTS
isprs-archives-XLII-4-W1-315-2016.pdf,SKIPPED,EXISTS
model_hec_ras_0927.pdf,SKIPPED,EXISTS
D8C460F38071.pdf,SKIPPED,EXISTS
Haris_2016_IOP_Conf._Ser.__Earth_Environ._Sci._32_012022.pdf,SKIPPED,EXISTS
010079873.pdf,SKIPPED,EXISTS
applsci-14-00012.pdf,SKIPPED,EXISTS
journal.pwat.0000269.pdf,SKIPPED,EXISTS
model_hec_ras_0547.pdf,SKIPPED,EXISTS
model_hec_ras_0794.pdf,SKIPPED,EXISTS
model_hec_ras_0468.pdf,SKIPPED,EXISTS
An artificial neural network approach to rainfall-runoff modelling.pdf,SKIPPED,EXISTS
hydr-jhmD190075.pdf,SKIPPED,EXISTS
model_hec_ras_0135.pdf,SKIPPED,EXISTS
ojmh_2020102715412009.pdf,SKIPPED,EXISTS
hydrology-07-00029.pdf,SKIPPED,EXISTS
model_hec_ras_0742.pdf,SKIPPED,EXISTS
model_hec_ras_0426.pdf,SKIPPED,EXISTS
model_hec_ras_0378.pdf,SKIPPED,EXISTS
Early_Recognition_of_Rainfall_to_Plan_an.pdf,SKIPPED,EXISTS
03-04-FebEDUSAT_Introduction-to-Microwave-Remote-Sensing.pdf,SKIPPED,EXISTS
hechms_sma.pdf,SKIPPED,EXISTS
model_hec_ras_1149.pdf,SKIPPED,EXISTS
USING_ARTIFICIAL_NEURAL_NETWORKS_TO_ESTI.pdf,SKIPPED,EXISTS
JFloodRiskManagement-2023-Iliadis.pdf,SKIPPED,EXISTS
94_2016-005.pdf,SKIPPED,EXISTS
isprs-archives-XLII-2-W13-1927-2019.pdf,SKIPPED,EXISTS
model_hec_ras_0755.pdf,SKIPPED,EXISTS
remotesensing-13-05147-v2.pdf,SKIPPED,EXISTS
model_hec_ras_1057.pdf,SKIPPED,EXISTS
sensors-18-03704.pdf,SKIPPED,EXISTS
18144.pdf,SKIPPED,EXISTS
remotesensing-12-02235-v2.pdf,SKIPPED,EXISTS
sensors-20-07214-v3.pdf,SKIPPED,EXISTS
model_hec_ras_0758.pdf,SKIPPED,EXISTS
model_hec_ras_0075.pdf,SKIPPED,EXISTS
Comparative_study_among_different_neural.pdf,SKIPPED,EXISTS
s42452-025-07404-4.pdf,SKIPPED,EXISTS
model_hec_ras_1283.pdf,SKIPPED,EXISTS
model_hec_ras_1404.pdf,SKIPPED,EXISTS
Hydrological_Analysis_by_Artificial_Neur.pdf,SKIPPED,EXISTS
hydrology-04-00009.pdf,SKIPPED,EXISTS
1-s2.0-S0022169421005527-main.pdf,SKIPPED,EXISTS
model_hec_ras_0723.pdf,SKIPPED,EXISTS
model_hec_ras_1207.pdf,SKIPPED,EXISTS
model_hec_ras_0849.pdf,SKIPPED,EXISTS
paper37.pdf,SKIPPED,EXISTS
Landslide_susceptibility_assessment_and.pdf,SKIPPED,EXISTS
nhess-22-2473-2022.pdf,SKIPPED,EXISTS
model_hec_ras_1101.pdf,SKIPPED,EXISTS
model_hec_ras_1013.pdf,SKIPPED,EXISTS
River_Discharges_Forecasting_In_Northern.pdf,SKIPPED,EXISTS
model_hec_ras_0197.pdf,SKIPPED,EXISTS
Ryan_2020_IOP_Conf._Ser.__Earth_Environ._Sci._491_012005.pdf,SKIPPED,EXISTS
model_hec_ras_0325.pdf,SKIPPED,EXISTS
model_hec_ras_0229.pdf,SKIPPED,EXISTS
WRR2005bedformroughness (1).pdf,SKIPPED,EXISTS
52752374.pdf,SKIPPED,EXISTS
model_hec_ras_0641.pdf,SKIPPED,EXISTS
236412618.pdf,SKIPPED,EXISTS
model_hec_ras_0750.pdf,SKIPPED,EXISTS
JHE2004Velocity.pdf,SKIPPED,EXISTS
model_hec_ras_1039.pdf,SKIPPED,EXISTS
glghge_2012_2_6.pdf,SKIPPED,EXISTS
model_hec_ras_1245.pdf,SKIPPED,EXISTS
model_hec_ras_0429.pdf,SKIPPED,EXISTS
Risk_assessment_of_multireservoir_joint_flood_cont.pdf,SKIPPED,EXISTS
Rainfall-runoffmodelingusingHEC-HMSmodelforMekiriverwatershedriftvalleybasinEthiopia-1-s2.0-S1464343X22002953-main.pdf,SKIPPED,EXISTS
Monthly_Predicted_Flow_Values_of_the_San.pdf,SKIPPED,EXISTS
Urban_Flood_Mapping_Using_Satellite_Synthetic_Aperture_Radar_Data_A_review_of_characteristics_approaches_and_datasets.pdf,SKIPPED,EXISTS
remotesensing-12-03611.pdf,SKIPPED,EXISTS
Water Resources Research - 1999 - Campolo - River flood forecasting with a neural network model.pdf,SKIPPED,EXISTS
s40808-016-0123-9.pdf,SKIPPED,EXISTS
model_hec_ras_0105.pdf,SKIPPED,EXISTS
1149-Article Text-2053-1-10-20220809.pdf,SKIPPED,EXISTS
Measuring_community_flood_resilience_and_associate.pdf,SKIPPED,EXISTS
model_hec_ras_0760.pdf,SKIPPED,EXISTS
water-10-01440.pdf,SKIPPED,EXISTS
model_hec_ras_1378.pdf,SKIPPED,EXISTS
model_hec_ras_0476.pdf,SKIPPED,EXISTS
ExperimentalstudiesandmodeldevelopmentofflowoverArchedLabyrinthWeirsusingGMDHmethod.pdf,SKIPPED,EXISTS
hydr-jhm-d-15-0174_1.pdf,SKIPPED,EXISTS
towler-et-al-2022-incorporating-mid-term-temperature-predictions-into-streamflow-forecasts-and-operational-reservoir.pdf,SKIPPED,EXISTS
Performance_of_neural_networks_in_foreca.pdf,SKIPPED,EXISTS
model_hec_ras_0411.pdf,SKIPPED,EXISTS
LossmethodsinHEC-HMSmodelforstreamflowProjectionunderclimatechange.pdf,SKIPPED,EXISTS
hydr-JHM-D-20-0267.1-2.pdf,SKIPPED,EXISTS
coltin2016.pdf,SKIPPED,EXISTS
hydr-JHM-D-21-0229.1.pdf,SKIPPED,EXISTS
model_hec_ras_0482.pdf,SKIPPED,EXISTS
"Grimaldos Mojica, Manuel Alejandro - 2014.pdf",SKIPPED,EXISTS
PIIS2405844025025095 (1).pdf,SKIPPED,EXISTS
model_hec_ras_1439.pdf,SKIPPED,EXISTS
water-15-02249.pdf,SKIPPED,EXISTS
hydr-JHM-D-21-0062.1.pdf,SKIPPED,EXISTS
remotesensing-13-01384-v2.pdf,SKIPPED,EXISTS
model_hec_ras_0800.pdf,SKIPPED,EXISTS
sustainability-16-05040.pdf,SKIPPED,EXISTS
Applications of TRMM-based Multi-satellite Precipitation ( PDFDrive ).pdf,SKIPPED,EXISTS
model_hec_ras_0179.pdf,SKIPPED,EXISTS
Tailings_storage_facilities_flood_exposure_assessm.pdf,SKIPPED,EXISTS
model_hec_ras_1333.pdf,SKIPPED,EXISTS
water-10-00320-v2.pdf,SKIPPED,EXISTS
model_hec_ras_1292.pdf,SKIPPED,EXISTS
1-s2.0-S2215098614000706-main.pdf,SKIPPED,EXISTS
out.pdf,SKIPPED,EXISTS
model_hec_ras_1330.pdf,SKIPPED,EXISTS
model_hec_ras_0762.pdf,SKIPPED,EXISTS
Flood_hazard_modelling_and_risk_assessment_in_the_Nadi_River_Basin_Fiji_using_GIS_and_MCDA.pdf,SKIPPED,EXISTS
model_hec_ras_0694.pdf,SKIPPED,EXISTS
10.2478_mgr-2013-0005.pdf,SKIPPED,EXISTS
model_hec_ras_0293.pdf,SKIPPED,EXISTS
remotesensing-12-03550.pdf,SKIPPED,EXISTS
A wavelet-neural network hybrid modelling approach for estimating and predicting river monthly flows.pdf,SKIPPED,EXISTS
model_hec_ras_0413.pdf,SKIPPED,EXISTS
hydr-JHM-D-21-0130.1.pdf,SKIPPED,EXISTS
isprs-annals-IV-5-W1-51-2017.pdf,SKIPPED,EXISTS
hydrology-08-00058-v2.pdf,SKIPPED,EXISTS
model_hec_ras_0776.pdf,SKIPPED,EXISTS
hydr-jhm-d-18-0251_1.pdf,SKIPPED,EXISTS
hydrology-09-00147.pdf,SKIPPED,EXISTS
AJCC_2015051815491169.pdf,SKIPPED,EXISTS
hydrology-06-00076-v2 (1).pdf,SKIPPED,EXISTS
RegioFEM_-_Informing_future-oriented_flood_risk_ma.pdf,SKIPPED,EXISTS
model_hec_ras_0718.pdf,SKIPPED,EXISTS
Precipitation_runoff_simulation_for_a_Hi.pdf,SKIPPED,EXISTS
hydr-2009jhm1105_1-1.pdf,SKIPPED,EXISTS
010064143.pdf,SKIPPED,EXISTS
model_hec_ras_0071.pdf,SKIPPED,EXISTS
1-s2.0-S0022169418305407-main (1).pdf,SKIPPED,EXISTS
hydr-jhm-d-16-0081_1-1.pdf,SKIPPED,EXISTS
remotesensing-16-04437-v3.pdf,SKIPPED,EXISTS
remotesensing-14-06005-v3.pdf,SKIPPED,EXISTS
model_hec_ras_0915.pdf,SKIPPED,EXISTS
sustainability-14-13538.pdf,SKIPPED,EXISTS
Evaluation_of_the_implications_of_ice-jam_flood_mi.pdf,SKIPPED,EXISTS
model_hec_ras_1158.pdf,SKIPPED,EXISTS
model_hec_ras_1258.pdf,SKIPPED,EXISTS
Estimation_of_Bed_Shear_Stress_in_Shallow_Transiti.pdf,SKIPPED,EXISTS
remotesensing-12-02190.pdf,SKIPPED,EXISTS
model_hec_ras_1442.pdf,SKIPPED,EXISTS
ProceedingsSWARM_FINAL-pages-42-47.pdf,SKIPPED,EXISTS
water-11-00786.pdf,SKIPPED,EXISTS
Rapid_risk-based_levee_design_framework_for_greate.pdf,SKIPPED,EXISTS
remotesensing-10-00642.pdf,SKIPPED,EXISTS
model_hec_ras_0745.pdf,SKIPPED,EXISTS
proceedings-48-00006-v2.pdf,SKIPPED,EXISTS
OnaBasinFloodRiskpaperElsevierpdf.pdf,SKIPPED,EXISTS
model_hec_ras_0089.pdf,SKIPPED,EXISTS
32f22ccc-d5d4-4d64-afb7-dc07ce860c02.pdf,SKIPPED,EXISTS
model_hec_ras_0712.pdf,SKIPPED,EXISTS
model_hec_ras_1206.pdf,SKIPPED,EXISTS
model_hec_ras_0124.pdf,SKIPPED,EXISTS
model_hec_ras_0923.pdf,SKIPPED,EXISTS
model_hec_ras_1242.pdf,SKIPPED,EXISTS
model_hec_ras_1394.pdf,SKIPPED,EXISTS
model_hec_ras_1035.pdf,SKIPPED,EXISTS
water-15-00090-v2.pdf,SKIPPED,EXISTS
model_hec_ras_1464.pdf,SKIPPED,EXISTS
model_hec_ras_0495.pdf,SKIPPED,EXISTS
hydr-JHM-D-22-0021.1.pdf,SKIPPED,EXISTS
1-s2.0-S0022169418305407-main.pdf,SKIPPED,EXISTS
glghge_2010_3_7.pdf,SKIPPED,EXISTS
hydr-2010jhm1236_1.pdf,SKIPPED,EXISTS
Simulationofflashfloodpeaksinasmallandsteepcatchmentusingrainongrid_JFloodRiskManagement-2023-Godara.pdf,SKIPPED,EXISTS
Heterogeneous_Data_Fusion_Methods_for_Di.pdf,SKIPPED,EXISTS
Continuous_Soil_Moisture_Accounting_in_t.pdf,SKIPPED,EXISTS
remotesensing-06-04870.pdf,SKIPPED,EXISTS
model_hec_ras_0126.pdf,SKIPPED,EXISTS
model_hec_ras_1262.pdf,SKIPPED,EXISTS
water-15-03533.pdf,SKIPPED,EXISTS
model_hec_ras_0958.pdf,SKIPPED,EXISTS
model_hec_ras_1398.pdf,SKIPPED,EXISTS
1-s2.0-S2212420922006185-main.pdf,SKIPPED,EXISTS
1-s2.0-S0022169424001720-main.pdf,SKIPPED,EXISTS
model_hec_ras_1076.pdf,SKIPPED,EXISTS
model_hec_ras_1041.pdf,SKIPPED,EXISTS
173940.pdf,SKIPPED,EXISTS
model_hec_ras_1066.pdf,SKIPPED,EXISTS
Application_of_HEC-HMS_modelling_on_River_Stor.pdf,SKIPPED,EXISTS
sustainability-15-09502.pdf,SKIPPED,EXISTS
Geoinformation-mapping-of.pdf,SKIPPED,EXISTS
Rainfall_Monthly_Prediction_Based_on_Art.pdf,SKIPPED,EXISTS
Evaluation_of_prediction_capability_of_t.pdf,SKIPPED,EXISTS
water-15-00483-v2.pdf,SKIPPED,EXISTS
model_hec_ras_0692.pdf,SKIPPED,EXISTS
model_hec_ras_0407.pdf,SKIPPED,EXISTS
model_hec_ras_0113.pdf,SKIPPED,EXISTS
model_hec_ras_0496.pdf,SKIPPED,EXISTS
model_hec_ras_1366.pdf,SKIPPED,EXISTS
model_hec_ras_1009.pdf,SKIPPED,EXISTS
Uca_2018_J._Phys.__Conf._Ser._954_012030.pdf,SKIPPED,EXISTS
hydr-JHM-D-22-0049.1.pdf,SKIPPED,EXISTS
model_hec_ras_1412.pdf,SKIPPED,EXISTS
ACE_FP_AKAY_BADUNA_YANMAZ.pdf,SKIPPED,EXISTS
model_hec_ras_1486.pdf,SKIPPED,EXISTS
model_hec_ras_1081.pdf,SKIPPED,EXISTS
hydrology-09-00036-v2.pdf,SKIPPED,EXISTS
Hydrological_Models_and_Artificial_Neura.pdf,SKIPPED,EXISTS
water-10-01003-v2.pdf,SKIPPED,EXISTS
model_hec_ras_1348.pdf,SKIPPED,EXISTS
remotesensing-12-00428-v2.pdf,SKIPPED,EXISTS
A_Neural_Network_Based_Rainfall_Forecast.pdf,SKIPPED,EXISTS
remotesensing-14-00246.pdf,SKIPPED,EXISTS
water-14-00792.pdf,SKIPPED,EXISTS
water-13-00474-v2.pdf,SKIPPED,EXISTS
model_hec_ras_0056.pdf,SKIPPED,EXISTS
1-s2.0-S0022169422001238-main.pdf,SKIPPED,EXISTS
1-s2.0-S1110982318303041-main.pdf,SKIPPED,EXISTS
model_hec_ras_1479.pdf,SKIPPED,EXISTS
WRR2006Discusiona.pdf,SKIPPED,EXISTS
tralli2005.pdf,SKIPPED,EXISTS
1-s2.0-S2590061725001048-main.pdf,SKIPPED,EXISTS
water-15-00597.pdf,SKIPPED,EXISTS
hydrology-08-00072.pdf,SKIPPED,EXISTS
water-12-00273.pdf,SKIPPED,EXISTS
Adilah_2019_IOP_Conf._Ser.__Earth_Environ._Sci._244_012014.pdf,SKIPPED,EXISTS
model_hec_ras_0886.pdf,SKIPPED,EXISTS
Analysis of the riverbed backscattered signal registered by ADCPs in different bedload transport conditions   field application.pdf,SKIPPED,EXISTS
water-11-01620.pdf,SKIPPED,EXISTS
16_Daide_Beht_EEET_2022_1.pdf,SKIPPED,EXISTS
Water Resources Research - 2020 - Tartakovsky - Physics‐Informed Deep Neural Networks for Learning Parameters and.pdf,SKIPPED,EXISTS
model_hec_ras_1067.pdf,SKIPPED,EXISTS
model_hec_ras_0945.pdf,SKIPPED,EXISTS
A_standardised_inventory_for_New_Zealands_stopban.pdf,SKIPPED,EXISTS
neuro-fuzzy-flood-forecast.pdf,SKIPPED,EXISTS
hess-6-619-2002.pdf,SKIPPED,EXISTS
model_hec_ras_1339.pdf,SKIPPED,EXISTS
model_hec_ras_0666.pdf,SKIPPED,EXISTS
model_hec_ras_0433.pdf,SKIPPED,EXISTS
model_hec_ras_0889.pdf,SKIPPED,EXISTS
model_hec_ras_1478.pdf,SKIPPED,EXISTS
agronomy-12-01280-v2.pdf,SKIPPED,EXISTS
model_hec_ras_0896.pdf,SKIPPED,EXISTS
model_hec_ras_1063.pdf,SKIPPED,EXISTS
Determination_and_application_of_the_wei.pdf,SKIPPED,EXISTS
model_hec_ras_0143.pdf,SKIPPED,EXISTS
JFloodRiskManagement-2023-Arnal-TowardsacoherentfloodforecastingframeworkforCanadaLocaltoglobal.pdf,SKIPPED,EXISTS
Ashenafi_dissertation_2014_online.pdf,SKIPPED,EXISTS
climate-11-00226.pdf,SKIPPED,EXISTS
model_hec_ras_1153.pdf,SKIPPED,EXISTS
7_Runoff Analysis using Satellite Data for Regional Flood Assessment - Spatial and Time Series Bias Correction of Satellite Data -.pdf,SKIPPED,EXISTS
model_hec_ras_0815.pdf,SKIPPED,EXISTS
model_hec_ras_0188.pdf,SKIPPED,EXISTS
model_hec_ras_0441.pdf,SKIPPED,EXISTS
remotesensing-12-02688.pdf,SKIPPED,EXISTS
hydrology-05-00044.pdf,SKIPPED,EXISTS
atmosphere-11-00794.pdf,SKIPPED,EXISTS
model_hec_ras_0646.pdf,SKIPPED,EXISTS
model_hec_ras_1237.pdf,SKIPPED,EXISTS
model_hec_ras_0399.pdf,SKIPPED,EXISTS
water-13-03039.pdf,SKIPPED,EXISTS
model_hec_ras_0941.pdf,SKIPPED,EXISTS
Impact_Assessment_of_Flood_Events_Based_on_Multisource_Satellite_Remote_Sensing_The_Case_of_Kahovka_Dam.pdf,SKIPPED,EXISTS
Hydrological_Modelling_Studies_of_Paravar_River_Ba.pdf,SKIPPED,EXISTS
an2016-pub00050434.pdf,SKIPPED,EXISTS
Extreme_flood_reconstruction_by_using_th.pdf,SKIPPED,EXISTS
model_hec_ras_0693.pdf,SKIPPED,EXISTS
water-08-00119.pdf,SKIPPED,EXISTS
model_hec_ras_0337.pdf,SKIPPED,EXISTS
ijgi-07-00206-v2.pdf,SKIPPED,EXISTS
sustainability-14-14537-v2.pdf,SKIPPED,EXISTS
kompyuternoe-modelirovanie-dozhdevogo-stoka-v-basseyne-reki-charysh-s-ispolzovaniem-programmnogo-kompleksa-hec-hms.pdf,SKIPPED,EXISTS
naresh15-04-2023.pdf,SKIPPED,EXISTS
model_hec_ras_0836.pdf,SKIPPED,EXISTS
2010-WEEINK-MASTER.pdf,SKIPPED,EXISTS
ArtificialNeuralNetworkModelforRainfall-Runoff.pdf,SKIPPED,EXISTS
MATUS-THESIS-2018.pdf,SKIPPED,EXISTS
s40677-016-0044-y.pdf,SKIPPED,EXISTS
model_hec_ras_1007.pdf,SKIPPED,EXISTS
model_hec_ras_1337.pdf,SKIPPED,EXISTS
model_hec_ras_0196.pdf,SKIPPED,EXISTS
hydr-jhm-d-15-0212_1.pdf,SKIPPED,EXISTS
Beck_2016-2.pdf,SKIPPED,EXISTS
14IJAERS-DEC-2017-18-ForecastingofSuspendedSediment1 – копія.pdf,SKIPPED,EXISTS
sensors-17-01455-v2.pdf,SKIPPED,EXISTS
1-s2.0-S1110982325000201-main.pdf,SKIPPED,EXISTS
Prosephyingthestreamflowandperpetrating.pdf,SKIPPED,EXISTS
55808192.pdf,SKIPPED,EXISTS
model_hec_ras_1069.pdf,SKIPPED,EXISTS
1-s2.0-S1569843223001528-main.pdf,SKIPPED,EXISTS
hydr-2009jhm1105_1.pdf,SKIPPED,EXISTS
model_hec_ras_0833.pdf,SKIPPED,EXISTS
model_hec_ras_1078.pdf,SKIPPED,EXISTS
model_hec_ras_1068.pdf,SKIPPED,EXISTS
sedhyd_2019_mcmc_hms.pdf,SKIPPED,EXISTS
Agent-based_simulator_of_dynamic_flood-people_inte.pdf,SKIPPED,EXISTS
water-12-01347-v3.pdf,SKIPPED,EXISTS
Numerical investigation of air demand by the free surface tunnel flows By WANGRU WEI  JUN DENG and WEILIN XU  J. Hydraulic Res. 59 1   2021  158--165 .pdf,SKIPPED,EXISTS
water-10-00608.pdf,SKIPPED,EXISTS
model_hec_ras_1444.pdf,SKIPPED,EXISTS
model_hec_ras_1187.pdf,SKIPPED,EXISTS
1706_1566915685.pdf,SKIPPED,EXISTS
model_hec_ras_0510.pdf,SKIPPED,EXISTS
model_hec_ras_0848.pdf,SKIPPED,EXISTS
JHR2005RIVER.pdf,SKIPPED,EXISTS
A_comparative_analysis_of_training_metho (1).pdf,SKIPPED,EXISTS
model_hec_ras_0184.pdf,SKIPPED,EXISTS
Physical_vulnerability_assessment_to_flash_floods_.pdf,SKIPPED,EXISTS
model_hec_ras_0304.pdf,SKIPPED,EXISTS
proceedings-02-00644.pdf,SKIPPED,EXISTS
model_hec_ras_1253.pdf,SKIPPED,EXISTS
model_hec_ras_1230.pdf,SKIPPED,EXISTS
Widayati_2020_IOP_Conf._Ser.__Mater._Sci._Eng._930_012072.pdf,SKIPPED,EXISTS
model_hec_ras_1201.pdf,SKIPPED,EXISTS
Seasonal_Rainfall_Prediction_in_Lagos_Ni.pdf,SKIPPED,EXISTS
hydr-jhm558_1.pdf,SKIPPED,EXISTS
glghge_2019_3_41.pdf,SKIPPED,EXISTS
model_hec_ras_0225.pdf,SKIPPED,EXISTS
hydrology-06-00072-v2.pdf,SKIPPED,EXISTS
model_hec_ras_1428.pdf,SKIPPED,EXISTS
hess-2016-30.pdf,SKIPPED,EXISTS
remotesensing-11-00760.pdf,SKIPPED,EXISTS
model_hec_ras_0272.pdf,SKIPPED,EXISTS
Quantitative_flood_forecasting_using_multisensor_d.pdf,SKIPPED,EXISTS
annurev-fluid-030121-113138.pdf,SKIPPED,EXISTS
A_Rainfall_Model_Based_on_a_Geographically_Weighte.pdf,SKIPPED,EXISTS
hydr-2010jhm1196_1.pdf,SKIPPED,EXISTS
Development_of_Feature_Based_Artificial.pdf,SKIPPED,EXISTS
model_hec_ras_0186.pdf,SKIPPED,EXISTS
ae8604989946835f66f1622200802a8a2dfa.pdf,SKIPPED,EXISTS
remotesensing-12-03980-v2.pdf,SKIPPED,EXISTS
applsci-13-11688.pdf,SKIPPED,EXISTS
08861302.pdf,SKIPPED,EXISTS
isprs-archives-XLII-3-W8-349-2019.pdf,SKIPPED,EXISTS
model_hec_ras_0084.pdf,SKIPPED,EXISTS
water-13-00676.pdf,SKIPPED,EXISTS
034505_1.pdf,SKIPPED,EXISTS
feart-11-1332589.pdf,SKIPPED,EXISTS
model_hec_ras_0726.pdf,SKIPPED,EXISTS
model_hec_ras_0586.pdf,SKIPPED,EXISTS
model_hec_ras_0222.pdf,SKIPPED,EXISTS
water-14-04020.pdf,SKIPPED,EXISTS
model_hec_ras_0841.pdf,SKIPPED,EXISTS
energies-13-06020-v2.pdf,SKIPPED,EXISTS
model_hec_ras_0247.pdf,SKIPPED,EXISTS
Rainfall_modeling_using_Artificial_Neura.pdf,SKIPPED,EXISTS
1-s2.0-S1569843222001911-main.pdf,SKIPPED,EXISTS
FloodEstimation.pdf,SKIPPED,EXISTS
isprs-archives-XLII-5-575-2018.pdf,SKIPPED,EXISTS
remotesensing-16-00336.pdf,SKIPPED,EXISTS
J Flood Risk Management - 2025 - Simonovic - Local Scale Current and Projected Future Total Flood Hazard Mapping for Canada.pdf,SKIPPED,EXISTS
6-JWC-D-21-00072.pdf,SKIPPED,EXISTS
Why_understanding_behaviour_matters_for_flood_risk.pdf,SKIPPED,EXISTS
Rusli_2023_IOP_Conf._Ser.__Earth_Environ._Sci._1160_012027.pdf,SKIPPED,EXISTS
s12145-009-0024-9.pdf,SKIPPED,EXISTS
applsci-08-01457.pdf,SKIPPED,EXISTS
sustainability-13-07925.pdf,SKIPPED,EXISTS
Application of an Artificial Neural Network in Reactor Thermohydraulic Problem  Prediction of Critical Heat Flux.pdf,SKIPPED,EXISTS
model_hec_ras_0938.pdf,SKIPPED,EXISTS
FloodModeling05.pdf,SKIPPED,EXISTS
HEC-HMS_based_rainfall-runoff_model_for_Punpun_riv.pdf,SKIPPED,EXISTS
Estefania Carmen Aroca Jimenez.pdf,SKIPPED,EXISTS
Effectiveness_of_an_adaptive_flood_management_stra.pdf,SKIPPED,EXISTS
water-05-01036.pdf,SKIPPED,EXISTS
model_hec_ras_1468.pdf,SKIPPED,EXISTS
model_hec_ras_0309.pdf,SKIPPED,EXISTS
model_hec_ras_0014.pdf,SKIPPED,EXISTS
model_hec_ras_1156.pdf,SKIPPED,EXISTS
glghge_2011_3_11.pdf,SKIPPED,EXISTS
ArticleFloodHazardMapping_IJTE.pdf,SKIPPED,EXISTS
A GIS-based Hydrologic Model for Flood Prediction and Watershed Management ( PDFDrive ).pdf,SKIPPED,EXISTS
model_hec_ras_1377.pdf,SKIPPED,EXISTS
water-13-00057-v2.pdf,SKIPPED,EXISTS
Full Thesis.pdf,SKIPPED,EXISTS
wefo-waf-d-20-0153.1.pdf,SKIPPED,EXISTS
model_hec_ras_1284.pdf,SKIPPED,EXISTS
remotesensing-12-03624-v2.pdf,SKIPPED,EXISTS
model_hec_ras_1434.pdf,SKIPPED,EXISTS
model_hec_ras_1132.pdf,SKIPPED,EXISTS
model_hec_ras_0464.pdf,SKIPPED,EXISTS
model_hec_ras_0822.pdf,SKIPPED,EXISTS
model_hec_ras_0894.pdf,SKIPPED,EXISTS
model_hec_ras_0504.pdf,SKIPPED,EXISTS
s10712-022-09751-y (1).pdf,SKIPPED,EXISTS
Application of Physically Based Semi-Distributed Hec-Hms Model fo.pdf,SKIPPED,EXISTS
hydr-JHM-D-20-0220.1.pdf,SKIPPED,EXISTS
hydrology-10-00010-v2.pdf,SKIPPED,EXISTS
model_hec_ras_0870.pdf,SKIPPED,EXISTS
Artificial_Neural_Network_Model_for_Prediction_of_.pdf,SKIPPED,EXISTS
sustainability-15-14489-v3.pdf,SKIPPED,EXISTS
Investigationofflowresistanceinsmoothopenchannelsu.pdf,SKIPPED,EXISTS
1-s2.0-S0022169423000392-main.pdf,SKIPPED,EXISTS
VKNU_geol_2018_3_3.pdf,SKIPPED,EXISTS
Numerical validation of novel scaling laws for air water flows including compressibility and heat transfer.pdf,SKIPPED,EXISTS
model_hec_ras_1062.pdf,SKIPPED,EXISTS
hydr-1525-7541_2002_003_0714_tuitpo_2_0_co_2.pdf,SKIPPED,EXISTS
water-14-02884-v2.pdf,SKIPPED,EXISTS
water-07-01437.pdf,SKIPPED,EXISTS
ijgi-12-00464-v2.pdf,SKIPPED,EXISTS
hydrology-03-00019.pdf,SKIPPED,EXISTS
model_hec_ras_0305.pdf,SKIPPED,EXISTS
model_hec_ras_0677.pdf,SKIPPED,EXISTS
Willingness_of_households_to_reduce_flood_risk_in_.pdf,SKIPPED,EXISTS
model_hec_ras_0756.pdf,SKIPPED,EXISTS
Analysis Of Semi-Distributed And Global Hydrological Models In Th.pdf,SKIPPED,EXISTS
dis_Havrys A.P..pdf,SKIPPED,EXISTS
model_hec_ras_0072.pdf,SKIPPED,EXISTS
Cascade_correlation_artificial_neural_ne.pdf,SKIPPED,EXISTS
IRJMETS312000668802.pdf,SKIPPED,EXISTS
Comparative_analysis_of_neural_network_t.pdf,SKIPPED,EXISTS
environsciproc-26-00095.pdf,SKIPPED,EXISTS
wefo-WAF-D-21-0056.1.pdf,SKIPPED,EXISTS
hydrology-03-00034 (1).pdf,SKIPPED,EXISTS
hess-19-3755-2015.pdf,SKIPPED,EXISTS
hydr-JHM-D-21-0206.1.pdf,SKIPPED,EXISTS
Assessment_of_Satellite_and_Radar_Quantitative_Pre.pdf,SKIPPED,EXISTS
model_hec_ras_1408.pdf,SKIPPED,EXISTS
1-s2.0-S002216942300954X-main.pdf,SKIPPED,EXISTS
0000577383.pdf,SKIPPED,EXISTS
fiz_geo_2016_3_13.pdf,SKIPPED,EXISTS
Geoterrace-2022-066.pdf,SKIPPED,EXISTS
model_hec_ras_0491.pdf,SKIPPED,EXISTS
Ann_Back_Propagation_For_Forecasting_And.pdf,SKIPPED,EXISTS
Reviews_of_Geophysics_2018_Huang_Detecting_Extracting_and_Monitoring.pdf,SKIPPED,EXISTS
model_hec_ras_1087.pdf,SKIPPED,EXISTS
model_hec_ras_0008.pdf,SKIPPED,EXISTS
model_hec_ras_0963.pdf,SKIPPED,EXISTS
model_hec_ras_0537.pdf,SKIPPED,EXISTS
jwc0141935.pdf,SKIPPED,EXISTS
model_hec_ras_1209.pdf,SKIPPED,EXISTS
L-2021-09-01.pdf,SKIPPED,EXISTS
1-s2.0-S0022169421007320-main – копія.pdf,SKIPPED,EXISTS
model_hec_ras_0420.pdf,SKIPPED,EXISTS
ERDC-TN-EMRRP-EBA-08.pdf,SKIPPED,EXISTS
Sahib_Liu_McDougall_SV.pdf,SKIPPED,EXISTS
firstpublication.pdf,SKIPPED,EXISTS
model_hec_ras_1410.pdf,SKIPPED,EXISTS
Rainfall runoff inundation analysis of the 2010 Pakistan flood in the Kabul River basin.pdf,SKIPPED,EXISTS
Rainfall_Runoff_Modelling_Using_Artifici.pdf,SKIPPED,EXISTS
model_hec_ras_1335.pdf,SKIPPED,EXISTS
2401.17759v4.pdf,SKIPPED,EXISTS
model_hec_ras_0564.pdf,SKIPPED,EXISTS
Uggj_2012_10_18.pdf,SKIPPED,EXISTS
refice2017.pdf,SKIPPED,EXISTS
jwc0123005.pdf,SKIPPED,EXISTS
model_hec_ras_0788.pdf,SKIPPED,EXISTS
world-07-00003-v2.pdf,SKIPPED,EXISTS
hydrology-07-00044-v2.pdf,SKIPPED,EXISTS
adgeo-44-23-2017.pdf,SKIPPED,EXISTS
Oraya_2023_IOP_Conf._Ser.__Earth_Environ._Sci._1184_012014.pdf,SKIPPED,EXISTS
Forecasting_Rainfall_Distribution_Using.pdf,SKIPPED,EXISTS
1-s2.0-S0022169424002142-main.pdf,SKIPPED,EXISTS
remotesensing-14-03673-v2.pdf,SKIPPED,EXISTS
COMPARATIVE_ANALYSIS_OF_THE_PERFORMANCE.pdf,SKIPPED,EXISTS
Mon23-245.pdf,SKIPPED,EXISTS
external_content.pdf,SKIPPED,EXISTS
model_hec_ras_0813.pdf,SKIPPED,EXISTS
model_hec_ras_0834.pdf,SKIPPED,EXISTS
water-15-02077-v2.pdf,SKIPPED,EXISTS
model_hec_ras_0044.pdf,SKIPPED,EXISTS
model_hec_ras_0613.pdf,SKIPPED,EXISTS
14-EQ35-2-Ghouri+et+al_149-159.pdf,SKIPPED,EXISTS
1-s2.0-S0022169423004973-main.pdf,SKIPPED,EXISTS
environsciproc-25-00059.pdf,SKIPPED,EXISTS
Characterising the regional growth of o.pdf,FAIL,HTTP_500
Characterising the regional growth of o.pdf,FAIL,HTTP_500
Characterising the regional growth of o.pdf,FAIL,HTTP_500
Characterising the regional growth of o.pdf,FAIL,FAILED_AFTER_RETRIES
model_hec_ras_0104.pdf,SKIPPED,EXISTS
model_hec_ras_1107.pdf,SKIPPED,EXISTS
model_hec_ras_1346.pdf,SKIPPED,EXISTS
Remote Sensing for Ecology and Conservation_ A Handbook of Techniques (Techniques in Ecology and Conservation) ( PDFDrive ).pdf,SKIPPED,EXISTS
model_hec_ras_1389.pdf,SKIPPED,EXISTS
model_hec_ras_1099.pdf,SKIPPED,EXISTS
Vodeu_2011_12_21.pdf,SKIPPED,EXISTS
v1_covered.pdf,SKIPPED,EXISTS
remotesensing-13-05083-v2.pdf,SKIPPED,EXISTS
model_hec_ras_0563.pdf,SKIPPED,EXISTS
model_hec_ras_0469.pdf,SKIPPED,EXISTS
remotesensing-12-00643-v2.pdf,SKIPPED,EXISTS
water-11-00049.pdf,SKIPPED,EXISTS
model_hec_ras_0365.pdf,SKIPPED,EXISTS
Modelling_Rainfall_Runoff_Relations_Usin.pdf,SKIPPED,EXISTS
model_hec_ras_0854.pdf,SKIPPED,EXISTS
JFloodRiskManagement-2023-Paulik-Evaluatingthespatialapplicationofmultivariableflooddamagemodels.pdf,SKIPPED,EXISTS
Towards a set of agrosystem-specific cropland mapping methods to address the global cropland diversity.pdf,SKIPPED,EXISTS
Vodeu_2017_21_8 (1).pdf,SKIPPED,EXISTS
180_farahmand-2015.pdf,SKIPPED,EXISTS
Flood_Early_Warning_and_Risk_Modelling.pdf,SKIPPED,EXISTS
Adaptive_Predicting_of_Weather_Forecasti.pdf,SKIPPED,EXISTS
Novrima_2023_IOP_Conf._Ser.__Earth_Environ._Sci._1173_012043 (1).pdf,SKIPPED,EXISTS
remotesensing-16-00512.pdf,SKIPPED,EXISTS
remotesensing-09-00313-v2.pdf,SKIPPED,EXISTS
model_hec_ras_0432.pdf,SKIPPED,EXISTS
model_hec_ras_1114.pdf,SKIPPED,EXISTS
Agashua_2023_IOP_Conf._Ser.__Earth_Environ._Sci._1178_012022.pdf,SKIPPED,EXISTS
model_hec_ras_1437.pdf,SKIPPED,EXISTS
model_hec_ras_0351.pdf,SKIPPED,EXISTS
model_hec_ras_0960.pdf,SKIPPED,EXISTS
hydr-JHM-D-20-0296.1-1.pdf,SKIPPED,EXISTS
isprs-archives-XLIV-M-3-2021-37-2021.pdf,SKIPPED,EXISTS
pangalisharma2019.pdf,SKIPPED,EXISTS
model_hec_ras_0883.pdf,SKIPPED,EXISTS
hydrology-09-00039-v2.pdf,SKIPPED,EXISTS
Improving neural network for flood forecasting using radar data on the Upper Ping River.pdf,SKIPPED,EXISTS
water-10-00079.pdf,SKIPPED,EXISTS
model_hec_ras_1318.pdf,SKIPPED,EXISTS
model_hec_ras_0700.pdf,SKIPPED,EXISTS
2012133636.pdf,SKIPPED,EXISTS
model_hec_ras_0918.pdf,SKIPPED,EXISTS
KJAT-Pascual.pdf,SKIPPED,EXISTS
water-10-00581-v2.pdf,SKIPPED,EXISTS
model_hec_ras_1181.pdf,SKIPPED,EXISTS
model_hec_ras_0332.pdf,SKIPPED,EXISTS
model_hec_ras_1171.pdf,SKIPPED,EXISTS
model_hec_ras_1441.pdf,SKIPPED,EXISTS
hydr-jhm-d-18-0064_1.pdf,SKIPPED,EXISTS
Cities and Flooding_ A Guide to Integrated Urban Flood Risk ( PDFDrive ).pdf,FAIL,HTTP_500
Cities and Flooding_ A Guide to Integrated Urban Flood Risk ( PDFDrive ).pdf,FAIL,HTTP_500
Cities and Flooding_ A Guide to Integrated Urban Flood Risk ( PDFDrive ).pdf,FAIL,HTTP_500
Cities and Flooding_ A Guide to Integrated Urban Flood Risk ( PDFDrive ).pdf,FAIL,FAILED_AFTER_RETRIES
model_hec_ras_1182.pdf,SKIPPED,EXISTS
model_hec_ras_1175.pdf,SKIPPED,EXISTS
model_hec_ras_0659.pdf,SKIPPED,EXISTS
water-15-01103-v2.pdf,SKIPPED,EXISTS
Rainfall_Runoff_Modeling_using_Artificia (1).pdf,SKIPPED,EXISTS
35469147.pdf,SKIPPED,EXISTS
ioegc-9-017-90031.pdf,SKIPPED,EXISTS
model_hec_ras_1213.pdf,SKIPPED,EXISTS
hydr-JHM-D-20-0296.1.pdf,SKIPPED,EXISTS
water-15-01655-v3.pdf,SKIPPED,EXISTS
33703_actionplanweb14.06cs1.pdf,SKIPPED,EXISTS
model_hec_ras_0460.pdf,SKIPPED,EXISTS
remotesensing-14-03838-v2.pdf,SKIPPED,EXISTS
model_hec_ras_1197.pdf,SKIPPED,EXISTS
model_hec_ras_1202.pdf,SKIPPED,EXISTS
water-10-00923.pdf,SKIPPED,EXISTS
JFloodRiskManagement-2023-MelndezE28090Landaverde-Auserexperienceevaluationofamobileapplicationfor.pdf,SKIPPED,EXISTS
InfluenceDataSources.pdf,SKIPPED,EXISTS
model_hec_ras_0823.pdf,SKIPPED,EXISTS
hydr-JHM-D-20-0143.1.pdf,SKIPPED,EXISTS
model_hec_ras_0348.pdf,SKIPPED,EXISTS
model_hec_ras_0720.pdf,SKIPPED,EXISTS
1807.pdf,SKIPPED,EXISTS
model_hec_ras_0011.pdf,SKIPPED,EXISTS
remotesensing-15-01200.pdf,SKIPPED,EXISTS
Application_of_Standard_Models_and_Artif.pdf,SKIPPED,EXISTS
model_hec_ras_0404.pdf,SKIPPED,EXISTS
applsci-12-05210-v2.pdf,SKIPPED,EXISTS
hydr-JHM-D-21-0214.1.pdf,SKIPPED,EXISTS
hydrology-07-00042-v2.pdf,SKIPPED,EXISTS
hess-23-3057-2019.pdf,SKIPPED,EXISTS
model_hec_ras_1469.pdf,SKIPPED,EXISTS
A Tool for Modeling Phosphate Loading from Hydrologic Runoff using Multi-Criteria Analysis and ... ( PDFDrive ).pdf,SKIPPED,EXISTS
Ewme-ICE1998.pdf,SKIPPED,EXISTS
model_hec_ras_0942.pdf,SKIPPED,EXISTS
model_hec_ras_0452.pdf,SKIPPED,EXISTS
Tsunami_run-up_along_the_Zihuatanejo_region_Mexica.pdf,SKIPPED,EXISTS
model_hec_ras_0028.pdf,SKIPPED,EXISTS
behavsci-14-00074-v2.pdf,SKIPPED,EXISTS
1-s2.0-S1738573321005179-main.pdf,SKIPPED,EXISTS
Paper_22_Mujtba_StreamflowresponsetoprojectedclimatechangesintheNorthwesternUpperIndusBasinbasedonregionalclimatemodelRegCM4.3simulation.pdf,SKIPPED,EXISTS
model_hec_ras_0769.pdf,SKIPPED,EXISTS
Wardhana_2021_IOP_Conf._Ser.__Earth_Environ._Sci._930_012032.pdf,SKIPPED,EXISTS
model_hec_ras_1064.pdf,SKIPPED,EXISTS
model_hec_ras_0814.pdf,SKIPPED,EXISTS
Artificial_Neural_Network_Models_for_Rai.pdf,SKIPPED,EXISTS
Evaluation_of_Land_Development_Impact_on.pdf,SKIPPED,EXISTS
model_hec_ras_1155.pdf,SKIPPED,EXISTS
hydr-JHM-D-20-0189.1.pdf,SKIPPED,EXISTS
Depth-damage_curves_for_rail_rapid_transit_infrast.pdf,SKIPPED,EXISTS
ICTERI-2015-CEUR-WS-Volume.pdf,SKIPPED,EXISTS
model_hec_ras_1083.pdf,SKIPPED,EXISTS
wefo-waf-d-16-0094_1-1.pdf,SKIPPED,EXISTS
Country-wide_flood_exposure_analysis_using_Sentine.pdf,SKIPPED,EXISTS
model_hec_ras_0201.pdf,SKIPPED,EXISTS
Stable_Robust_Adaptive_Controller_and_Observer_Des.pdf,SKIPPED,EXISTS
model_hec_ras_0660.pdf,SKIPPED,EXISTS
model_hec_ras_0380.pdf,SKIPPED,EXISTS
model_hec_ras_1436.pdf,SKIPPED,EXISTS
kussul2014.pdf,SKIPPED,EXISTS
model_hec_ras_0957.pdf,SKIPPED,EXISTS
Azizetal_SERRA_offprint.pdf,SKIPPED,EXISTS
SocialinnovationsanddriversinfloodearlywarningsystemsAcommunitybasedTransboundaryEarlyWarningSystem.pdf,SKIPPED,EXISTS
Romali_2018_IOP_Conf._Ser.__Mater._Sci._Eng._318_012029.pdf,SKIPPED,EXISTS
hydr-jhm-d-18-0070_1.pdf,SKIPPED,EXISTS
model_hec_ras_0598.pdf,SKIPPED,EXISTS
model_hec_ras_0445.pdf,SKIPPED,EXISTS
ijgi-08-00534.pdf,SKIPPED,EXISTS
model_hec_ras_1358.pdf,SKIPPED,EXISTS
remotesensing-12-01422.pdf,SKIPPED,EXISTS
1-s2.0-S0022169423008181-main.pdf,SKIPPED,EXISTS
model_hec_ras_0612.pdf,SKIPPED,EXISTS
The_importance_of_public_risk_perception_for_the_e.pdf,SKIPPED,EXISTS
Rainfall_Runoff_Modeling_Using_Artificia.pdf,SKIPPED,EXISTS
model_hec_ras_0675.pdf,SKIPPED,EXISTS
model_hec_ras_0463.pdf,SKIPPED,EXISTS
model_hec_ras_1236.pdf,SKIPPED,EXISTS
Artificial_neural_network_for_precipitat.pdf,SKIPPED,EXISTS
model_hec_ras_0790.pdf,SKIPPED,EXISTS
model_hec_ras_0097.pdf,SKIPPED,EXISTS
model_hec_ras_0153.pdf,SKIPPED,EXISTS
model_hec_ras_1060.pdf,SKIPPED,EXISTS
VKNU_geol_2018_3_3 (1).pdf,SKIPPED,EXISTS
1-s2.0-S2211812814005744-main.pdf,SKIPPED,EXISTS
hydrology-04-00016.pdf,SKIPPED,EXISTS
JFloodRiskManagement-2023-Davis-FloodvulnerabilityandriskassessmentofhistoricurbanareasVulnerability.pdf,SKIPPED,EXISTS
Changes_in_flooding_in_the_alpine_catchments_of_th.pdf,SKIPPED,EXISTS
model_hec_ras_0899.pdf,SKIPPED,EXISTS
model_hec_ras_0538.pdf,SKIPPED,EXISTS
model_hec_ras_1361.pdf,SKIPPED,EXISTS
model_hec_ras_0771.pdf,SKIPPED,EXISTS
A_Framework_to_Assess_Remote_Sensing_Algorithms_for_Satellite-Based_Flood_Index_Insurance.pdf,SKIPPED,EXISTS
hydr-JHM-D-20-0161.1.pdf,SKIPPED,EXISTS
hydr-JHM-D-20-0215.1.pdf,SKIPPED,EXISTS
water-12-02893-v2.pdf,SKIPPED,EXISTS
978-3-89958-758-6.volltext.frei.pdf,SKIPPED,EXISTS
model_hec_ras_0434.pdf,SKIPPED,EXISTS
model_hec_ras_0725.pdf,SKIPPED,EXISTS
Simulation_of_the_rainfall-runoff_relationship_usi.pdf,SKIPPED,EXISTS
Application_of_the_HEC_HMS_model_for_run.pdf,SKIPPED,EXISTS
water-15-01557-v2.pdf,SKIPPED,EXISTS
model_hec_ras_0522.pdf,SKIPPED,EXISTS
model_hec_ras_0850.pdf,SKIPPED,EXISTS
Hanan_2020_IOP_Conf._Ser.__Earth_Environ._Sci._426_012019.pdf,SKIPPED,EXISTS
model_hec_ras_0092.pdf,SKIPPED,EXISTS
land-11-01810-v2.pdf,SKIPPED,EXISTS
model_hec_ras_1400.pdf,SKIPPED,EXISTS
Artificial neural networks as rainfall-runoff models.pdf,SKIPPED,EXISTS
sensors-19-05012.pdf,SKIPPED,EXISTS
1-s2.0-S0022169421010738-main.pdf,SKIPPED,EXISTS
apme-2008jamc2127.1.pdf,SKIPPED,EXISTS
1-s2.0-S2666592125000125-main.pdf,SKIPPED,EXISTS
remotesensing-14-00115.pdf,SKIPPED,EXISTS
Baynes_23430.pdf,SKIPPED,EXISTS
Integrated_approach_to_model_decomposed.pdf,SKIPPED,EXISTS
remotesensing-09-00593.pdf,SKIPPED,EXISTS
sustainability-15-01468.pdf,SKIPPED,EXISTS
20170712_Morning.pdf,SKIPPED,EXISTS
20537312.pdf,SKIPPED,EXISTS
Sentinel-1-Based_Water_and_Flood_Mapping_Benchmarking_Convolutional_Neural_Networks_Against_an_Operational_Rule-Based_Processing_Chain.pdf,SKIPPED,EXISTS
1-s2.0-S2212827122013130-main.pdf,SKIPPED,EXISTS
water-15-03883.pdf,SKIPPED,EXISTS
model_hec_ras_1124.pdf,SKIPPED,EXISTS
model_hec_ras_0096.pdf,SKIPPED,EXISTS
water-14-00191.pdf,SKIPPED,EXISTS
remotesensing-10-00041.pdf,SKIPPED,EXISTS
PIIS2405844025025095.pdf,SKIPPED,EXISTS
model_hec_ras_0173.pdf,SKIPPED,EXISTS
model_hec_ras_1261.pdf,SKIPPED,EXISTS
High-resolution modelling of the grass .pdf,FAIL,HTTP_500
High-resolution modelling of the grass .pdf,FAIL,HTTP_500
High-resolution modelling of the grass .pdf,FAIL,HTTP_500
High-resolution modelling of the grass .pdf,FAIL,FAILED_AFTER_RETRIES
model_hec_ras_1070.pdf,SKIPPED,EXISTS
model_hec_ras_0359.pdf,SKIPPED,EXISTS
Study_of_Modeling_Method_Selection_in_Flood_Discha.pdf,SKIPPED,EXISTS
A modeling approach for operational flash flood forecasting for small-scale watersheds in central ( PDFDrive ).pdf,SKIPPED,EXISTS
hydr-jhm-d-12-074_1.pdf,SKIPPED,EXISTS
model_hec_ras_0668.pdf,SKIPPED,EXISTS
model_hec_ras_1314.pdf,SKIPPED,EXISTS
geoinf_2010_3_8.pdf,SKIPPED,EXISTS
WPT-EM2079 (1).pdf,SKIPPED,EXISTS
hydrology-10-00091-v2.pdf,SKIPPED,EXISTS
water-14-00905-v3.pdf,SKIPPED,EXISTS
Artificial_neural_network_technique_for.pdf,SKIPPED,EXISTS
model_hec_ras_0270.pdf,SKIPPED,EXISTS
86409ab675880095ebeec5902ac5bde1c512.pdf,SKIPPED,EXISTS
Simulation_of_runoff_in_Baitarani_basin_using_comp.pdf,SKIPPED,EXISTS
model_hec_ras_1343.pdf,SKIPPED,EXISTS
Reducing_flood_risk_by_effective_use_of_flood-peak.pdf,SKIPPED,EXISTS
model_hec_ras_1247.pdf,SKIPPED,EXISTS
water-14-03779.pdf,SKIPPED,EXISTS
water-08-00246.pdf,SKIPPED,EXISTS
model_hec_ras_1296.pdf,SKIPPED,EXISTS
ijerph-19-16530.pdf,SKIPPED,EXISTS
model_hec_ras_0829.pdf,SKIPPED,EXISTS
InfluenceAnalysisofPeakRateFactor.pdf,SKIPPED,EXISTS
Pluvial_Flood_Risk_Assessment_in_Urban_Areas_A_Cas.pdf,SKIPPED,EXISTS
16_RS_Object_Based.pdf,SKIPPED,EXISTS
model_hec_ras_1024.pdf,SKIPPED,EXISTS
model_hec_ras_0215.pdf,SKIPPED,EXISTS
model_hec_ras_1052.pdf,SKIPPED,EXISTS
Data_Mining_Based_on_Neural_Networks_for.pdf,SKIPPED,EXISTS
"admin, Pap 3_2010_Apr_43_2.pdf",SKIPPED,EXISTS
model_hec_ras_0114.pdf,SKIPPED,EXISTS
model_hec_ras_0897.pdf,SKIPPED,EXISTS
DeterminationofFloodRiskUsingHEC-RASCaseStudyLowerSakaryaRiverTurkey.pdf,SKIPPED,EXISTS
model_hec_ras_1371.pdf,SKIPPED,EXISTS
glghge_2011_3_21.pdf,SKIPPED,EXISTS
A-comparative-technical-study-for-estimating-seeped-water-f_2023_Ain-Shams-E.pdf,SKIPPED,EXISTS
Hu_2019_IOP_Conf._Ser.__Earth_Environ._Sci._267_032050.pdf,SKIPPED,EXISTS
model_hec_ras_0645.pdf,SKIPPED,EXISTS
GMDH-type_neural_network_approach_for_modeling_the_discharge_coefficient_of.pdf,SKIPPED,EXISTS
remotesensing-13-00351-v3.pdf,SKIPPED,EXISTS
model_hec_ras_0912.pdf,SKIPPED,EXISTS
Assessment_and_prediction_of_flood_hazards_using_s.pdf,SKIPPED,EXISTS
model_hec_ras_0704.pdf,SKIPPED,EXISTS
hydr-jhm-d-12-09_1.pdf,SKIPPED,EXISTS
hess-13-1607-2009.pdf,SKIPPED,EXISTS
remotesensing-08-00625.pdf,SKIPPED,EXISTS
hydr-2009jhm1072_1.pdf,SKIPPED,EXISTS
sustainability-16-00875-v2.pdf,SKIPPED,EXISTS
1-s2.0-S0022169421007320-main.pdf,SKIPPED,EXISTS
LiDAR_DEM_Data_for_Flood_Mapping_and_Ass.pdf,SKIPPED,EXISTS
model_hec_ras_0736.pdf,SKIPPED,EXISTS
River_Inundation_and_Hazard_Mapping_a_Ca.pdf,SKIPPED,EXISTS
Exploring_the_role_of_the_long_short-term_memory_m.pdf,SKIPPED,EXISTS
Forecasting_reservoir_water_level_based.pdf,SKIPPED,EXISTS
A_rainfall_prediction_model_using_artifi.pdf,SKIPPED,EXISTS
1-s2.0-S1110016812000105-main.pdf,SKIPPED,EXISTS
model_hec_ras_1143.pdf,SKIPPED,EXISTS
remotesensing-11-02470-v2.pdf,SKIPPED,EXISTS
model_hec_ras_0599.pdf,SKIPPED,EXISTS
bams-bams-d-19-0001.1.pdf,SKIPPED,EXISTS
IJIAS-14-268-04.pdf,SKIPPED,EXISTS
Flooded_and_Irrigation_Area_Monitoring_After_the_Kakhovka_Dam_Disaster_Based_on_Machine_Learning_and_Satellite_Data.pdf,SKIPPED,EXISTS
Urban flood susceptibility assessment based on convolutional neural networks.pdf,SKIPPED,EXISTS
remotesensing-13-00262-v4.pdf,SKIPPED,EXISTS
model_hec_ras_1326.pdf,SKIPPED,EXISTS
10_ApplicationofArtificialNeuralNetworks.pdf,SKIPPED,EXISTS
model_hec_ras_0994.pdf,SKIPPED,EXISTS
model_hec_ras_0098.pdf,SKIPPED,EXISTS
model_hec_ras_1026.pdf,SKIPPED,EXISTS
The_Flood_Resilience_Rose_A_management_tool_to_p.pdf,SKIPPED,EXISTS
model_hec_ras_1199.pdf,SKIPPED,EXISTS
water-11-01832.pdf,SKIPPED,EXISTS
model_hec_ras_1315.pdf,SKIPPED,EXISTS
sensors-21-00280.pdf,SKIPPED,EXISTS
hydrology-07-00014.pdf,SKIPPED,EXISTS
model_hec_ras_1092.pdf,SKIPPED,EXISTS
model_hec_ras_0921.pdf,SKIPPED,EXISTS
water-07-03832.pdf,SKIPPED,EXISTS
Short_term_water_level_prediction_using.pdf,SKIPPED,EXISTS
model_hec_ras_0801.pdf,SKIPPED,EXISTS
geohazards-03-00020-v2.pdf,SKIPPED,EXISTS
remotesensing-09-00781 (1).pdf,SKIPPED,EXISTS
hydr-JHM-D-20-0219.1.pdf,SKIPPED,EXISTS
sustainability-11-05406-v2.pdf,SKIPPED,EXISTS
Charlier-HESS-2009_{9B3527A3-2C15-4FA7-843F-A81113233371}.pdf,SKIPPED,EXISTS
water-12-00487-v2.pdf,SKIPPED,EXISTS
model_hec_ras_0910.pdf,SKIPPED,EXISTS
model_hec_ras_1106.pdf,SKIPPED,EXISTS
model_hec_ras_1192.pdf,SKIPPED,EXISTS
JFloodRiskManagement-2023-Jesna-Impactofcrosssectionalorientationinonedimensionalhydrodynamicmodelingon1.pdf,SKIPPED,EXISTS
remotesensing-06-05279.pdf,SKIPPED,EXISTS
model_hec_ras_0904.pdf,SKIPPED,EXISTS
Depression threshold control proxy to improve HEC-HMS modeling of depression-dominated watersheds.pdf,SKIPPED,EXISTS
4ddc1005a9b58ecaff94006c2188dc80da32.pdf,SKIPPED,EXISTS
model_hec_ras_1250.pdf,SKIPPED,EXISTS
remotesensing-14-06239.pdf,SKIPPED,EXISTS
model_hec_ras_0975.pdf,SKIPPED,EXISTS
A_historical_flash_flood_chronology_for_Britain.pdf,SKIPPED,EXISTS
water-14-03936-v2.pdf,SKIPPED,EXISTS
AshikIqbal_EffectivenessofDEMsforFloodModeling_jfr3.12937.pdf,SKIPPED,EXISTS
AdvancesinRemoteSensingandGeoInforIndusBasinGroundwater.pdf,SKIPPED,EXISTS
TA-FING-IC-144058-2014.pdf,SKIPPED,EXISTS
model_hec_ras_0341.pdf,SKIPPED,EXISTS
model_hec_ras_0632.pdf,SKIPPED,EXISTS
sustainability-15-02084.pdf,SKIPPED,EXISTS
ijitk05-2.pdf,SKIPPED,EXISTS
hydrology-09-00214-v2.pdf,SKIPPED,EXISTS
IJH-06-00296.pdf,SKIPPED,EXISTS
model_hec_ras_0860.pdf,SKIPPED,EXISTS
Puno_GIS_Based_Flood_Hazard_Mapping_in_G.pdf,SKIPPED,EXISTS
model_hec_ras_1375.pdf,SKIPPED,EXISTS
model_hec_ras_0931.pdf,SKIPPED,EXISTS
hydr-jhm-d-14-0012_1.pdf,SKIPPED,EXISTS
model_hec_ras_0743.pdf,SKIPPED,EXISTS
Artificial_Neural_Network_Modeling_of_Ra.pdf,SKIPPED,EXISTS
Pazharska.pdf,SKIPPED,EXISTS
hess-8-247-2004.pdf,SKIPPED,EXISTS
applsci-10-05776-v4.pdf,SKIPPED,EXISTS
model_hec_ras_0192.pdf,SKIPPED,EXISTS
hess-26-4469-2022.pdf,SKIPPED,EXISTS
new.pdf,SKIPPED,EXISTS
remotesensing-07-15702.pdf,SKIPPED,EXISTS
model_hec_ras_0078.pdf,SKIPPED,EXISTS
model_hec_ras_0685.pdf,SKIPPED,EXISTS
Flood Frequence Analysis of Big Akaki River.pdf,SKIPPED,EXISTS
MT_Gisele Icyimpaye.pdf,SKIPPED,EXISTS
hydrology-09-00048-v2.pdf,SKIPPED,EXISTS
Development of a novel hybrid multi-boosting neural network model for spatial prediction of urban flood.pdf,SKIPPED,EXISTS
s40808-016-0207-6.pdf,SKIPPED,EXISTS
model_hec_ras_1056.pdf,SKIPPED,EXISTS
model_hec_ras_0765.pdf,SKIPPED,EXISTS
doc.pdf,SKIPPED,EXISTS
model_hec_ras_0119.pdf,SKIPPED,EXISTS
hydrology-08-00027-v2.pdf,SKIPPED,EXISTS
model_hec_ras_1051.pdf,SKIPPED,EXISTS
The directional unit hydrograph model_ .pdf,FAIL,HTTP_500
The directional unit hydrograph model_ .pdf,FAIL,HTTP_500
The directional unit hydrograph model_ .pdf,FAIL,HTTP_500
The directional unit hydrograph model_ .pdf,FAIL,FAILED_AFTER_RETRIES
model_hec_ras_0741.pdf,SKIPPED,EXISTS
The_Application_and_Applicability_of_HEC-HMS_Model.pdf,SKIPPED,EXISTS
remotesensing-15-05139-v2.pdf,SKIPPED,EXISTS
Catani_et_al_2005_Landslides.pdf,SKIPPED,EXISTS
Flood-After-Fire_California-Toolkit_September-2020-2.pdf,SKIPPED,EXISTS
AI-Powered_Digital_Twin_Framework_for_Land_Use_Change_in_Disaster_Affected_Regions.pdf,SKIPPED,EXISTS
173-ResearchInstrument-673-1-10-20231016.pdf,SKIPPED,EXISTS
water-14-02778.pdf,SKIPPED,EXISTS
23_reference.pdf,SKIPPED,EXISTS
model_hec_ras_0682.pdf,SKIPPED,EXISTS
16_3_17.pdf,SKIPPED,EXISTS
Gunawan_2021_IOP_Conf._Ser.__Earth_Environ._Sci._871_012033.pdf,SKIPPED,EXISTS
model_hec_ras_0821.pdf,SKIPPED,EXISTS
model_hec_ras_0234.pdf,SKIPPED,EXISTS
PEMODELAN_HIDROLOGI_DENGAN_HEC-HMS_DI_SUB-DAS_KARA.pdf,SKIPPED,EXISTS
remotesensing-11-00879.pdf,SKIPPED,EXISTS
model_hec_ras_1252.pdf,SKIPPED,EXISTS
hydr-JHM-D-20-0082.1.pdf,SKIPPED,EXISTS
model_hec_ras_1370.pdf,SKIPPED,EXISTS
model_hec_ras_0881.pdf,SKIPPED,EXISTS
water-10-01292.pdf,SKIPPED,EXISTS
acceleratinganddeceleratingows.pdf,SKIPPED,EXISTS
Water Resources Research - 2016 - Schumann - Unlocking the full potential of Earth observation during the 2015 Texas flood.pdf,SKIPPED,EXISTS
model_hec_ras_0006.pdf,SKIPPED,EXISTS
HYDROLOGICAL_AND_HYDROGEOLOGICAL_CONSEQUENCES_.pdf,SKIPPED,EXISTS
DeepSAR Flood Mapper  global flood mapping on google earth engine cloud platform using MLP deep learning model with Sentinel-1 SAR imagery and HAND to.pdf,SKIPPED,EXISTS
model_hec_ras_1257.pdf,SKIPPED,EXISTS
ajol-file-journals_219_articles_175995_submission_proof_175995-2605-450135-1-10-20180813.pdf,SKIPPED,EXISTS
bfec42525fd333d646a68543c5e33e15ac87.pdf,SKIPPED,EXISTS
Hydrological_forecast_in_Macae_river_bas.pdf,SKIPPED,EXISTS
model_hec_ras_1424.pdf,SKIPPED,EXISTS
remotesensing-10-01230.pdf,SKIPPED,EXISTS
L-2021-09-28.pdf,SKIPPED,EXISTS
model_hec_ras_0115.pdf,SKIPPED,EXISTS
Mitigating_flood_risk_using_low-cost_sensors_and_c.pdf,SKIPPED,EXISTS
model_hec_ras_0780.pdf,SKIPPED,EXISTS
1-s2.0-S0022169423013471-main.pdf,SKIPPED,EXISTS
model_hec_ras_0655.pdf,SKIPPED,EXISTS
Quantifying_hydraulic_roughness_in_a_riparian_fore (1).pdf,SKIPPED,EXISTS
model_hec_ras_0676.pdf,SKIPPED,EXISTS
Mooyaart2023-Economicoptimizationofcoastalflooddefencesystemsincludingstormsurge.pdf,SKIPPED,EXISTS
Artificial_Neural_Network_Modelling_of_F.pdf,SKIPPED,EXISTS
model_hec_ras_1364.pdf,SKIPPED,EXISTS
model_hec_ras_1169.pdf,SKIPPED,EXISTS
A_comparative_study_of_landslide_susceptibility_ma.pdf,SKIPPED,EXISTS
52752108.pdf,SKIPPED,EXISTS
atmosphere-15-00120-v2.pdf,SKIPPED,EXISTS
Uncertainties in the Assessment of Individual and Compound Floodi.pdf,SKIPPED,EXISTS
isprs-archives-XLII-3-W4-109-2018.pdf,SKIPPED,EXISTS
Analisis_Debit_Rencana_Tukad_Unda_Bagian_Hilir_Men.pdf,SKIPPED,EXISTS
model_hec_ras_1194.pdf,SKIPPED,EXISTS
glghge_2011_3_12.pdf,SKIPPED,EXISTS
220503maket-5-15.pdf,SKIPPED,EXISTS
model_hec_ras_1074.pdf,SKIPPED,EXISTS
Transposing_flood_risk_from_extreme_rainfall_event.pdf,SKIPPED,EXISTS
Hydrological_Analysis_with_Respect_to_Sp.pdf,SKIPPED,EXISTS
model_hec_ras_1285.pdf,SKIPPED,EXISTS
model_hec_ras_1021.pdf,SKIPPED,EXISTS
Prediction_of_Rainfall_in_India_using_Ar.pdf,SKIPPED,EXISTS
Urban_pluvial_flood_adaptation_Results_of_a_househ.pdf,SKIPPED,EXISTS
Review on algorithms of dealing with depressions in grid DEM.pdf,SKIPPED,EXISTS
model_hec_ras_0483.pdf,SKIPPED,EXISTS
remotesensing-08-00655.pdf,SKIPPED,EXISTS
model_hec_ras_0808.pdf,SKIPPED,EXISTS
Surface_runoff_hydrograph_derivation_using_a_dynam.pdf,SKIPPED,EXISTS
model_hec_ras_1224.pdf,SKIPPED,EXISTS
Thesisfinaldraft_SagarKumarTamang.pdf,SKIPPED,EXISTS
model_hec_ras_0269.pdf,SKIPPED,EXISTS
BookofAbstractANASIGG.pdf,SKIPPED,EXISTS
model_hec_ras_1216.pdf,SKIPPED,EXISTS
model_hec_ras_1238.pdf,SKIPPED,EXISTS
model_hec_ras_0997.pdf,SKIPPED,EXISTS
Mistry_2022_IOP_Conf._Ser.__Earth_Environ._Sci._1086_012036.pdf,SKIPPED,EXISTS
A_neural_network_approach_for_prediction.pdf,SKIPPED,EXISTS
model_hec_ras_0284.pdf,SKIPPED,EXISTS
Coupling_a_land_surface_model_with_a_hydrodynamic_.pdf,SKIPPED,EXISTS
model_hec_ras_1154.pdf,SKIPPED,EXISTS
Development_of_an_ANN_Based_Model_for_Fo.pdf,SKIPPED,EXISTS
Vodeu_2015_19_19 (1).pdf,SKIPPED,EXISTS
ThesisonFlood.pdf,SKIPPED,EXISTS
model_hec_ras_1387.pdf,SKIPPED,EXISTS
model_hec_ras_1095.pdf,SKIPPED,EXISTS
BookChapter.ID_63857_6x9.pdf,SKIPPED,EXISTS
hydrology-11-00009.pdf,SKIPPED,EXISTS
smith1997.pdf,SKIPPED,EXISTS
2511.pdf,SKIPPED,EXISTS
s40808-020-00792-z.pdf,SKIPPED,EXISTS
Managing_flood_risks_in_a_changing_climate.pdf,SKIPPED,EXISTS
GeoTerrace-2023-105.pdf,SKIPPED,EXISTS
model_hec_ras_0880.pdf,SKIPPED,EXISTS
Full_Length_Research_Article_ASSESSMENT.pdf,SKIPPED,EXISTS
model_hec_ras_1022.pdf,SKIPPED,EXISTS
model_hec_ras_0654.pdf,SKIPPED,EXISTS
model_hec_ras_1048.pdf,SKIPPED,EXISTS
Comparative_analysis_of_routed_flood_frequency_for.pdf,SKIPPED,EXISTS
model_hec_ras_0922.pdf,SKIPPED,EXISTS
a6de57d7b04bf143995da81ea65f8991.pdf,SKIPPED,EXISTS
1-s2.0-S1569843225004637-main.pdf,SKIPPED,EXISTS
Appendix D Rainfall-runoff model summaries ( PDFDrive ).pdf,SKIPPED,EXISTS
model_hec_ras_0212.pdf,SKIPPED,EXISTS
IRJET_A_Review_on_Rainfall_Prediction_us.pdf,SKIPPED,EXISTS
remotesensing-11-00107.pdf,SKIPPED,EXISTS
model_hec_ras_1189.pdf,SKIPPED,EXISTS
model_hec_ras_1144.pdf,SKIPPED,EXISTS
model_hec_ras_0369.pdf,SKIPPED,EXISTS
model_hec_ras_0051.pdf,SKIPPED,EXISTS
water-13-01408-v2.pdf,SKIPPED,EXISTS
model_hec_ras_1360.pdf,SKIPPED,EXISTS
hydrology-06-00077.pdf,SKIPPED,EXISTS
hydrology-03-00023.pdf,SKIPPED,EXISTS
model_hec_ras_0302.pdf,SKIPPED,EXISTS
Self-stated_recovery_from_flooding_Empirical_resul.pdf,SKIPPED,EXISTS
hydr-JHM-D-19-0301.1.pdf,SKIPPED,EXISTS
sustainability-12-07187-v2.pdf,SKIPPED,EXISTS
water-11-00085.pdf,SKIPPED,EXISTS
model_hec_ras_0867.pdf,SKIPPED,EXISTS
model_hec_ras_0855.pdf,SKIPPED,EXISTS
model_hec_ras_0282.pdf,SKIPPED,EXISTS
model_hec_ras_0998.pdf,SKIPPED,EXISTS
Lemenkova_BulgariaSofia2015.pdf,SKIPPED,EXISTS
model_hec_ras_0342.pdf,SKIPPED,EXISTS
WRR2005bedformroughness.pdf,SKIPPED,EXISTS
sensors-21-02648-v2.pdf,SKIPPED,EXISTS
On application of empirical mode decomposition for turbulence analysis in open-channel flows.pdf,SKIPPED,EXISTS
model_hec_ras_1072.pdf,SKIPPED,EXISTS
Evaluating the performance of HBV  HEC-HMS and ANN models in simulating streamflow for a data scarce high-humid tropical catchment in Tanzania.pdf,SKIPPED,EXISTS
water-13-00424-v2.pdf,SKIPPED,EXISTS
Water Resources Research - 2004 - Shu - Artificial neural network ensembles and their application in pooled flood frequency.pdf,SKIPPED,EXISTS
model_hec_ras_1233.pdf,SKIPPED,EXISTS
model_hec_ras_1268.pdf,SKIPPED,EXISTS
hydr-JHM-D-19-0171.1.pdf,SKIPPED,EXISTS
model_hec_ras_1025.pdf,SKIPPED,EXISTS
hydrology-08-00088-v2.pdf,SKIPPED,EXISTS
model_hec_ras_0493.pdf,SKIPPED,EXISTS
remotesensing-17-02363-v2.pdf,SKIPPED,EXISTS
ksuhsgs_2019_10_18.pdf,SKIPPED,EXISTS
model_hec_ras_0261.pdf,SKIPPED,EXISTS
model_hec_ras_0461.pdf,SKIPPED,EXISTS
model_hec_ras_1131.pdf,SKIPPED,EXISTS
48253_1.pdf,SKIPPED,EXISTS
model_hec_ras_1126.pdf,SKIPPED,EXISTS
model_hec_ras_1324.pdf,SKIPPED,EXISTS
ijgi-09-00244.pdf,SKIPPED,EXISTS
hydrology-09-00057.pdf,SKIPPED,EXISTS
268-633-1-SM.pdf,SKIPPED,EXISTS
Multi-step-ahead neural networks for flood forecasting.pdf,SKIPPED,EXISTS
forests-12-00553.pdf,SKIPPED,EXISTS
model_hec_ras_0681.pdf,SKIPPED,EXISTS
remotesensing-12-02532-v2.pdf,SKIPPED,EXISTS
model_hec_ras_1327.pdf,SKIPPED,EXISTS
Application_of_HEC-HMS_modelling_on_River_Stor (1).pdf,SKIPPED,EXISTS
Flood_modelling_of_Air_Bengkulu_Watershed_Indonesi.pdf,SKIPPED,EXISTS
Development_of_a_new_rainfall-triggering_index_of_.pdf,SKIPPED,EXISTS
water-14-02612.pdf,SKIPPED,EXISTS
model_hec_ras_1306.pdf,SKIPPED,EXISTS
remotesensing-11-02492-v2.pdf,SKIPPED,EXISTS
Application_of_Arc-GIS_HEC-GeoHMS_and_HEC-HMS_in_a.pdf,SKIPPED,EXISTS
hydr-jhm-d-19-0125.1.pdf,SKIPPED,EXISTS
MMFlood_A_Multimodal_Dataset_for_Flood_Delineation_From_Satellite_Imagery.pdf,SKIPPED,EXISTS
SiegEtAl2023_jfr3-12889.pdf,SKIPPED,EXISTS
Evaluating_learning_spaces_in_flood_risk_managemen.pdf,SKIPPED,EXISTS
"Advances in Photogrammetry, Remote Sensing and Spatial Information Sciences_ 2008 ISPRS Congress Book (International Society for Photogrammetry and Remote Sensing (Isprs.pdf",SKIPPED,EXISTS
model_hec_ras_0566.pdf,SKIPPED,EXISTS
Rainfall_prediction_using_artificial_neu.pdf,SKIPPED,EXISTS
model_hec_ras_1054.pdf,SKIPPED,EXISTS
atmosphere-14-00794.pdf,SKIPPED,EXISTS
Uggj_2013_13_16.pdf,SKIPPED,EXISTS
model_hec_ras_1172.pdf,SKIPPED,EXISTS
Modellingeconomicrisktosealevelriseandstormsatthecoastalmargin.pdf,SKIPPED,EXISTS
model_hec_ras_0826.pdf,SKIPPED,EXISTS
model_hec_ras_0025.pdf,SKIPPED,EXISTS
model_hec_ras_1077.pdf,SKIPPED,EXISTS
model_hec_ras_0980.pdf,SKIPPED,EXISTS
vol3-issue1-article0015.pdf,SKIPPED,EXISTS
Ibrahim-Bathis-Rainfall-runoffmodelling.pdf,SKIPPED,EXISTS
water-15-00303-v2.pdf,SKIPPED,EXISTS
isprs-annals-IV-3-W1-41-2019.pdf,SKIPPED,EXISTS
Application of Satellite-Based Precipitation Estimates to Rainfall-Runoff Modelling in a Data-Scarce ( PDFDrive ).pdf,SKIPPED,EXISTS
hydr-jhm482_1.pdf,SKIPPED,EXISTS
water-14-00087.pdf,SKIPPED,EXISTS
sustainability-13-03180-v2.pdf,SKIPPED,EXISTS
Mon-22-029.pdf,SKIPPED,EXISTS
model_hec_ras_1037.pdf,SKIPPED,EXISTS
Urban_storm_flood_simulation_using_improved_SWMM_b.pdf,SKIPPED,EXISTS
model_hec_ras_0148.pdf,SKIPPED,EXISTS
land-12-01514-v2.pdf,SKIPPED,EXISTS
hessd-10-15375-2013.pdf,SKIPPED,EXISTS
model_hec_ras_1119.pdf,SKIPPED,EXISTS
model_hec_ras_1163.pdf,SKIPPED,EXISTS
model_hec_ras_0241.pdf,SKIPPED,EXISTS
remotesensing-13-04511-v2.pdf,SKIPPED,EXISTS
model_hec_ras_0680.pdf,SKIPPED,EXISTS
model_hec_ras_1017.pdf,SKIPPED,EXISTS
remotesensing-12-02073-v2.pdf,SKIPPED,EXISTS
Flood_risk_research_for_improving_flood_risk_outco.pdf,SKIPPED,EXISTS
model_hec_ras_0866.pdf,SKIPPED,EXISTS
model_hec_ras_1228.pdf,SKIPPED,EXISTS
model_hec_ras_0217.pdf,SKIPPED,EXISTS
model_hec_ras_0015.pdf,SKIPPED,EXISTS
Vodeu_2014_18_19.pdf,SKIPPED,EXISTS
fulltext_Bakhtiyarikia_27_5_2012 (1).pdf,SKIPPED,EXISTS
model_hec_ras_0313.pdf,SKIPPED,EXISTS
remotesensing-10-00030-v2.pdf,SKIPPED,EXISTS
model_hec_ras_0695.pdf,SKIPPED,EXISTS
energies-17-00469.pdf,SKIPPED,EXISTS
preprints201802.0043.v1.pdf,SKIPPED,EXISTS
191393_doc.pdf,SKIPPED,EXISTS
model_hec_ras_0283.pdf,SKIPPED,EXISTS
1-s2.0-S0022169424019838-main.pdf,SKIPPED,EXISTS
Uncertainty quantification in watershed hydrology_ Which method to use_.pdf,FAIL,HTTP_500
Uncertainty quantification in watershed hydrology_ Which method to use_.pdf,FAIL,HTTP_500
Uncertainty quantification in watershed hydrology_ Which method to use_.pdf,FAIL,HTTP_500
Uncertainty quantification in watershed hydrology_ Which method to use_.pdf,FAIL,FAILED_AFTER_RETRIES
model_hec_ras_0907.pdf,SKIPPED,EXISTS
sustainability-15-07959.pdf,SKIPPED,EXISTS
water-12-02319.pdf,SKIPPED,EXISTS
model_hec_ras_1344.pdf,SKIPPED,EXISTS
model_hec_ras_1307.pdf,SKIPPED,EXISTS
isprs-archives-XLII-2-W13-1927-2019 (1).pdf,SKIPPED,EXISTS
model_hec_ras_0596.pdf,SKIPPED,EXISTS
model_hec_ras_0520.pdf,SKIPPED,EXISTS
Probable_maximum_flood_inundation_modeli.pdf,SKIPPED,EXISTS
MT_Pascal Kwisanga.pdf,SKIPPED,EXISTS
model_hec_ras_0022.pdf,SKIPPED,EXISTS
model_hec_ras_0696.pdf,SKIPPED,EXISTS
A_Model_for_Land_Cover_Ecological_State_Assessment_of_Southern_Ukraine_Based_on_Remote_Data_for_Analyzing_the_Consequences_of_the_Kakhovka_Reservoir_Shallowing.pdf,SKIPPED,EXISTS
14IJAERS-DEC-2017-18-ForecastingofSuspendedSediment1.pdf,SKIPPED,EXISTS
model_hec_ras_1369.pdf,SKIPPED,EXISTS
JFloodRiskManagement-2023-Jacob-Usingthetheoryofplannedbehaviortoidentifykeybeliefsunderlying.pdf,SKIPPED,EXISTS
Toward_an_improved_estimation_of_flood_frequency_s.pdf,SKIPPED,EXISTS
model_hec_ras_0628.pdf,SKIPPED,EXISTS
hydrology-08-00151-v3.pdf,SKIPPED,EXISTS
hydr-JHM-D-20-0260.1.pdf,SKIPPED,EXISTS
model_hec_ras_1372.pdf,SKIPPED,EXISTS
model_hec_ras_0751.pdf,SKIPPED,EXISTS
s13201-014-0258-7.pdf,SKIPPED,EXISTS
out (2).pdf,SKIPPED,EXISTS
model_hec_ras_0812.pdf,SKIPPED,EXISTS
model_hec_ras_0470.pdf,SKIPPED,EXISTS
model_hec_ras_0935.pdf,SKIPPED,EXISTS
model_hec_ras_0791.pdf,SKIPPED,EXISTS
model_hec_ras_0887.pdf,SKIPPED,EXISTS
hydr-jhm577_1.pdf,SKIPPED,EXISTS
sharifi2021.pdf,SKIPPED,EXISTS
s10712-022-09751-y.pdf,SKIPPED,EXISTS
Assessment_of_rainfall-runoff_process_using_Arc-GI.pdf,SKIPPED,EXISTS
Daily_streamflow_forecasting_using_artif.pdf,SKIPPED,EXISTS
0115-0128.pdf,SKIPPED,EXISTS
aaaenvironmentalmodellingandsoftware4.pdf,SKIPPED,EXISTS
13DeterminationofMeanVelocityandDischarge.pdf,SKIPPED,EXISTS
10.21923-jesd.982868-1925180.pdf,SKIPPED,EXISTS
ijerph-18-01072.pdf,SKIPPED,EXISTS
model_hec_ras_0845.pdf,SKIPPED,EXISTS
Mon23-170.pdf,SKIPPED,EXISTS
Automatic_identification_of_buildings_vulnerable_t.pdf,SKIPPED,EXISTS
model_hec_ras_0775.pdf,SKIPPED,EXISTS
Spontaneousvolunteersandtheflooddisaster2021inGermany.pdf,SKIPPED,EXISTS
remotesensing-10-00217-v2.pdf,SKIPPED,EXISTS
model_hec_ras_1111.pdf,SKIPPED,EXISTS
model_hec_ras_1319.pdf,SKIPPED,EXISTS
water-07-00420.pdf,SKIPPED,EXISTS
model_hec_ras_1030.pdf,SKIPPED,EXISTS
model_hec_ras_1123.pdf,SKIPPED,EXISTS
FrontPageAMIWRE-2021.pdf,SKIPPED,EXISTS
fulltext_Bakhtiyarikia_27_5_2012.pdf,SKIPPED,EXISTS
Hydrological Impact of Beaver Habitat Restoration in the Milwauke.pdf,SKIPPED,EXISTS
model_hec_ras_1338.pdf,SKIPPED,EXISTS
Improving_representation_of_collective_memory_in_s.pdf,SKIPPED,EXISTS
model_hec_ras_1178.pdf,SKIPPED,EXISTS
model_hec_ras_1356.pdf,SKIPPED,EXISTS
model_hec_ras_0103.pdf,SKIPPED,EXISTS
b257d309d07cef19db9ecef2c9c3f849cba0.pdf,SKIPPED,EXISTS
Artificial_Neural_Network_Model_for_Rain.pdf,SKIPPED,EXISTS
37773492.pdf,SKIPPED,EXISTS
14844-24642-1-SM.pdf,SKIPPED,EXISTS
henry2006.pdf,SKIPPED,EXISTS
model_hec_ras_0180.pdf,SKIPPED,EXISTS
KumarPandey-2014-ModelingSuspendedSedimentUsingArtificialNeuralNetworksandTRMM-3B42Version7RainfallDataset.pdf,SKIPPED,EXISTS
model_hec_ras_0759.pdf,SKIPPED,EXISTS
Yong12_JGR-A_TRMM-RT_HighLat.pdf,SKIPPED,EXISTS
model_hec_ras_1121.pdf,SKIPPED,EXISTS
Uncertainty assessment of radar-raingau.pdf,FAIL,HTTP_500
Uncertainty assessment of radar-raingau.pdf,FAIL,HTTP_500
Uncertainty assessment of radar-raingau.pdf,FAIL,HTTP_500
Uncertainty assessment of radar-raingau.pdf,FAIL,FAILED_AFTER_RETRIES
1-s2.0-S1569843223003291-main.pdf,SKIPPED,EXISTS
371-Article Text-634-2-10-20240104.pdf,SKIPPED,EXISTS
hydr-jhm-d-14-0227_1.pdf,SKIPPED,EXISTS
hydr-jhm-d-18-0092_1.pdf,SKIPPED,EXISTS
11_Buksha_138-145.pdf,SKIPPED,EXISTS
out (1).pdf,SKIPPED,EXISTS
water-13-02667-v2.pdf,SKIPPED,EXISTS
tnveconn_2019_106_39.pdf,SKIPPED,EXISTS
model_hec_ras_0503.pdf,SKIPPED,EXISTS
model_hec_ras_1309.pdf,SKIPPED,EXISTS
hydrology-08-00087-v2.pdf,SKIPPED,EXISTS
model_hec_ras_1388.pdf,SKIPPED,EXISTS
model_hec_ras_0555.pdf,SKIPPED,EXISTS
model_hec_ras_1151.pdf,SKIPPED,EXISTS
model_hec_ras_0892.pdf,SKIPPED,EXISTS
model_hec_ras_0176.pdf,SKIPPED,EXISTS
hydrology-09-00117.pdf,SKIPPED,EXISTS
land-13-00923-v2.pdf,SKIPPED,EXISTS
sustainability-12-06588-v3.pdf,SKIPPED,EXISTS
wefo-WAF-D-22-0056.1.pdf,SKIPPED,EXISTS
model_hec_ras_1308.pdf,SKIPPED,EXISTS
Simulation_of_the_impacts_of_land_use_ch.pdf,SKIPPED,EXISTS
sustainability-15-06646.pdf,SKIPPED,EXISTS
sustainability-15-12754.pdf,SKIPPED,EXISTS
Vodeu_2017_21_8.pdf,SKIPPED,EXISTS
model_hec_ras_0524.pdf,SKIPPED,EXISTS
sensors-22-00960.pdf,SKIPPED,EXISTS
Neural_network_model_for_discharge_and_w.pdf,SKIPPED,EXISTS
geosciences-10-00209-v2.pdf,SKIPPED,EXISTS
hydrology-06-00082-v2.pdf,SKIPPED,EXISTS
An_Investigation_of_Artificial_Neural_N.pdf,SKIPPED,EXISTS
model_hec_ras_1231.pdf,SKIPPED,EXISTS
hydr-jhm-d-10-05022_1.pdf,SKIPPED,EXISTS
hydrology-08-00058-v2 (1).pdf,SKIPPED,EXISTS
10.2478_jlecol-2023-0011.pdf,SKIPPED,EXISTS
water-11-02370-v2.pdf,SKIPPED,EXISTS
Ayumi_2023_IOP_Conf._Ser.__Earth_Environ._Sci._1233_012055.pdf,SKIPPED,EXISTS
model_hec_ras_0932.pdf,SKIPPED,EXISTS
model_hec_ras_0400.pdf,SKIPPED,EXISTS
model_hec_ras_0851.pdf,SKIPPED,EXISTS
PID30.pdf,SKIPPED,EXISTS
model_hec_ras_1208.pdf,SKIPPED,EXISTS
model_hec_ras_1416.pdf,SKIPPED,EXISTS
Measuring_the_economic_benefits_of_advanced_techno.pdf,SKIPPED,EXISTS
Flood_Extent_Mapping_An_Integrated_Method_Using_Deep_Learning_and_Region_Growing_Using_UAV_Optical_Data.pdf,SKIPPED,EXISTS
model_hec_ras_0193.pdf,SKIPPED,EXISTS
26459823.pdf,SKIPPED,EXISTS
Huang_2019_IOP_Conf._Ser.__Earth_Environ._Sci._344_012117.pdf,SKIPPED,EXISTS
wefo-waf-d-20-0028.1.pdf,SKIPPED,EXISTS
isprs-archives-XLII-4-W18-797-2019.pdf,SKIPPED,EXISTS
model_hec_ras_1392.pdf,SKIPPED,EXISTS
model_hec_ras_1229.pdf,SKIPPED,EXISTS
water-14-03075-v2.pdf,SKIPPED,EXISTS
Assessment_of_climate_change_impact_on_hydro-clima.pdf,SKIPPED,EXISTS
Backpropagation_Method_to_Predict_Rainfa.pdf,SKIPPED,EXISTS
hydrology-05-00049-v2.pdf,SKIPPED,EXISTS
water-12-01549.pdf,SKIPPED,EXISTS
model_hec_ras_1280.pdf,SKIPPED,EXISTS
model_hec_ras_0779.pdf,SKIPPED,EXISTS
model_hec_ras_0853.pdf,SKIPPED,EXISTS
model_hec_ras_1415.pdf,SKIPPED,EXISTS
Dahl_SedHyd2023_RainOnSnow.pdf,SKIPPED,EXISTS
model_hec_ras_0782.pdf,SKIPPED,EXISTS
model_hec_ras_1117.pdf,SKIPPED,EXISTS
model_hec_ras_0647.pdf,SKIPPED,EXISTS
032003_1.pdf,SKIPPED,EXISTS
hydr-jhm529_1.pdf,SKIPPED,EXISTS
model_hec_ras_1353.pdf,SKIPPED,EXISTS
voigt2016.pdf,SKIPPED,EXISTS
model_hec_ras_1016.pdf,SKIPPED,EXISTS
remotesensing-08-00456-v2.pdf,SKIPPED,EXISTS
2220-5318-1-SM (1).pdf,SKIPPED,EXISTS
water-15-04243.pdf,SKIPPED,EXISTS
hydr-jhm-d-15-0114_1.pdf,SKIPPED,EXISTS
2354.pdf,SKIPPED,EXISTS
model_hec_ras_0158.pdf,SKIPPED,EXISTS
model_hec_ras_1167.pdf,SKIPPED,EXISTS
model_hec_ras_1188.pdf,SKIPPED,EXISTS
model_hec_ras_0343.pdf,SKIPPED,EXISTS
model_hec_ras_1246.pdf,SKIPPED,EXISTS
model_hec_ras_1089.pdf,SKIPPED,EXISTS
model_hec_ras_1148.pdf,SKIPPED,EXISTS
model_hec_ras_1293.pdf,SKIPPED,EXISTS
model_hec_ras_0141.pdf,SKIPPED,EXISTS
model_hec_ras_0427.pdf,SKIPPED,EXISTS
model_hec_ras_1385.pdf,SKIPPED,EXISTS
Novrima_2023_IOP_Conf._Ser.__Earth_Environ._Sci._1173_012043.pdf,SKIPPED,EXISTS
model_hec_ras_0379.pdf,SKIPPED,EXISTS
hydrology-08-00170.pdf,SKIPPED,EXISTS
model_hec_ras_1401.pdf,SKIPPED,EXISTS
applsci-10-06598-v2.pdf,SKIPPED,EXISTS
hydr-jhm-d-18-0119_1.pdf,SKIPPED,EXISTS
yelistratova et al..pdf,SKIPPED,EXISTS
model_hec_ras_0664.pdf,SKIPPED,EXISTS
P25-MO67-DaoNguyenKhoi_rev.pdf,SKIPPED,EXISTS
model_hec_ras_0818.pdf,SKIPPED,EXISTS
water-16-00356.pdf,SKIPPED,EXISTS
Can_Satellite_Precipitation_Products_Estimate_Prob.pdf,SKIPPED,EXISTS
yan2015.pdf,SKIPPED,EXISTS
model_hec_ras_1138.pdf,SKIPPED,EXISTS
applsci-13-11136-v2.pdf,SKIPPED,EXISTS
water-13-01671.pdf,SKIPPED,EXISTS
model_hec_ras_0558.pdf,SKIPPED,EXISTS
model_hec_ras_1449.pdf,SKIPPED,EXISTS
model_hec_ras_1475.pdf,SKIPPED,EXISTS
model_hec_ras_0778.pdf,SKIPPED,EXISTS
model_hec_ras_0608.pdf,SKIPPED,EXISTS
model_hec_ras_0665.pdf,SKIPPED,EXISTS
model_hec_ras_0058.pdf,SKIPPED,EXISTS
sustainability-14-03251.pdf,SKIPPED,EXISTS
ViewofComparativePerformanceEvaluationofHEC-HMSandSWATModelsinStreamFlowSimulation_theCaseofBilateandGidaboWatershedsEthiopia.pdf,SKIPPED,EXISTS
The_Improvement_of_Synthetic_Unit_Hydrograph_Perfo.pdf,SKIPPED,EXISTS
model_hec_ras_1354.pdf,SKIPPED,EXISTS
model_hec_ras_1023.pdf,SKIPPED,EXISTS
model_hec_ras_1127.pdf,SKIPPED,EXISTS
Winarta_2019_IOP_Conf._Ser.__Earth_Environ._Sci._366_012036.pdf,SKIPPED,EXISTS
model_hec_ras_0971.pdf,SKIPPED,EXISTS
water-11-00212.pdf,SKIPPED,EXISTS
model_hec_ras_0430.pdf,SKIPPED,EXISTS
model_hec_ras_0050.pdf,SKIPPED,EXISTS
3744743.pdf,SKIPPED,EXISTS
Artificial neural networks for sheet sediment transport.pdf,SKIPPED,EXISTS
model_hec_ras_0710.pdf,SKIPPED,EXISTS
DamBreachModeling.pdf,SKIPPED,EXISTS
JFloodRiskManagement-2023-Huynh-Estimatingdiseaseburdenofrotavirusinfloodwaterthroughtrafficintheurban1.pdf,SKIPPED,EXISTS
hydr-jhm593_1.pdf,SKIPPED,EXISTS
GJESM_Volume 5_Issue 2_Pages 139-154.pdf,SKIPPED,EXISTS
model_hec_ras_0088.pdf,SKIPPED,EXISTS
model_hec_ras_1430.pdf,SKIPPED,EXISTS
model_hec_ras_0094.pdf,SKIPPED,EXISTS
model_hec_ras_0732.pdf,SKIPPED,EXISTS
model_hec_ras_0206.pdf,SKIPPED,EXISTS
hydrology-08-00020-v3.pdf,SKIPPED,EXISTS
hydrology-03-00034.pdf,SKIPPED,EXISTS
"Advances in Remote Sensing and Geo Informatics Applications_ Proceedings of the 1st Springer Conference of the Arabian Journal of Geosciences (CAJG-1), Tunisia 2018 ( PD.pdf",SKIPPED,EXISTS
remotesensing-11-01778-v3.pdf,SKIPPED,EXISTS
model_hec_ras_0640.pdf,SKIPPED,EXISTS
JFloodRiskManagement-2023-Vojtek-Riverinefloodpotentialassessmentusingmetaheuristichybridmachinelearning.pdf,SKIPPED,EXISTS
Resilience_of_art_cities_to_flood_risk_A_quantitat.pdf,SKIPPED,EXISTS
Cahyono_2021_IOP_Conf._Ser.__Earth_Environ._Sci._794_012057.pdf,SKIPPED,EXISTS
model_hec_ras_0719.pdf,SKIPPED,EXISTS
Tarigan_2016_IOP_Conf._Ser.__Earth_Environ._Sci._31_012030.pdf,SKIPPED,EXISTS
Customising_flood_damage_functions_to_estimate_the.pdf,SKIPPED,EXISTS
hydr-JHM-D-22-0021.1-1.pdf,SKIPPED,EXISTS
model_hec_ras_0575.pdf,SKIPPED,EXISTS
model_hec_ras_1396.pdf,SKIPPED,EXISTS
2013-JHE-EffectsofVegetationCoveronHydrologicalProcessesinalargebasin.pdf,SKIPPED,EXISTS
Artificial_neural_network_application_in.pdf,SKIPPED,EXISTS
GSchoener_Impervious_AcceptedManuscript.pdf,SKIPPED,EXISTS
hydr-JHM-D-22-0011.1.pdf,SKIPPED,EXISTS
model_hec_ras_0714.pdf,SKIPPED,EXISTS
s13753-018-0195-4.pdf,SKIPPED,EXISTS
water-14-01776.pdf,SKIPPED,EXISTS
WM2010Burst.pdf,SKIPPED,EXISTS
hydr-jhm-d-13-0137_1.pdf,SKIPPED,EXISTS
hydr-jhm-d-14-0172_1.pdf,SKIPPED,EXISTS
model_hec_ras_0859.pdf,SKIPPED,EXISTS
hydr-JHM-D-20-0302.1.pdf,SKIPPED,EXISTS
Chapter_Springer.pdf,SKIPPED,EXISTS
model_hec_ras_0376.pdf,SKIPPED,EXISTS
hydr-2011jhm1387_1-1.pdf,SKIPPED,EXISTS
model_hec_ras_1317.pdf,SKIPPED,EXISTS
Sangam Shrestha.pdf,SKIPPED,EXISTS
hydrology-08-00149-v2.pdf,SKIPPED,EXISTS
151239.pdf,SKIPPED,EXISTS
model_hec_ras_1239.pdf,SKIPPED,EXISTS
sensors-19-01024.pdf,SKIPPED,EXISTS
1-Hydrological-Modeling-with-HEC-HMS.pdf,SKIPPED,EXISTS
184-Article Text-530-1-10-20200117.pdf,SKIPPED,EXISTS
model_hec_ras_0901.pdf,SKIPPED,EXISTS
hydrology-08-00122.pdf,SKIPPED,EXISTS
model_hec_ras_0842.pdf,SKIPPED,EXISTS
FOSS4G-IndiaA4-format-2015_HydroTool.pdf,SKIPPED,EXISTS
Suspended_Sediment_Load_Prediction_of_Ri.pdf,SKIPPED,EXISTS
1-s2.0-S0022169425007036-main.pdf,SKIPPED,EXISTS
model_hec_ras_1312.pdf,SKIPPED,EXISTS
Ecological_Assessment_and_Operational_Ef.pdf,SKIPPED,EXISTS
hydr-jhm-d-19-0021_1.pdf,SKIPPED,EXISTS
applsci-08-02435.pdf,SKIPPED,EXISTS
"Flood Hydrograph Modelıng Studıes By Usıng Gıs And Hec-Hms For Dakar, Senegal.pdf",SKIPPED,EXISTS
20190926TUM-CRBM_paper-TUC-2019_reviewed_Final.pdf,SKIPPED,EXISTS
khan2011.pdf,SKIPPED,EXISTS
wefo-WAF-D-23-0104.1.pdf,SKIPPED,EXISTS
3_disaster_risk_resilience.pdf,SKIPPED,EXISTS
Effects of tributary floodplain on confluence hydrodynamics.pdf,SKIPPED,EXISTS
model_hec_ras_1141.pdf,SKIPPED,EXISTS
model_hec_ras_1456.pdf,SKIPPED,EXISTS
TheApplicationofHEC-HMSandHEC-RASMathematicalModelsforStudyofFloodMitigationinCha-UatNakhonSiThammarat.pdf,SKIPPED,EXISTS
isprs-archives-XLI-B7-757-2016.pdf,SKIPPED,EXISTS
10.1515_geo-2020-0325.pdf,SKIPPED,EXISTS
L-G-0000013085-0002346516.pdf,SKIPPED,EXISTS
Flood_forecasting_methods_for_a_semi-arid_and_semi.pdf,SKIPPED,EXISTS
2193-2697-3-11.pdf,SKIPPED,EXISTS
model_hec_ras_0425.pdf,SKIPPED,EXISTS
model_hec_ras_0473.pdf,SKIPPED,EXISTS
model_hec_ras_0323.pdf,SKIPPED,EXISTS
geohazards-04-00025-v2.pdf,SKIPPED,EXISTS
remotesensing-10-01828.pdf,SKIPPED,EXISTS
model_hec_ras_0307.pdf,SKIPPED,EXISTS
model_hec_ras_0080.pdf,SKIPPED,EXISTS
36-53-Shevchuk-017.pdf,SKIPPED,EXISTS
hydrology-07-00057-v2.pdf,SKIPPED,EXISTS
sustainability-14-16651-v2.pdf,SKIPPED,EXISTS
detection-of-changes-in-terrestrial-ecosystems-of-ukraine-using-remote-sensing-data.pdf,SKIPPED,EXISTS
1159244.pdf,SKIPPED,EXISTS
hydr-jhm-d-16-0243_1.pdf,SKIPPED,EXISTS
JRUSD_22+2.pdf,SKIPPED,EXISTS
model_hec_ras_0656.pdf,SKIPPED,EXISTS
klemas2015.pdf,SKIPPED,EXISTS
model_hec_ras_0661.pdf,SKIPPED,EXISTS
serpico2012.pdf,SKIPPED,EXISTS
model_hec_ras_0908.pdf,SKIPPED,EXISTS
model_hec_ras_1265.pdf,SKIPPED,EXISTS
hydr-jhm-d-15-0195_1.pdf,SKIPPED,EXISTS
model_hec_ras_1255.pdf,SKIPPED,EXISTS
model_hec_ras_1218.pdf,SKIPPED,EXISTS
2021.12.23-HYDRO-Paper.pdf,SKIPPED,EXISTS
hydr-jhm-d-12-0142_1.pdf,SKIPPED,EXISTS
model_hec_ras_0021.pdf,SKIPPED,EXISTS
remotesensing-15-01922.pdf,SKIPPED,EXISTS
1-s2.0-S1877050919310725-main.pdf,SKIPPED,EXISTS
Cullmann2006.pdf,SKIPPED,EXISTS
jain2018.pdf,SKIPPED,EXISTS
hydrology-06-00021-v2 (1).pdf,SKIPPED,EXISTS
PhDThesisofMeshachIleanwaALFA-P14EGWR9002.pdf,SKIPPED,EXISTS
model_hec_ras_0406.pdf,SKIPPED,EXISTS
Quantitative_flood_hazard_assessment_methods_A_rev.pdf,SKIPPED,EXISTS
70738-439555-1-PB.pdf,SKIPPED,EXISTS
climate-05-00032-v2.pdf,SKIPPED,EXISTS
remotesensing-15-05075.pdf,SKIPPED,EXISTS
model_hec_ras_0847.pdf,SKIPPED,EXISTS
GeoTerrace-2023-052.pdf,SKIPPED,EXISTS
model_hec_ras_0223.pdf,SKIPPED,EXISTS
model_hec_ras_1403.pdf,SKIPPED,EXISTS
Rainfall_Forecasting_Using_Various_Artif.pdf,SKIPPED,EXISTS
model_hec_ras_0181.pdf,SKIPPED,EXISTS
remotesensing-15-05226.pdf,SKIPPED,EXISTS
model_hec_ras_1079.pdf,SKIPPED,EXISTS
water-14-03074-v2.pdf,SKIPPED,EXISTS
joyce2014.pdf,SKIPPED,EXISTS
Kadaryanti_2021_IOP_Conf._Ser.__Mater._Sci._Eng._1087_012035.pdf,SKIPPED,EXISTS
model_hec_ras_1162.pdf,SKIPPED,EXISTS
model_hec_ras_0871.pdf,SKIPPED,EXISTS
6_Kon.pdf,SKIPPED,EXISTS
model_hec_ras_1321.pdf,SKIPPED,EXISTS
remotesensing-17-02943.pdf,SKIPPED,EXISTS
model_hec_ras_1373.pdf,SKIPPED,EXISTS
water-08-00559.pdf,SKIPPED,EXISTS
Distributed storage modeling in Soap Creek for flood control and.pdf,SKIPPED,EXISTS
isprs-archives-XLIII-B3-2020-1697-2020.pdf,SKIPPED,EXISTS
MASTER THESIS Final_ETCHE Ulrich.pdf,SKIPPED,EXISTS
model_hec_ras_0913.pdf,SKIPPED,EXISTS
model_hec_ras_1200.pdf,SKIPPED,EXISTS
model_hec_ras_1316.pdf,SKIPPED,EXISTS
water-11-01387-v2.pdf,SKIPPED,EXISTS
537754032.pdf,SKIPPED,EXISTS
model_hec_ras_0722.pdf,SKIPPED,EXISTS
model_hec_ras_1097.pdf,SKIPPED,EXISTS
model_hec_ras_0888.pdf,SKIPPED,EXISTS
Preliminary_Study_on_Flood_Simulation_using_the_HE.pdf,SKIPPED,EXISTS
hydrology-05-00044 (1).pdf,SKIPPED,EXISTS
model_hec_ras_0706.pdf,SKIPPED,EXISTS
Flood_Forecasting_for_Klang_River_at_Kuala_Lumpur_.pdf,SKIPPED,EXISTS
model_hec_ras_1405.pdf,SKIPPED,EXISTS
agro-geoinformatics.2016.7577655.pdf,SKIPPED,EXISTS
1-s2.0-S0309170816301257-main.pdf,SKIPPED,EXISTS
model_hec_ras_0258.pdf,SKIPPED,EXISTS
12286613.pdf,SKIPPED,EXISTS
isprs-archives-XLVIII-3-2024-251-2024_VERY_IMPORTANT.pdf,SKIPPED,EXISTS
environsciproc-26-00110.pdf,SKIPPED,EXISTS
hess-10-1-2006.pdf,SKIPPED,EXISTS
model_hec_ras_0438.pdf,SKIPPED,EXISTS
glghge_2011_4_7.pdf,SKIPPED,EXISTS
hydr-JHM-D-21-0194.1.pdf,SKIPPED,EXISTS
2011_ImpactofhumanactivityonstreamflowintheHuaiheRiverBasinChina-analysisandsimulation.pdf,SKIPPED,EXISTS
model_hec_ras_1234.pdf,SKIPPED,EXISTS
model_hec_ras_0911.pdf,SKIPPED,EXISTS
model_hec_ras_0017.pdf,SKIPPED,EXISTS
model_hec_ras_1125.pdf,SKIPPED,EXISTS
17783-ArticleText-74399-1-10-20231011.pdf,SKIPPED,EXISTS
model_hec_ras_0049.pdf,SKIPPED,EXISTS
hydr-JHM-D-21-0096.1-1.pdf,SKIPPED,EXISTS
model_hec_ras_0787.pdf,SKIPPED,EXISTS
remotesensing-14-04518.pdf,SKIPPED,EXISTS
ijgi-13-00323.pdf,SKIPPED,EXISTS
model_hec_ras_0490.pdf,SKIPPED,EXISTS
RazaviKaramouz2007_WI_AdaptiveNeuralNetworksforFloodRoutinginRiverSystems.pdf,SKIPPED,EXISTS
hess-5-577-2001.pdf,SKIPPED,EXISTS
model_hec_ras_1240.pdf,SKIPPED,EXISTS
model_hec_ras_0601.pdf,SKIPPED,EXISTS
model_hec_ras_1417.pdf,SKIPPED,EXISTS
Simulation of laminar to transitional wakes past cylinders with a discontinuous Galerkin inviscid shallow water model.pdf,SKIPPED,EXISTS
model_hec_ras_0149.pdf,SKIPPED,EXISTS
IOSR_Journal_of_Engineering_IOSR_JEN_Vol.pdf,SKIPPED,EXISTS
s11069-015-2092-0.pdf,SKIPPED,EXISTS
Artificial_neural_networks_for_estimatin.pdf,SKIPPED,EXISTS
model_hec_ras_1352.pdf,SKIPPED,EXISTS
model_hec_ras_0868.pdf,SKIPPED,EXISTS
model_hec_ras_0026.pdf,SKIPPED,EXISTS
GeoTerrace-2023-071.pdf,SKIPPED,EXISTS
water-15-02374.pdf,SKIPPED,EXISTS
An_Artificial_Neural_Network_Model_for_R.pdf,SKIPPED,EXISTS
sustainability-10-03780.pdf,SKIPPED,EXISTS
Analysis_of_flood_impacts_on_masonry_structures_an.pdf,SKIPPED,EXISTS
model_hec_ras_1220.pdf,SKIPPED,EXISTS
model_hec_ras_1014.pdf,SKIPPED,EXISTS
Improving_flash_flood_risk_assessment_using_a_simp.pdf,SKIPPED,EXISTS
model_hec_ras_0368.pdf,SKIPPED,EXISTS
water-09-00342.pdf,SKIPPED,EXISTS
water-12-02416.pdf,SKIPPED,EXISTS
remotesensing-14-05505-v2.pdf,SKIPPED,EXISTS
Handayani_2023_IOP_Conf._Ser.__Earth_Environ._Sci._1134_012017.pdf,SKIPPED,EXISTS
model_hec_ras_1235.pdf,SKIPPED,EXISTS
land-13-00116-v2.pdf,SKIPPED,EXISTS
Entropy-measures-of-Y-junction-based-nanostru_2023_Ain-Shams-Engineering-Jou.pdf,SKIPPED,EXISTS
Going_home_for_tea_and_medals_How_members_of_the_f.pdf,SKIPPED,EXISTS
water-13-01207-v2.pdf,SKIPPED,EXISTS
model_hec_ras_0561.pdf,SKIPPED,EXISTS
Hydrologic_Data_Exploration_and_River_Fl.pdf,SKIPPED,EXISTS
model_hec_ras_1179.pdf,SKIPPED,EXISTS
model_hec_ras_0835.pdf,SKIPPED,EXISTS
model_hec_ras_1270.pdf,SKIPPED,EXISTS
model_hec_ras_1010.pdf,SKIPPED,EXISTS
model_hec_ras_0773.pdf,SKIPPED,EXISTS
model_hec_ras_0507.pdf,SKIPPED,EXISTS
Comparison_of_several_flood_forecasting.pdf,SKIPPED,EXISTS
J Flood Risk Management - 2020 - Dash - Identification and validation of potential flood hazard area using GIS‐based.pdf,SKIPPED,EXISTS
model_hec_ras_0043.pdf,SKIPPED,EXISTS
100051G.pdf,SKIPPED,EXISTS
hydrology-09-00017.pdf,SKIPPED,EXISTS
hydr-JHM-D-20-0302.1-1.pdf,SKIPPED,EXISTS
hydr-jhm-d-19-0169.1.pdf,SKIPPED,EXISTS
7_Sina_Alaghmand__Rozi_bin_Abdullah__Ismail_Abustan__Esmaeil_Kordi_&_Behdokht_Vosoogh_OK_FINAL.pdf,SKIPPED,EXISTS
model_hec_ras_1160.pdf,SKIPPED,EXISTS
hydrology-10-00002-v2.pdf,SKIPPED,EXISTS
13_14.pdf,SKIPPED,EXISTS
water-15-00681.pdf,SKIPPED,EXISTS
Estimation of hydrogeological parameters using physically based hydrological modelling and lithology data in ungauged creek catchments of southern Tai.pdf,SKIPPED,EXISTS
model_hec_ras_1294.pdf,SKIPPED,EXISTS
model_hec_ras_1320.pdf,SKIPPED,EXISTS
Targeting_property_flood_resilience_in_flood_risk_.pdf,SKIPPED,EXISTS
1-s2.0-S1674237015300946-main.pdf,SKIPPED,EXISTS
remotesensing-11-00255.pdf,SKIPPED,EXISTS
remotesensing-15-01071-v2.pdf,SKIPPED,EXISTS
model_hec_ras_0422.pdf,SKIPPED,EXISTS
model_hec_ras_1112.pdf,SKIPPED,EXISTS
remotesensing-17-01869.pdf,SKIPPED,EXISTS
Artificial_Neural_Networks_Based_Daily_R.pdf,SKIPPED,EXISTS
water-12-00802-v2.pdf,SKIPPED,EXISTS
isprs-archives-XLVIII-4-W6-2022-231-2023.pdf,SKIPPED,EXISTS
model_hec_ras_1295.pdf,SKIPPED,EXISTS
model_hec_ras_0345.pdf,SKIPPED,EXISTS
Rainfall_forecasting_by_relevant_attribu.pdf,SKIPPED,EXISTS
hydr-JHM-D-21-0123.1.pdf,SKIPPED,EXISTS
JREE_Volume 8_Issue 3_Pages 75-85.pdf,SKIPPED,EXISTS
Can_hydrological_models_benefit_from_using_global_.pdf,SKIPPED,EXISTS
Geospatial_Flood_Inundation_Modelling_an.pdf,SKIPPED,EXISTS
model_hec_ras_0582.pdf,SKIPPED,EXISTS
Regional_floodplain_evaluation_matrix-Applying_a_f.pdf,SKIPPED,EXISTS
remotesensing-11-02555-v2.pdf,SKIPPED,EXISTS
water-15-02898-v2.pdf,SKIPPED,EXISTS
Comparison_of_neural_network_configurati.pdf,SKIPPED,EXISTS
Effects_of_relative_submergence_and_bed_slope_on_s.pdf,SKIPPED,EXISTS
model_hec_ras_1355.pdf,SKIPPED,EXISTS
Sensitivity_analysis_of_the_flash_flood_hazard_by_.pdf,SKIPPED,EXISTS
IJIAS-18-203-18.pdf,SKIPPED,EXISTS
model_hec_ras_0525.pdf,SKIPPED,EXISTS
1-s2.0-S0022169423011277-main.pdf,SKIPPED,EXISTS
model_hec_ras_0663.pdf,SKIPPED,EXISTS
model_hec_ras_0457.pdf,SKIPPED,EXISTS
Metamodel-based design of alluvial channels at incipient motion subjected to seepage.pdf,SKIPPED,EXISTS
hydr-2007jhm858_1.pdf,SKIPPED,EXISTS
model_hec_ras_0985.pdf,SKIPPED,EXISTS
model_hec_ras_0629.pdf,SKIPPED,EXISTS
Reconstructing_the_peak_flow_of_historical_flood_e.pdf,SKIPPED,EXISTS
model_hec_ras_0001.pdf,SKIPPED,EXISTS
model_hec_ras_0972.pdf,SKIPPED,EXISTS
GJESM_Volume 5_Issue 4_Pages 399-414.pdf,SKIPPED,EXISTS
A Tool for Modeling Phosphate Loading from Hydrologic Runoff using Multi-Criteria Analysis and ( PDFDrive ).pdf,SKIPPED,EXISTS
1-s2.0-S0022169423008314-main.pdf,SKIPPED,EXISTS
water-12-01315.pdf,SKIPPED,EXISTS
61010883.pdf,SKIPPED,EXISTS
2220-5318-1-SM (2).pdf,SKIPPED,EXISTS
model_hec_ras_1146.pdf,SKIPPED,EXISTS
s43832-024-00185-8.pdf,SKIPPED,EXISTS
model_hec_ras_0459.pdf,SKIPPED,EXISTS
Comparative_Performance_Evaluation_of_HEC-HMS_and_.pdf,SKIPPED,EXISTS
1-s2.0-S0895717700002727-main.pdf,SKIPPED,EXISTS
JFloodRiskManagement-2023-Heijer-AssetmanagementofflooddefencesasacoproductionAnanalysisofcooperationinclappendix.pdf,SKIPPED,EXISTS
model_hec_ras_1406.pdf,SKIPPED,EXISTS
Floodinundationmapping_Cauvery.pdf,SKIPPED,EXISTS
hydrology-05-00044 (2).pdf,SKIPPED,EXISTS
model_hec_ras_0795.pdf,SKIPPED,EXISTS
model_hec_ras_1008.pdf,SKIPPED,EXISTS
hydr-JHM-D-20-0181.1.pdf,SKIPPED,EXISTS
hess-20-2649-2016.pdf,SKIPPED,EXISTS
water-09-00283.pdf,SKIPPED,EXISTS
Uggj_2011_9_19.pdf,SKIPPED,EXISTS
hydr-jhm-d-15-0115_1.pdf,SKIPPED,EXISTS
Application of satellite remote sensing imagery to bridge scour e.pdf,SKIPPED,EXISTS
environments-08-00077-v2.pdf,SKIPPED,EXISTS
2020-front-matter.pdf,SKIPPED,EXISTS
water-15-00813.pdf,SKIPPED,EXISTS
Full Thesis (1).pdf,SKIPPED,EXISTS
4jan.pdf,SKIPPED,EXISTS
Artificial neural network approach to flood forecasting in the River Arno.pdf,SKIPPED,EXISTS
sustainability-12-05784.pdf,SKIPPED,EXISTS
hydrology-05-00039-v2.pdf,SKIPPED,EXISTS
model_hec_ras_1205.pdf,SKIPPED,EXISTS
model_hec_ras_0744.pdf,SKIPPED,EXISTS
hydr-JHM-D-22-0038.1.pdf,SKIPPED,EXISTS
hydr-jhm-d-19-0105.1.pdf,SKIPPED,EXISTS
Best practice in coastal flood forecasting (PDF 4.71 MB) ( PDFDrive ).pdf,SKIPPED,EXISTS
Flood_susceptibility_assessment_for_ungauged_sites.pdf,SKIPPED,EXISTS
water-15-00463-v2.pdf,SKIPPED,EXISTS
water-12-02851-v2.pdf,SKIPPED,EXISTS
BenKhlifa-Mosbahi2021_Article_ModelingOfRainfall-runoffProce.pdf,SKIPPED,EXISTS
tramutoli2007.pdf,SKIPPED,EXISTS
model_hec_ras_0009.pdf,SKIPPED,EXISTS
Monitoring2020_60.pdf,SKIPPED,EXISTS
model_hec_ras_0969.pdf,SKIPPED,EXISTS
model_hec_ras_1325.pdf,SKIPPED,EXISTS
model_hec_ras_0793.pdf,SKIPPED,EXISTS
model_hec_ras_0955.pdf,SKIPPED,EXISTS
hydrology-10-00226.pdf,SKIPPED,EXISTS
model_hec_ras_1379.pdf,SKIPPED,EXISTS
hydrology-05-00052.pdf,SKIPPED,EXISTS
geosciences-09-00136-v2.pdf,SKIPPED,EXISTS
gis_and_remote_sensing_based_land_useland_cover_change_detection.pdf,SKIPPED,EXISTS
panteras2017.pdf,SKIPPED,EXISTS
remotesensing-08-00547.pdf,SKIPPED,EXISTS
model_hec_ras_0754.pdf,SKIPPED,EXISTS
model_hec_ras_0447.pdf,SKIPPED,EXISTS
model_hec_ras_0631.pdf,SKIPPED,EXISTS
model_hec_ras_0007.pdf,SKIPPED,EXISTS
model_hec_ras_0965.pdf,SKIPPED,EXISTS
model_hec_ras_0875.pdf,SKIPPED,EXISTS
model_hec_ras_0306.pdf,SKIPPED,EXISTS
hydrology-10-00123.pdf,SKIPPED,EXISTS
model_hec_ras_0219.pdf,SKIPPED,EXISTS
model_hec_ras_1185.pdf,SKIPPED,EXISTS
107830P.pdf,SKIPPED,EXISTS
model_hec_ras_0055.pdf,SKIPPED,EXISTS
hydrology-09-00223.pdf,SKIPPED,EXISTS
hydr-jhm-d-11-083_1.pdf,SKIPPED,EXISTS
1-s2.0-S0022169423014555-main.pdf,SKIPPED,EXISTS
sustainability-15-15223-v2.pdf,SKIPPED,EXISTS
model_hec_ras_1193.pdf,SKIPPED,EXISTS
2000-TokarMarkus.pdf,SKIPPED,EXISTS
hydr-jhm-d-15-0074_1.pdf,SKIPPED,EXISTS
dezso2005.pdf,SKIPPED,EXISTS
JWRHE10163-20160902-165849-3161-46826.pdf,SKIPPED,EXISTS
hydr-JHM-D-18-0074.1.pdf,SKIPPED,EXISTS
water-14-02453.pdf,SKIPPED,EXISTS
Alrammahi_2022_IOP_Conf._Ser.__Earth_Environ._Sci._1120_012007.pdf,SKIPPED,EXISTS
Spatial_Prediction_of_Monthly_Precipitat.pdf,SKIPPED,EXISTS
Natural_flood_management_lag_time_and_catchment_sc.pdf,SKIPPED,EXISTS
Riverow_forecast_for_reservoir_managemen.pdf,SKIPPED,EXISTS
JournalEASREngineeringandAppliedScienceResearch_Vol49No5Sept-Okt2022.pdf,SKIPPED,EXISTS
Geohazards_Rasgharib2.pdf,SKIPPED,EXISTS
EmployingDigitalElevationModelDEMforFloodplainmappingwithapplicationsofHEC-HMSHEC-RASandArcGISAReview.pdf,SKIPPED,EXISTS
model_hec_ras_1173.pdf,SKIPPED,EXISTS
Predicting CSOs depth with ANNs_preproof.pdf,SKIPPED,EXISTS
Uggj_2015_16_23.pdf,SKIPPED,EXISTS
water-08-00053.pdf,SKIPPED,EXISTS
model_hec_ras_1142.pdf,SKIPPED,EXISTS
The_Effect_of_Predicting_Discharge_Coeff.pdf,SKIPPED,EXISTS
model_hec_ras_0819.pdf,SKIPPED,EXISTS
model_hec_ras_1248.pdf,SKIPPED,EXISTS
Application_of_HEC_HMS_RAS_and_GIS_Tools.pdf,SKIPPED,EXISTS
21042.pdf,SKIPPED,EXISTS
water-14-03582-v2.pdf,SKIPPED,EXISTS
The_growing_strength_of_the_Journal_of_Flood_Risk.pdf,SKIPPED,EXISTS
model_hec_ras_1422.pdf,SKIPPED,EXISTS
Flood Forecasting Using Artificial Neural Networks in Black-Box a.pdf,SKIPPED,EXISTS
water-05-01533-v2.pdf,SKIPPED,EXISTS
Multitemporal_Scale_Hydrograph_Predictio.pdf,SKIPPED,EXISTS
1-s2.0-S0022169423010065-main.pdf,SKIPPED,EXISTS
hydr-jhm-d-18-0013_1.pdf,SKIPPED,EXISTS
model_hec_ras_1211.pdf,SKIPPED,EXISTS
model_hec_ras_0746.pdf,SKIPPED,EXISTS
model_hec_ras_0890.pdf,SKIPPED,EXISTS
model_hec_ras_1480.pdf,SKIPPED,EXISTS
model_hec_ras_1491.pdf,SKIPPED,EXISTS
model_hec_ras_0852.pdf,SKIPPED,EXISTS
model_hec_ras_0981.pdf,SKIPPED,EXISTS
model_hec_ras_0108.pdf,SKIPPED,EXISTS
model_hec_ras_0295.pdf,SKIPPED,EXISTS
water-11-01615.pdf,SKIPPED,EXISTS
model_hec_ras_1210.pdf,SKIPPED,EXISTS
52755656.pdf,SKIPPED,EXISTS
model_hec_ras_1011.pdf,SKIPPED,EXISTS
model_hec_ras_0785.pdf,SKIPPED,EXISTS
model_hec_ras_1350.pdf,SKIPPED,EXISTS
Probabilistic forecasting of rainfall response in a Danish stormwater tunnel.pdf,FAIL,HTTP_500
Probabilistic forecasting of rainfall response in a Danish stormwater tunnel.pdf,FAIL,HTTP_500
Probabilistic forecasting of rainfall response in a Danish stormwater tunnel.pdf,FAIL,HTTP_500
Probabilistic forecasting of rainfall response in a Danish stormwater tunnel.pdf,FAIL,FAILED_AFTER_RETRIES
isprs-archives-XLVIII-G-2025-583-2025.pdf,SKIPPED,EXISTS
model_hec_ras_0346.pdf,SKIPPED,EXISTS
model_hec_ras_0435.pdf,SKIPPED,EXISTS
model_hec_ras_1393.pdf,SKIPPED,EXISTS
hessd-9-4747-2012.pdf,SKIPPED,EXISTS
JHS_Volume 2_Issue 2_Pages 62-73.pdf,SKIPPED,EXISTS
s42452-020-2839-4.pdf,SKIPPED,EXISTS
water-12-01158-v2.pdf,SKIPPED,EXISTS
model_hec_ras_1407.pdf,SKIPPED,EXISTS
water-10-01626-v2.pdf,SKIPPED,EXISTS
agriculture-10-00131-v2.pdf,SKIPPED,EXISTS
model_hec_ras_0786.pdf,SKIPPED,EXISTS
707-Article Text-1819-2-10-20211104.pdf,SKIPPED,EXISTS
Enriching_flood_risk_analyses_with_distributions_o.pdf,SKIPPED,EXISTS
applsci-10-04885.pdf,SKIPPED,EXISTS
hydrology-06-00076-v2.pdf,SKIPPED,EXISTS
415-Текст статті-1440-1-10-20180925.pdf,SKIPPED,EXISTS
1-s2.0-S0022169424001720-main (1).pdf,SKIPPED,EXISTS
model_hec_ras_1085.pdf,SKIPPED,EXISTS
Mon23-147.pdf,SKIPPED,EXISTS
model_hec_ras_0805.pdf,SKIPPED,EXISTS
model_hec_ras_1311.pdf,SKIPPED,EXISTS
model_hec_ras_1098.pdf,SKIPPED,EXISTS
model_hec_ras_0747.pdf,SKIPPED,EXISTS
People_not_just_places_Expanding_physical_and_soci.pdf,SKIPPED,EXISTS
hydrology-06-00070-v2.pdf,SKIPPED,EXISTS
model_hec_ras_0690.pdf,SKIPPED,EXISTS
model_hec_ras_0987.pdf,SKIPPED,EXISTS
model_hec_ras_1065.pdf,SKIPPED,EXISTS
water-12-01090-v2.pdf,SKIPPED,EXISTS
model_hec_ras_0465.pdf,SKIPPED,EXISTS
model_hec_ras_0580.pdf,SKIPPED,EXISTS
model_hec_ras_1150.pdf,SKIPPED,EXISTS
model_hec_ras_0054.pdf,SKIPPED,EXISTS
JFloodRiskManagement-2023-Heijer-Seriousgamingforbettercooperationinflooddefenceassetmanagementinclappendix.pdf,SKIPPED,EXISTS
model_hec_ras_1157.pdf,SKIPPED,EXISTS
model_hec_ras_1304.pdf,SKIPPED,EXISTS
remotesensing-12-01302-v2.pdf,SKIPPED,EXISTS
water-12-00096.pdf,SKIPPED,EXISTS
6-3-19-699.pdf,SKIPPED,EXISTS
model_hec_ras_0652.pdf,SKIPPED,EXISTS
model_hec_ras_0658.pdf,SKIPPED,EXISTS
model_hec_ras_1341.pdf,SKIPPED,EXISTS
model_hec_ras_1170.pdf,SKIPPED,EXISTS
brivio2002.pdf,SKIPPED,EXISTS
atmosphere-14-00182-v3.pdf,SKIPPED,EXISTS
model_hec_ras_1349.pdf,SKIPPED,EXISTS
11.pdf,SKIPPED,EXISTS
model_hec_ras_0783.pdf,SKIPPED,EXISTS
applsci-11-04901-v2.pdf,SKIPPED,EXISTS
JFloodRiskManagement-2022-Elshamy-PhysicallybasedcoldregionsriverfloodpredictionindatasparseregionsThe.pdf,SKIPPED,EXISTS
hydr-JHM-D-21-0114.1.pdf,SKIPPED,EXISTS
w04w05_20091215141524.pdf,SKIPPED,EXISTS
model_hec_ras_0300.pdf,SKIPPED,EXISTS
model_hec_ras_0308.pdf,SKIPPED,EXISTS
model_hec_ras_1273.pdf,SKIPPED,EXISTS
water-14-01569-v3.pdf,SKIPPED,EXISTS
hydr-JHM-D-21-0096.1.pdf,SKIPPED,EXISTS
Evaluation_of_HEC_HMS_and_WEPP_for_simul.pdf,SKIPPED,EXISTS
model_hec_ras_1136.pdf,SKIPPED,EXISTS
model_hec_ras_0414.pdf,SKIPPED,EXISTS
model_hec_ras_0807.pdf,SKIPPED,EXISTS
jmse-13-00072-v2.pdf,SKIPPED,EXISTS
remotesensing-08-00348.pdf,SKIPPED,EXISTS
River_Water_Level_Prediction_Modelling_u.pdf,SKIPPED,EXISTS
model_hec_ras_0856.pdf,SKIPPED,EXISTS
1-s2.0-S0034425722003790-main.pdf,SKIPPED,EXISTS
ambaw.pdf,SKIPPED,EXISTS
61008633.pdf,SKIPPED,EXISTS
model_hec_ras_1483.pdf,SKIPPED,EXISTS
model_hec_ras_0330.pdf,SKIPPED,EXISTS
Basarudin_2014_IOP_Conf._Ser.__Earth_Environ._Sci._18_012084.pdf,SKIPPED,EXISTS
isprs-archives-XLVIII-3-2024-223-2024.pdf,SKIPPED,EXISTS
model_hec_ras_1219.pdf,SKIPPED,EXISTS
model_hec_ras_1088.pdf,SKIPPED,EXISTS
model_hec_ras_0315.pdf,SKIPPED,EXISTS
Monitoring2020_94.pdf,SKIPPED,EXISTS
model_hec_ras_1018.pdf,SKIPPED,EXISTS
model_hec_ras_0133.pdf,SKIPPED,EXISTS
model_hec_ras_0266.pdf,SKIPPED,EXISTS
model_hec_ras_1005.pdf,SKIPPED,EXISTS
model_hec_ras_0509.pdf,SKIPPED,EXISTS
FLOODrisk2020_fullpaper_Guta.pdf,SKIPPED,EXISTS
remotesensing-12-00187-v2.pdf,SKIPPED,EXISTS
hydrology-09-00093.pdf,SKIPPED,EXISTS
Predictive_simulation_of_concurrent_debris_flows_H.pdf,SKIPPED,EXISTS
model_hec_ras_0574.pdf,SKIPPED,EXISTS
model_hec_ras_0182.pdf,SKIPPED,EXISTS
model_hec_ras_0194.pdf,SKIPPED,EXISTS
Tessisaftercorection3.pdf,SKIPPED,EXISTS
model_hec_ras_1110.pdf,SKIPPED,EXISTS
hydr-jhm-d-16-0164_1.pdf,SKIPPED,EXISTS
model_hec_ras_0928.pdf,SKIPPED,EXISTS
Linear and nonlinear frequency-domain modelling of oscillatory flow over submerged canopies.pdf,SKIPPED,EXISTS
1-s2.0-S0895717704002742-main.pdf,SKIPPED,EXISTS
Delineasi_DAS_dan_Elemen_Model_Hidrologi_Menggunak.pdf,SKIPPED,EXISTS
JWLD_44_2020_Obasi et al.pdf,SKIPPED,EXISTS
model_hec_ras_0828.pdf,SKIPPED,EXISTS
model_hec_ras_0436.pdf,SKIPPED,EXISTS
hydr-jhm-d-17-0077_1.pdf,SKIPPED,EXISTS
Managing_residual_flood_risk_behind_levees_Compari.pdf,SKIPPED,EXISTS
s13201-022-01621-7.pdf,SKIPPED,EXISTS
model_hec_ras_0717.pdf,SKIPPED,EXISTS
water-13-01098-v2.pdf,SKIPPED,EXISTS
model_hec_ras_1431.pdf,SKIPPED,EXISTS
model_hec_ras_0946.pdf,SKIPPED,EXISTS
hydrology-09-00223 (1).pdf,SKIPPED,EXISTS
Alleviation-of-the-transients-induced-in-large-photovol_2023_Ain-Shams-Engin.pdf,SKIPPED,EXISTS
Formulae_of_Sediment_Transport_in_Steady_Flows_Par.pdf,SKIPPED,EXISTS
remotesensing-14-03140.pdf,SKIPPED,EXISTS
model_hec_ras_0292.pdf,SKIPPED,EXISTS
model_hec_ras_0472.pdf,SKIPPED,EXISTS
Identification_of_floodwater_source_areas_in_Nepal.pdf,SKIPPED,EXISTS
Duration_Rainfall_Forecasting_Modeling_T.pdf,SKIPPED,EXISTS
pagination_RSE_10791.pdf,SKIPPED,EXISTS
model_hec_ras_0109.pdf,SKIPPED,EXISTS
1-s2.0-S0022169423013239-main.pdf,SKIPPED,EXISTS
s40899-016-0063-6.pdf,SKIPPED,EXISTS
water-11-02195-v2.pdf,SKIPPED,EXISTS
Aysa Hanfare thesis.pdf,SKIPPED,EXISTS
model_hec_ras_0609.pdf,SKIPPED,EXISTS
model_hec_ras_1249.pdf,SKIPPED,EXISTS
Journal.pdf,SKIPPED,EXISTS
wefo-WAF-D-22-0070.1.pdf,SKIPPED,EXISTS
model_hec_ras_1345.pdf,SKIPPED,EXISTS
model_hec_ras_0740.pdf,SKIPPED,EXISTS
10_ApplicationofArtificialNeuralNetworks – копія.pdf,SKIPPED,EXISTS
model_hec_ras_1282.pdf,SKIPPED,EXISTS
model_hec_ras_0207.pdf,SKIPPED,EXISTS
remotesensing-05-00687-v2.pdf,SKIPPED,EXISTS
model_hec_ras_0412.pdf,SKIPPED,EXISTS
model_hec_ras_1222.pdf,SKIPPED,EXISTS
model_hec_ras_0228.pdf,SKIPPED,EXISTS
nhess-17-1541-2017.pdf,SKIPPED,EXISTS
sarhadi2012.pdf,SKIPPED,EXISTS
Evaluation_of_evacuation_difficulty_of_urban_resid.pdf,SKIPPED,EXISTS
model_hec_ras_1419.pdf,SKIPPED,EXISTS
model_hec_ras_0327.pdf,SKIPPED,EXISTS
Flood_modelling_using_Artificial_Neural.pdf,SKIPPED,EXISTS
model_hec_ras_0879.pdf,SKIPPED,EXISTS
model_hec_ras_1256.pdf,SKIPPED,EXISTS
model_hec_ras_0347.pdf,SKIPPED,EXISTS
remotesensing-11-02331-v2.pdf,SKIPPED,EXISTS
model_hec_ras_1212.pdf,SKIPPED,EXISTS
JFloodRiskManagement-2023-Schotten-CriticalinfrastructurenetworkmodellingforfloodriskanalysesApproachand.pdf,SKIPPED,EXISTS
model_hec_ras_0906.pdf,SKIPPED,EXISTS
water-11-01717.pdf,SKIPPED,EXISTS
model_hec_ras_0905.pdf,SKIPPED,EXISTS
model_hec_ras_0502.pdf,SKIPPED,EXISTS
hydrology-09-00208-v2.pdf,SKIPPED,EXISTS
Assessment of interfacial turbulence treatment models for free surface flows.pdf,SKIPPED,EXISTS
HydrologicalmodellingofBhagirathiRiverbasinusingHECHMS.pdf,SKIPPED,EXISTS
Geographic Information System and Remote Sensing Applications in Flood Hazards Management A Review.pdf,SKIPPED,EXISTS
Impact_of_hydraulic_model_resolution_and_loss_of_l.pdf,SKIPPED,EXISTS
model_hec_ras_0739.pdf,SKIPPED,EXISTS
giustarini2013.pdf,SKIPPED,EXISTS
Critical_flows_in_semi-alluvial_channels_during_ex.pdf,SKIPPED,EXISTS
reservioroperationThe-13th-ICSBE-Version-I.pdf,SKIPPED,EXISTS
model_hec_ras_0285.pdf,SKIPPED,EXISTS
0229.pdf,SKIPPED,EXISTS
model_hec_ras_0764.pdf,SKIPPED,EXISTS
Kastali2021_Article_Auto-calibrationOfHEC-HMSModel.pdf,SKIPPED,EXISTS
water-11-00095.pdf,SKIPPED,EXISTS
1-s2.0-S0303243421001070-main.pdf,SKIPPED,EXISTS
airGR.pdf,SKIPPED,EXISTS
Gunawan_2021_IOP_Conf._Ser.__Mater._Sci._Eng._1173_012021.pdf,SKIPPED,EXISTS
Zhang_2019_IOP_Conf._Ser.__Earth_Environ._Sci._252_052060.pdf,SKIPPED,EXISTS
Rainfall_runoff_modelling_using_artifici (1).pdf,SKIPPED,EXISTS
1-s2.0-S1876610219312706-main.pdf,SKIPPED,EXISTS
Documento_completo.pdf-PDFA.pdf,SKIPPED,EXISTS
model_hec_ras_0995.pdf,SKIPPED,EXISTS
978-3-031-04129-7.pdf,SKIPPED,EXISTS
model_hec_ras_0372.pdf,SKIPPED,EXISTS
model_hec_ras_1040.pdf,SKIPPED,EXISTS
model_hec_ras_0839.pdf,SKIPPED,EXISTS
hydr-jhm-d-13-0126_1.pdf,SKIPPED,EXISTS
water-09-00870.pdf,SKIPPED,EXISTS
model_hec_ras_1367.pdf,SKIPPED,EXISTS
model_hec_ras_1271.pdf,SKIPPED,EXISTS
hydr-JHM-D-22-0224.1.pdf,SKIPPED,EXISTS
52631699.pdf,SKIPPED,EXISTS
222.pdf,SKIPPED,EXISTS
hydr-jhm-d-19-0202.1-2.pdf,SKIPPED,EXISTS
Flood_extent_delineation_using_Sentinel.pdf,SKIPPED,EXISTS
model_hec_ras_1147.pdf,SKIPPED,EXISTS
1-s2.0-S2215098615000774-main – копія.pdf,SKIPPED,EXISTS
Reviews of Geophysics - 2023 - Jafarzadegan - Recent Advances and New Frontiers in Riverine and Coastal Flood Modeling.pdf,SKIPPED,EXISTS
model_hec_ras_0129.pdf,SKIPPED,EXISTS
model_hec_ras_0984.pdf,SKIPPED,EXISTS
aali1400-A-10-42-7-705e16f.pdf,SKIPPED,EXISTS
kussul2017.pdf,SKIPPED,EXISTS
model_hec_ras_0999.pdf,SKIPPED,EXISTS
1584.pdf,SKIPPED,EXISTS
model_hec_ras_1347.pdf,SKIPPED,EXISTS
atmosphere-13-01348-v2.pdf,SKIPPED,EXISTS
model_hec_ras_1302.pdf,SKIPPED,EXISTS
Quantitative_flood_hazard_assessment_methods_A_rev (1).pdf,SKIPPED,EXISTS
hydr-JHM-D-20-0052.1.pdf,SKIPPED,EXISTS
Rainfall_Runoff_modeling_of_Small_Waters.pdf,SKIPPED,EXISTS
Susetyo_2022_IOP_Conf._Ser.__Earth_Environ._Sci._998_012001.pdf,SKIPPED,EXISTS
_ASCE_HE.1943-5584.0001742.pdf,SKIPPED,EXISTS
model_hec_ras_0763.pdf,SKIPPED,EXISTS
Uggj_2012_10_15.pdf,SKIPPED,EXISTS
model_hec_ras_0709.pdf,SKIPPED,EXISTS
hydr-jhm-d-18-0196_1-1.pdf,SKIPPED,EXISTS
model_hec_ras_0277.pdf,SKIPPED,EXISTS
water-13-02881-v2.pdf,SKIPPED,EXISTS
hydrology-09-00071-v2.pdf,SKIPPED,EXISTS
model_hec_ras_0249.pdf,SKIPPED,EXISTS
model_hec_ras_0031.pdf,SKIPPED,EXISTS
Flooding_time_nomograph_for_urban_river_flood_pred.pdf,SKIPPED,EXISTS
model_hec_ras_1399.pdf,SKIPPED,EXISTS
model_hec_ras_0649.pdf,SKIPPED,EXISTS
water-11-01571-v2.pdf,SKIPPED,EXISTS
model_hec_ras_0840.pdf,SKIPPED,EXISTS
moharrami2021.pdf,SKIPPED,EXISTS
Flood hazards in an urbanizing watershed in Riyadh  Saudi Arabia.pdf,SKIPPED,EXISTS
model_hec_ras_0205.pdf,SKIPPED,EXISTS
remotesensing-11-00501.pdf,SKIPPED,EXISTS
Performance_Evaluation_of_Artificial_Neu.pdf,SKIPPED,EXISTS
6695-ArticleText-22735-1-10-20210429.pdf,SKIPPED,EXISTS
model_hec_ras_1020.pdf,SKIPPED,EXISTS
Artificial_Neural_Network_Modeling_for_R.pdf,SKIPPED,EXISTS
water-10-00876.pdf,SKIPPED,EXISTS
Remote Sensing Geology ( PDFDrive ).pdf,SKIPPED,EXISTS
1-s2.0-S2095268619304525-main.pdf,SKIPPED,EXISTS
water-11-00907.pdf,SKIPPED,EXISTS
hydr-jhm-d-14-0124_1.pdf,SKIPPED,EXISTS
JFloodRiskManagement-2022-MelndezE28090Landaverde-DesignandevaluationofacommunityandimpactE28090basedsiteE28090specific.pdf,SKIPPED,EXISTS
model_hec_ras_0415.pdf,SKIPPED,EXISTS
Water Resources Research - 1999 - Campolo - Forecasting river flow rate during low‐flow periods using neural networks.pdf,SKIPPED,EXISTS
water-10-01241-v2.pdf,SKIPPED,EXISTS
NZTNPU_2015_3-4_44.pdf,SKIPPED,EXISTS
climate-05-00032-s001.pdf,SKIPPED,EXISTS
model_hec_ras_0020.pdf,SKIPPED,EXISTS
wefo-2008waf2006082_1-1.pdf,SKIPPED,EXISTS
hydr-JHM-D-23-0018.1.pdf,SKIPPED,EXISTS
remotesensing-09-00781.pdf,SKIPPED,EXISTS
water-10-01681.pdf,SKIPPED,EXISTS
land-12-01785-v2.pdf,SKIPPED,EXISTS
model_hec_ras_0996.pdf,SKIPPED,EXISTS
model_hec_ras_0023.pdf,SKIPPED,EXISTS
model_hec_ras_0988.pdf,SKIPPED,EXISTS
glghge_2016_4_5.pdf,SKIPPED,EXISTS
WomackJ0512.pdf,SKIPPED,EXISTS
model_hec_ras_1365.pdf,SKIPPED,EXISTS
model_hec_ras_0637.pdf,SKIPPED,EXISTS
model_hec_ras_1342.pdf,SKIPPED,EXISTS
fulltext.pdf,SKIPPED,EXISTS
hydr-jhm-d-11-024_1.pdf,SKIPPED,EXISTS
remotesensing-09-00086.pdf,SKIPPED,EXISTS
hydrology-10-00203.pdf,SKIPPED,EXISTS
hapuarachchi2011.pdf,SKIPPED,EXISTS
model_hec_ras_1217.pdf,SKIPPED,EXISTS
hydrology-09-00133-v3 (1).pdf,SKIPPED,EXISTS
Remotely Sensed Land Use Data and Watershed Hydrologic Change.pdf,SKIPPED,EXISTS
1-s2.0-S0022169424001604-main.pdf,SKIPPED,EXISTS
Humphreyetal2016JoHHybridANNRG.pdf,SKIPPED,EXISTS
remotesensing-10-01673-v2.pdf,SKIPPED,EXISTS
bijeesh2020.pdf,SKIPPED,EXISTS
model_hec_ras_0804.pdf,SKIPPED,EXISTS
The impact of earth fissures on flood hazard extent for the Northern part of the Qaa Jahran Basin  Dhamar  Yemen.pdf,SKIPPED,EXISTS
fluids-07-00267.pdf,SKIPPED,EXISTS
model_hec_ras_1313.pdf,SKIPPED,EXISTS
sustainability-12-08454-v2.pdf,SKIPPED,EXISTS
remotesensing-07-07615.pdf,SKIPPED,EXISTS
Nugroho_2019_IOP_Conf._Ser.__Earth_Environ._Sci._328_012041.pdf,SKIPPED,EXISTS
model_hec_ras_1190.pdf,SKIPPED,EXISTS
s11069-024-06629-7.pdf,SKIPPED,EXISTS
model_hec_ras_0820.pdf,SKIPPED,EXISTS
model_hec_ras_0303.pdf,SKIPPED,EXISTS
remotesensing-16-00858.pdf,SKIPPED,EXISTS
water-08-00228.pdf,SKIPPED,EXISTS
model_hec_ras_0844.pdf,SKIPPED,EXISTS
Hydroecological_approach_for_determining.pdf,SKIPPED,EXISTS
schumann2015.pdf,SKIPPED,EXISTS
hydr-JHM-D-20-0182.1.pdf,SKIPPED,EXISTS
1-s2.0-S235293852300201X-main.pdf,SKIPPED,EXISTS
applsci-10-03906-v2.pdf,SKIPPED,EXISTS
model_hec_ras_0863.pdf,SKIPPED,EXISTS
803-2719-1-PB.pdf,SKIPPED,EXISTS
model_hec_ras_1241.pdf,SKIPPED,EXISTS
s00521-022-08165-6.pdf,SKIPPED,EXISTS
Uggj_2019_24_7.pdf,SKIPPED,EXISTS
1-s2.0-S002216942100809X-main.pdf,SKIPPED,EXISTS
wefo-WAF-D-19-0254.1.pdf,SKIPPED,EXISTS
Estimation_of_flood_risk_exposure_with_c.pdf,SKIPPED,EXISTS
Improving_hydrological_climate_impact_assessments_.pdf,SKIPPED,EXISTS
hydr-JHM-D-20-0122.1.pdf,SKIPPED,EXISTS
General shallow water equations  GSWEs .pdf,SKIPPED,EXISTS
applsci-13-12147-v2.pdf,SKIPPED,EXISTS
hydr-jhmD190242.pdf,SKIPPED,EXISTS
sustainability-12-05122-v2.pdf,SKIPPED,EXISTS
rehman2019.pdf,SKIPPED,EXISTS
water-15-00086.pdf,SKIPPED,EXISTS
model_hec_ras_0929.pdf,SKIPPED,EXISTS
model_hec_ras_0803.pdf,SKIPPED,EXISTS
c05467cc0bca43d1ff68ea7d5e6ed0eee5dd.pdf,SKIPPED,EXISTS
A hybrid approach for enhanced flood prediction and assessment  Leveraging physical models  deep learning and satellite remote sensing.pdf,SKIPPED,EXISTS
JFloodRiskManagement-2023-Miller-Manageddiversionleadtimeeffectsonfloodresponseinatidalfreshwaterriver.pdf,SKIPPED,EXISTS
model_hec_ras_0286.pdf,SKIPPED,EXISTS
mq23568.pdf,SKIPPED,EXISTS
water-13-02516.pdf,SKIPPED,EXISTS
Flood_Prediction_Model_using_Artificial_Neural_Net.pdf,SKIPPED,EXISTS
remotesensing-16-00350-v2.pdf,SKIPPED,EXISTS
model_hec_ras_0340.pdf,SKIPPED,EXISTS
Formulae_of_Sediment_Transport_in_Unsteady_Flows_P.pdf,SKIPPED,EXISTS
model_hec_ras_0118.pdf,SKIPPED,EXISTS
water-14-03618.pdf,SKIPPED,EXISTS
2_★sms19_2611_20191220最終.pdf,SKIPPED,EXISTS
model_hec_ras_1109.pdf,SKIPPED,EXISTS
model_hec_ras_1477.pdf,SKIPPED,EXISTS
model_hec_ras_1004.pdf,SKIPPED,EXISTS
remotesensing-07-14200-v2.pdf,SKIPPED,EXISTS
model_hec_ras_0324.pdf,SKIPPED,EXISTS
34eec009-cc32-445f-9ed4-d3857d805b3e.pdf,SKIPPED,EXISTS
wang2018.pdf,SKIPPED,EXISTS
index (1).pdf,SKIPPED,EXISTS
Estimation_of_extreme_rainfall_quantiles_at_ungaug.pdf,SKIPPED,EXISTS
model_hec_ras_0983.pdf,SKIPPED,EXISTS
index.pdf,SKIPPED,EXISTS
model_hec_ras_1303.pdf,SKIPPED,EXISTS
model_hec_ras_1380.pdf,SKIPPED,EXISTS
model_hec_ras_0811.pdf,SKIPPED,EXISTS
Manuscript_Revised.pdf,SKIPPED,EXISTS
model_hec_ras_0874.pdf,SKIPPED,EXISTS
Fatihah_Nor_Azlan_Shah_2022_IOP_Conf._Ser.__Earth_Environ._Sci._1022_012070.pdf,SKIPPED,EXISTS
model_hec_ras_1186.pdf,SKIPPED,EXISTS
Rainfall-Runoff_Modeling_Using_the_HEC-HMS_Model_f.pdf,SKIPPED,EXISTS
hydr-1525-7541_2004_005_0989_poclac_2_0_co_2.pdf,SKIPPED,EXISTS
water-13-01122-v2.pdf,SKIPPED,EXISTS
120482-WP-P156643-PUBLIC-108p-WBFloodReportOct.pdf,SKIPPED,EXISTS
model_hec_ras_1034.pdf,SKIPPED,EXISTS
model_hec_ras_0577.pdf,SKIPPED,EXISTS
hydr-2009jhm1163_1.pdf,SKIPPED,EXISTS
model_hec_ras_1272.pdf,SKIPPED,EXISTS
Identifying_critical_risk_factors_and_responses_of.pdf,SKIPPED,EXISTS
RBFNN_versus_FFNN_for_daily_river_flow_f.pdf,SKIPPED,EXISTS
Monthly_Rainfall_Prediction_Using_the_Ba.pdf,SKIPPED,EXISTS
model_hec_ras_0607.pdf,SKIPPED,EXISTS
model_hec_ras_1046.pdf,SKIPPED,EXISTS
model_hec_ras_0882.pdf,SKIPPED,EXISTS
20100032014.pdf,SKIPPED,EXISTS
model_hec_ras_1113.pdf,SKIPPED,EXISTS
water-14-02945-v2.pdf,SKIPPED,EXISTS
frsen-04-1280654.pdf,SKIPPED,EXISTS
model_hec_ras_0036.pdf,SKIPPED,EXISTS
model_hec_ras_0397.pdf,SKIPPED,EXISTS
model_hec_ras_0320.pdf,SKIPPED,EXISTS
s12145-016-0274-2.pdf,SKIPPED,EXISTS
hydr-1525-7541_2004_005_0656_alaota_2_0_co_2.pdf,SKIPPED,EXISTS
Gao_2018_IOP_Conf._Ser.__Earth_Environ._Sci._178_012002.pdf,SKIPPED,EXISTS
model_hec_ras_0443.pdf,SKIPPED,EXISTS
remotesensing-17-00524.pdf,SKIPPED,EXISTS
model_hec_ras_0796.pdf,SKIPPED,EXISTS
hydr-JHM-D-20-0240.1.pdf,SKIPPED,EXISTS
Comparing the Effectiveness of Rain Barrels and Detention Ponds o.pdf,SKIPPED,EXISTS
remotesensing-11-00915-v2.pdf,SKIPPED,EXISTS
preprints201807.0624.v1.pdf,SKIPPED,EXISTS
water-15-03783-v2.pdf,SKIPPED,EXISTS
hydr-jhm-d-19-0119.1.pdf,SKIPPED,EXISTS
hydrology-08-00020-v3 (1).pdf,SKIPPED,EXISTS
FloodModellingandInundationMappingofMeenachilRiverUsingHEC-RASandHEC-HMSSoftware.pdf,SKIPPED,EXISTS
model_hec_ras_0766.pdf,SKIPPED,EXISTS
Towards_Operational_Flood_Monitoring_in_Flanders_Using_Sentinel-1.pdf,SKIPPED,EXISTS
RunoffmodellingusingHECHMSforRuralwatershed.pdf,SKIPPED,EXISTS
model_hec_ras_0355.pdf,SKIPPED,EXISTS
model_hec_ras_1383.pdf,SKIPPED,EXISTS
remotesensing-11-02557-v2.pdf,SKIPPED,EXISTS
model_hec_ras_1381.pdf,SKIPPED,EXISTS
hydr-jhm-d-11-083_1-1.pdf,SKIPPED,EXISTS
model_hec_ras_0735.pdf,SKIPPED,EXISTS
JHR2005Shear.pdf,SKIPPED,EXISTS
1-s2.0-S0022169423003463-main.pdf,SKIPPED,EXISTS
Two simple theoretical models for teaching wave mechanics in coastal engineering.pdf,SKIPPED,EXISTS
model_hec_ras_1045.pdf,SKIPPED,EXISTS
model_hec_ras_0185.pdf,SKIPPED,EXISTS
PAJES_25_8_949_955.pdf,SKIPPED,EXISTS
model_hec_ras_0069.pdf,SKIPPED,EXISTS
model_hec_ras_1429.pdf,SKIPPED,EXISTS
model_hec_ras_1221.pdf,SKIPPED,EXISTS
model_hec_ras_0924.pdf,SKIPPED,EXISTS
model_hec_ras_1049.pdf,SKIPPED,EXISTS
land-13-00047.pdf,SKIPPED,EXISTS
model_hec_ras_0961.pdf,SKIPPED,EXISTS
Kholiq_2023_IOP_Conf._Ser.__Earth_Environ._Sci._1127_012011.pdf,SKIPPED,EXISTS
Physical_representation_of_hillslope_leaky_barrier.pdf,SKIPPED,EXISTS
water-13-00872.pdf,SKIPPED,EXISTS
model_hec_ras_1409.pdf,SKIPPED,EXISTS
model_hec_ras_1044.pdf,SKIPPED,EXISTS
J Flood Risk Management - 2020 - Ahmadlou - Flood susceptibility mapping and assessment using a novel deep learning model.pdf,SKIPPED,EXISTS
hydr-jhm-d-11-012_1.pdf,SKIPPED,EXISTS
water-10-01595.pdf,SKIPPED,EXISTS
sensors-17-00446-v2.pdf,SKIPPED,EXISTS
198-Article Text-323-3-10-20200427.pdf,SKIPPED,EXISTS
model_hec_ras_0711.pdf,SKIPPED,EXISTS
model_hec_ras_0579.pdf,SKIPPED,EXISTS
model_hec_ras_0066.pdf,SKIPPED,EXISTS
model_hec_ras_0444.pdf,SKIPPED,EXISTS
wefo-WAF-D-22-0187.1.pdf,SKIPPED,EXISTS
sensors-19-01486-v2.pdf,SKIPPED,EXISTS
model_hec_ras_0361.pdf,SKIPPED,EXISTS
Dissertation_Latt.pdf,SKIPPED,EXISTS
hydr-jhm-d-17-0073_1.pdf,SKIPPED,EXISTS
model_hec_ras_0864.pdf,SKIPPED,EXISTS
glghge_2018_4_4.pdf,SKIPPED,EXISTS
Robo_2019_IOP_Conf._Ser.__Earth_Environ._Sci._325_012009.pdf,SKIPPED,EXISTS
model_hec_ras_0289.pdf,SKIPPED,EXISTS
water-12-00255-v2.pdf,SKIPPED,EXISTS
hydr-jhmD200014.pdf,SKIPPED,EXISTS
model_hec_ras_0440.pdf,SKIPPED,EXISTS
1-s2.0-S0198971521000351-am.pdf,SKIPPED,EXISTS
lopez2020.pdf,SKIPPED,EXISTS
remotesensing-12-00106-v3.pdf,SKIPPED,EXISTS
water-13-00230-v2.pdf,SKIPPED,EXISTS
1-s2.0-S092427161930111X-am.pdf,SKIPPED,EXISTS
Climate_change_impacts_on_flood_peaks_in_Britain_f.pdf,SKIPPED,EXISTS
model_hec_ras_1276.pdf,SKIPPED,EXISTS
Hydrological assessment of proposed reservoirs in the Sonora River Basin  Mexico  under historical and future climate scenarios.pdf,SKIPPED,EXISTS
A_numerical_coupled_atmospheric-hydrologic_modelin.pdf,SKIPPED,EXISTS
s11069-016-2601-9.pdf,SKIPPED,EXISTS
sustainability-12-09338-v2.pdf,SKIPPED,EXISTS
s11069-017-2755-0.pdf,SKIPPED,EXISTS
PAJES_25_8_949_955 (1).pdf,SKIPPED,EXISTS
model_hec_ras_0878.pdf,SKIPPED,EXISTS
IJH-03-00209.pdf,SKIPPED,EXISTS
s41598-021-86650-z.pdf,SKIPPED,EXISTS
s41597-025-04554-3.pdf,SKIPPED,EXISTS
hydr-jhm-d-14-0116_1.pdf,SKIPPED,EXISTS
Voloshyn_Melnik04.02.17_english.pdf,SKIPPED,EXISTS
model_hec_ras_0970.pdf,SKIPPED,EXISTS
model_hec_ras_1382.pdf,SKIPPED,EXISTS
IJITK03-2.pdf,SKIPPED,EXISTS
hydr-jhm-d-11-087_1.pdf,SKIPPED,EXISTS
atmosphere-14-00351.pdf,SKIPPED,EXISTS
model_hec_ras_0262.pdf,SKIPPED,EXISTS
wcas-WCAS-D-21-0141.1-1.pdf,SKIPPED,EXISTS
environsciproc-25-00040-v2.pdf,SKIPPED,EXISTS
model_hec_ras_1191.pdf,SKIPPED,EXISTS
UGJ_2018_2_6.pdf,SKIPPED,EXISTS
water-14-00061.pdf,SKIPPED,EXISTS
model_hec_ras_1036.pdf,SKIPPED,EXISTS
model_hec_ras_0489.pdf,SKIPPED,EXISTS
isprs-annals-V-3-2022-549-2022.pdf,SKIPPED,EXISTS
model_hec_ras_1139.pdf,SKIPPED,EXISTS
YAHYE AHMED DAUD.pdf,SKIPPED,EXISTS
model_hec_ras_0178.pdf,SKIPPED,EXISTS
model_hec_ras_0082.pdf,SKIPPED,EXISTS
hydr-jhm577_1-1.pdf,SKIPPED,EXISTS
model_hec_ras_0529.pdf,SKIPPED,EXISTS
remotesensing-10-00078-v2.pdf,SKIPPED,EXISTS
Gorbachova_263.pdf,SKIPPED,EXISTS
ModifiedPulsMethodManuallyandHECHMSSimulation.pdf,SKIPPED,EXISTS
model_hec_ras_0777.pdf,SKIPPED,EXISTS
model_hec_ras_0752.pdf,SKIPPED,EXISTS
A_novel_simulation-optimization_strategy_for_stoch.pdf,SKIPPED,EXISTS
ws022043842.pdf,SKIPPED,EXISTS
model_hec_ras_0131.pdf,SKIPPED,EXISTS
1-s2.0-S2090447922002155-main.pdf,SKIPPED,EXISTS
model_hec_ras_0171.pdf,SKIPPED,EXISTS
hydr-JHM-D-20-0067.1.pdf,SKIPPED,EXISTS
Winarta_2019_IOP_Conf._Ser.__Earth_Environ._Sci._366_012037.pdf,SKIPPED,EXISTS
resources-10-00014-v3.pdf,SKIPPED,EXISTS
model_hec_ras_0462.pdf,SKIPPED,EXISTS
model_hec_ras_1130.pdf,SKIPPED,EXISTS
model_hec_ras_0737.pdf,SKIPPED,EXISTS
model_hec_ras_0595.pdf,SKIPPED,EXISTS
model_hec_ras_1116.pdf,SKIPPED,EXISTS
model_hec_ras_0048.pdf,SKIPPED,EXISTS
model_hec_ras_0439.pdf,SKIPPED,EXISTS
water-13-02346-v4.pdf,SKIPPED,EXISTS
Adapting the SCS Method for Estimating Runoff in Shallow Water Ta.pdf,SKIPPED,EXISTS
DEVELOPMENT_OF_HYDROLOGICAL_MODELLING_USING_HEC-HM.pdf,SKIPPED,EXISTS
hydr-jhm-d-15-0044_1.pdf,SKIPPED,EXISTS
model_hec_ras_0944.pdf,SKIPPED,EXISTS
Rainfall_Forecasting_Using_Neural_Networ.pdf,SKIPPED,EXISTS
hydr-jhm-d-14-0148_1.pdf,SKIPPED,EXISTS
model_hec_ras_0615.pdf,SKIPPED,EXISTS
model_hec_ras_0964.pdf,SKIPPED,EXISTS
1-s2.0-S2215098615000774-main.pdf,SKIPPED,EXISTS
water-12-00704-v2.pdf,SKIPPED,EXISTS
hydr-jhm-d-14-0093_1.pdf,SKIPPED,EXISTS
Check dam layout optimization on the stream network for flood mitigation  surrogate modelling with uncertainty handling.pdf,SKIPPED,EXISTS
10.30897-ijegeo.794723-1289664.pdf,SKIPPED,EXISTS
CALIBRATION_ANALYSIS_OF_RAIN_DISCHARGE_MODELING_IN.pdf,SKIPPED,EXISTS
model_hec_ras_0512.pdf,SKIPPED,EXISTS
1-s2.0-S0022169423015275-main.pdf,SKIPPED,EXISTS
Knowledge-Driven_Flood_Intelligent_Monitoring_KDFIM_Method_Analyzing_the_Kakhovka_Dam_Destruction_Incident.pdf,SKIPPED,EXISTS
model_hec_ras_0728.pdf,SKIPPED,EXISTS
wefo-WAF-D-21-0078.1.pdf,SKIPPED,EXISTS
model_hec_ras_0322.pdf,SKIPPED,EXISTS
Comparison_of_Rainfall-Runoff_Simulation_between_S.pdf,SKIPPED,EXISTS
model_hec_ras_0004.pdf,SKIPPED,EXISTS
remotesensing-13-02114-v2.pdf,SKIPPED,EXISTS
2023GRL-Wang-ChangesInHumanFloodDistance.pdf,SKIPPED,EXISTS
model_hec_ras_1447.pdf,SKIPPED,EXISTS
model_hec_ras_1094.pdf,SKIPPED,EXISTS
model_hec_ras_0423.pdf,SKIPPED,EXISTS
2D-HEC-RAS_Modeling_of_Flood_Wave_Propagation_in_a.pdf,SKIPPED,EXISTS
sustainability-15-01758-v2.pdf,SKIPPED,EXISTS
water-12-02715-v3.pdf,SKIPPED,EXISTS
j.envsoft.2017.01.006.pdf,SKIPPED,EXISTS
Flood_Extent_Mapping_in_the_Caprivi_Floodplain_Using_Sentinel-1_Time_Series.pdf,SKIPPED,EXISTS
model_hec_ras_0319.pdf,SKIPPED,EXISTS
water-10-00802.pdf,SKIPPED,EXISTS
model_hec_ras_0336.pdf,SKIPPED,EXISTS
model_hec_ras_0335.pdf,SKIPPED,EXISTS
fiz_geo_2017_4_10.pdf,SKIPPED,EXISTS
isprsarchives-XL-7-W3-45-2015.pdf,SKIPPED,EXISTS
atmosphere-13-01544-v2.pdf,SKIPPED,EXISTS
model_hec_ras_1277.pdf,SKIPPED,EXISTS
model_hec_ras_0554.pdf,SKIPPED,EXISTS
model_hec_ras_1332.pdf,SKIPPED,EXISTS
model_hec_ras_1140.pdf,SKIPPED,EXISTS
model_hec_ras_0982.pdf,SKIPPED,EXISTS
Sentinel-1_remote_sensing_data_and_Hydrologic_Engi.pdf,SKIPPED,EXISTS
hydr-jhm-d-14-0012_1-1.pdf,SKIPPED,EXISTS
model_hec_ras_1166.pdf,SKIPPED,EXISTS
20170321_Xie.pdf,SKIPPED,EXISTS
Prediction_of_monthly_discharge_volume_b.pdf,SKIPPED,EXISTS
model_hec_ras_0916.pdf,SKIPPED,EXISTS
Hydrological_and_Hydrodynamic_Modeling_for_Flash_F.pdf,SKIPPED,EXISTS
isprs-archives-XLIII-B3-2020-641-2020.pdf,SKIPPED,EXISTS
Integrated_flood_management_based_on_Hazard_Analys.pdf,SKIPPED,EXISTS
hydr-jhm-d-18-0196_1.pdf,SKIPPED,EXISTS
Conformable-double-Sumudu-transformations-an-efficient-ap_2023_Ain-Shams-Eng.pdf,SKIPPED,EXISTS
model_hec_ras_0688.pdf,SKIPPED,EXISTS
model_hec_ras_0884.pdf,SKIPPED,EXISTS
River_flow_modelling_for_flood_predictio.pdf,SKIPPED,EXISTS
hydr-jhm-d-13-039_1.pdf,SKIPPED,EXISTS
Applied_methodology_based_on_HEC-HMS_for_reservoir.pdf,SKIPPED,EXISTS
Hilletal.2023.pdf,SUCCESS,FULL
liquids-02-00010.pdf,SUCCESS,FULL
International_Conference_on_Technologies.pdf,SUCCESS,FULL
07_torma_et_al.pdf,SUCCESS,FULL
Water Resources Research - 2019 - Garousi‐Nejad - Terrain Analysis Enhancements to the Height Above Nearest Drainage Flood.pdf,SUCCESS,FULL
model_hec_ras_1227.pdf,SUCCESS,FULL
sustainability-17-00217.pdf,SUCCESS,FULL
PhD_Dissertation_Manoj_Apr14-2014.pdf,SUCCESS,FULL
Remote Sensing and Image Interpretation ( PDFDrive ).pdf,FAIL,HTTP_500
Remote Sensing and Image Interpretation ( PDFDrive ).pdf,FAIL,HTTP_500
Remote Sensing and Image Interpretation ( PDFDrive ).pdf,FAIL,HTTP_500
Remote Sensing and Image Interpretation ( PDFDrive ).pdf,FAIL,FAILED_AFTER_RETRIES
Assessment_of_Stream_Hydrological_Respon.pdf,SUCCESS,FULL
remotesensing-12-02236-v2.pdf,SUCCESS,FULL
model_hec_ras_0405.pdf,SUCCESS,FULL
model_hec_ras_0937.pdf,SUCCESS,FULL
Effects_of_floods_on_infrastructure_users_in_Kenya.pdf,SUCCESS,FULL
model_hec_ras_0857.pdf,SUCCESS,FULL
A_Multi-Input_Convolutional_Neural_Networks_Model_.pdf,SUCCESS,FULL
model_hec_ras_0090.pdf,SUCCESS,FULL
Evaluating_targeted_heuristics_for_vulnerability_a.pdf,SUCCESS,FULL
model_hec_ras_1474.pdf,SUCCESS,FULL
"Atmospheric and Space Flight Dynamics_ Modeling and Simulation with MATLAB® and Simulink® (Modeling and Simulation in Science, Engineering and Technology) ( PDFDrive ).pdf",SUCCESS,FULL
model_hec_ras_0702.pdf,SUCCESS,FULL
wefo-WAF-D-21-0207.1.pdf,SUCCESS,FULL
hydr-jhm-d-13-0202_1.pdf,SUCCESS,FULL
model_hec_ras_0748.pdf,SUCCESS,FULL
model_hec_ras_0830.pdf,SUCCESS,FULL
model_hec_ras_1363.pdf,SUCCESS,FULL
model_hec_ras_0471.pdf,SUCCESS,FULL
model_hec_ras_1397.pdf,SUCCESS,FULL
Flooded area detection and mapping from Sentinel-1 imagery. Complementary approaches and comparative performance evaluation.pdf,SUCCESS,FULL
hydrology-10-00017-v2.pdf,SUCCESS,FULL
model_hec_ras_0978.pdf,SUCCESS,FULL
model_hec_ras_0715.pdf,SUCCESS,FULL
model_hec_ras_0909.pdf,SUCCESS,FULL
model_hec_ras_0943.pdf,SUCCESS,FULL
A Stormwater Management Model for California Polytechnic State Un.pdf,SUCCESS,FULL
model_hec_ras_1058.pdf,SUCCESS,FULL
978-3-030-73569-2.pdf,SUCCESS,FULL
model_hec_ras_0005.pdf,SUCCESS,FULL
model_hec_ras_0260.pdf,SUCCESS,FULL
water-14-03348-v2.pdf,SUCCESS,FULL
2402-4438-2-PB.pdf,SUCCESS,FULL
model_hec_ras_1080.pdf,SUCCESS,FULL
model_hec_ras_0968.pdf,SUCCESS,FULL
model_hec_ras_0170.pdf,SUCCESS,FULL
remotesensing-11-01280.pdf,SUCCESS,FULL
model_hec_ras_0930.pdf,SUCCESS,FULL
jmse-11-02290-v3.pdf,SUCCESS,FULL
hess-2021-614.pdf,SUCCESS,FULL
hydrology-03-00018.pdf,SUCCESS,FULL
model_hec_ras_1374.pdf,SUCCESS,FULL
model_hec_ras_0877.pdf,SUCCESS,FULL
15566.06-17-30-361-10-H04_Hipsey_2013_v6CORR.pdf,SUCCESS,FULL
SurfaceRunoffSimulationUsingHEC-HMSApplication.pdf,SUCCESS,FULL
water-11-01017.pdf,SUCCESS,FULL
model_hec_ras_0707.pdf,SUCCESS,FULL
Modeling the flow of Hall Creek Humboldt County California usin.pdf,SUCCESS,FULL
JFloodRiskManagement-2023-Koers-PluggingtheholesIdentifyingpotentialavenuesandlimitationsforfurthering.pdf,SUCCESS,FULL
Reig_Estelle_MScA_2020.pdf,SUCCESS,FULL
model_hec_ras_1075.pdf,SUCCESS,FULL
model_hec_ras_0189.pdf,SUCCESS,FULL
model_hec_ras_0974.pdf,SUCCESS,FULL
glghge_2019_4_3.pdf,SUCCESS,FULL
remotesensing-08-00899.pdf,SUCCESS,FULL
hydr-jhm-d-18-0038_1.pdf,SUCCESS,FULL
Developing_a_GIS_and_SEA_based_Methodolo.pdf,FAIL,HTTP_500
Developing_a_GIS_and_SEA_based_Methodolo.pdf,FAIL,HTTP_500
Developing_a_GIS_and_SEA_based_Methodolo.pdf,FAIL,HTTP_500
Developing_a_GIS_and_SEA_based_Methodolo.pdf,FAIL,FAILED_AFTER_RETRIES
Comparison_of_different_objective_weighting_method.pdf,SUCCESS,FULL
model_hec_ras_1457.pdf,SUCCESS,FULL
model_hec_ras_0686.pdf,SUCCESS,FULL
A_novel_hybrid_neural_network_based_on_c.pdf,SUCCESS,FULL
adgeo-9-131-2006.pdf,SUCCESS,FULL
The_progression_of_flood_risk_in_southern_Alberta_.pdf,SUCCESS,FULL
model_hec_ras_1028.pdf,SUCCESS,FULL
water-15-03130.pdf,SUCCESS,FULL
document.pdf,SUCCESS,FULL
sustainability-13-01291-v3.pdf,SUCCESS,FULL
Application_of_Artificial_Neural_Networks_ANNs_for.pdf,SUCCESS,FULL
remotesensing-10-00939.pdf,SUCCESS,FULL
A_runoff_map_based_on_numerically_simulated_precip.pdf,SUCCESS,FULL
Model trees as an alternative to neural networks in rainfall runoff modelling.pdf,SUCCESS,FULL
HimalDoc2018_Hydrological_Response_to_Climate_Change.pdf,SUCCESS,FULL
1-s2.0-S0022169424001562-main.pdf,SUCCESS,FULL
model_hec_ras_0730.pdf,SUCCESS,FULL
hydr-jhm-d-15-0149_1.pdf,SUCCESS,FULL
TheHEC-HMShydrologicalmodelperformanceintherainfall-runoffprocesssimulationfortheupstreamwatershedsofGonbadIran.pdf,SUCCESS,FULL
model_hec_ras_0784.pdf,SUCCESS,FULL
model_hec_ras_1061.pdf,SUCCESS,FULL
hydr-2011jhm1388_1.pdf,SUCCESS,FULL
An Examination of Distributed Hydrologic Modeling Methods as Comp.pdf,SUCCESS,FULL
limnetica-30-2-p-169.pdf,SUCCESS,FULL
model_hec_ras_0933.pdf,SUCCESS,FULL
model_hec_ras_0195.pdf,SUCCESS,FULL
model_hec_ras_0792.pdf,SUCCESS,FULL
model_hec_ras_0951.pdf,SUCCESS,FULL
hydr-JHM-D-21-0019.1.pdf,SUCCESS,FULL
Estimation_of_Friction_Factor_in_Pipe_Flow_Using_A.pdf,SUCCESS,FULL
model_hec_ras_0697.pdf,SUCCESS,FULL
hydr-2009jhm1077_1.pdf,SUCCESS,FULL
hess-9-111-2005.pdf,SUCCESS,FULL
model_hec_ras_0016.pdf,SUCCESS,FULL
water-10-01665.pdf,SUCCESS,FULL
2-50-1600669173-24IJASRAUG202024.pdf,SUCCESS,FULL
Mon25-172.pdf,SUCCESS,FULL
Sandstone-groundwater-salinization-modelling-using-physicoc_2023_Ain-Shams-E.pdf,SUCCESS,FULL
model_hec_ras_0991.pdf,SUCCESS,FULL
model_hec_ras_0767.pdf,SUCCESS,FULL
JHE2003Sediment.pdf,SUCCESS,FULL
5173984.pdf,SUCCESS,FULL
hydr-jhm-d-13-0198_1.pdf,SUCCESS,FULL
model_hec_ras_1243.pdf,SUCCESS,FULL
JFloodRiskManagement-2023-Zhuang-TheevaluationanddownscalingcalibrationofIMERGprecipitationproductsat.pdf,SUCCESS,FULL
sustainability-15-08316-v2.pdf,SUCCESS,FULL
climate-05-00009.pdf,SUCCESS,FULL
hydrology-06-00025.pdf,SUCCESS,FULL
model_hec_ras_0952.pdf,SUCCESS,FULL
resources-12-00026-v2.pdf,SUCCESS,FULL
s11069-025-07120-7.pdf,SUCCESS,FULL
Intercomparison of joint bias correctio.pdf,FAIL,HTTP_500
Intercomparison of joint bias correctio.pdf,FAIL,HTTP_500
Intercomparison of joint bias correctio.pdf,FAIL,HTTP_500
Intercomparison of joint bias correctio.pdf,FAIL,FAILED_AFTER_RETRIES
model_hec_ras_1287.pdf,SUCCESS,FULL
model_hec_ras_1376.pdf,SUCCESS,FULL
Is_flood_mitigation_funding_distributed_equitably_.pdf,SUCCESS,FULL
GeoTerrace-2023-012.pdf,SUCCESS,FULL
712.pdf,SUCCESS,FULL
model_hec_ras_0876.pdf,SUCCESS,FULL
model_hec_ras_1331.pdf,SUCCESS,FULL
water-15-00447-v2.pdf,SUCCESS,FULL
SJASR-2-254.pdf,SUCCESS,FULL
model_hec_ras_0810.pdf,SUCCESS,FULL
model_hec_ras_0387.pdf,SUCCESS,FULL
model_hec_ras_0053.pdf,SUCCESS,FULL
sustainability-16-00648.pdf,SUCCESS,FULL
Formulae_of_Sediment_Transport_in_Steady_Flows_Par (1).pdf,SUCCESS,FULL
model_hec_ras_0079.pdf,SUCCESS,FULL
Water Resources Research - 2025 - Yi - Quantification of the Flood Discharge Following the 2023 Kakhovka Dam Breach Using.pdf,SUCCESS,FULL
Rainfall_forecasting_an_artificial_neura.pdf,SUCCESS,FULL
water-06-01515.pdf,SUCCESS,FULL
model_hec_ras_0326.pdf,SUCCESS,FULL
Geoterrace-2022-064.pdf,SUCCESS,FULL
1-s2.0-S1110982317301126-main.pdf,SUCCESS,FULL
model_hec_ras_1425.pdf,SUCCESS,FULL
isprs-annals-V-3-2020-641-2020.pdf,SUCCESS,FULL
6_FloodForecastingANNFuzzy_JournalofHydrolEngg_Mukerjietal_2009.pdf,SUCCESS,FULL
model_hec_ras_0827.pdf,SUCCESS,FULL
model_hec_ras_0698.pdf,SUCCESS,FULL
model_hec_ras_0045.pdf,SUCCESS,FULL
model_hec_ras_0713.pdf,SUCCESS,FULL
ffp-641.pdf,SUCCESS,FULL
water-06-01280-v2.pdf,SUCCESS,FULL
model_hec_ras_1267.pdf,SUCCESS,FULL
model_hec_ras_1274.pdf,SUCCESS,FULL
Pastoral_communitys_vulnerability_under_extreme_f.pdf,SUCCESS,FULL
2006Paper11.pdf,SUCCESS,FULL
model_hec_ras_0925.pdf,SUCCESS,FULL
hydr-jhm-d-17-0229_1.pdf,SUCCESS,FULL
Rainfall_Runoff_Modeling_Using_Artificia (2).pdf,SUCCESS,FULL
model_hec_ras_1269.pdf,SUCCESS,FULL
The_Improvement_of_Synthetic_Unit_Hydrograph_Perfo (1).pdf,SUCCESS,FULL
hydr-jhm-d-16-0082_1.pdf,SUCCESS,FULL
A_Review_on_Rainfall_Prediction_using_Ma.pdf,SUCCESS,FULL
2-nagraj-patil-runoff-prediction-e3-session.pdf,SUCCESS,FULL
model_hec_ras_0456.pdf,SUCCESS,FULL
Vodeu_2011_11_21.pdf,SUCCESS,FULL
14856-1-27736-1-10-20150813.pdf,SUCCESS,FULL
model_hec_ras_1198.pdf,SUCCESS,FULL
1a3623bea4d485d259e1312b76e797c952fa.pdf,SUCCESS,FULL
model_hec_ras_0699.pdf,SUCCESS,FULL
model_hec_ras_0948.pdf,SUCCESS,FULL
model_hec_ras_0500.pdf,SUCCESS,FULL
model_hec_ras_0806.pdf,SUCCESS,FULL
model_hec_ras_0802.pdf,SUCCESS,FULL
model_hec_ras_0832.pdf,SUCCESS,FULL
hydrology-08-00143.pdf,SUCCESS,FULL
model_hec_ras_1278.pdf,SUCCESS,FULL
proceedings-07-00007-v2.pdf,SUCCESS,FULL
model_hec_ras_1019.pdf,SUCCESS,FULL
model_hec_ras_1184.pdf,SUCCESS,FULL
ijgi-12-00053-v4.pdf,SUCCESS,FULL
model_hec_ras_1351.pdf,SUCCESS,FULL
EJSR_130_1_04_finale.pdf,SUCCESS,FULL
HimalDoc2016_Hydrological-Response-and-Reservoir-Operation-Strategy-under-Climate-Change-A-Case-Study-of-Simly-Dam-By-Zubair-Hafeez.pdf,SUCCESS,FULL
model_hec_ras_0227.pdf,SUCCESS,FULL
Multicriterial_analysis_used_for_the_optimisation_.pdf,SUCCESS,FULL
model_hec_ras_0142.pdf,SUCCESS,FULL
Service-oriented infrastructure for flood mapping using optical and SAR satellite data.pdf,SUCCESS,FULL
model_hec_ras_0128.pdf,SUCCESS,FULL
model_hec_ras_0442.pdf,SUCCESS,FULL
model_hec_ras_0165.pdf,SUCCESS,FULL
model_hec_ras_0134.pdf,SUCCESS,FULL
Integration_of_catastrophe_and_entropy_theories_fo.pdf,SUCCESS,FULL
A particle-set distributed hydrological model for the dynamic simulation of surface runoff ( PDFDrive ).pdf,SUCCESS,FULL
nacar-sinan-2018.pdf,SUCCESS,FULL
fluids-07-00267-v2.pdf,SUCCESS,FULL
Comparison_of_genetic_programming_and_HEC-HMS_as_a.pdf,SUCCESS,FULL
model_hec_ras_0799.pdf,SUCCESS,FULL
model_hec_ras_0993.pdf,SUCCESS,FULL
30531-110581-1-PB.pdf,SUCCESS,FULL
Indrawan_2018_J._Phys.__Conf._Ser._978_012036.pdf,SUCCESS,FULL
hydrology-06-00021-v2.pdf,SUCCESS,FULL
s10708-025-11338-0.pdf,SUCCESS,FULL
1-s2.0-S2666592124000064-main.pdf,SUCCESS,FULL
MMS_2015_3_15.pdf,SUCCESS,FULL
CompStudyHydrology.pdf,SUCCESS,FULL
TH4196-1.pdf,SUCCESS,FULL
Potential_impacts_of_failure_of_the_Grand_Ethiopia.pdf,SUCCESS,FULL
hess-11-1373-2007.pdf,SUCCESS,FULL
hydr-JHM-D-20-0228.1-1.pdf,SUCCESS,FULL
model_hec_ras_1226.pdf,SUCCESS,FULL
borah2018.pdf,SUCCESS,FULL
model_hec_ras_0549.pdf,SUCCESS,FULL
model_hec_ras_0781.pdf,SUCCESS,FULL
model_hec_ras_1012.pdf,SUCCESS,FULL
model_hec_ras_0731.pdf,SUCCESS,FULL
model_hec_ras_0569.pdf,SUCCESS,FULL
Mapping_the_risk_zoning_of_storm_flood_disaster_ba.pdf,SUCCESS,FULL
model_hec_ras_1289.pdf,SUCCESS,FULL
model_hec_ras_0542.pdf,SUCCESS,FULL
feart-09-613011.pdf,SUCCESS,FULL
model_hec_ras_1300.pdf,SUCCESS,FULL
banda_hydrological modelling_2022.pdf,SUCCESS,FULL
The_normative_dimensions_of_flood_risk_management_.pdf,SUCCESS,FULL
Satellite-based assessment of the August 2018 flood in parts of Kerala  India.pdf,SUCCESS,FULL
Earth s Future - 2023 - Gleick - Rivers and Water Systems as Weapons and Casualties of the Russia‐Ukraine War.pdf,SUCCESS,FULL
model_hec_ras_1055.pdf,SUCCESS,FULL
model_hec_ras_0521.pdf,SUCCESS,FULL
hydrology-10-00141-v2.pdf,SUCCESS,FULL
Npundgi_2012_263_15.pdf,SUCCESS,FULL
land-12-00932.pdf,SUCCESS,FULL
remotesensing-16-00656-v2.pdf,SUCCESS,FULL
model_hec_ras_1485.pdf,SUCCESS,FULL
Week_ahead_Rainfall_Forecasting_Using_Mu.pdf,SUCCESS,FULL
model_hec_ras_0992.pdf,SUCCESS,FULL
Robust_Disaster_Impact_Assessment_With_Synthetic_Control_Modeling_Framework_and_Daily_Nighttime_Light_Time_Series_Images.pdf,SUCCESS,FULL
fayne2016.pdf,SUCCESS,FULL
model_hec_ras_1038.pdf,SUCCESS,FULL
model_hec_ras_1032.pdf,SUCCESS,FULL
model_hec_ras_0552.pdf,SUCCESS,FULL
model_hec_ras_1145.pdf,SUCCESS,FULL
model_hec_ras_0967.pdf,SUCCESS,FULL
remotesensing-15-05379.pdf,SUCCESS,FULL
hydr-jhm-d-19-0212.1.pdf,SUCCESS,FULL
model_hec_ras_1073.pdf,SUCCESS,FULL
hydr-JHM-D-20-0275.1.pdf,SUCCESS,FULL
117641-WP-v3-ZM-ClimateRisk-Hydro-Appendices-PUBLIC.pdf,SUCCESS,FULL
Hydro_Paper_Review_2021.pdf,FAIL,HTTP_500
Hydro_Paper_Review_2021.pdf,FAIL,HTTP_500
Hydro_Paper_Review_2021.pdf,FAIL,HTTP_500
Hydro_Paper_Review_2021.pdf,FAIL,FAILED_AFTER_RETRIES
remotesensing-15-05037.pdf,SUCCESS,FULL
remotesensing-11-01581-v2.pdf,SUCCESS,FULL
model_hec_ras_0797.pdf,SUCCESS,FULL
A_coupled_hydrodynamic_HEC-RAS_2D_and_water_qualit.pdf,SUCCESS,FULL
applsci-10-08327-v2.pdf,SUCCESS,FULL
model_hec_ras_1259.pdf,SUCCESS,FULL
Identification_of_flood-prone_areas_with_GeoFlood_.pdf,SUCCESS,FULL
atmosphere-13-01106.pdf,SUCCESS,FULL
model_hec_ras_1183.pdf,SUCCESS,FULL
Asadietal.pdf,SUCCESS,FULL
2018-front-matter.pdf,SUCCESS,FULL
model_hec_ras_0172.pdf,SUCCESS,FULL
Flood_risk_management_and_governance_A_bibliometri.pdf,SUCCESS,FULL
proceedings-07-00021-v2.pdf,SUCCESS,FULL
Fernando - Combined Sewer Overflow.pdf,SUCCESS,FULL
hydr-jhm-d-18-0226_1.pdf,SUCCESS,FULL
land-12-00627-v2.pdf,SUCCESS,FULL
model_hec_ras_1452.pdf,SUCCESS,FULL
Application_of_remote_sensing_and_Geogra.pdf,SUCCESS,FULL
model_hec_ras_0900.pdf,SUCCESS,FULL
686258.pdf,SUCCESS,FULL
model_hec_ras_0251.pdf,SUCCESS,FULL
model_hec_ras_0789.pdf,SUCCESS,FULL
Artificial_Neural_Network_for_Daily_Wate.pdf,SUCCESS,FULL
Spatial_targeting_of_nature-based_solutions_for_fl.pdf,SUCCESS,FULL
water-12-01964-v2.pdf,SUCCESS,FULL
model_hec_ras_0738.pdf,SUCCESS,FULL
lin2016.pdf,SUCCESS,FULL
model_hec_ras_1384.pdf,SUCCESS,FULL
Mon25-210.pdf,SUCCESS,FULL
hydrology-06-00082-v2 (1).pdf,SUCCESS,FULL
water-13-01224-v3.pdf,SUCCESS,FULL
JFloodRiskManagement-2023-Kiptum-Advancingoperationalfloodforecastingearlywarningandriskmanagementwith.pdf,SUCCESS,FULL
model_hec_ras_0255.pdf,SUCCESS,FULL
hydr-jhm-d-15-0075_1.pdf,SUCCESS,FULL
3341105.3374023.pdf,SUCCESS,FULL
GeoTerrace-2023-025.pdf,SUCCESS,FULL
model_hec_ras_1414.pdf,SUCCESS,FULL
model_hec_ras_0265.pdf,SUCCESS,FULL
Prediction_of_rainfall_based_on_weather.pdf,SUCCESS,FULL
1-s2.0-S2666544122000090-main.pdf,SUCCESS,FULL
remotesensing-15-01102-v2.pdf,SUCCESS,FULL
InternationalConferenceonInnovativeAdvancementinEngineeringandTechnologyIAET-2020.pdf,SUCCESS,FULL
model_hec_ras_0003.pdf,SUCCESS,FULL
Flow_Discharge_Determination_In_Straight.pdf,SUCCESS,FULL
model_hec_ras_0977.pdf,SUCCESS,FULL
water-15-01389-v3.pdf,SUCCESS,FULL
amsm-amsmonographs-d-18-0019.1-2.pdf,SUCCESS,FULL
model_hec_ras_1291.pdf,SUCCESS,FULL
Calibration and Validation of a Regional Climate Model for Pan-Ar.pdf,SUCCESS,FULL
Water_Sci_Technol_2016.pdf,SUCCESS,FULL
hydrology-10-00068.pdf,SUCCESS,FULL
1-s2.0-S0022169422005352-main.pdf,SUCCESS,FULL
Fractal_Characteristic_Analysis_of_Watershed_as_Va.pdf,SUCCESS,FULL
Discharge_prediction_of_circular_and_rec.pdf,SUCCESS,FULL
hydr-2011jhm1328_1.pdf,SUCCESS,FULL
model_hec_ras_0253.pdf,SUCCESS,FULL
Timoth Mkilima.pdf,SUCCESS,FULL
A_combined_hydrological_and_hydraulic_modelling_ap.pdf,SUCCESS,FULL
ITM-2016.pdf,SUCCESS,FULL
model_hec_ras_0749.pdf,SUCCESS,FULL
KerinI_PhD2020_Partial.pdf,SUCCESS,FULL
model_hec_ras_0770.pdf,SUCCESS,FULL
Afloodforecastingneuralnetworkmodelwithgeneticalgorithm.pdf,SUCCESS,FULL
2220-5318-1-SM.pdf,SUCCESS,FULL
model_hec_ras_1195.pdf,SUCCESS,FULL
Landscapepredictorsofcohosalmon2013.pdf,SUCCESS,FULL
model_hec_ras_1105.pdf,SUCCESS,FULL
ComparisonofSWATandHECHMSmodelperformanceinsimulatingcatchmentrunoff.pdf,SUCCESS,FULL
model_hec_ras_0106.pdf,SUCCESS,FULL
Full Thesis (2).pdf,SUCCESS,FULL
A_Global_ETCCDI-Based_Precipitation_Climatology_fr.pdf,SUCCESS,FULL
remotesensing-16-00294.pdf,SUCCESS,FULL
hydr-jhm-d-15-0216_1-1.pdf,SUCCESS,FULL
bams-bams-d-17-0309.1.pdf,SUCCESS,FULL
model_hec_ras_1279.pdf,SUCCESS,FULL
model_hec_ras_1033.pdf,SUCCESS,FULL
model_hec_ras_1015.pdf,SUCCESS,FULL
geosciences-13-00384.pdf,SUCCESS,FULL
10.26833-ijeg.412348-481602.pdf,SUCCESS,FULL
Armain_2021_IOP_Conf._Ser.__Earth_Environ._Sci._646_012046.pdf,SUCCESS,FULL
sustainability-15-01074-v2.pdf,SUCCESS,FULL
model_hec_ras_0761.pdf,SUCCESS,FULL
model_hec_ras_1096.pdf,SUCCESS,FULL
water-15-00076.pdf,SUCCESS,FULL
ajcc_2023051616091986.pdf,SUCCESS,FULL
model_hec_ras_1177.pdf,SUCCESS,FULL
model_hec_ras_0953.pdf,SUCCESS,FULL
model_hec_ras_0934.pdf,SUCCESS,FULL
hydr-JHM-D-21-0191.1.pdf,SUCCESS,FULL
hydr-jhm-d-16-0176_1.pdf,SUCCESS,FULL
Accuracy_evaluation_of_two_high-resolution_satelli.pdf,SUCCESS,FULL
model_hec_ras_1118.pdf,SUCCESS,FULL
hydrology-10-00131-v2.pdf,SUCCESS,FULL
hydr-jhm-d-19-0100.1.pdf,SUCCESS,FULL
model_hec_ras_0962.pdf,SUCCESS,FULL
bams-BAMS-D-20-0279.1-1.pdf,SUCCESS,FULL
water-15-04201.pdf,SUCCESS,FULL
model_hec_ras_0287.pdf,SUCCESS,FULL
1-s2.0-S0022169424000246-main.pdf,SUCCESS,FULL
nr.08-01-06.pasichnyketal.pdf,SUCCESS,FULL
model_hec_ras_0077.pdf,SUCCESS,FULL
Water Resources Research - 2012 - Neal - A subgrid channel model for simulating river hydraulics and floodplain inundation.pdf,SUCCESS,FULL
33449963.pdf,SUCCESS,FULL
EWRI_2019_CE572_rainfall_Runoff_modelling.pdf,SUCCESS,FULL
water-12-00983-v2.pdf,SUCCESS,FULL
Besaw_2010_Journal_of_Hydrology.pdf,SUCCESS,FULL
1-s2.0-S2214581816301768-main.pdf,SUCCESS,FULL
researchbook.pdf,SUCCESS,FULL
model_hec_ras_1357.pdf,SUCCESS,FULL
model_hec_ras_1091.pdf,SUCCESS,FULL
remotesensing-14-04273.pdf,SUCCESS,FULL
sustainability-15-11965-v2.pdf,SUCCESS,FULL
ApplicationofSoilConservationServiceCurveNumberMethodforRunoffEstimationinSebouWatershedMorocco.pdf,SUCCESS,FULL
remotesensing-14-05721-v2.pdf,SUCCESS,FULL
Adjustment Computations_ Spatial Data Analysis ( PDFDrive ).pdf,SUCCESS,FULL
Application_of_artificial_neural_network.pdf,SUCCESS,FULL
13DeterminationofMeanVelocityandDischarge – копія.pdf,SUCCESS,FULL
Flood_risk_and_residential_real-estate_prices_Evid.pdf,SUCCESS,FULL
Rainfall_river_discharge_modelling_for_f.pdf,SUCCESS,FULL
model_hec_ras_0753.pdf,SUCCESS,FULL
Artificial_Neural_Network_Methods_Applie.pdf,SUCCESS,FULL
model_hec_ras_0956.pdf,SUCCESS,FULL
model_hec_ras_0691.pdf,SUCCESS,FULL
Comparison_of_Different_Analyzing_Techni.pdf,SUCCESS,FULL
model_hec_ras_1103.pdf,SUCCESS,FULL
model_hec_ras_0533.pdf,SUCCESS,FULL
hydrology-03-00019 (1).pdf,SUCCESS,FULL
Short term river flood forecasting with neural networks.pdf,SUCCESS,FULL
model_hec_ras_0869.pdf,SUCCESS,FULL
remotesensing-10-00583.pdf,SUCCESS,FULL
hydr-JHM-D-21-0131.1.pdf,SUCCESS,FULL
1-s2.0-S2214581823000472-main.pdf,SUCCESS,FULL
model_hec_ras_0917.pdf,SUCCESS,FULL
30.pdf,SUCCESS,FULL
wcas-wcas-d-16-0107_1.pdf,SUCCESS,FULL
model_hec_ras_0310.pdf,SUCCESS,FULL
model_hec_ras_0986.pdf,SUCCESS,FULL
gorbachova_barandich_269.pdf,SUCCESS,FULL
model_hec_ras_0990.pdf,SUCCESS,FULL
sustainability-11-06003-v2.pdf,SUCCESS,FULL
franci2016.pdf,SUCCESS,FULL
model_hec_ras_1108.pdf,SUCCESS,FULL
model_hec_ras_0940.pdf,SUCCESS,FULL
environsciproc-26-00185.pdf,SUCCESS,FULL
model_hec_ras_0535.pdf,SUCCESS,FULL
model_hec_ras_1006.pdf,SUCCESS,FULL
hydrology-07-00012-v2.pdf,SUCCESS,FULL
9833207.pdf,SUCCESS,FULL
remotesensing-08-00311.pdf,SUCCESS,FULL
water-14-02726-v2.pdf,SUCCESS,FULL
1Deo44423.pdf,SUCCESS,FULL
model_hec_ras_1196.pdf,SUCCESS,FULL
Mon-22-179.pdf,SUCCESS,FULL
model_hec_ras_0610.pdf,SUCCESS,FULL
hydr-jhm-d-19-0202.1.pdf,SUCCESS,FULL
hydr-jhm-d-17-0202_1.pdf,SUCCESS,FULL
Survey_on_Rainfall_Prediction_using_Arti.pdf,SUCCESS,FULL
model_hec_ras_0487.pdf,SUCCESS,FULL
hydrology-08-00089-v2.pdf,SUCCESS,FULL
10.pdf,SUCCESS,FULL
model_hec_ras_0618.pdf,SUCCESS,FULL
model_hec_ras_0976.pdf,SUCCESS,FULL
land-11-00250.pdf,SUCCESS,FULL
water-11-01703-v2.pdf,SUCCESS,FULL
model_hec_ras_1152.pdf,SUCCESS,FULL
A_Critical_Review_of_Hydrological_Modeli.pdf,SUCCESS,FULL
hydr-jhm-d-19-0209.1.pdf,SUCCESS,FULL
model_hec_ras_0175.pdf,SUCCESS,FULL
Increasing_Prediction_Accuracy_with_the.pdf,SUCCESS,FULL
model_hec_ras_0989.pdf,SUCCESS,FULL
FINAL_PUBLISHED_on_Line_8-7-14.pdf,SUCCESS,FULL
hess-26-4345-2022.pdf,SUCCESS,FULL
Tunas_2023_IOP_Conf._Ser.__Earth_Environ._Sci._1157_012050.pdf,SUCCESS,FULL
hydr-jhm-d-20-0133.1.pdf,SUCCESS,FULL
model_hec_ras_0424.pdf,SUCCESS,FULL
model_hec_ras_1043.pdf,SUCCESS,FULL
model_hec_ras_0926.pdf,SUCCESS,FULL
The_prediction_of_moisture_through_the_u.pdf,SUCCESS,FULL
hydr-JHM-D-22-0011.1-1.pdf,SUCCESS,FULL
water-14-02195.pdf,SUCCESS,FULL
model_hec_ras_0032.pdf,SUCCESS,FULL
sensors-21-03132-v2.pdf,SUCCESS,FULL
hydrology-07-00042-v2 (1).pdf,SUCCESS,FULL
water-12-01834-v2.pdf,SUCCESS,FULL
C529.pdf,SUCCESS,FULL
model_hec_ras_0733.pdf,SUCCESS,FULL
50-58-3719-Ansori-July-2023-107.pdf,SUCCESS,FULL
model_hec_ras_0729.pdf,SUCCESS,FULL
model_hec_ras_0085.pdf,SUCCESS,FULL
environsciproc-26-00065.pdf,SUCCESS,FULL
model_hec_ras_0636.pdf,SUCCESS,FULL
model_hec_ras_0798.pdf,SUCCESS,FULL
hess-22-1473-2018.pdf,SUCCESS,FULL
A_comparative_analysis_of_training_metho.pdf,SUCCESS,FULL
model_hec_ras_1402.pdf,SUCCESS,FULL
model_hec_ras_0065.pdf,SUCCESS,FULL
Remote Sensing and Image Interpretation   ( PDFDrive ).pdf,SUCCESS,FULL
model_hec_ras_0245.pdf,SUCCESS,FULL
hydr-jhm-d-16-0218_1.pdf,SUCCESS,FULL
water-11-00052.pdf,SUCCESS,FULL
remotesensing-10-00780.pdf,SUCCESS,FULL
hydr-jhm-d-15-0195_1-1.pdf,SUCCESS,FULL
water-06-02367.pdf,SUCCESS,FULL
1-s2.0-S0022169423002640-main.pdf,SUCCESS,FULL
hydr-jhm-d-17-0089_1.pdf,SUCCESS,FULL
hess-9-313-2005.pdf,SUCCESS,FULL
remotesensing-17-02909.pdf,SUCCESS,FULL
water-13-02252.pdf,SUCCESS,FULL
2023Warachowska_et_al_JFRM.pdf,SUCCESS,FULL
model_hec_ras_0936.pdf,SUCCESS,FULL
EXHIBIT A #3013EURIZON_Prof. Osypov.pdf,SUCCESS,FULL
e3sconf_wmad2021_05003.pdf,SUCCESS,FULL
model_hec_ras_1465.pdf,SUCCESS,FULL
model_hec_ras_1329.pdf,SUCCESS,FULL
A_Dilemma_between_Flood_and_Drought_Management_Cas.pdf,SUCCESS,FULL
model_hec_ras_0480.pdf,SUCCESS,FULL
fulltext (1).pdf,SUCCESS,FULL
model_hec_ras_0523.pdf,SUCCESS,FULL
water-11-01418-v2.pdf,SUCCESS,FULL
model_hec_ras_0949.pdf,SUCCESS,FULL
model_hec_ras_0603.pdf,SUCCESS,FULL
37750757.pdf,SUCCESS,FULL
model_hec_ras_0648.pdf,SUCCESS,FULL
model_hec_ras_1305.pdf,SUCCESS,FULL
Enhancement-of-PV-performance-by-using-hybrid-TLB_2023_Ain-Shams-Engineering.pdf,SUCCESS,FULL
model_hec_ras_1174.pdf,SUCCESS,FULL
water-13-01601-v2.pdf,SUCCESS,FULL
TCEIA.MS.ID.000136.pdf,SUCCESS,FULL
model_hec_ras_1214.pdf,SUCCESS,FULL
A_rainfall_runoff_model_using_artificial.pdf,SUCCESS,FULL
model_hec_ras_0687.pdf,SUCCESS,FULL
hydr-1525-7541_2002_003_0267_trhoef_2_0_co_2.pdf,SUCCESS,FULL
1-s2.0-S1110016814000660-main.pdf,SUCCESS,FULL
remotesensing-08-00608.pdf,SUCCESS,FULL
remotesensing-11-02804-v2.pdf,SUCCESS,FULL
water-15-01197.pdf,SUCCESS,FULL
53b4a7d946d5da787dddd52eb2df91bb2b9e.pdf,SUCCESS,FULL
Flood modelling using the distributed event-based SCS-LR model in the Mediterranean Real Collobrier catchment (1).pdf,SUCCESS,FULL
model_hec_ras_1418.pdf,SUCCESS,FULL
415-Текст статті-1440-1-10-20180925-1.pdf,SUCCESS,FULL
model_hec_ras_1135.pdf,SUCCESS,FULL
Identification_of_physical_processes_inh.pdf,SUCCESS,FULL
model_hec_ras_0296.pdf,SUCCESS,FULL
Modeling_of_Rainfall_Runoff_Correlations.pdf,SUCCESS,FULL
kim2019.pdf,SUCCESS,FULL
model_hec_ras_1164.pdf,SUCCESS,FULL
applsci-12-06264-v2.pdf,SUCCESS,FULL
model_hec_ras_0705.pdf,SUCCESS,FULL
remotesensing-09-00174-v2.pdf,SUCCESS,FULL
hydr-jhm-d-14-0048_1.pdf,SUCCESS,FULL
2006.11555.pdf,SUCCESS,FULL
Runoff_forecasting_by_artificial_neural.pdf,SUCCESS,FULL
water-14-01856.pdf,SUCCESS,FULL
Mapping_Water_Bodies_and_Wetlands_from_M.pdf,SUCCESS,FULL
A_conceptual_modeling_of_ecological_grey.pdf,SUCCESS,FULL
Vodaba_2012_48_45-1.pdf,SUCCESS,FULL
Inter_comparison_between_retrospective_e.pdf,SUCCESS,FULL
hydrology-09-00088-v2.pdf,SUCCESS,FULL
hessd-2-S664-2005.pdf,SUCCESS,FULL
1-s2.0-S2666592124000027-main.pdf,SUCCESS,FULL
Zhang and Mont 2004.pdf,SUCCESS,FULL
hydr-jhm-d-13-0204_1.pdf,SUCCESS,FULL
Flood modelling using the distributed event-based SCS-LR model in the Mediterranean Real Collobrier catchment.pdf,SUCCESS,FULL
glghge_2014_4_5.pdf,SUCCESS,FULL
Reach_the_bottom_plant_cover_of_the_form.pdf,SUCCESS,FULL
Ikhwanudin_2020_J._Phys.__Conf._Ser._1625_012041.pdf,SUCCESS,FULL
model_hec_ras_1263.pdf,SUCCESS,FULL
model_hec_ras_0679.pdf,SUCCESS,FULL
Uggj_2017_20_12.pdf,SUCCESS,FULL
JFloodRiskManagement-2023-Dasgupta-Connectinghydrologicalmodellingandforecastingfromglobaltolocalscales.pdf,SUCCESS,FULL
Quantifying_hydraulic_roughness_in_a_riparian_fore.pdf,SUCCESS,FULL
River_flow_forecasting_using_artificial.pdf,SUCCESS,FULL
cweee_2020102015270525.pdf,SUCCESS,FULL
1034-Article Text-1513-1-10-20230929.pdf,SUCCESS,FULL
hydr-2011jhm1357_1.pdf,SUCCESS,FULL
applsci-08-01558.pdf,SUCCESS,FULL
model_hec_ras_0895.pdf,SUCCESS,FULL
model_hec_ras_0669.pdf,SUCCESS,FULL
model_hec_ras_1368.pdf,SUCCESS,FULL
water-09-00168.pdf,SUCCESS,FULL
Dependence of annual runoff coefficient.pdf,FAIL,HTTP_500
Dependence of annual runoff coefficient.pdf,FAIL,HTTP_500
Dependence of annual runoff coefficient.pdf,FAIL,HTTP_500
Dependence of annual runoff coefficient.pdf,FAIL,FAILED_AFTER_RETRIES
hydr-jhm-d-16-0155_1.pdf,SUCCESS,FULL
sustainability-12-06080.pdf,SUCCESS,FULL
water-15-03772.pdf,SUCCESS,FULL
54cb18_eb676847ee5a468aa34df4e6184b8139.pdf,SUCCESS,FULL
remotesensing-10-00292-v2.pdf,SUCCESS,FULL
remotesensing-15-03991.pdf,SUCCESS,FULL
model_hec_ras_1260.pdf,SUCCESS,FULL
Farakid_Ubaid_Kazim_Al-Masoudi_2021_J._Phys.__Conf._Ser._1818_012001.pdf,SUCCESS,FULL
glghge_2019_3_24.pdf,SUCCESS,FULL
model_hec_ras_1161.pdf,SUCCESS,FULL
model_hec_ras_1027.pdf,SUCCESS,FULL
1-s2.0-S2352938521001713-main.pdf,SUCCESS,FULL
Setiawan_2022_IOP_Conf._Ser.__Earth_Environ._Sci._1109_012070.pdf,SUCCESS,FULL
remotesensing-03-01067.pdf,SUCCESS,FULL
Rainfall_Forecasting_Using_Backpropagati.pdf,SUCCESS,FULL
remotesensing-12-00252-v2.pdf,SUCCESS,FULL
EL-TN-10-3.pdf,SUCCESS,FULL
model_hec_ras_0772.pdf,SUCCESS,FULL
model_hec_ras_0057.pdf,SUCCESS,FULL
water-05-01598-v2.pdf,SUCCESS,FULL
A_new_multi-criteria_framework_to_identify_optimal.pdf,SUCCESS,FULL
"Ecological Safety and Balanced Use of Resources,_Vol._16,_No._1,_2025-76-88.pdf",SUCCESS,FULL
Influenceofverticalmotiononinitiationofsedimentmovement.pdf,SUCCESS,FULL
remotesensing-10-01316-v2.pdf,SUCCESS,FULL
APPLICABILLITY_OF_THE_HEC_HMS_MODEL_IN_A.pdf,SUCCESS,FULL
model_hec_ras_0959.pdf,SUCCESS,FULL
land-12-00810-v2.pdf,SUCCESS,FULL
remotesensing-10-00034.pdf,SUCCESS,FULL
model_hec_ras_0328.pdf,SUCCESS,FULL
hydr-JHM-D-20-0111.1.pdf,SUCCESS,FULL
model_hec_ras_1115.pdf,SUCCESS,FULL
model_hec_ras_1084.pdf,SUCCESS,FULL
model_hec_ras_0392.pdf,SUCCESS,FULL
model_hec_ras_1082.pdf,SUCCESS,FULL
model_hec_ras_0721.pdf,SUCCESS,FULL
s12145-008-0014-3.pdf,SUCCESS,FULL
model_hec_ras_0087.pdf,SUCCESS,FULL
model_hec_ras_0837.pdf,SUCCESS,FULL
Ynaotou_2021_IOP_Conf._Ser.__Earth_Environ._Sci._930_012082 (1).pdf,SUCCESS,FULL
Vodaba_2012_48_45.pdf,SUCCESS,FULL
Delineation_of_flood-prone_areas_in_cliffed_coasta.pdf,SUCCESS,FULL
Multi-criteria-analysis-based-mapping-of-the-cyclone-induced-pluvial-flooding-in-coastal-areas-of-India.pdf,SUCCESS,FULL
Identifying_tree_characteristics_to_determine_the_.pdf,SUCCESS,FULL
AutomatingHECRASandLinkingwithParticleSwarm.pdf,SUCCESS,FULL
model_hec_ras_0398.pdf,SUCCESS,FULL
model_hec_ras_1137.pdf,SUCCESS,FULL
model_hec_ras_0774.pdf,SUCCESS,FULL
219_xxxviii-part7a.pdf,SUCCESS,FULL
model_hec_ras_0154.pdf,SUCCESS,FULL
model_hec_ras_0914.pdf,SUCCESS,FULL
Effect_of_climate_change_and_urbanization_on_flood.pdf,SUCCESS,FULL
model_hec_ras_1159.pdf,SUCCESS,FULL
hydrology-09-00076-v2.pdf,SUCCESS,FULL
hydrology-09-00038.pdf,SUCCESS,FULL
Prediction_of_Rainfall_in_India_using_Ar (1).pdf,SUCCESS,FULL
water-14-00284-v2.pdf,SUCCESS,FULL
Pham2022_Article_FloodVulnerabilityAndBuildings.pdf,SUCCESS,FULL
model_hec_ras_1426.pdf,SUCCESS,FULL
water-13-02926-v2.pdf,SUCCESS,FULL
aies-AIES-D-23-0025.1.pdf,SUCCESS,FULL
1-s2.0-S0022169423015032-main.pdf,SUCCESS,FULL
model_hec_ras_0891.pdf,SUCCESS,FULL
Inflow_Forecast_of_Iranamadu_Reservoir_S.pdf,SUCCESS,FULL
model_hec_ras_1031.pdf,SUCCESS,FULL
model_hec_ras_0689.pdf,SUCCESS,FULL
Flood_water_level_modelling_and_predicti.pdf,SUCCESS,FULL
Monthly_rainfall_prediction_based_on_art.pdf,SUCCESS,FULL
model_hec_ras_0947.pdf,SUCCESS,FULL
designs-07-00117.pdf,SUCCESS,FULL
model_hec_ras_0831.pdf,SUCCESS,FULL
Modelling_the_behaviour_of_corporations_during_the.pdf,SUCCESS,FULL
"Remote Sensing for Geoscientists_ Image Analysis and Integration, Third Edition ( PDFDrive ).pdf",SUCCESS,FULL
model_hec_ras_1204.pdf,SUCCESS,FULL
hydr-jhm-d-14-0156_1.pdf,SUCCESS,FULL
remotesensing-09-00781 (2).pdf,SUCCESS,FULL
water-10-00386.pdf,SUCCESS,FULL
model_hec_ras_1104.pdf,SUCCESS,FULL
bams-BAMS-D-19-0319.1.pdf,SUCCESS,FULL
model_hec_ras_0519.pdf,SUCCESS,FULL
proceedings-07-00011-v2.pdf,SUCCESS,FULL
Poster_HelderGuta.pdf,SUCCESS,FULL
model_hec_ras_0539.pdf,SUCCESS,FULL
model_hec_ras_1120.pdf,SUCCESS,FULL
010064143.pdf,SUCCESS,FULL,62.84s
0030.pdf,SUCCESS,FULL,63.00s
010079873.pdf,SUCCESS,FULL,63.14s
0000577383.pdf,SUCCESS,FULL,63.18s
03-04-FebEDUSAT_Introduction-to-Microwave-Remote-Sensing.pdf,SUCCESS,FULL,5.49s
0115-0128.pdf,SUCCESS,FULL,19.94s
0229.pdf,SUCCESS,FULL,21.33s
032003_1.pdf,SUCCESS,FULL,22.36s
034505_1.pdf,SUCCESS,FULL,28.11s
0399-0405.pdf,SUCCESS,FULL,16.47s
07_torma_et_al.pdf,SUCCESS,FULL,23.43s
1-Hydrological-Modeling-with-HEC-HMS.pdf,SUCCESS,FULL,23.63s
08861302.pdf,SUCCESS,FULL,34.89s
1-s2.0-S0022169418305407-main.pdf,SUCCESS,FULL,37.71s
1-s2.0-S0022169421005527-main.pdf,SUCCESS,FULL,29.95s
1-s2.0-S0022169421007320-main.pdf,SUCCESS,FULL,36.67s
1-s2.0-S002216942100809X-main.pdf,SUCCESS,FULL,37.92s
1-s2.0-S0022169421010738-main.pdf,SUCCESS,FULL,36.93s
1-s2.0-S0022169421013743-main.pdf,SUCCESS,FULL,36.28s
1-s2.0-S0022169422001238-main.pdf,SUCCESS,FULL,36.19s
1-s2.0-S0022169422002633-main.pdf,SUCCESS,FULL,51.17s
1-s2.0-S0022169422005352-main.pdf,SUCCESS,FULL,37.31s
1-s2.0-S0022169422011684-main.pdf,SUCCESS,FULL,38.99s
1-s2.0-S0022169422013567-main.pdf,SUCCESS,FULL,38.40s
1-s2.0-S0022169423000392-main.pdf,SUCCESS,FULL,40.16s
1-s2.0-S0022169422013634-main.pdf,SUCCESS,FULL,41.99s
1-s2.0-S0022169423002640-main.pdf,SUCCESS,FULL,53.47s
1-s2.0-S0022169423003451-main.pdf,SUCCESS,FULL,35.98s
1-s2.0-S0022169423003463-main.pdf,SUCCESS,FULL,35.32s
1-s2.0-S0022169423004742-main.pdf,SUCCESS,FULL,35.70s
1-s2.0-S0022169423004973-main.pdf,SUCCESS,FULL,40.71s
1-s2.0-S0022169423008181-main.pdf,SUCCESS,FULL,39.86s
1-s2.0-S0022169423008284-main.pdf,SUCCESS,FULL,40.83s
1-s2.0-S0022169423008314-main.pdf,SUCCESS,FULL,40.44s
1-s2.0-S002216942300954X-main.pdf,SUCCESS,FULL,41.00s
1-s2.0-S0022169423010065-main.pdf,SUCCESS,FULL,40.99s
1-s2.0-S0022169423013239-main.pdf,SUCCESS,FULL,38.45s
1-s2.0-S0022169423011277-main.pdf,SUCCESS,FULL,44.64s
1-s2.0-S0022169423013471-main.pdf,SUCCESS,FULL,32.48s
1-s2.0-S0022169423014555-main.pdf,SUCCESS,FULL,49.55s
1-s2.0-S0022169423015032-main.pdf,SUCCESS,FULL,41.53s
1-s2.0-S0022169423015275-main.pdf,SUCCESS,FULL,37.38s
1-s2.0-S0022169424000246-main.pdf,SUCCESS,FULL,41.73s
1-s2.0-S0022169424001203-main.pdf,SUCCESS,FULL,31.22s
1-s2.0-S0022169424000337-main.pdf,SUCCESS,FULL,40.98s
1-s2.0-S0022169424001562-main.pdf,SUCCESS,FULL,29.60s
1-s2.0-S0022169424001604-main.pdf,SUCCESS,FULL,29.80s
1-s2.0-S0022169424001720-main.pdf,SUCCESS,FULL,34.72s
1-s2.0-S0022169424002142-main.pdf,SUCCESS,FULL,37.83s
1-s2.0-S0022169424016779-main.pdf,SUCCESS,FULL,49.32s
1-s2.0-S0022169424017578-main.pdf,SUCCESS,FULL,42.61s
1-s2.0-S0022169424018134-main.pdf,SUCCESS,FULL,42.16s
1-s2.0-S0022169424019838-main.pdf,SUCCESS,FULL,39.06s
1-s2.0-S0022169424019991-main.pdf,SUCCESS,FULL,49.10s
1-s2.0-S0022169425003646-main.pdf,SUCCESS,FULL,43.29s
1-s2.0-S0022169425006183-main.pdf,SUCCESS,FULL,45.58s
1-s2.0-S0022169425005670-main.pdf,SUCCESS,FULL,58.17s
1-s2.0-S0022169425006675-main.pdf,SUCCESS,FULL,39.75s
1-s2.0-S0022169425007036-main.pdf,SUCCESS,FULL,43.43s
1-s2.0-S0022169425008674-main.pdf,SUCCESS,FULL,45.70s
1-s2.0-S0022169425014246-main.pdf,SUCCESS,FULL,39.46s
1-s2.0-S0022169425009552-main.pdf,SUCCESS,FULL,44.65s
1-s2.0-S0034425722003790-main.pdf,SUCCESS,FULL,38.69s
1-s2.0-S003442572500286X-main.pdf,SUCCESS,FULL,37.11s
1-s2.0-S0043135424010613-main.pdf,SUCCESS,FULL,34.19s
1-s2.0-S0048969724084614-main.pdf,SUCCESS,FULL,34.98s
1-s2.0-S0143622825000426-main.pdf,SUCCESS,FULL,38.91s
1-s2.0-S0167268125000162-main.pdf,SUCCESS,FULL,58.25s
1-s2.0-S0169555X23003963-main.pdf,SUCCESS,FULL,52.45s
1-s2.0-S0198971521000351-am.pdf,SUCCESS,FULL,51.36s
1-s2.0-S0264275125001271-mainext.pdf,SUCCESS,FULL,49.06s
1-s2.0-S0303243421001070-main.pdf,SUCCESS,FULL,37.22s
1-s2.0-S030147972500948X-main.pdf,SUCCESS,FULL,40.64s
1-s2.0-S0309170816301257-main.pdf,SUCCESS,FULL,40.00s
1-s2.0-S0309170824002719-main.pdf,SUCCESS,FULL,37.27s
1-s2.0-S0309170825001770-main.pdf,SUCCESS,FULL,29.59s
1-s2.0-S0895717700002727-main.pdf,SUCCESS,FULL,25.75s
1-s2.0-S0895717704002742-main.pdf,SUCCESS,FULL,25.59s
1-s2.0-S0378377425001635-main.pdf,SUCCESS,FULL,28.23s
1-s2.0-S0964569124005052-main.pdf,SUCCESS,FULL,48.22s
1-s2.0-S0952197624007310-main.pdf,SUCCESS,FULL,48.66s
1-s2.0-S0921818125001407-main.pdf,SUCCESS,FULL,49.73s
1-s2.0-S092427161930111X-am.pdf,SUCCESS,FULL,49.41s
1-s2.0-S1110016812000105-main.pdf,SUCCESS,FULL,18.91s
1-s2.0-S1093968726001696-main.pdf,SUCCESS,FULL,20.68s
1-s2.0-S1110016818300966-main.pdf,SUCCESS,FULL,20.56s
1-s2.0-S1110016814000660-main.pdf,SUCCESS,FULL,21.94s
1-s2.0-S1110982317301126-main.pdf,SUCCESS,FULL,25.42s
1-s2.0-S1110982318303041-main.pdf,SUCCESS,FULL,24.72s
1-s2.0-S1110982325000201-main.pdf,SUCCESS,FULL,24.45s
1-s2.0-S1364815224002871-main.pdf,SUCCESS,FULL,28.86s
1-s2.0-S1364815224003682-main.pdf,SUCCESS,FULL,34.03s
1-s2.0-S1470160X24014602-main.pdf,SUCCESS,FULL,39.67s
1-s2.0-S1364815225004700-main.pdf,SUCCESS,FULL,39.84s
1-s2.0-S1470160X24014894-main.pdf,SUCCESS,FULL,39.10s
1-s2.0-S1470160X2401495X-main.pdf,SUCCESS,FULL,31.63s
1-s2.0-S1470160X2500038X-main.pdf,SUCCESS,FULL,34.07s
1-s2.0-S1470160X25001761-main.pdf,SUCCESS,FULL,34.13s
1-s2.0-S1470160X25002456-main.pdf,SUCCESS,FULL,33.43s
1-s2.0-S1470160X25003279-main.pdf,SUCCESS,FULL,34.59s
1-s2.0-S1470160X25005898-main.pdf,SUCCESS,FULL,37.74s
1-s2.0-S1470160X25006119-main.pdf,SUCCESS,FULL,37.86s
1-s2.0-S1569843222001911-main.pdf,SUCCESS,FULL,35.46s
1-s2.0-S1569843223001528-main.pdf,SUCCESS,FULL,46.23s
1-s2.0-S1569843223003291-main.pdf,SUCCESS,FULL,35.40s
1-s2.0-S1569843225000044-main.pdf,SUCCESS,FULL,35.44s
1-s2.0-S1569843225001232-main.pdf,SUCCESS,FULL,35.15s
1-s2.0-S156984322500158X-main.pdf,SUCCESS,FULL,27.69s
1-s2.0-S1569843225004637-main.pdf,SUCCESS,FULL,27.25s
1-s2.0-S1572308926000471-main.pdf,SUCCESS,FULL,28.64s
1-s2.0-S1674237015300946-main.pdf,SUCCESS,FULL,27.15s
1-s2.0-S1674987115000821-main.pdf,SUCCESS,FULL,21.32s
1-s2.0-S1738573321005179-main.pdf,SUCCESS,FULL,29.61s
1-s2.0-S1876610215016008-main.pdf,SUCCESS,FULL,29.58s
1-s2.0-S1674987124001841-main.pdf,SUCCESS,FULL,32.13s
1-s2.0-S1876610219312706-main.pdf,SUCCESS,FULL,18.65s
1-s2.0-S1877050919310725-main.pdf,SUCCESS,FULL,19.51s
1-s2.0-S2090447922002155-main.pdf,SUCCESS,FULL,19.91s
1-s2.0-S2095268619304525-main.pdf,SUCCESS,FULL,20.22s
1-s2.0-S2095809925001092-main.pdf,SUCCESS,FULL,30.22s
1-s2.0-S2210670724008205-main.pdf,SUCCESS,FULL,42.74s
1-s2.0-S2210670723007229-main.pdf,SUCCESS,FULL,43.42s
1-s2.0-S2210670725003130-main.pdf,SUCCESS,FULL,43.58s
1-s2.0-S2211812814005744-main.pdf,SUCCESS,FULL,32.39s
1-s2.0-S2212096324001025-main.pdf,SUCCESS,FULL,24.95s
1-s2.0-S2212420922006185-main.pdf,SUCCESS,FULL,33.95s
1-s2.0-S2212095525000136-main.pdf,SUCCESS,FULL,41.61s
1-s2.0-S2212420924008203-main.pdf,SUCCESS,FULL,34.35s
1-s2.0-S2212420924008586-main.pdf,SUCCESS,FULL,37.89s
1-s2.0-S2212420924008884-main.pdf,SUCCESS,FULL,40.17s
1-s2.0-S2212420924009324-main.pdf,SUCCESS,FULL,36.79s
1-s2.0-S2212420925000603-main.pdf,SUCCESS,FULL,47.33s
1-s2.0-S2212420925000706-main.pdf,SUCCESS,FULL,45.46s
1-s2.0-S2212420925000743-main.pdf,SUCCESS,FULL,34.72s
1-s2.0-S2212420925001645-main.pdf,SUCCESS,FULL,42.65s
1-s2.0-S2212420925001773-main.pdf,SUCCESS,FULL,42.18s
1-s2.0-S2212420925001992-main.pdf,SUCCESS,FULL,33.75s
1-s2.0-S2212420925002432-main.pdf,SUCCESS,FULL,37.95s
1-s2.0-S2212420925002572-main.pdf,SUCCESS,FULL,39.54s
1-s2.0-S2212420925002663-mainext.pdf,SUCCESS,FULL,38.06s
1-s2.0-S2212420925002997-main.pdf,SUCCESS,FULL,48.11s
1-s2.0-S2212420925004248-main.pdf,SUCCESS,FULL,42.05s
1-s2.0-S2212827122013130-main.pdf,SUCCESS,FULL,26.65s
1-s2.0-S2212420925004261-main.pdf,SUCCESS,FULL,51.17s
1-s2.0-S2214581816301768-main.pdf,SUCCESS,FULL,28.41s
1-s2.0-S2214581823000472-main.pdf,SUCCESS,FULL,28.10s
1-s2.0-S2214581825000746-main.pdf,SUCCESS,FULL,40.03s
1-s2.0-S2214581825000862-main.pdf,SUCCESS,FULL,39.88s
1-s2.0-S2214581825001090-main.pdf,SUCCESS,FULL,35.34s
1-s2.0-S2214581825004082-main.pdf,SUCCESS,FULL,44.08s
1-s2.0-S2215098614000706-main.pdf,SUCCESS,FULL,28.26s
1-s2.0-S2215098615000774-main.pdf,SUCCESS,FULL,30.15s
1-s2.0-S2352938521001713-main.pdf,SUCCESS,FULL,48.62s
1-s2.0-S2452292925000244-main.pdf,SUCCESS,FULL,30.88s
1-s2.0-S235293852300201X-main.pdf,SUCCESS,FULL,50.16s
1-s2.0-S240588072400089X-main.pdf,SUCCESS,FULL,49.11s
1-s2.0-S2589471425000051-main.pdf,SUCCESS,FULL,23.42s
1-s2.0-S2589757824000416-main.pdf,SUCCESS,FULL,39.24s
1-s2.0-S2590061725000109-main.pdf,SUCCESS,FULL,40.49s
1-s2.0-S2590061724000929-main.pdf,SUCCESS,FULL,40.99s
1-s2.0-S2590061725000122-main.pdf,SUCCESS,FULL,32.18s
1-s2.0-S2590061725001048-main.pdf,SUCCESS,FULL,26.72s
1-s2.0-S2590123025002725-main.pdf,SUCCESS,FULL,26.80s
1-s2.0-S2590123025020481-main.pdf,SUCCESS,FULL,35.12s
1-s2.0-S2590252024000291-main.pdf,SUCCESS,FULL,35.21s
1-s2.0-S2665972724002277-main.pdf,SUCCESS,FULL,34.81s
1-s2.0-S2666017225000094-main.pdf,SUCCESS,FULL,43.21s
1-s2.0-S2665972725000595-main.pdf,SUCCESS,FULL,53.43s
1-s2.0-S2666017225000161-main.pdf,SUCCESS,FULL,48.86s
1-s2.0-S2666445324000308-main.pdf,SUCCESS,FULL,48.35s
1-s2.0-S2666449625000076-main.pdf,SUCCESS,FULL,42.52s
1-s2.0-S2666544122000090-main.pdf,SUCCESS,FULL,40.89s
1-s2.0-S2666592123000963-main.pdf,SUCCESS,FULL,41.39s
1-s2.0-S2666592124000027-main.pdf,SUCCESS,FULL,41.04s
1-s2.0-S2666592125000022-main.pdf,SUCCESS,FULL,27.90s
1-s2.0-S2666592124000064-main.pdf,SUCCESS,FULL,28.20s
1-s2.0-S2666592125000125-main.pdf,SUCCESS,FULL,44.02s
1-s2.0-S2666592125000435-main.pdf,SUCCESS,FULL,36.30s
1-s2.0-S2666683925000173-main.pdf,SUCCESS,FULL,36.43s
1-s2.0-S2666683925000264-main.pdf,SUCCESS,FULL,36.76s
1-s2.0-S2950629825000013-main.pdf,SUCCESS,FULL,23.50s
1.Alexis DZOKOM 20513.pdf,SUCCESS,FULL,28.89s
10.1007@s11069-019-03638-9.pdf,SUCCESS,FULL,30.18s
10.1007@s40808-019-00641-8.pdf,SUCCESS,FULL,30.18s
10.1016@j.rse.2008.03.018.pdf,SUCCESS,FULL,35.51s
10.21923-jesd.982868-1925180.pdf,SUCCESS,FULL,34.73s
10.2478_jlecol-2023-0011.pdf,SUCCESS,FULL,34.38s
10.1515_geo-2020-0325.pdf,SUCCESS,FULL,36.39s
10.2478_johh-2022-0002.pdf,SUCCESS,FULL,25.15s
10.26833-ijeg.412348-481602.pdf,SUCCESS,FULL,25.45s
10.2478_mgr-2013-0005.pdf,SUCCESS,FULL,26.53s
10.30897-ijegeo.794723-1289664.pdf,SUCCESS,FULL,39.86s
10.3934_environsci.2025004.pdf,SUCCESS,FULL,32.49s
10.pdf,SUCCESS,FULL,19.19s
100010_1_online.pdf,SUCCESS,FULL,20.86s
102published_book.pdf,SUCCESS,FULL,14.53s
100051G.pdf,SUCCESS,FULL,17.59s
107830P.pdf,SUCCESS,FULL,23.20s
1034-Article Text-1513-1-10-20230929.pdf,SUCCESS,FULL,32.51s
10_ApplicationofArtificialNeuralNetworks – копія.pdf,SUCCESS,FULL,24.64s
10_ApplicationofArtificialNeuralNetworks.pdf,SUCCESS,FULL,34.30s
10_strapazan.pdf,SUCCESS,FULL,21.70s
11.pdf,SUCCESS,FULL,31.73s
1159244.pdf,SUCCESS,FULL,19.24s
1124-9390_32_4_2024_451-462.pdf,SUCCESS,FULL,46.84s
1149-Article Text-2053-1-10-20220809.pdf,SUCCESS,FULL,34.67s
11_Buksha_138-145.pdf,SUCCESS,FULL,36.63s
117641-WP-v3-ZM-ClimateRisk-Hydro-Appendices-PUBLIC.pdf,SUCCESS,FULL,43.29s
13DeterminationofMeanVelocityandDischarge – копія.pdf,SUCCESS,FULL,20.31s
13DeterminationofMeanVelocityandDischarge.pdf,SUCCESS,FULL,17.47s
12286613.pdf,SUCCESS,FULL,44.52s
120482-WP-P156643-PUBLIC-108p-WBFloodReportOct.pdf,SUCCESS,FULL,46.50s
13_14.pdf,SUCCESS,FULL,28.42s
14-EQ35-2-Ghouri+et+al_149-159.pdf,SUCCESS,FULL,27.47s
14844-24642-1-SM.pdf,SUCCESS,FULL,26.72s
13_AK-8-4-25ImpactsofClimateVariabilityonHydrologicalExtremes-DroughtsandFloodsinaChangingClimate.pdf,SUCCESS,FULL,29.76s
14856-1-27736-1-10-20150813.pdf,SUCCESS,FULL,4.85s
14IJAERS-DEC-2017-18-ForecastingofSuspendedSediment1 – копія.pdf,SUCCESS,FULL,12.77s
14IJAERS-DEC-2017-18-ForecastingofSuspendedSediment1.pdf,SUCCESS,FULL,12.06s
15566.06-17-30-361-10-H04_Hipsey_2013_v6CORR.pdf,SUCCESS,FULL,28.63s
151239.pdf,SUCCESS,FULL,31.79s
"16,1603+VTM+__compressed-1.pdf",SUCCESS,FULL,35.77s
1584.pdf,SUCCESS,FULL,45.08s
16_3_17.pdf,SUCCESS,FULL,27.64s
16_Daide_Beht_EEET_2022_1.pdf,SUCCESS,FULL,31.18s
16_RS_Object_Based.pdf,SUCCESS,FULL,32.61s
173-ResearchInstrument-673-1-10-20231016.pdf,SUCCESS,FULL,23.79s
1706_1566915685.pdf,SUCCESS,FULL,30.54s
180_farahmand-2015.pdf,SUCCESS,FULL,2.45s
173940.pdf,SUCCESS,FULL,28.31s
17783-ArticleText-74399-1-10-20231011.pdf,SUCCESS,FULL,16.11s
1807.pdf,SUCCESS,FULL,14.44s
184-Article Text-530-1-10-20200117.pdf,SUCCESS,FULL,10.54s
18144.pdf,SUCCESS,FULL,16.32s
1911.00103.pdf,SUCCESS,FULL,20.04s
191393_doc.pdf,SUCCESS,FULL,29.52s
198-Article Text-323-3-10-20200427.pdf,SUCCESS,FULL,25.17s
199939045.pdf,SUCCESS,FULL,30.45s
1Deo44423 – копія.pdf,SUCCESS,FULL,23.18s
1Deo44423.pdf,SUCCESS,FULL,20.16s
1a3623bea4d485d259e1312b76e797c952fa.pdf,SUCCESS,FULL,25.14s
2-50-1600669173-24IJASRAUG202024.pdf,SUCCESS,FULL,21.35s
2-nagraj-patil-runoff-prediction-e3-session.pdf,SUCCESS,FULL,16.15s
2000-TokarMarkus.pdf,SUCCESS,FULL,15.38s
1ac12c5c-efa4-46cb-97a6-99cfebd0f283.pdf,SUCCESS,FULL,30.89s
2006.11555.pdf,SUCCESS,FULL,21.81s
2006Paper11.pdf,SUCCESS,FULL,20.35s
20100032014.pdf,SUCCESS,FULL,31.66s
2010-WEEINK-MASTER.pdf,SUCCESS,FULL,31.97s
2011_ImpactofhumanactivityonstreamflowintheHuaiheRiverBasinChina-analysisandsimulation.pdf,SUCCESS,FULL,26.43s
20110007292.pdf,SUCCESS,FULL,31.46s
2012133636.pdf,SUCCESS,FULL,18.31s
20170321_Xie.pdf,SUCCESS,FULL,4.20s
2013-JHE-EffectsofVegetationCoveronHydrologicalProcessesinalargebasin.pdf,SUCCESS,FULL,19.24s
20170712_Morning.pdf,SUCCESS,FULL,16.35s
20140009993.pdf,SUCCESS,FULL,24.83s
20190926TUM-CRBM_paper-TUC-2019_reviewed_Final.pdf,SUCCESS,FULL,24.46s
2018-front-matter.pdf,SUCCESS,FULL,25.21s
2020-front-matter.pdf,SUCCESS,FULL,15.78s
2021.12.23-HYDRO-Paper.pdf,SUCCESS,FULL,16.17s
2023GRL-Wang-ChangesInHumanFloodDistance.pdf,SUCCESS,FULL,33.53s
2023Warachowska_et_al_JFRM.pdf,SUCCESS,FULL,34.32s
21042.pdf,SUCCESS,FULL,29.63s
20537312.pdf,SUCCESS,FULL,38.61s
219_xxxviii-part7a.pdf,SUCCESS,FULL,21.94s
2193-2697-3-11.pdf,SUCCESS,FULL,23.52s
22.pdf,SUCCESS,FULL,20.42s
220503maket-5-15.pdf,SUCCESS,FULL,22.77s
2220-5318-1-SM.pdf,SUCCESS,FULL,15.99s
222.pdf,SUCCESS,FULL,25.02s
2354.pdf,SUCCESS,FULL,40.56s
236412618.pdf,SUCCESS,FULL,30.05s
2379.pdf,SUCCESS,FULL,35.65s
23_reference.pdf,SUCCESS,FULL,28.08s
26459823.pdf,SUCCESS,FULL,1.56s
2402-4438-2-PB.pdf,SUCCESS,FULL,32.82s
2401.17759v4.pdf,SUCCESS,FULL,33.79s
2511.pdf,SUCCESS,FULL,33.38s
268-633-1-SM.pdf,SUCCESS,FULL,31.13s
2_★sms19_2611_20191220最終.pdf,SUCCESS,FULL,20.28s
30.pdf,SUCCESS,FULL,14.58s
2D-HEC-RAS_Modeling_of_Flood_Wave_Propagation_in_a.pdf,SUCCESS,FULL,26.51s
2df741c2-ee9c-44f1-84f8-5d57e4ae2102.pdf,SUCCESS,FULL,16.04s
30531-110581-1-PB.pdf,SUCCESS,FULL,13.39s
33703_actionplanweb14.06cs1.pdf,SUCCESS,FULL,13.73s
3341105.3374023.pdf,SUCCESS,FULL,23.13s
32f22ccc-d5d4-4d64-afb7-dc07ce860c02.pdf,SUCCESS,FULL,24.04s
33449963.pdf,SUCCESS,FULL,25.02s
35469147.pdf,SUCCESS,FULL,32.77s
34eec009-cc32-445f-9ed4-d3857d805b3e.pdf,SUCCESS,FULL,34.58s
371-Article Text-634-2-10-20240104.pdf,SUCCESS,FULL,30.42s
36-53-Shevchuk-017.pdf,SUCCESS,FULL,32.54s
3_disaster_risk_resilience.pdf,SUCCESS,FULL,12.26s
37773492.pdf,SUCCESS,FULL,16.73s
37750757.pdf,SUCCESS,FULL,16.76s
3744743.pdf,SUCCESS,FULL,24.28s
415-Текст статті-1440-1-10-20180925-1.pdf,SUCCESS,FULL,13.98s
415-Текст статті-1440-1-10-20180925.pdf,SUCCESS,FULL,14.20s
4039-Article Text-22695-1-10-20250404.pdf,SUCCESS,FULL,20.74s
4_Kon.pdf,SUCCESS,FULL,2.56s
4165-Article Text-24107-1-10-20250605.pdf,SUCCESS,FULL,30.71s
43766ce9-dbf4-4a8a-9578-8b7dea439ffd.pdf,SUCCESS,FULL,25.13s
48253_1.pdf,SUCCESS,FULL,25.09s
4jan.pdf,SUCCESS,FULL,18.91s
4ddc1005a9b58ecaff94006c2188dc80da32.pdf,SUCCESS,FULL,39.54s
4e8ce6e3c5153970dd2101069163199ec993.pdf,SUCCESS,FULL,27.05s
50-58-3719-Ansori-July-2023-107 (2).pdf,SUCCESS,FULL,29.42s
50-58-3719-Ansori-July-2023-107.pdf,SUCCESS,FULL,30.26s
5173984.pdf,SUCCESS,FULL,30.10s
52631699.pdf,SUCCESS,FULL,35.76s
52752108.pdf,SUCCESS,FULL,32.79s
52752374.pdf,SUCCESS,FULL,26.56s
52755656.pdf,SUCCESS,FULL,28.96s
52755846.pdf,SUCCESS,FULL,22.53s
537754032.pdf,SUCCESS,FULL,25.20s
53b4a7d946d5da787dddd52eb2df91bb2b9e.pdf,SUCCESS,FULL,20.23s
54cb18_eb676847ee5a468aa34df4e6184b8139.pdf,SUCCESS,FULL,24.57s
5743cdbc79b05.pdf,SUCCESS,FULL,25.30s
55808192.pdf,SUCCESS,FULL,31.08s
6-3-19-699.pdf,SUCCESS,FULL,24.54s
6-JWC-D-21-00072.pdf,SUCCESS,FULL,20.83s
61008633.pdf,SUCCESS,FULL,19.61s
61010883.pdf,SUCCESS,FULL,20.21s
6695-ArticleText-22735-1-10-20210429.pdf,SUCCESS,FULL,14.90s
6_Kon.pdf,SUCCESS,FULL,7.29s
67b40ee905e06.pdf,SUCCESS,FULL,26.83s
686258.pdf,SUCCESS,FULL,18.21s
6_FloodForecastingANNFuzzy_JournalofHydrolEngg_Mukerjietal_2009.pdf,SUCCESS,FULL,23.73s
707-Article Text-1819-2-10-20211104.pdf,SUCCESS,FULL,23.62s
77b768dc7dd066a685b9ef643192888d.pdf,SUCCESS,FULL,9.13s
70738-439555-1-PB.pdf,SUCCESS,FULL,44.24s
73f35743675976fd2d8023e3559e67e9e61b.pdf,SUCCESS,FULL,64.28s
712.pdf,SUCCESS,FULL,81.41s
7_Sina_Alaghmand__Rozi_bin_Abdullah__Ismail_Abustan__Esmaeil_Kordi_&_Behdokht_Vosoogh_OK_FINAL.pdf,SUCCESS,FULL,44.93s
7_Runoff Analysis using Satellite Data for Regional Flood Assessment - Spatial and Time Series Bias Correction of Satellite Data -.pdf,SUCCESS,FULL,65.88s
803-2719-1-PB.pdf,SUCCESS,FULL,22.87s
807-Article Text-1272-1-10-20210717.pdf,SUCCESS,FULL,18.33s
86409ab675880095ebeec5902ac5bde1c512.pdf,SUCCESS,FULL,28.98s
9-1-509-578.pdf,SUCCESS,FULL,27.84s
94_2016-005.pdf,SUCCESS,FULL,30.41s
962acf9ce1d0d611d5889a42774455089239.pdf,SUCCESS,FULL,46.67s
978-3-89958-758-6.volltext.frei.pdf,SUCCESS,FULL,91.51s
9833207.pdf,SUCCESS,FULL,33.71s
978-3-030-73569-2.pdf,SUCCESS,FULL,236.49s
A GIS-based Hydrologic Model for Flood Prediction and Watershed Management ( PDFDrive ).pdf,SUCCESS,FULL,84.48s
978-3-031-04129-7.pdf,SUCCESS,FULL,238.36s
A Tool for Modeling Phosphate Loading from Hydrologic Runoff using Multi-Criteria Analysis and ( PDFDrive ).pdf,SUCCESS,FULL,16.08s
A Stormwater Management Model for California Polytechnic State Un.pdf,SUCCESS,FULL,17.76s
A Tool for Modeling Phosphate Loading from Hydrologic Runoff using Multi-Criteria Analysis and ... ( PDFDrive ).pdf,SUCCESS,FULL,26.31s
A hybrid approach for enhanced flood prediction and assessment  Leveraging physical models  deep learning and satellite remote sensing.pdf,SUCCESS,FULL,49.47s
A flood knowledge-constrained large language model interactable with GIS  enhancing public risk perception of floods.pdf,SUCCESS,FULL,65.03s
A modeling approach for operational flash flood forecasting for small-scale watersheds in central ( PDFDrive ).pdf,SUCCESS,FULL,68.29s
A systematic analysis of remote sensing and geographic information system applications for flood disaster risk management.pdf,SUCCESS,FULL,26.37s
A particle-set distributed hydrological model for the dynamic simulation of surface runoff ( PDFDrive ).pdf,SUCCESS,FULL,42.83s
978-3-031-39675-5.pdf,SUCCESS,FULL,348.01s
A wavelet-neural network hybrid modelling approach for estimating and predicting river monthly flows.pdf,SUCCESS,FULL,31.88s
A-Deep-Learning-Based-Classifier-for-Remote-Sensing-Images.pdf,SUCCESS,FULL,21.64s
A-Framework-on-Fast-Mapping-of-Urban-Flood-Based-on-a-Multi-Objective-Random-Forest-Model.pdf,SUCCESS,FULL,24.51s
A-comparative-technical-study-for-estimating-seeped-water-f_2023_Ain-Shams-E.pdf,SUCCESS,FULL,31.46s
A-flood-expert-system-using-machine-learning-and-IoT-warning-detection-and-prediction.pdf,SUCCESS,FULL,23.65s
A-framework-for-using-event-evolutionary-graphs-to-rapidly-assess-the-vulnerability-of-urban.pdf,SUCCESS,FULL,29.55s
A-hybrid-novel-framework-for-flood-disaster-risk-control-in-developing-countries-based-on.pdf,SUCCESS,FULL,28.41s
ACE_FP_AKAY_BADUNA_YANMAZ.pdf,SUCCESS,FULL,24.69s
A-smart-sustainable-system-for-flood-damage-management-with-the-application-of-artificial.pdf,SUCCESS,FULL,26.53s
AJCC_2015051815491169.pdf,SUCCESS,FULL,31.37s
AI-Powered_Digital_Twin_Framework_for_Land_Use_Change_in_Disaster_Affected_Regions.pdf,SUCCESS,FULL,40.81s
AMAZON_river.pdf,SUCCESS,FULL,37.00s
APPLICABILLITY_OF_THE_HEC_HMS_MODEL_IN_A.pdf,SUCCESS,FULL,38.04s
A_Critical_Review_of_Hydrological_Modeli.pdf,SUCCESS,FULL,26.57s
ASCEHY.1943-7900_PAPER.pdf,SUCCESS,FULL,34.76s
A_Framework_to_Assess_Remote_Sensing_Algorithms_for_Satellite-Based_Flood_Index_Insurance.pdf,SUCCESS,FULL,37.08s
A_Dilemma_between_Flood_and_Drought_Management_Cas.pdf,SUCCESS,FULL,45.00s
A_Global_ETCCDI-Based_Precipitation_Climatology_fr.pdf,SUCCESS,FULL,33.83s
A_Model_for_Land_Cover_Ecological_State_Assessment_of_Southern_Ukraine_Based_on_Remote_Data_for_Analyzing_the_Consequences_of_the_Kakhovka_Reservoir_Shallowing.pdf,SUCCESS,FULL,33.62s
A_Neural_Network_Based_Rainfall_Forecast.pdf,SUCCESS,FULL,14.64s
A_Multi-Input_Convolutional_Neural_Networks_Model_.pdf,SUCCESS,FULL,26.07s
A_Novel_Approach_for_Gaussian_Mixture_Model_Clustering_Based_on_Soft_Computing_Method.pdf,SUCCESS,FULL,25.89s
A_Rainfall_Model_Based_on_a_Geographically_Weighte.pdf,SUCCESS,FULL,28.68s
A_Review_on_Rainfall_Prediction_using_Ma.pdf,SUCCESS,FULL,33.71s
A_combined_hydrological_and_hydraulic_modelling_ap.pdf,SUCCESS,FULL,29.19s
A_comparative_analysis_of_training_metho (1).pdf,SUCCESS,FULL,21.15s
A_comparative_analysis_of_training_metho.pdf,SUCCESS,FULL,24.65s
A_comparison_of_artificial_neural_networks_for_pre.pdf,SUCCESS,FULL,23.58s
A_comparative_study_of_landslide_susceptibility_ma.pdf,SUCCESS,FULL,24.80s
A_comparison_between_artificial_neural_n.pdf,SUCCESS,FULL,24.57s
A_conceptual_modeling_of_ecological_grey.pdf,SUCCESS,FULL,23.64s
A_first_assessment_of_the_effect_of_storm_climate_.pdf,SUCCESS,FULL,25.66s
A_coupled_hydrodynamic_HEC-RAS_2D_and_water_qualit.pdf,SUCCESS,FULL,27.16s
A_deep_learning_technique_based_flood_propagation_.pdf,SUCCESS,FULL,34.98s
A_historical_flash_flood_chronology_for_Britain.pdf,SUCCESS,FULL,35.00s
A_neural_network_approach_for_prediction.pdf,SUCCESS,FULL,30.99s
A_new_multi-criteria_framework_to_identify_optimal.pdf,SUCCESS,FULL,31.00s
A_novel_approach_for_determining_integrated_water_.pdf,SUCCESS,FULL,23.34s
A_novel_hybrid_GIS_-based_multi-criteria_decision-.pdf,SUCCESS,FULL,28.21s
A_novel_hybrid_neural_network_based_on_c.pdf,SUCCESS,FULL,31.50s
A_novel_simulation-optimization_strategy_for_stoch.pdf,SUCCESS,FULL,31.71s
A_numerical_coupled_atmospheric-hydrologic_modelin.pdf,SUCCESS,FULL,32.04s
A_rainfall_prediction_model_using_artifi.pdf,SUCCESS,FULL,25.68s
A_runoff_map_based_on_numerically_simulated_precip.pdf,SUCCESS,FULL,23.30s
A_rainfall_runoff_model_using_artificial.pdf,SUCCESS,FULL,26.40s
A_study_of_optimal_model_lag_and_spatial.pdf,SUCCESS,FULL,20.92s
A_standardised_inventory_for_New_Zealands_stopban.pdf,SUCCESS,FULL,29.23s
Accuracy_evaluation_of_two_high-resolution_satelli.pdf,SUCCESS,FULL,24.41s
Adaptive_Predicting_of_Weather_Forecasti.pdf,SUCCESS,FULL,27.19s
Adapting the SCS Method for Estimating Runoff in Shallow Water Ta.pdf,SUCCESS,FULL,31.13s
Adesina-Interagencydeploymentofasharedlowcostfloodmonitoringsystem.pdf,SUCCESS,FULL,29.97s
Adilah_2019_IOP_Conf._Ser.__Earth_Environ._Sci._244_012014.pdf,SUCCESS,FULL,16.47s
AdoptingSentinel-1SARDataforFloodMappingACaseStudyofBornoStateNortheasternNigeria.pdf,SUCCESS,FULL,14.54s
Advanced_Hydro-Informatic_Modeling_Through_Feedforward_Neural_Network_Federated_Learning_and_Explainable_AI_for_Enhancing_Flood_Prediction.pdf,SUCCESS,FULL,43.09s
AdvancesinRemoteSensingandGeoInforIndusBasinGroundwater.pdf,FAIL,HTTP_503,250.11s
Afloodforecastingneuralnetworkmodelwithgeneticalgorithm.pdf,FAIL,HTTP_503,10.75s
Agashua_2023_IOP_Conf._Ser.__Earth_Environ._Sci._1178_012022.pdf,FAIL,HTTP_503,11.80s
Agent-based_simulator_of_dynamic_flood-people_inte.pdf,FAIL,HTTP_503,11.23s
Ahmadi_2025_Environ._Res._Commun._7_065031.pdf,FAIL,HTTP_503,11.68s
Alleviation-of-the-transients-induced-in-large-photovol_2023_Ain-Shams-Engin.pdf,FAIL,HTTP_503,11.56s
Alrammahi_2022_IOP_Conf._Ser.__Earth_Environ._Sci._1120_012007.pdf,FAIL,HTTP_503,12.64s
Adjustment Computations_ Spatial Data Analysis ( PDFDrive ).pdf,FAIL,TIMEOUT,368.67s
"Advances in Photogrammetry, Remote Sensing and Spatial Information Sciences_ 2008 ISPRS Congress Book (International Society for Photogrammetry and Remote Sensing (Isprs.pdf",FAIL,TIMEOUT,369.70s
American_Journal_of_Engineering_Research.pdf,FAIL,HTTP_503,11.76s
An Examination of Distributed Hydrologic Modeling Methods as Comp.pdf,FAIL,HTTP_503,11.85s
"Advances in Remote Sensing and Geo Informatics Applications_ Proceedings of the 1st Springer Conference of the Arabian Journal of Geosciences (CAJG-1), Tunisia 2018 ( PD.pdf",FAIL,TIMEOUT,368.38s
An artificial neural network approach to rainfall-runoff modelling.pdf,FAIL,HTTP_503,12.39s
An_Artificial_Neural_Network_Model_for_R.pdf,FAIL,HTTP_503,12.50s
An_Investigation_of_Artificial_Neural_N.pdf,FAIL,HTTP_503,14.62s
Analisis_Debit_Rencana_Tukad_Unda_Bagian_Hilir_Men.pdf,FAIL,HTTP_503,12.59s
Analysis Of Semi-Distributed And Global Hydrological Models In Th.pdf,FAIL,HTTP_503,12.45s
Analysis of the riverbed backscattered signal registered by ADCPs in different bedload transport conditions   field application.pdf,FAIL,HTTP_503,14.28s
Analysis_of_flood_impacts_on_masonry_structures_an.pdf,FAIL,HTTP_503,13.84s
Ann NY Acad Sci - 2024 - Rosenzweig - NPCC4  Climate change and New York City s flood risk.pdf,FAIL,HTTP_503,14.13s
Ansori_2023_IOP_Conf._Ser.__Earth_Environ._Sci._1276_012034.pdf,FAIL,HTTP_503,11.04s
Ann_Back_Propagation_For_Forecasting_And.pdf,FAIL,HTTP_503,14.08s
Application of Physically Based Semi-Distributed Hec-Hms Model fo.pdf,FAIL,HTTP_503,11.92s
Appendix D Rainfall-runoff model summaries ( PDFDrive ).pdf,FAIL,HTTP_503,14.38s
Application of an Artificial Neural Network in Reactor Thermohydraulic Problem  Prediction of Critical Heat Flux.pdf,FAIL,HTTP_503,13.15s
Application of Satellite-Based Precipitation Estimates to Rainfall-Runoff Modelling in a Data-Scarce ( PDFDrive ).pdf,FAIL,HTTP_503,15.41s
Application_of_ANN_for_the_Hydrological.pdf,FAIL,HTTP_503,11.75s
Application of satellite remote sensing imagery to bridge scour e.pdf,FAIL,HTTP_503,14.74s
Application_of_Artificial_Neural_Networks_ANNs_for.pdf,FAIL,HTTP_503,12.20s
Application_of_HEC-HMS_modelling_on_River_Stor (1).pdf,FAIL,HTTP_503,13.12s
Application_of_HEC-HMS_modelling_on_River_Stor.pdf,FAIL,HTTP_503,12.78s
Application_of_HEC_HMS_RAS_and_GIS_Tools.pdf,FAIL,HTTP_503,12.46s
Application_of_Standard_Models_and_Artif.pdf,FAIL,HTTP_503,11.94s
Application_of_artificial_neural_network.pdf,FAIL,HTTP_503,11.55s
Application_of_remote_sensing_and_Geogra.pdf,FAIL,HTTP_503,13.40s
Application_of_the_HEC_HMS_model_for_run.pdf,FAIL,HTTP_503,12.03s
ApplicationofSoilConservationServiceCurveNumberMethodforRunoffEstimationinSebouWatershedMorocco.pdf,FAIL,HTTP_503,11.96s
Applications of TRMM-based Multi-satellite Precipitation ( PDFDrive ).pdf,FAIL,HTTP_503,11.23s
Applied_methodology_based_on_HEC-HMS_for_reservoir.pdf,FAIL,HTTP_503,12.65s
Armain_2021_IOP_Conf._Ser.__Earth_Environ._Sci._646_012046.pdf,FAIL,HTTP_503,12.54s
Art. 5 Rev-5.pdf,FAIL,HTTP_503,11.17s
ArticleFloodHazardMapping_IJTE.pdf,FAIL,HTTP_503,13.04s
Article_18_Calibration_Verification_and.pdf,FAIL,HTTP_503,14.29s
Artificial neural network approach to flood forecasting in the River Arno.pdf,FAIL,HTTP_503,11.79s
Artificial neural networks and high and low flows in various climate regimes.pdf,FAIL,HTTP_503,13.64s
Artificial neural networks as rainfall-runoff models.pdf,FAIL,HTTP_503,11.82s
Artificial neural networks for sheet sediment transport.pdf,FAIL,HTTP_503,11.62s
ArtificialNeuralNetworkModelforRainfall-Runoff.pdf,FAIL,HTTP_503,12.30s
Artificial_Neural_Network_Methods_Applie.pdf,FAIL,HTTP_503,12.14s
Artificial_Neural_Network_Model_for_Prediction_of_.pdf,FAIL,HTTP_503,14.24s
Artificial_Neural_Network_Modeling_for_R.pdf,FAIL,HTTP_503,12.52s
Artificial_Neural_Network_Modeling_of_Ra.pdf,FAIL,HTTP_503,10.55s
Artificial_Neural_Network_Modelling_of_F.pdf,FAIL,HTTP_503,11.89s
Artificial_Neural_Network_Models_for_Rai.pdf,FAIL,HTTP_503,12.18s
Artificial_Neural_Network_based_Weather.pdf,FAIL,HTTP_503,11.04s
Application_of_Arc-GIS_HEC-GeoHMS_and_HEC-HMS_in_a.pdf,FAIL,HTTP_503,132.32s
Artificial_Neural_Network_for_Daily_Wate.pdf,FAIL,HTTP_503,11.66s
Artificial_Neural_Networks_Based_Daily_R.pdf,FAIL,HTTP_503,13.06s
Artificial_neural_network_application_in.pdf,FAIL,HTTP_503,11.51s
Artificial_neural_network_for_precipitat.pdf,FAIL,HTTP_503,12.10s
Artificial_neural_network_technique_for.pdf,FAIL,HTTP_503,11.30s
Artificial_neural_networks_for_estimatin.pdf,FAIL,HTTP_503,12.00s
Asadietal.pdf,FAIL,HTTP_503,13.40s
Assessing_Greek_small_and_medium-sized_enterprises.pdf,FAIL,HTTP_503,10.74s
Artificial_Neural_Network_Model_for_Rain.pdf,SUCCESS,FULL,91.71s
Ashenafi_dissertation_2014_online.pdf,SUCCESS,FULL,74.24s
AshikIqbal_EffectivenessofDEMsforFloodModeling_jfr3.12937.pdf,SUCCESS,FULL,72.38s
Assessment of interfacial turbulence treatment models for free surface flows.pdf,SUCCESS,FULL,57.73s
Assessment_and_prediction_of_flood_hazards_using_s.pdf,SUCCESS,FULL,55.40s
Assessment_of_Stream_Hydrological_Respon.pdf,SUCCESS,FULL,27.64s
Assessment_of_Satellite_and_Radar_Quantitative_Pre.pdf,SUCCESS,FULL,31.38s
Assessment_of_climate_change_impact_on_hydro-clima.pdf,SUCCESS,FULL,30.81s
Assessment_of_rainfall-runoff_process_using_Arc-GI.pdf,SUCCESS,FULL,28.28s
Automatic_identification_of_buildings_vulnerable_t.pdf,SUCCESS,FULL,40.51s
AutomatingHECRASandLinkingwithParticleSwarm.pdf,SUCCESS,FULL,40.48s
"Atmospheric and Space Flight Dynamics_ Modeling and Simulation with MATLAB® and Simulink® (Modeling and Simulation in Science, Engineering and Technology) ( PDFDrive ).pdf",SUCCESS,FULL,48.79s
Aysa Hanfare thesis.pdf,SUCCESS,FULL,36.76s
Ayumi_2023_IOP_Conf._Ser.__Earth_Environ._Sci._1233_012055.pdf,SUCCESS,FULL,14.29s
Azizetal_SERRA_offprint.pdf,SUCCESS,FULL,16.46s
Backpropagation_Method_to_Predict_Rainfa.pdf,SUCCESS,FULL,20.86s
BLT.23.290243.pdf,SUCCESS,FULL,25.80s
Basarudin_2014_IOP_Conf._Ser.__Earth_Environ._Sci._18_012084.pdf,SUCCESS,FULL,24.38s
Baynes_23430.pdf,SUCCESS,FULL,34.27s
BenKhlifa-Mosbahi2021_Article_ModelingOfRainfall-runoffProce.pdf,SUCCESS,FULL,33.72s
Beck_2016-2.pdf,SUCCESS,FULL,44.04s
Besaw_2010_Journal_of_Hydrology.pdf,SUCCESS,FULL,37.76s
BookChapter.ID_63857_6x9.pdf,SUCCESS,FULL,27.40s
Best practice in coastal flood forecasting (PDF 4.71 MB) ( PDFDrive ).pdf,SUCCESS,FULL,47.24s
Beyond-flood-hazard-Mapping-the-loss-probability-of-pedestrians-to-improve-risk-estimation.pdf,SUCCESS,FULL,45.70s
BookofAbstractANASIGG.pdf,SUCCESS,FULL,42.93s
CALIBRATION_ANALYSIS_OF_RAIN_DISCHARGE_MODELING_IN.pdf,SUCCESS,FULL,23.22s
C529.pdf,SUCCESS,FULL,24.44s
COMPARATIVE_ANALYSIS_OF_THE_PERFORMANCE.pdf,SUCCESS,FULL,19.32s
Cahyono_2021_IOP_Conf._Ser.__Earth_Environ._Sci._794_012057.pdf,SUCCESS,FULL,11.90s
Calibration and Validation of a Regional Climate Model for Pan-Ar.pdf,SUCCESS,FULL,29.91s
Can_Satellite_Precipitation_Products_Estimate_Prob.pdf,SUCCESS,FULL,35.67s
Can_hydrological_models_benefit_from_using_global_.pdf,SUCCESS,FULL,39.16s
Cannon_GPM_2017_Accepted.pdf,SUCCESS,FULL,38.13s
Carbon-emission-estimation-at-the-urban-functional-zone-scale-Integrating-multi-source-data.pdf,SUCCESS,FULL,30.81s
Cascade_correlation_artificial_neural_ne.pdf,SUCCESS,FULL,24.96s
Characterising the regional growth of o.pdf,FAIL,HTTP_500,16.90s
Catani_et_al_2005_Landslides.pdf,SUCCESS,FULL,35.44s
Changes_in_flooding_in_the_alpine_catchments_of_th.pdf,SUCCESS,FULL,66.22s
Check dam layout optimization on the stream network for flood mitigation  surrogate modelling with uncertainty handling.pdf,SUCCESS,FULL,44.96s
Charlier-HESS-2009_{9B3527A3-2C15-4FA7-843F-A81113233371}.pdf,SUCCESS,FULL,49.64s
Chapter_Springer.pdf,SUCCESS,FULL,67.36s
Ciurte.pdf,SUCCESS,FULL,31.13s
Ciurte1.pdf,SUCCESS,FULL,31.27s
Climate-change-and-flood-vulnerability-and-community-resilience.pdf,SUCCESS,FULL,55.70s
Climate_change_allowances_non-stationarity_and_flo.pdf,SUCCESS,FULL,27.21s
Climate_change_impacts_on_flood_peaks_in_Britain_f.pdf,SUCCESS,FULL,28.66s
Cities and Flooding_ A Guide to Integrated Urban Flood Risk ( PDFDrive ).pdf,FAIL,HTTP_500,74.90s
CompStudyHydrology.pdf,SUCCESS,FULL,23.16s
Comparative_Performance_Evaluation_of_HEC-HMS_and_.pdf,SUCCESS,FULL,29.32s
Comparative_analysis_of_neural_network_t.pdf,SUCCESS,FULL,31.22s
Comparative_analysis_of_routed_flood_frequency_for.pdf,SUCCESS,FULL,34.49s
Comparative_study_among_different_neural.pdf,SUCCESS,FULL,26.90s
Comparing 2D capabilities of HEC-RAS and LISFLOOD-FP on complex topography.pdf,SUCCESS,FULL,24.16s
Comparing the Effectiveness of Rain Barrels and Detention Ponds o.pdf,SUCCESS,FULL,34.47s
Comparison_of_Different_Analyzing_Techni.pdf,SUCCESS,FULL,30.32s
Comparison_of_Rainfall-Runoff_Simulation_between_S.pdf,SUCCESS,FULL,30.74s
Comparison_of_different_objective_weighting_method.pdf,SUCCESS,FULL,25.54s
Comparison_of_neural_network_configurati.pdf,SUCCESS,FULL,17.82s
Comparison_of_genetic_programming_and_HEC-HMS_as_a.pdf,SUCCESS,FULL,18.30s
ComparisonofSWATandHECHMSmodelperformanceinsimulatingcatchmentrunoff.pdf,SUCCESS,FULL,22.51s
Comparison_of_several_flood_forecasting.pdf,SUCCESS,FULL,24.11s
Computer aided Civil Eng - 2024 - Nofal - Community‐level post‐hazard functionality methodology for buildings exposed to.pdf,SUCCESS,FULL,33.41s
Conformable-double-Sumudu-transformations-an-efficient-ap_2023_Ain-Shams-Eng.pdf,SUCCESS,FULL,38.07s
ConnectionofPrivateRemoteSensingMarketwith.pdf,SUCCESS,FULL,23.97s
Continuous_Soil_Moisture_Accounting_in_t.pdf,SUCCESS,FULL,42.45s
Country-wide_flood_exposure_analysis_using_Sentine.pdf,SUCCESS,FULL,26.63s
Coupling_a_land_surface_model_with_a_hydrodynamic_.pdf,SUCCESS,FULL,32.97s
Critical_flows_in_semi-alluvial_channels_during_ex.pdf,SUCCESS,FULL,39.95s
Cullmann2006.pdf,SUCCESS,FULL,27.73s
Customising_flood_damage_functions_to_estimate_the.pdf,SUCCESS,FULL,28.54s
D8C460F38071.pdf,SUCCESS,FULL,22.61s
DEVELOPMENTOFINUNDATIONMAPFORHYPOTHETICALASADAMBREAKUSINGHEC-RASANDARCGIS.pdf,SUCCESS,FULL,14.40s
DEVELOPMENT_OF_HYDROLOGICAL_MODELLING_USING_HEC-HM.pdf,SUCCESS,FULL,14.18s
Dahl_SedHyd2023_RainOnSnow.pdf,SUCCESS,FULL,12.76s
Daily_streamflow_forecasting_using_artif.pdf,SUCCESS,FULL,15.28s
DamBreachModeling.pdf,SUCCESS,FULL,15.31s
Data_Mining_Based_on_Neural_Networks_for.pdf,SUCCESS,FULL,20.26s
Data quality and uncertainty issues in flood prediction  a systematic review.pdf,SUCCESS,FULL,28.19s
Data-driven-typhoon-case-retrieval-method-based-on-spatiotemporal-trajectory-similarity-and.pdf,SUCCESS,FULL,28.17s
DeepSAR Flood Mapper  global flood mapping on google earth engine cloud platform using MLP deep learning model with Sentinel-1 SAR imagery and HAND to.pdf,SUCCESS,FULL,33.86s
Delineasi_DAS_dan_Elemen_Model_Hidrologi_Menggunak.pdf,SUCCESS,FULL,27.20s
Dependence of annual runoff coefficient.pdf,FAIL,HTTP_500,15.16s
DeepSARFlood-Rapid-and-automated-SAR-based-flood-inundation-mapping-using-vision-transformer.pdf,SUCCESS,FULL,31.24s
Delineation_of_flood-prone_areas_in_cliffed_coasta.pdf,SUCCESS,FULL,32.53s
Depth-damage_curves_for_rail_rapid_transit_infrast.pdf,SUCCESS,FULL,25.98s
Depression threshold control proxy to improve HEC-HMS modeling of depression-dominated watersheds.pdf,SUCCESS,FULL,34.07s
Desensitised flood risk perception to extensive disasters in a marginalised urban kampong in Indonesia.pdf,SUCCESS,FULL,33.74s
Designing_a_Multistage_Flood_Control_Cha.pdf,SUCCESS,FULL,34.33s
Determination_and_application_of_the_wei.pdf,SUCCESS,FULL,12.35s
DeterminationofFloodRiskUsingHEC-RASCaseStudyLowerSakaryaRiverTurkey.pdf,SUCCESS,FULL,12.65s
Developing_a_GIS_and_SEA_based_Methodolo.pdf,FAIL,HTTP_500,11.26s
Development_and_Analysis_of_Artificial_N.pdf,SUCCESS,FULL,20.74s
Development of a novel hybrid multi-boosting neural network model for spatial prediction of urban flood.pdf,SUCCESS,FULL,27.78s
Development_of_Feature_Based_Artificial.pdf,SUCCESS,FULL,22.44s
Development_of_a_new_rainfall-triggering_index_of_.pdf,SUCCESS,FULL,33.85s
Development_of_an_ANN_Based_Model_for_Fo.pdf,SUCCESS,FULL,28.06s
Discharge_prediction_of_circular_and_rec.pdf,SUCCESS,FULL,30.25s
Distributed storage modeling in Soap Creek for flood control and.pdf,SUCCESS,FULL,48.58s
Downward model development of the soil moisture accounting loss m.pdf,SUCCESS,FULL,33.84s
Dissertation_Latt.pdf,SUCCESS,FULL,63.34s
Documento_completo.pdf-PDFA.pdf,SUCCESS,FULL,47.32s
Duration_Rainfall_Forecasting_Modeling_T.pdf,SUCCESS,FULL,15.02s
Drake2009JournalofHydrology.pdf,SUCCESS,FULL,15.77s
EL-TN-10-3.pdf,SUCCESS,FULL,12.14s
EJSR_130_1_04_finale.pdf,SUCCESS,FULL,16.27s
ERDC-TN-EMRRP-EBA-08.pdf,SUCCESS,FULL,7.79s
EWRI_2019_CE572_rainfall_Runoff_modelling.pdf,SUCCESS,FULL,13.17s
EXHIBIT A #3013EURIZON_Prof. Osypov.pdf,SUCCESS,FULL,12.69s
Early_Recognition_of_Rainfall_to_Plan_an.pdf,SUCCESS,FULL,20.20s
Earth s Future - 2023 - Gleick - Rivers and Water Systems as Weapons and Casualties of the Russia‐Ukraine War.pdf,SUCCESS,FULL,24.63s
"Ecological Safety and Balanced Use of Resources,_Vol._16,_No._1,_2025-76-88.pdf",SUCCESS,FULL,27.83s
Ecological_Assessment_and_Operational_Ef.pdf,SUCCESS,FULL,20.48s
Earth s Future - 2025 - Chuphal - Multi‐Day Extreme Precipitation Caused Major Floods in India During Summer Monsoon of.pdf,SUCCESS,FULL,29.38s
Effect_of_climate_change_and_urbanization_on_flood.pdf,SUCCESS,FULL,23.37s
Effects_of_floods_on_infrastructure_users_in_Kenya.pdf,SUCCESS,FULL,28.24s
Effectiveness_of_an_adaptive_flood_management_stra.pdf,SUCCESS,FULL,29.38s
Effects of tributary floodplain on confluence hydrodynamics.pdf,SUCCESS,FULL,31.75s
Effects_of_relative_submergence_and_bed_slope_on_s.pdf,SUCCESS,FULL,21.86s
EmployingDigitalElevationModelDEMforFloodplainmappingwithapplicationsofHEC-HMSHEC-RASandArcGISAReview.pdf,SUCCESS,FULL,26.24s
Enea_et.al-JEPE_2018.pdf,SUCCESS,FULL,31.43s
Enhancement-of-PV-performance-by-using-hybrid-TLB_2023_Ain-Shams-Engineering.pdf,SUCCESS,FULL,28.66s
Enhanced_Surface_Water_Flood_Forecasts_User-led_De.pdf,SUCCESS,FULL,32.03s
Enriching_flood_risk_analyses_with_distributions_o.pdf,SUCCESS,FULL,27.82s
Entropy-measures-of-Y-junction-based-nanostru_2023_Ain-Shams-Engineering-Jou.pdf,SUCCESS,FULL,24.89s
Enhancing flood susceptibility mapping in Meghna River basin by introducing ensemble Naive Bayes with stacking algorithms.pdf,SUCCESS,FULL,34.14s
Eryani_2021_IOP_Conf._Ser.__Earth_Environ._Sci._930_012040.pdf,SUCCESS,FULL,25.17s
Estefania Carmen Aroca Jimenez.pdf,SUCCESS,FULL,31.96s
Estimation  forecasting and extrapolation of river flows by artificial neural networks.pdf,SUCCESS,FULL,33.30s
Estimating-elements-susceptible-to-urban-flooding-using-multisource-data-and-machine-learning.pdf,SUCCESS,FULL,34.33s
Estimation of hydrogeological parameters using physically based hydrological modelling and lithology data in ungauged creek catchments of southern Tai.pdf,SUCCESS,FULL,38.01s
Estimation_of_Bed_Shear_Stress_in_Shallow_Transiti.pdf,SUCCESS,FULL,22.03s
Estimation_of_flood_risk_exposure_with_c.pdf,SUCCESS,FULL,15.42s
Estimation_of_Friction_Factor_in_Pipe_Flow_Using_A.pdf,SUCCESS,FULL,20.41s
Estimation_of_extreme_rainfall_quantiles_at_ungaug.pdf,SUCCESS,FULL,20.11s
Evaluating the performance of HBV  HEC-HMS and ANN models in simulating streamflow for a data scarce high-humid tropical catchment in Tanzania.pdf,SUCCESS,FULL,32.91s
Evaluating_learning_spaces_in_flood_risk_managemen.pdf,SUCCESS,FULL,32.99s
Evaluating_targeted_heuristics_for_vulnerability_a.pdf,SUCCESS,FULL,32.93s
Evaluation_of_HEC_HMS_and_WEPP_for_simul.pdf,SUCCESS,FULL,32.93s
Evaluation_of_evacuation_difficulty_of_urban_resid.pdf,SUCCESS,FULL,19.12s
Evaluation_of_Land_Development_Impact_on.pdf,SUCCESS,FULL,22.50s
Evaluation_of_satellite_precipitation_products_usi.pdf,SUCCESS,FULL,22.09s
Evaluation_of_prediction_capability_of_t.pdf,SUCCESS,FULL,23.80s
Ewme-ICE1998.pdf,SUCCESS,FULL,19.57s
Evaluation_of_the_implications_of_ice-jam_flood_mi.pdf,SUCCESS,FULL,26.36s
ExperimentalandNumericalModellingofWaterWavesinSewerNetworksDuringSewer_SurfaceFlowInteractionUsingaCoupledODE-SWEsolver-JOURNALFLOODRISKMANAGEMENT.pdf,SUCCESS,FULL,25.49s
ExperimentalstudiesandmodeldevelopmentofflowoverArchedLabyrinthWeirsusingGMDHmethod.pdf,SUCCESS,FULL,25.35s
Extreme_flood_reconstruction_by_using_th.pdf,SUCCESS,FULL,27.87s
Exploring_the_role_of_the_long_short-term_memory_m.pdf,SUCCESS,FULL,32.41s
FLOODrisk2020_fullpaper_Guta.pdf,SUCCESS,FULL,25.63s
FINAL_PUBLISHED_on_Line_8-7-14.pdf,SUCCESS,FULL,27.19s
Farakid_Ubaid_Kazim_Al-Masoudi_2021_J._Phys.__Conf._Ser._1818_012001.pdf,SUCCESS,FULL,15.04s
FOSS4G-IndiaA4-format-2015_HydroTool.pdf,SUCCESS,FULL,16.91s
Falaschietal2009t.pdf,SUCCESS,FULL,16.37s
Fatihah_Nor_Azlan_Shah_2022_IOP_Conf._Ser.__Earth_Environ._Sci._1022_012070.pdf,SUCCESS,FULL,15.69s
"Flood Hydrograph Modelıng Studıes By Usıng Gıs And Hec-Hms For Dakar, Senegal.pdf",SUCCESS,FULL,20.84s
Flood Forecasting Using Artificial Neural Networks in Black-Box a.pdf,SUCCESS,FULL,21.44s
Fernando - Combined Sewer Overflow.pdf,SUCCESS,FULL,21.74s
Flood Frequence Analysis of Big Akaki River.pdf,SUCCESS,FULL,21.32s
Flood Modeling of Jemo  River Catchment of Addis Ababa City.pdf,SUCCESS,FULL,25.91s
Flood hazards in an urbanizing watershed in Riyadh  Saudi Arabia.pdf,SUCCESS,FULL,28.77s
Flood hazard analysis and risk assessment using remote sensing  GIS  and AHP techniques  a case study of the Gidabo Watershed  main Ethiopian Rift  Et.pdf,SUCCESS,FULL,28.86s
Flood modelling using the distributed event-based SCS-LR model in the Mediterranean Real Collobrier catchment (1).pdf,SUCCESS,FULL,33.98s
Flood risk and shelter suitability mapping using geospatial technique for sustainable urban flood management  a case study in Palembang city  South Su.pdf,SUCCESS,FULL,29.33s
Flood modelling using the distributed event-based SCS-LR model in the Mediterranean Real Collobrier catchment.pdf,SUCCESS,FULL,34.90s
Flood risk modelling by the synergistic approach of machine learning and best-worst method in Indus Kohistan  Western Himalaya.pdf,SUCCESS,FULL,47.40s
Flood susceptibility mapping in the Yom River Basin  Thailand  stacking ensemble learning using multi-year flood inventory data.pdf,SUCCESS,FULL,48.26s
Flood-After-Fire_California-Toolkit_September-2020-2.pdf,SUCCESS,FULL,34.80s
Flood susceptibility mapping using supervised machine learning models  insights into predictors  significance and models  performance.pdf,SUCCESS,FULL,50.34s
Flood-landslides-forest-fire-and-earthquake-susceptibility-maps-using-machine-learning-techniques.pdf,SUCCESS,FULL,37.22s
Flood-potential-mapping-by-integrating-the-bivariate-statistics-multi-criteria-decision-making.pdf,SUCCESS,FULL,30.98s
Flood-susceptibility-assessment-of-the-Agartala-Urban-Watershed-India-using-Machine-Learning.pdf,SUCCESS,FULL,37.00s
FloodModellingandInundationMappingofMeenachilRiverUsingHEC-RASandHEC-HMSSoftware.pdf,SUCCESS,FULL,2.09s
Flood-susceptible-prediction-through-the-use-of-geospatial-variables-and-machine-learning.pdf,SUCCESS,FULL,28.33s
FloodEstimation.pdf,SUCCESS,FULL,32.50s
FloodModeling05.pdf,SUCCESS,FULL,34.01s
FloodNet-Lite_A_Lightweight_Deep_Learning_for_Flood_Mapping_Using_Remote_Sensing_Data_With_Optimized_UNet_and_Edge_Deployment_Approach_in_6G.pdf,SUCCESS,FULL,33.65s
Flood_Analysis_Using_HEC-RAS_and_HEC-HMS_A_Case_St.pdf,SUCCESS,FULL,44.54s
Flood_Extent_Mapping_An_Integrated_Method_Using_Deep_Learning_and_Region_Growing_Using_UAV_Optical_Data.pdf,SUCCESS,FULL,54.35s
Flood_Forecasting_for_Klang_River_at_Kuala_Lumpur_.pdf,SUCCESS,FULL,23.97s
Flood_Extent_Mapping_in_the_Caprivi_Floodplain_Using_Sentinel-1_Time_Series.pdf,SUCCESS,FULL,37.54s
Flood_Prediction_Model_using_Artificial_Neural_Net.pdf,SUCCESS,FULL,11.03s
Flood_Early_Warning_and_Risk_Modelling.pdf,SUCCESS,FULL,68.15s
Flood_extent_delineation_using_Sentinel.pdf,SUCCESS,FULL,23.71s
Flood_forecasting_methods_for_a_semi-arid_and_semi.pdf,SUCCESS,FULL,23.28s
Flood_hazard_modelling_and_risk_assessment_in_the_Nadi_River_Basin_Fiji_using_GIS_and_MCDA.pdf,SUCCESS,FULL,27.63s
Flood_frequency_analysis_of_Manas_River_Basin_in_C.pdf,SUCCESS,FULL,28.95s
Flood_modelling_using_Artificial_Neural.pdf,SUCCESS,FULL,18.15s
Flood_modelling_of_Air_Bengkulu_Watershed_Indonesi.pdf,SUCCESS,FULL,19.03s
Flood_risk_and_residential_real-estate_prices_Evid.pdf,SUCCESS,FULL,19.53s
Flood_risk_management_and_governance_A_bibliometri.pdf,SUCCESS,FULL,21.50s
Flood_risk_research_for_improving_flood_risk_outco.pdf,SUCCESS,FULL,21.87s
Flood_susceptibility_assessment_for_ungauged_sites.pdf,SUCCESS,FULL,27.94s
Flood_water_level_modelling_and_predicti.pdf,SUCCESS,FULL,15.02s
Floodinundationmapping_Cauvery.pdf,SUCCESS,FULL,14.63s
Flooded area detection and mapping from Sentinel-1 imagery. Complementary approaches and comparative performance evaluation.pdf,SUCCESS,FULL,29.63s
Flooded_and_Irrigation_Area_Monitoring_After_the_Kakhovka_Dam_Disaster_Based_on_Machine_Learning_and_Satellite_Data.pdf,SUCCESS,FULL,26.02s
Flooding_time_nomograph_for_urban_river_flood_pred.pdf,SUCCESS,FULL,36.15s
Flow_Discharge_Determination_In_Straight.pdf,SUCCESS,FULL,19.63s
Floods_Impact_on_Cities_Critical_Infrastructure_A_Case_Study_on_Dubai.pdf,SUCCESS,FULL,28.14s
Forecasting_Rainfall_Distribution_Using.pdf,SUCCESS,FULL,24.00s
Forecasting_reservoir_water_level_based.pdf,SUCCESS,FULL,11.98s
Formulae_of_Sediment_Transport_in_Steady_Flows_Par (1).pdf,SUCCESS,FULL,13.99s
Formulae_of_Sediment_Transport_in_Steady_Flows_Par.pdf,SUCCESS,FULL,19.79s
FrontPageAMIWRE-2021.pdf,SUCCESS,FULL,16.44s
Formulae_of_Sediment_Transport_in_Unsteady_Flows_P.pdf,SUCCESS,FULL,24.30s
Fractal_Characteristic_Analysis_of_Watershed_as_Va.pdf,SUCCESS,FULL,24.16s
Full Thesis (1).pdf,SUCCESS,FULL,33.10s
Full Thesis.pdf,SUCCESS,FULL,32.10s
Full Thesis (2).pdf,SUCCESS,FULL,34.11s
Full_Length_Research_Article_ASSESSMENT.pdf,SUCCESS,FULL,30.79s
GEP_2025 Winter_Vol 35_Issue 4_Pages 1-18.pdf,SUCCESS,FULL,22.97s
GIS_hydrological_models_for_managing_wat.pdf,SUCCESS,FULL,29.13s
GJESM_Volume 5_Issue 1_Pages 1-16.pdf,SUCCESS,FULL,27.88s
GJESM_Volume 5_Issue 2_Pages 139-154.pdf,SUCCESS,FULL,26.89s
Gao_2018_IOP_Conf._Ser.__Earth_Environ._Sci._178_012002.pdf,SUCCESS,FULL,12.76s
GJESM_Volume 5_Issue 4_Pages 399-414.pdf,SUCCESS,FULL,26.48s
GMDH-type_neural_network_approach_for_modeling_the_discharge_coefficient_of.pdf,SUCCESS,FULL,25.25s
GSchoener_Impervious_AcceptedManuscript.pdf,SUCCESS,FULL,29.69s
GeoTerrace-2023-012.pdf,SUCCESS,FULL,19.89s
GeoHealth - 2025 - Sairam - Health‐Related Quality of Life and Everyday Functioning in the Flood‐Affected Population in.pdf,SUCCESS,FULL,29.87s
GeoTerrace-2023-025.pdf,SUCCESS,FULL,18.38s
General shallow water equations  GSWEs .pdf,SUCCESS,FULL,34.56s
GeoTerrace-2023-052.pdf,SUCCESS,FULL,9.30s
GeoTerrace-2023-071.pdf,SUCCESS,FULL,8.17s
GeoTerrace-2023-105.pdf,SUCCESS,FULL,19.39s
Geographic Information System and Remote Sensing Applications in Flood Hazards Management A Review.pdf,SUCCESS,FULL,20.43s
Geohazards_Rasgharib2.pdf,SUCCESS,FULL,33.86s
Geoinformation-mapping-of.pdf,SUCCESS,FULL,34.47s
Geophysical Research Letters - 2025 - Petry - Changes in Flood Magnitude and Frequency Projected for Vulnerable Regions and.pdf,SUCCESS,FULL,39.08s
Geospatial_Flood_Inundation_Modelling_an.pdf,SUCCESS,FULL,18.69s
Geophysical Research Letters - 2025 - Simoes‐Sousa - The May 2024 Flood Disaster in Southern Brazil  Causes  Impacts  and.pdf,SUCCESS,FULL,39.76s
Geoterrace-2022-064.pdf,SUCCESS,FULL,21.79s
Geoterrace-2022-066.pdf,SUCCESS,FULL,8.57s
Gessang_2020_IOP_Conf._Ser.__Mater._Sci._Eng._930_012080.pdf,SUCCESS,FULL,16.41s
Gorbachova_263.pdf,SUCCESS,FULL,13.66s
Going_home_for_tea_and_medals_How_members_of_the_f.pdf,SUCCESS,FULL,35.12s
"Grimaldos Mojica, Manuel Alejandro - 2014.pdf",SUCCESS,FULL,43.67s
Grimm_ndsu_0157D_12211.pdf,SUCCESS,FULL,42.09s
Gunawan_2021_IOP_Conf._Ser.__Earth_Environ._Sci._871_012033.pdf,SUCCESS,FULL,41.07s
Gunawan_2021_IOP_Conf._Ser.__Mater._Sci._Eng._1173_012021.pdf,SUCCESS,FULL,22.51s
HEC-HMS_based_rainfall-runoff_model_for_Punpun_riv.pdf,SUCCESS,FULL,17.26s
HYDROLOGICAL_AND_HYDROGEOLOGICAL_CONSEQUENCES_.pdf,SUCCESS,FULL,21.70s
Handayani_2023_IOP_Conf._Ser.__Earth_Environ._Sci._1134_012017.pdf,SUCCESS,FULL,22.59s
Hanan_2020_IOP_Conf._Ser.__Earth_Environ._Sci._426_012019.pdf,SUCCESS,FULL,24.45s
Haris_2016_IOP_Conf._Ser.__Earth_Environ._Sci._32_012022.pdf,SUCCESS,FULL,19.09s
Hassan_2023_IOP_Conf._Ser.__Earth_Environ._Sci._1135_012021.pdf,SUCCESS,FULL,12.19s
Heterogeneous_Data_Fusion_Methods_for_Di.pdf,SUCCESS,FULL,10.88s
Heterogeneous_Dynamic_Graph_Convolutional_Networks_for_Enhanced_Spatiotemporal_Flood_Forecasting_by_Remote_Sensing.pdf,SUCCESS,FULL,12.71s
High-resolution modelling of the grass .pdf,FAIL,HTTP_500,10.83s
HimalDoc2016_Hydrological-Response-and-Reservoir-Operation-Strategy-under-Climate-Change-A-Case-Study-of-Simly-Dam-By-Zubair-Hafeez.pdf,SUCCESS,FULL,32.31s
Hu_2019_IOP_Conf._Ser.__Earth_Environ._Sci._267_032050.pdf,SUCCESS,FULL,31.80s
Hilletal.2023.pdf,SUCCESS,FULL,38.74s
HimalDoc2018_Hydrological_Response_to_Climate_Change.pdf,SUCCESS,FULL,35.84s
Huang_2019_IOP_Conf._Ser.__Earth_Environ._Sci._344_012117.pdf,SUCCESS,FULL,10.82s
Hydro_Paper_Review_2021.pdf,FAIL,HTTP_500,11.77s
Humphreyetal2016JoHHybridANNRG.pdf,SUCCESS,FULL,20.50s
Hydroecological_approach_for_determining.pdf,SUCCESS,FULL,20.15s
Hydrologic_Data_Exploration_and_River_Fl.pdf,SUCCESS,FULL,27.96s
Hydrologic_modeling_of_the_Aliakmon_River_in_Greec.pdf,SUCCESS,FULL,33.80s
Hydrological Impact of Beaver Habitat Restoration in the Milwauke.pdf,SUCCESS,FULL,32.77s
Hydrological_Analysis_by_Artificial_Neur.pdf,SUCCESS,FULL,22.11s
Hydrological assessment of proposed reservoirs in the Sonora River Basin  Mexico  under historical and future climate scenarios.pdf,SUCCESS,FULL,34.35s
Hydrological_Analysis_with_Respect_to_Sp.pdf,SUCCESS,FULL,15.44s
Hydrological_Modelling_Studies_of_Paravar_River_Ba.pdf,SUCCESS,FULL,9.65s
Hydrological_Models_and_Artificial_Neura.pdf,SUCCESS,FULL,26.75s
Hydrological_and_Hydrodynamic_Modeling_for_Flash_F.pdf,SUCCESS,FULL,26.71s
Hydrological_forecast_in_Macae_river_bas.pdf,SUCCESS,FULL,25.37s
HydrologicalmodellingofBhagirathiRiverbasinusingHECHMS.pdf,SUCCESS,FULL,25.33s
IJH-03-00209.pdf,SUCCESS,FULL,49.13s
IJIAS-14-268-04.pdf,SUCCESS,FULL,42.77s
IJH-06-00296.pdf,SUCCESS,FULL,44.70s
IOSR_Journal_of_Engineering_IOSR_JEN_Vol.pdf,SUCCESS,FULL,19.74s
IJIAS-18-203-18.pdf,SUCCESS,FULL,22.15s
IJITK03-2.pdf,SUCCESS,FULL,26.15s
ICTERI-2015-CEUR-WS-Volume.pdf,SUCCESS,FULL,76.44s
IRJMETS312000668802.pdf,SUCCESS,FULL,15.47s
IRJET_A_Review_on_Rainfall_Prediction_us.pdf,SUCCESS,FULL,24.29s
ITM-2016.pdf,SUCCESS,FULL,24.23s
Ibrahim-Bathis-Rainfall-runoffmodelling.pdf,SUCCESS,FULL,36.27s
Identification_of_flood-prone_areas_with_GeoFlood_.pdf,SUCCESS,FULL,37.73s
Identification_of_physical_processes_inh.pdf,SUCCESS,FULL,25.46s
Identification_of_floodwater_source_areas_in_Nepal.pdf,SUCCESS,FULL,32.23s
Identifying_critical_risk_factors_and_responses_of.pdf,SUCCESS,FULL,22.82s
Ikhwanudin_2020_J._Phys.__Conf._Ser._1625_012041.pdf,SUCCESS,FULL,25.25s
Identifying_tree_characteristics_to_determine_the_.pdf,SUCCESS,FULL,27.64s
Impact_Assessment_of_Flood_Events_Based_on_Multisource_Satellite_Remote_Sensing_The_Case_of_Kahovka_Dam.pdf,SUCCESS,FULL,33.81s
Impact_of_hydraulic_model_resolution_and_loss_of_l.pdf,SUCCESS,FULL,28.45s
Improving neural network for flood forecasting using radar data on the Upper Ping River.pdf,SUCCESS,FULL,14.72s
Improving satellite-based global rainfa.pdf,FAIL,HTTP_500,17.52s
Improving_Flood_Forecasts_capability_of_Taihang_Pi.pdf,SUCCESS,FULL,17.58s
Improving_flash_flood_risk_assessment_using_a_simp.pdf,SUCCESS,FULL,27.82s
Improving_hydrological_climate_impact_assessments_.pdf,SUCCESS,FULL,32.95s
Increasing_Prediction_Accuracy_with_the.pdf,SUCCESS,FULL,26.33s
Improving_representation_of_collective_memory_in_s.pdf,SUCCESS,FULL,34.53s
Indrawan_2018_J._Phys.__Conf._Ser._978_012036.pdf,SUCCESS,FULL,17.56s
Inflow_Forecast_of_Iranamadu_Reservoir_S.pdf,SUCCESS,FULL,17.87s
InfluenceAnalysisofPeakRateFactor.pdf,SUCCESS,FULL,19.71s
Influenceofverticalmotiononinitiationofsedimentmovement.pdf,SUCCESS,FULL,24.22s
InfluenceDataSources.pdf,SUCCESS,FULL,29.34s
Integrated-Sensor-Networking-for-Estimating-Ground-Water-Potential-in-Scanty-Rainfall-Region.pdf,SUCCESS,FULL,27.66s
Integrated_approach_to_model_decomposed.pdf,SUCCESS,FULL,21.04s
Integrated_flood_management_based_on_Hazard_Analys.pdf,SUCCESS,FULL,26.25s
Integration_of_catastrophe_and_entropy_theories_fo.pdf,SUCCESS,FULL,26.19s
Intercomparison of joint bias correctio.pdf,FAIL,HTTP_500,14.59s
Intelligent_Prediction_of_Flood_Disaster_Risk_Levels_Based_on_Knowledge_Graph_and_Graph_Neural_Networks.pdf,SUCCESS,FULL,32.17s
InternationalConferenceonInnovativeAdvancementinEngineeringandTechnologyIAET-2020.pdf,SUCCESS,FULL,16.16s
Inter_comparison_between_retrospective_e.pdf,SUCCESS,FULL,33.02s
International_Conference_on_Technologies.pdf,SUCCESS,FULL,14.77s
Investigating Instabilities with HEC-RAS Unsteady Flow Modeling f.pdf,SUCCESS,FULL,16.19s
Investigationofflowresistanceinsmoothopenchannelsu.pdf,SUCCESS,FULL,23.60s
Is_flood_mitigation_funding_distributed_equitably_.pdf,SUCCESS,FULL,24.92s
J Flood Risk Management - 2020 - Ahmadlou - Flood susceptibility mapping and assessment using a novel deep learning model.pdf,SUCCESS,FULL,28.51s
J Flood Risk Management - 2019 - Stoleriu - Improving flood risk map accuracy using high‐density LiDAR data and the HEC‐RAS.pdf,SUCCESS,FULL,37.79s
J Flood Risk Management - 2020 - Dash - Identification and validation of potential flood hazard area using GIS‐based.pdf,SUCCESS,FULL,37.67s
J Flood Risk Management - 2020 - Guo - Data‐driven flood emulation  Speeding up urban flood predictions by deep.pdf,SUCCESS,FULL,35.37s
J Flood Risk Management - 2022 - Arash - The assessment for selection and correction of RS‐based DEMs and 1D and 2D HEC‐RAS.pdf,SUCCESS,FULL,36.87s
J Flood Risk Management - 2024 - Hamidifar - Using multi‐criteria decision‐making methods in prioritizing structural flood.pdf,SUCCESS,FULL,30.62s
J Flood Risk Management - 2024 - Paauw - Recognition of differences in the capacity to deal with floods A cross‐country.pdf,SUCCESS,FULL,40.88s
J Flood Risk Management - 2024 - Kurugama - A comparative spatial analysis of flood susceptibility mapping using boosting.pdf,SUCCESS,FULL,53.23s
J Flood Risk Management - 2024 - Waleed - Advancing flood susceptibility prediction  A comparative assessment and.pdf,SUCCESS,FULL,39.85s
J Flood Risk Management - 2024 - Wiering - Recognising floods  recognising people  Flood risk management in riverfront.pdf,SUCCESS,FULL,40.59s
J Flood Risk Management - 2024 - Wüthrich - Field survey assessment of flood loads and related building damage from the.pdf,SUCCESS,FULL,60.67s
J Flood Risk Management - 2025 - Diop - Flood Frequency Analysis in West Africa.pdf,SUCCESS,FULL,51.32s
J Flood Risk Management - 2025 - Pala - Urban Flood Exposure and Vulnerability  Insights From Pendik District of Istanbul.pdf,SUCCESS,FULL,47.27s
J Flood Risk Management - 2025 - Giovannini - Evaluating the Impacts of Riparian Plants on Flood Hazard Within Vegetated.pdf,SUCCESS,FULL,48.51s
J Flood Risk Management - 2025 - Simonovic - Local Scale Current and Projected Future Total Flood Hazard Mapping for Canada.pdf,SUCCESS,FULL,20.93s
J Flood Risk Management - 2025 - Sun - Impact of Spatial Distribution Methods for Rainfall on Flash Floods Modelling Using.pdf,SUCCESS,FULL,33.18s
JFloodRiskManagement-2022-Elshamy-PhysicallybasedcoldregionsriverfloodpredictionindatasparseregionsThe.pdf,SUCCESS,FULL,32.03s
JFloodRiskManagement-2022-MelndezE28090Landaverde-DesignandevaluationofacommunityandimpactE28090basedsiteE28090specific.pdf,SUCCESS,FULL,33.70s
JFloodRiskManagement-2023-Chahinian-EvaluationofanearlyfloodwarningsysteminBamakoMaliLessonslearned.pdf,SUCCESS,FULL,55.56s
JFloodRiskManagement-2023-Arnal-TowardsacoherentfloodforecastingframeworkforCanadaLocaltoglobal.pdf,SUCCESS,FULL,72.33s
JFloodRiskManagement-2023-Davis-FloodvulnerabilityandriskassessmentofhistoricurbanareasVulnerability.pdf,SUCCESS,FULL,55.91s
JFloodRiskManagement-2023-Dasgupta-Connectinghydrologicalmodellingandforecastingfromglobaltolocalscales.pdf,SUCCESS,FULL,59.50s
JFloodRiskManagement-2023-Heijer-AssetmanagementofflooddefencesasacoproductionAnanalysisofcooperationinclappendix.pdf,SUCCESS,FULL,30.86s
JFloodRiskManagement-2023-Heijer-Seriousgamingforbettercooperationinflooddefenceassetmanagementinclappendix.pdf,SUCCESS,FULL,38.46s
JFloodRiskManagement-2023-Huynh-Estimatingdiseaseburdenofrotavirusinfloodwaterthroughtrafficintheurban1.pdf,SUCCESS,FULL,37.27s
JFloodRiskManagement-2023-Iliadis.pdf,SUCCESS,FULL,45.70s
JFloodRiskManagement-2023-Jesna-Impactofcrosssectionalorientationinonedimensionalhydrodynamicmodelingon1.pdf,SUCCESS,FULL,30.27s
JFloodRiskManagement-2023-Jacob-Usingthetheoryofplannedbehaviortoidentifykeybeliefsunderlying.pdf,SUCCESS,FULL,39.61s
JFloodRiskManagement-2023-Kiptum-Advancingoperationalfloodforecastingearlywarningandriskmanagementwith.pdf,SUCCESS,FULL,40.72s
JFloodRiskManagement-2023-Koers-PluggingtheholesIdentifyingpotentialavenuesandlimitationsforfurthering.pdf,SUCCESS,FULL,36.36s
JFloodRiskManagement-2023-MelndezE28090Landaverde-Auserexperienceevaluationofamobileapplicationfor.pdf,SUCCESS,FULL,39.18s
JFloodRiskManagement-2023-Miller-Manageddiversionleadtimeeffectsonfloodresponseinatidalfreshwaterriver.pdf,SUCCESS,FULL,40.01s
JFloodRiskManagement-2023-Paulik-Evaluatingthespatialapplicationofmultivariableflooddamagemodels.pdf,SUCCESS,FULL,40.38s
JFloodRiskManagement-2023-Schotten-CriticalinfrastructurenetworkmodellingforfloodriskanalysesApproachand.pdf,SUCCESS,FULL,34.91s
JFloodRiskManagement-2023-Vojtek-Riverinefloodpotentialassessmentusingmetaheuristichybridmachinelearning.pdf,SUCCESS,FULL,33.44s
JFloodRiskManagement-2023-Zhuang-TheevaluationanddownscalingcalibrationofIMERGprecipitationproductsat.pdf,SUCCESS,FULL,32.72s
JGC-10129_1735868788467.pdf,SUCCESS,FULL,34.75s
JGR Atmospheres - 2024 - Wang - Increasing Occurrence of Sudden Turns From Drought to Flood Over China.pdf,SUCCESS,FULL,37.17s
JHE2003Sediment (1).pdf,SUCCESS,FULL,24.40s
JGR Oceans - 2025 - McKeon - Compound Minor Floods and the Role of Discharge in the Delaware River Estuary.pdf,SUCCESS,FULL,34.47s
JHE2003Sediment.pdf,SUCCESS,FULL,19.91s
JHE2004Velocity.pdf,SUCCESS,FULL,17.81s
JHR2005RIVER.pdf,SUCCESS,FULL,16.66s
JHR2005Shear.pdf,SUCCESS,FULL,14.63s
JHR2005VELOCITY.pdf,SUCCESS,FULL,14.93s
JHS_Volume 2_Issue 2_Pages 62-73.pdf,SUCCESS,FULL,14.48s
JREE_Volume 8_Issue 3_Pages 75-85.pdf,SUCCESS,FULL,20.75s
JWLD_44_2020_Obasi et al.pdf,SUCCESS,FULL,29.51s
JWRHE10163-20160902-165849-3161-46826.pdf,SUCCESS,FULL,30.53s
JRUSD_22+2.pdf,SUCCESS,FULL,31.29s
Jiang_2025_Environ._Res._Lett._20_014006.pdf,SUCCESS,FULL,31.71s
Journal.pdf,SUCCESS,FULL,15.19s
JournalEASREngineeringandAppliedScienceResearch_Vol49No5Sept-Okt2022.pdf,SUCCESS,FULL,26.39s
KJAT-Pascual.pdf,SUCCESS,FULL,27.70s
Kadaryanti_2021_IOP_Conf._Ser.__Mater._Sci._Eng._1087_012035.pdf,SUCCESS,FULL,26.51s
Kastali2021_Article_Auto-calibrationOfHEC-HMSModel.pdf,SUCCESS,FULL,36.16s
Kholiq_2023_IOP_Conf._Ser.__Earth_Environ._Sci._1127_012011.pdf,SUCCESS,FULL,32.39s
KishanlalDarjiHydro2020Proceedings.pdf,SUCCESS,FULL,21.63s
KerinI_PhD2020_Partial.pdf,SUCCESS,FULL,52.98s
Knowledge-Driven_Flood_Intelligent_Monitoring_KDFIM_Method_Analyzing_the_Kakhovka_Dam_Destruction_Incident.pdf,SUCCESS,FULL,29.96s
KumarPandey-2014-ModelingSuspendedSedimentUsingArtificialNeuralNetworksandTRMM-3B42Version7RainfallDataset.pdf,SUCCESS,FULL,20.62s
L-2021-09-01.pdf,SUCCESS,FULL,20.30s
L-2021-09-28.pdf,SUCCESS,FULL,33.01s
L-G-0000013085-0002346516.pdf,SUCCESS,FULL,32.23s
Lemenkova_BulgariaSofia2015.pdf,SUCCESS,FULL,1.44s
LakeMorphometryandHydrologicalModelingofBegnasLakeandRupaLakeWatersheds.pdf,SUCCESS,FULL,39.59s
Landscapepredictorsofcohosalmon2013.pdf,SUCCESS,FULL,39.24s
LiDAR_DEM_Data_for_Flood_Mapping_and_Ass.pdf,SUCCESS,FULL,22.06s
Landslide_susceptibility_assessment_and.pdf,SUCCESS,FULL,29.97s
Liliana_Carreras_Flores.pdf,SUCCESS,FULL,25.97s
Linear and nonlinear frequency-domain modelling of oscillatory flow over submerged canopies.pdf,SUCCESS,FULL,55.75s
Localising-vulnerability-assessment-to-urban-floods-A-comparative-analysis-of-top-down-and.pdf,SUCCESS,FULL,43.47s
MASTER THESIS Final_ETCHE Ulrich.pdf,SUCCESS,FULL,38.73s
LossmethodsinHEC-HMSmodelforstreamflowProjectionunderclimatechange.pdf,SUCCESS,FULL,42.93s
MMS_2015_3_15.pdf,SUCCESS,FULL,26.28s
MMFlood_A_Multimodal_Dataset_for_Flood_Delineation_From_Satellite_Imagery.pdf,SUCCESS,FULL,49.28s
MATUS-THESIS-2018.pdf,SUCCESS,FULL,52.20s
MT_Gisele Icyimpaye.pdf,SUCCESS,FULL,49.82s
Machine-learning-based-optimization-of-flood-susceptibility-mapping-in-semi-arid-zone.pdf,SUCCESS,FULL,21.36s
MT_Pascal Kwisanga.pdf,SUCCESS,FULL,45.07s
Machine-learning_and_HEC-RAS.pdf,SUCCESS,FULL,29.74s
Managing_flood_risks_in_a_changing_climate.pdf,SUCCESS,FULL,30.16s
Manuscript_Revised.pdf,SUCCESS,FULL,33.21s
ManualdeHECHMS-HECRAS-IBERSAGAGISconQGIS.pdf,SUCCESS,FULL,41.00s
Managing_residual_flood_risk_behind_levees_Compari.pdf,SUCCESS,FULL,48.08s
Mapping-and-assessing-spatial-extent-of-floods-from-multitemporal-synthetic-aperture-radar.pdf,SUCCESS,FULL,35.51s
Marhendi_2020_IOP_Conf._Ser.__Mater._Sci._Eng._771_012044.pdf,SUCCESS,FULL,27.95s
Mapping_Water_Bodies_and_Wetlands_from_M.pdf,SUCCESS,FULL,34.63s
Matanó_2024_Environ._Res._Lett._19_064048.pdf,SUCCESS,FULL,30.72s
Mapping_the_risk_zoning_of_storm_flood_disaster_ba.pdf,SUCCESS,FULL,35.40s
Merging dual-polarization X-band radar .pdf,FAIL,HTTP_500,17.90s
Measuring_community_flood_resilience_and_associate.pdf,SUCCESS,FULL,62.60s
Measuring_the_economic_benefits_of_advanced_techno.pdf,SUCCESS,FULL,57.85s
Metamodel-based design of alluvial channels at incipient motion subjected to seepage.pdf,SUCCESS,FULL,39.13s
Mauri_PhD_revised.pdf,SUCCESS,FULL,64.20s
Mistry_2022_IOP_Conf._Ser.__Earth_Environ._Sci._1086_012036.pdf,SUCCESS,FULL,26.14s
Modeling the flow of Hall Creek Humboldt County California usin.pdf,SUCCESS,FULL,25.40s
Model trees as an alternative to neural networks in rainfall runoff modelling.pdf,SUCCESS,FULL,26.51s
Mitigating_flood_risk_using_low-cost_sensors_and_c.pdf,SUCCESS,FULL,27.28s
Modeling_studies_with_HEC-HMS_and_runoff_scenarios.pdf,SUCCESS,FULL,20.05s
Modeling_of_Rainfall_Runoff_Correlations.pdf,SUCCESS,FULL,20.47s
Modelling flood-prone area and vulnerability using integration of multi-criteria analysis and HAND model in the Ogun River Basin  Nigeria.pdf,SUCCESS,FULL,20.65s
Modelling_Rainfall_Runoff_Relations_Usin.pdf,SUCCESS,FULL,22.49s
Modellingeconomicrisktosealevelriseandstormsatthecoastalmargin.pdf,SUCCESS,FULL,1.51s
ModifiedPulsMethodManuallyandHECHMSSimulation.pdf,SUCCESS,FULL,1.47s
Modelling_and_prediction_of_rainfall_usi.pdf,SUCCESS,FULL,23.39s
Modelling_the_behaviour_of_corporations_during_the.pdf,SUCCESS,FULL,25.72s
Modelling_the_effectiveness_of_land-based_natural_.pdf,SUCCESS,FULL,26.35s
Mon-22-029.pdf,SUCCESS,FULL,21.96s
Mon-22-179.pdf,SUCCESS,FULL,6.73s
Mon23-129.pdf,SUCCESS,FULL,12.49s
Mon23-115.pdf,SUCCESS,FULL,15.01s
Mon23-147.pdf,SUCCESS,FULL,12.97s
Mon23-170.pdf,SUCCESS,FULL,11.43s
Mon25-172.pdf,SUCCESS,FULL,9.15s
Mon23-245.pdf,SUCCESS,FULL,9.85s
Mon25-210.pdf,SUCCESS,FULL,9.29s
Monitoring2020_60.pdf,SUCCESS,FULL,9.73s
Monitoring2020_94.pdf,SUCCESS,FULL,10.74s
Monthly_Rainfall_Prediction_Using_the_Ba.pdf,SUCCESS,FULL,22.71s
Monthly_Predicted_Flow_Values_of_the_San.pdf,SUCCESS,FULL,24.40s
Monthly_rainfall_prediction_based_on_art.pdf,SUCCESS,FULL,23.29s
Mooyaart2023-Economicoptimizationofcoastalflooddefencesystemsincludingstormsurge.pdf,SUCCESS,FULL,25.34s
Multi-criteria-analysis-based-mapping-of-the-cyclone-induced-pluvial-flooding-in-coastal-areas-of-India.pdf,SUCCESS,FULL,29.15s
Multi-step-ahead neural networks for flood forecasting.pdf,SUCCESS,FULL,28.26s
Multi-step-ahead_flood_forecasting_using_an_improv.pdf,SUCCESS,FULL,32.75s
Multicriterial_analysis_used_for_the_optimisation_.pdf,SUCCESS,FULL,25.01s
NZTNPU_2015_3-4_44.pdf,SUCCESS,FULL,15.00s
NEJMsr2402457.pdf,SUCCESS,FULL,22.16s
Multitemporal_Scale_Hydrograph_Predictio.pdf,SUCCESS,FULL,27.17s
NA_weathering-the-storm-sectoral-economic-and-inflationary-effects-of-floods-and-the-role-of-adaptation.pdf,SUCCESS,FULL,28.04s
Natural_flood_management_lag_time_and_catchment_sc.pdf,SUCCESS,FULL,23.59s
Neural_network_model_for_discharge_and_w.pdf,SUCCESS,FULL,20.28s
Novrima_2023_IOP_Conf._Ser.__Earth_Environ._Sci._1173_012043 (1).pdf,SUCCESS,FULL,20.26s
Novrima_2023_IOP_Conf._Ser.__Earth_Environ._Sci._1173_012043.pdf,SUCCESS,FULL,19.34s
Npundgi_2012_263_15.pdf,SUCCESS,FULL,8.83s
Nvchnu_2014_724-725_24.pdf,SUCCESS,FULL,1.23s
Nugroho_2019_IOP_Conf._Ser.__Earth_Environ._Sci._328_012041.pdf,SUCCESS,FULL,20.59s
Numerical investigation of air demand by the free surface tunnel flows By WANGRU WEI  JUN DENG and WEILIN XU  J. Hydraulic Res. 59 1   2021  158--165 .pdf,SUCCESS,FULL,20.56s
Numerical validation of novel scaling laws for air water flows including compressibility and heat transfer.pdf,SUCCESS,FULL,20.84s
On application of empirical mode decomposition for turbulence analysis in open-channel flows.pdf,SUCCESS,FULL,21.09s
Oraya_2023_IOP_Conf._Ser.__Earth_Environ._Sci._1184_012014.pdf,SUCCESS,FULL,15.95s
OnaBasinFloodRiskpaperElsevierpdf.pdf,SUCCESS,FULL,18.71s
Othman_2021_IOP_Conf._Ser.__Mater._Sci._Eng._1092_012028.pdf,SUCCESS,FULL,18.19s
P25-MO67-DaoNguyenKhoi_rev.pdf,SUCCESS,FULL,14.03s
P9.pdf,SUCCESS,FULL,8.77s
PAJES_25_8_949_955 (1).pdf,SUCCESS,FULL,15.08s
PAJES_25_8_949_955.pdf,SUCCESS,FULL,15.47s
PEMODELAN_HIDROLOGI_DENGAN_HEC-HMS_DI_SUB-DAS_KARA.pdf,SUCCESS,FULL,15.59s
PDF6 2893.pdf,SUCCESS,FULL,20.48s
PID30.pdf,SUCCESS,FULL,18.39s
PIIS2405844022003632.pdf,SUCCESS,FULL,28.87s
PIIS2405844025025095 (1).pdf,SUCCESS,FULL,38.87s
PIIS2405844025025095.pdf,SUCCESS,FULL,35.98s
PIIS2590332225001319.pdf,SUCCESS,FULL,34.20s
PaperHEC-HMS.pdf,SUCCESS,FULL,26.35s
Pazharska.pdf,SUCCESS,FULL,21.71s
Paper_22_Mujtba_StreamflowresponsetoprojectedclimatechangesintheNorthwesternUpperIndusBasinbasedonregionalclimatemodelRegCM4.3simulation.pdf,SUCCESS,FULL,33.57s
Pastoral_communitys_vulnerability_under_extreme_f.pdf,SUCCESS,FULL,32.26s
People_not_just_places_Expanding_physical_and_soci.pdf,SUCCESS,FULL,37.32s
Performance_Analysis_of_Multilayer_Perce.pdf,SUCCESS,FULL,30.60s
Performance_Evaluation_of_Artificial_Neu.pdf,SUCCESS,FULL,38.59s
Performance_of_neural_networks_in_foreca.pdf,SUCCESS,FULL,38.50s
PhDThesisofMeshachIleanwaALFA-P14EGWR9002.pdf,SUCCESS,FULL,50.20s
PhD_Dissertation_Manoj_Apr14-2014.pdf,SUCCESS,FULL,43.38s
Physical_representation_of_hillslope_leaky_barrier.pdf,SUCCESS,FULL,37.20s
Pham2022_Article_FloodVulnerabilityAndBuildings.pdf,SUCCESS,FULL,37.74s
Poster_HelderGuta.pdf,SUCCESS,FULL,10.89s
Physical_vulnerability_assessment_to_flash_floods_.pdf,SUCCESS,FULL,28.98s
Pluvial_Flood_Risk_Assessment_in_Urban_Areas_A_Cas.pdf,SUCCESS,FULL,38.00s
Potential_impacts_of_failure_of_the_Grand_Ethiopia.pdf,SUCCESS,FULL,34.20s
PradhanLee-Landslides2010.pdf,SUCCESS,FULL,24.67s
Precipitation_runoff_simulation_for_a_Hi.pdf,SUCCESS,FULL,26.39s
Predicting CSOs depth with ANNs_preproof.pdf,SUCCESS,FULL,18.40s
Prediction_of_Rainfall_in_India_using_Ar (1).pdf,SUCCESS,FULL,16.58s
Predicting_Water_Levels_at_Kainji_Dam_Us.pdf,SUCCESS,FULL,18.16s
Prediction_of_Rainfall_in_India_using_Ar.pdf,SUCCESS,FULL,16.85s
Prediction_of_monthly_discharge_volume_b.pdf,SUCCESS,FULL,14.82s
Prediction_of_rainfall_based_on_weather.pdf,SUCCESS,FULL,23.25s
Predictive_simulation_of_concurrent_debris_flows_H.pdf,SUCCESS,FULL,23.35s
Preliminary_Study_on_Flood_Simulation_using_the_HE.pdf,SUCCESS,FULL,16.81s
Probabilistic forecasting of rainfall response in a Danish stormwater tunnel.pdf,FAIL,HTTP_500,14.75s
Probable_maximum_flood_inundation_modeli.pdf,SUCCESS,FULL,11.12s
ProceedingsSWARM_FINAL-pages-42-47.pdf,SUCCESS,FULL,10.91s
Puno_GIS_Based_Flood_Hazard_Mapping_in_G.pdf,SUCCESS,FULL,19.22s
Prosephyingthestreamflowandperpetrating.pdf,SUCCESS,FULL,22.51s
Quantifying_hydraulic_roughness_in_a_riparian_fore (1).pdf,SUCCESS,FULL,32.08s
Quantifying_hydraulic_roughness_in_a_riparian_fore.pdf,SUCCESS,FULL,32.12s
Quantitative_flood_forecasting_using_multisensor_d.pdf,SUCCESS,FULL,41.11s
Quantitative_flood_hazard_assessment_methods_A_rev (1).pdf,SUCCESS,FULL,40.36s
Quantitative_flood_hazard_assessment_methods_A_rev.pdf,SUCCESS,FULL,45.71s
RBFNN_versus_FFNN_for_daily_river_flow_f.pdf,SUCCESS,FULL,45.27s
RJME+V1.1(2023)+Heri+Solehudin+Naskah+10.pdf,SUCCESS,FULL,42.08s
RESCUE_A_geomorphology-based_hydrologic-hydraulic_.pdf,SUCCESS,FULL,42.93s
Rainfall runoff inundation analysis of the 2010 Pakistan flood in the Kabul River basin.pdf,SUCCESS,FULL,34.75s
Rainfall runoff  flood inundation and sensitivity analysis of the 2014 Pakistan flood in the Jhelum and Chenab river basin.pdf,SUCCESS,FULL,44.13s
Rainfall-Runoff_Modeling_Using_the_HEC-HMS_Model_f.pdf,SUCCESS,FULL,29.91s
Rainfall_Forecasting_Using_Backpropagati.pdf,SUCCESS,FULL,15.97s
Rainfall-runoffmodelingusingHEC-HMSmodelforMekiriverwatershedriftvalleybasinEthiopia-1-s2.0-S1464343X22002953-main.pdf,SUCCESS,FULL,32.63s
Rainfall_Forecasting_Using_Neural_Networ.pdf,SUCCESS,FULL,18.10s
Rainfall_Forecasting_Using_Various_Artif.pdf,SUCCESS,FULL,15.96s
Rainfall_Forecasting_with_Hourly_Surface.pdf,SUCCESS,FULL,16.03s
Rainfall_Monthly_Prediction_Based_on_Art.pdf,SUCCESS,FULL,20.21s
Rainfall_Runoff_Modeling_Using_Artificia.pdf,SUCCESS,FULL,4.70s
Rainfall_Runoff_Analysis_of_Daman_Ganga.pdf,SUCCESS,FULL,15.05s
Rainfall_Runoff_Modeling_Using_Artificia (2).pdf,SUCCESS,FULL,16.14s
Rainfall_Runoff_Modeling_using_Artificia (1).pdf,SUCCESS,FULL,11.84s
Rainfall_Runoff_Modelling_Using_Artifici.pdf,SUCCESS,FULL,15.44s
Rainfall_Runoff_modeling_of_Small_Waters.pdf,SUCCESS,FULL,16.72s
Rainfall_forecasting_an_artificial_neura.pdf,SUCCESS,FULL,19.27s
Rainfall_forecasting_by_relevant_attribu.pdf,SUCCESS,FULL,18.31s
Rainfall_modeling_using_Artificial_Neura.pdf,SUCCESS,FULL,16.70s
Rainfall_prediction_using_artificial_neu.pdf,SUCCESS,FULL,11.69s
Rainfall_river_discharge_modelling_for_f.pdf,SUCCESS,FULL,16.30s
Rainfall_runoff_Prediction_Based_on_Arti.pdf,SUCCESS,FULL,26.12s
Rainfall_runoff_modelling_using_artifici (1).pdf,SUCCESS,FULL,23.80s
Rapid_risk-based_levee_design_framework_for_greate.pdf,SUCCESS,FULL,22.81s
RazaviKaramouz2007_WI_AdaptiveNeuralNetworksforFloodRoutinginRiverSystems.pdf,SUCCESS,FULL,20.26s
Reach_the_bottom_plant_cover_of_the_form.pdf,SUCCESS,FULL,36.82s
Recent advances and future challenges in urban pluvial flood modelling.pdf,SUCCESS,FULL,37.13s
Reconstructing_the_peak_flow_of_historical_flood_e.pdf,SUCCESS,FULL,42.67s
Reducing_flood_risk_by_effective_use_of_flood-peak.pdf,SUCCESS,FULL,41.71s
RegioFEM_-_Informing_future-oriented_flood_risk_ma.pdf,SUCCESS,FULL,46.64s
Regional_floodplain_evaluation_matrix-Applying_a_f.pdf,SUCCESS,FULL,46.41s
Reig_Estelle_MScA_2020.pdf,SUCCESS,FULL,62.17s
Remote Sensing and Image Interpretation ( PDFDrive ).pdf,FAIL,CONNECTION_ERROR,157.65s
Remote Sensing for Ecology and Conservation_ A Handbook of Techniques (Techniques in Ecology and Conservation) ( PDFDrive ).pdf,FAIL,CONNECTION_ERROR,140.16s
Remote Sensing and Image Interpretation   ( PDFDrive ).pdf,FAIL,CONNECTION_ERROR,163.10s
Remote Sensing Geology ( PDFDrive ).pdf,FAIL,CONNECTION_ERROR,197.97s
"Remote Sensing for Geoscientists_ Image Analysis and Integration, Third Edition ( PDFDrive ).pdf",FAIL,CONNECTION_ERROR,10.33s
Remotely Sensed Land Use Data and Watershed Hydrologic Change.pdf,FAIL,CONNECTION_ERROR,8.53s
Resilience_of_art_cities_to_flood_risk_A_quantitat.pdf,FAIL,CONNECTION_ERROR,9.25s
Review on algorithms of dealing with depressions in grid DEM.pdf,FAIL,CONNECTION_ERROR,9.10s
ReviewPaperforfloodplainmappingwithapplicationsofHEC-HMSHEC-RASandArcGISsoftwaresARemoteSensingandGISApproach.pdf,FAIL,CONNECTION_ERROR,9.49s
Reviews of Geophysics - 2009 - Schumann - Progress in integration of remote sensing derived flood extent and stage data and.pdf,FAIL,CONNECTION_ERROR,9.44s
Reviews of Geophysics - 2023 - Jafarzadegan - Recent Advances and New Frontiers in Riverine and Coastal Flood Modeling.pdf,FAIL,CONNECTION_ERROR,9.25s
Reviews_of_Geophysics_2018_Huang_Detecting_Extracting_and_Monitoring.pdf,FAIL,CONNECTION_ERROR,8.56s
Risk-Mapping-in-Managing-Flood-Vulnerability-in-Disaster-Management.pdf,FAIL,CONNECTION_ERROR,9.20s
Risk_assessment_of_multireservoir_joint_flood_cont.pdf,FAIL,CONNECTION_ERROR,8.27s
River_Discharges_Forecasting_In_Northern.pdf,FAIL,CONNECTION_ERROR,8.70s
River_Inundation_and_Hazard_Mapping_a_Ca.pdf,FAIL,CONNECTION_ERROR,8.50s
River_Water_Level_Prediction_Modelling_u.pdf,FAIL,CONNECTION_ERROR,8.66s
River_flow_forecasting_using_artificial.pdf,FAIL,CONNECTION_ERROR,8.56s
River_flow_modelling_for_flood_predictio.pdf,FAIL,CONNECTION_ERROR,7.70s
Riverow_forecast_for_reservoir_managemen.pdf,FAIL,CONNECTION_ERROR,9.08s
Robo_2019_IOP_Conf._Ser.__Earth_Environ._Sci._325_012009.pdf,FAIL,CONNECTION_ERROR,8.58s
Robust_Disaster_Impact_Assessment_With_Synthetic_Control_Modeling_Framework_and_Daily_Nighttime_Light_Time_Series_Images.pdf,FAIL,CONNECTION_ERROR,8.11s
Romali_2018_IOP_Conf._Ser.__Mater._Sci._Eng._318_012029.pdf,FAIL,CONNECTION_ERROR,8.39s
Runoff_forecasting_by_artificial_neural.pdf,FAIL,CONNECTION_ERROR,8.05s
RunoffmodellingusingHECHMSforRuralwatershed.pdf,FAIL,CONNECTION_ERROR,8.58s
Rusli_2023_IOP_Conf._Ser.__Earth_Environ._Sci._1160_012027.pdf,FAIL,CONNECTION_ERROR,8.71s
Ryan_2020_IOP_Conf._Ser.__Earth_Environ._Sci._491_012005.pdf,FAIL,CONNECTION_ERROR,8.22s
SJASR-2-254.pdf,FAIL,CONNECTION_ERROR,8.57s
STURM-Flood  a curated dataset for deep learning-based flood extent mapping leveraging Sentinel-1 and Sentinel-2 imagery.pdf,FAIL,CONNECTION_ERROR,8.19s
Sahib_Liu_McDougall_SV.pdf,FAIL,CONNECTION_ERROR,7.61s
Sandstone-groundwater-salinization-modelling-using-physicoc_2023_Ain-Shams-E.pdf,FAIL,CONNECTION_ERROR,8.82s
Sangam Shrestha.pdf,FAIL,CONNECTION_ERROR,8.52s
Satellite-based assessment of the August 2018 flood in parts of Kerala  India.pdf,FAIL,CONNECTION_ERROR,8.74s
Self-stated_recovery_from_flooding_Empirical_resul.pdf,FAIL,CONNECTION_ERROR,7.77s
Seasonal_Rainfall_Prediction_in_Lagos_Ni.pdf,FAIL,CONNECTION_ERROR,9.26s
Sensitivity_analysis_of_the_flash_flood_hazard_by_.pdf,FAIL,CONNECTION_ERROR,8.50s
Sentinel-1-Based_Water_and_Flood_Mapping_Benchmarking_Convolutional_Neural_Networks_Against_an_Operational_Rule-Based_Processing_Chain.pdf,FAIL,CONNECTION_ERROR,7.97s
Service-oriented infrastructure for flood mapping using optical and SAR satellite data.pdf,FAIL,CONNECTION_ERROR,8.54s
Sentinel-1_remote_sensing_data_and_Hydrologic_Engi.pdf,FAIL,CONNECTION_ERROR,8.66s
Setiawan_2022_IOP_Conf._Ser.__Earth_Environ._Sci._1109_012070.pdf,FAIL,CONNECTION_ERROR,9.37s
Short term river flood forecasting with neural networks.pdf,FAIL,CONNECTION_ERROR,8.78s
Shyam_CCWaterResourcesinBagmati_TAAC_2013.pdf,FAIL,CONNECTION_ERROR,9.09s
Short_term_water_level_prediction_using.pdf,FAIL,CONNECTION_ERROR,9.23s
SiegEtAl2023_jfr3-12889.pdf,FAIL,CONNECTION_ERROR,8.22s
Simulation of laminar to transitional wakes past cylinders with a discontinuous Galerkin inviscid shallow water model.pdf,FAIL,CONNECTION_ERROR,8.54s
Simulation_of_runoff_in_Baitarani_basin_using_comp.pdf,FAIL,CONNECTION_ERROR,7.28s
Simulation_of_Poyang_Lake_water_levels_and_outflow.pdf,FAIL,CONNECTION_ERROR,9.32s
Simulation_of_the_impacts_of_land_use_ch.pdf,FAIL,CONNECTION_ERROR,8.74s
Simulation_of_the_rainfall-runoff_relationship_usi.pdf,FAIL,CONNECTION_ERROR,8.09s
Simulationofflashfloodpeaksinasmallandsteepcatchmentusingrainongrid_JFloodRiskManagement-2023-Godara.pdf,FAIL,CONNECTION_ERROR,8.47s
SocialinnovationsanddriversinfloodearlywarningsystemsAcommunitybasedTransboundaryEarlyWarningSystem.pdf,FAIL,CONNECTION_ERROR,7.79s
Spatial_Prediction_of_Monthly_Precipitat.pdf,FAIL,CONNECTION_ERROR,9.08s
Spatial_targeting_of_nature-based_solutions_for_fl.pdf,FAIL,CONNECTION_ERROR,9.01s
Spontaneousvolunteersandtheflooddisaster2021inGermany.pdf,FAIL,CONNECTION_ERROR,8.46s
Stable_Robust_Adaptive_Controller_and_Observer_Des.pdf,FAIL,CONNECTION_ERROR,8.02s
Study_of_Modeling_Method_Selection_in_Flood_Discha.pdf,FAIL,CONNECTION_ERROR,8.68s
Suitability of HEC-RAS for Flood Forecasting.pdf,FAIL,CONNECTION_ERROR,8.09s
SurfaceRunoffSimulationUsingHEC-HMSApplication.pdf,FAIL,CONNECTION_ERROR,8.46s
Surface_runoff_hydrograph_derivation_using_a_dynam.pdf,FAIL,CONNECTION_ERROR,9.04s
Survey_of_Neural_Network_Models_and_Algo.pdf,FAIL,CONNECTION_ERROR,8.29s
Survey_on_Rainfall_Prediction_using_Arti.pdf,FAIL,CONNECTION_ERROR,8.82s
Susetyo_2022_IOP_Conf._Ser.__Earth_Environ._Sci._998_012001.pdf,FAIL,CONNECTION_ERROR,7.60s
Suspended_Sediment_Load_Prediction_of_Ri.pdf,FAIL,CONNECTION_ERROR,8.20s
Sustainable Development - 2023 - Koshy - Community resilience implications for institutional response under uncertainty .pdf,FAIL,CONNECTION_ERROR,7.64s
Sustainable_development_and_flood_risk_management.pdf,FAIL,CONNECTION_ERROR,8.12s
Sustaining Environmental Flows in Southern New England Rivers_ Ef.pdf,FAIL,CONNECTION_ERROR,8.25s
T03-07-01_v4_2_P29.pdf,FAIL,CONNECTION_ERROR,8.06s
TA-FING-IC-144058-2014.pdf,FAIL,CONNECTION_ERROR,8.54s
TCEIA.MS.ID.000136.pdf,FAIL,CONNECTION_ERROR,8.11s
TH4196-1.pdf,FAIL,CONNECTION_ERROR,8.52s
Tailings_storage_facilities_flood_exposure_assessm.pdf,FAIL,CONNECTION_ERROR,8.96s
Targeting_property_flood_resilience_in_flood_risk_.pdf,FAIL,CONNECTION_ERROR,9.36s
Tessisaftercorection3.pdf,FAIL,CONNECTION_ERROR,8.33s
Tarigan_2016_IOP_Conf._Ser.__Earth_Environ._Sci._31_012030.pdf,FAIL,CONNECTION_ERROR,9.38s
The Plant Journal - 2024 - Renziehausen - Against all floods   plant adaptation to flooding stress and combined abiotic.pdf,FAIL,CONNECTION_ERROR,8.21s
The cascading effects of climate change on children  extreme floods  family mobility and child well-being in Amazonia.pdf,FAIL,CONNECTION_ERROR,8.21s
The impact of earth fissures on flood hazard extent for the Northern part of the Qaa Jahran Basin  Dhamar  Yemen.pdf,FAIL,CONNECTION_ERROR,8.12s
The directional unit hydrograph model_ .pdf,FAIL,CONNECTION_ERROR,8.82s
The-interaction-of-topographic-slope-with-various-geo-environmental-flood-causing-factors.pdf,FAIL,CONNECTION_ERROR,8.25s
TheApplicationofHEC-HMSandHEC-RASMathematicalModelsforStudyofFloodMitigationinCha-UatNakhonSiThammarat.pdf,FAIL,CONNECTION_ERROR,8.57s
The_Application_and_Applicability_of_HEC-HMS_Model.pdf,FAIL,CONNECTION_ERROR,8.46s
TheHEC-HMShydrologicalmodelperformanceintherainfall-runoffprocesssimulationfortheupstreamwatershedsofGonbadIran.pdf,FAIL,CONNECTION_ERROR,8.90s
The_Effect_of_Predicting_Discharge_Coeff.pdf,FAIL,CONNECTION_ERROR,7.52s
The_Flood_Resilience_Rose_A_management_tool_to_p.pdf,FAIL,CONNECTION_ERROR,8.62s
The_Improvement_of_Synthetic_Unit_Hydrograph_Perfo.pdf,FAIL,CONNECTION_ERROR,8.22s
The_Improvement_of_Synthetic_Unit_Hydrograph_Perfo (1).pdf,FAIL,CONNECTION_ERROR,8.50s
The_effect_of_heterogeneities_and_small_cavities_o.pdf,FAIL,CONNECTION_ERROR,8.48s
The_growing_strength_of_the_Journal_of_Flood_Risk.pdf,FAIL,CONNECTION_ERROR,7.66s
The_prediction_of_moisture_through_the_u.pdf,FAIL,CONNECTION_ERROR,7.87s
The_normative_dimensions_of_flood_risk_management_.pdf,FAIL,CONNECTION_ERROR,8.48s
The_importance_of_public_risk_perception_for_the_e.pdf,FAIL,CONNECTION_ERROR,9.31s
The_progression_of_flood_risk_in_southern_Alberta_.pdf,FAIL,CONNECTION_ERROR,7.48s
Thesisfinaldraft_SagarKumarTamang.pdf,FAIL,CONNECTION_ERROR,8.43s
ThesisonFlood.pdf,FAIL,CONNECTION_ERROR,8.83s
Time_series_data_mining_in_rainfall_fore.pdf,FAIL,CONNECTION_ERROR,8.62s
Timoth Mkilima.pdf,FAIL,CONNECTION_ERROR,9.83s
Toward_an_improved_estimation_of_flood_frequency_s.pdf,FAIL,CONNECTION_ERROR,7.80s
TonlSapFloodplain-Copy6.pdf,FAIL,CONNECTION_ERROR,9.41s
Towards a set of agrosystem-specific cropland mapping methods to address the global cropland diversity.pdf,FAIL,CONNECTION_ERROR,8.86s
Towards a socio-ecological system understanding of urban flood risk and barriers to climate change adaptation using causal loop diagrams.pdf,FAIL,CONNECTION_ERROR,8.75s
Towards-Knowledge-Driven-Automatic-Service-Composition-for-Wildfire-Prediction.pdf,FAIL,CONNECTION_ERROR,8.71s
Trade-offs_and_synergies_in_managing_coastal_flood.pdf,FAIL,CONNECTION_ERROR,8.00s
Towards_Operational_Flood_Monitoring_in_Flanders_Using_Sentinel-1.pdf,FAIL,CONNECTION_ERROR,9.29s
Transposing_flood_risk_from_extreme_rainfall_event.pdf,FAIL,CONNECTION_ERROR,9.66s
Tsunami_run-up_along_the_Zihuatanejo_region_Mexica.pdf,FAIL,CONNECTION_ERROR,8.46s
Tunas_2023_IOP_Conf._Ser.__Earth_Environ._Sci._1157_012050.pdf,FAIL,CONNECTION_ERROR,8.12s
Two simple theoretical models for teaching wave mechanics in coastal engineering.pdf,FAIL,CONNECTION_ERROR,9.09s
UGJ_2018_2_6.pdf,FAIL,CONNECTION_ERROR,8.36s
USAMV_SP_volume_18_4_2018_page173-179.pdf,FAIL,CONNECTION_ERROR,8.71s
USING_ARTIFICIAL_NEURAL_NETWORKS_TO_ESTI.pdf,FAIL,CONNECTION_ERROR,8.57s
Uca_2018_J._Phys.__Conf._Ser._954_012030.pdf,FAIL,CONNECTION_ERROR,8.53s
Uggj_2011_9_19.pdf,FAIL,CONNECTION_ERROR,8.62s
Uggj_2012_10_15.pdf,FAIL,CONNECTION_ERROR,8.78s
Uggj_2012_10_18.pdf,FAIL,CONNECTION_ERROR,8.56s
Uggj_2013_13_16.pdf,FAIL,CONNECTION_ERROR,8.84s
Uggj_2015_16_23.pdf,FAIL,CONNECTION_ERROR,8.14s
Uggj_2017_20_12.pdf,FAIL,CONNECTION_ERROR,8.81s
Uggj_2019_24_7.pdf,FAIL,CONNECTION_ERROR,9.45s
Ukrainian Journal of Forest and Wood Science_15_1_2024_25-40.pdf,FAIL,CONNECTION_ERROR,8.04s
Uncertainties in the Assessment of Individual and Compound Floodi.pdf,FAIL,CONNECTION_ERROR,8.80s
Uncertainty assessment of radar-raingau.pdf,FAIL,CONNECTION_ERROR,8.75s
Uncertainty quantification in watershed hydrology_ Which method to use_.pdf,FAIL,CONNECTION_ERROR,9.03s
Unsteady_flow_analysis_using_hydrologica.pdf,FAIL,CONNECTION_ERROR,8.61s
Urban flood resilience evaluation in China  a systematic review of frameworks  methods  and limitations.pdf,FAIL,CONNECTION_ERROR,8.95s
Urban-flood-resilience-mapping-knowledge-trends-and-structure-through-bibliometric-analysis.pdf,FAIL,CONNECTION_ERROR,7.95s
Urban flood susceptibility assessment based on convolutional neural networks.pdf,FAIL,CONNECTION_ERROR,9.26s
Urban-flood-risk-assessment-using-Sentinel-1-on-the-google-earth-engine-A-case-study-in-Thai.pdf,FAIL,CONNECTION_ERROR,8.41s
Urban-flood-vulnerability-analysis-and-prediction-based-on-the-land-use-using-Deep-Neural.pdf,FAIL,CONNECTION_ERROR,9.32s
Urban_pluvial_flood_adaptation_Results_of_a_househ.pdf,FAIL,CONNECTION_ERROR,7.98s
Urban_storm_flood_simulation_using_improved_SWMM_b.pdf,FAIL,CONNECTION_ERROR,7.45s
Urban_Flood_Mapping_Using_Satellite_Synthetic_Aperture_Radar_Data_A_review_of_characteristics_approaches_and_datasets.pdf,FAIL,CONNECTION_ERROR,9.15s
VKNU_geol_2018_3_3 (1).pdf,FAIL,CONNECTION_ERROR,8.59s
VKNU_geol_2018_3_3.pdf,FAIL,CONNECTION_ERROR,8.87s
Vergnes_Decharme_Habets_2014_jgrd51730.pdf,FAIL,CONNECTION_ERROR,9.38s
ViewofComparativePerformanceEvaluationofHEC-HMSandSWATModelsinStreamFlowSimulation_theCaseofBilateandGidaboWatershedsEthiopia.pdf,FAIL,CONNECTION_ERROR,8.61s
Vodaba_2012_48_45-1.pdf,FAIL,CONNECTION_ERROR,8.61s
Vodaba_2012_48_45.pdf,FAIL,CONNECTION_ERROR,8.48s
Vodeu_2011_12_21.pdf,FAIL,CONNECTION_ERROR,8.18s
Vodeu_2011_11_21.pdf,FAIL,CONNECTION_ERROR,9.30s
Vodeu_2014_18_18.pdf,FAIL,CONNECTION_ERROR,8.62s
Vodeu_2014_18_19.pdf,FAIL,CONNECTION_ERROR,8.55s
Vodeu_2015_19_19 (1).pdf,FAIL,CONNECTION_ERROR,8.93s
Vodeu_2015_19_19.pdf,FAIL,CONNECTION_ERROR,8.43s
Vodeu_2017_21_8 (1).pdf,FAIL,CONNECTION_ERROR,8.41s
Vodeu_2017_21_8.pdf,FAIL,CONNECTION_ERROR,8.36s
WIREs Climate Change - 2023 - Scussolini - Challenges in the attribution of river flood events.pdf,FAIL,CONNECTION_ERROR,8.37s
Voloshyn_Melnik04.02.17_english.pdf,FAIL,CONNECTION_ERROR,9.91s
WIREs Climate Change - 2024 - Esraz‐Ul‐Zannat - A review of nature‐based infrastructures and their effectiveness for urban.pdf,FAIL,CONNECTION_ERROR,8.46s
WIREs Water - 2024 - Barendrecht - Exploring drought‐to‐flood interactions and dynamics  A global case review.pdf,FAIL,CONNECTION_ERROR,8.25s
WIREs Water - 2024 - Zhu - A Quantitative Review of Natural Flood Management Research.pdf,FAIL,CONNECTION_ERROR,9.30s
WIREs Water - 2025 - Haubrock - A Holistic Catchment‐Scale Framework to Guide Flood and Drought Mitigation Towards Improved.pdf,FAIL,CONNECTION_ERROR,8.66s
WIREs Water - 2025 - Howarth - Scaling Nature‐Based Solutions for Fluvial Floods  A Worldwide Systematic Review.pdf,FAIL,CONNECTION_ERROR,7.59s
WIREs Water - 2025 - Samadi - The Needs  Challenges  and Priorities for Advancing Global Flood Research.pdf,FAIL,CONNECTION_ERROR,8.00s
WIREs Water - 2025 - Tolentino - Natural Flood Risk Management in Tropical Southeast Asia  Prospects in the Biodiverse.pdf,FAIL,CONNECTION_ERROR,7.68s
WM2010Burst.pdf,FAIL,CONNECTION_ERROR,8.69s
WPT-EM2079 (1).pdf,FAIL,CONNECTION_ERROR,8.99s
WPT-EM2079.pdf,FAIL,CONNECTION_ERROR,8.43s
WRR2005bedformroughness (1).pdf,FAIL,CONNECTION_ERROR,8.34s
WRR2005bedformroughness.pdf,FAIL,CONNECTION_ERROR,8.14s
WRR2006Discusiona.pdf,FAIL,CONNECTION_ERROR,8.90s
Wagner_Aguiar2017.pdf,FAIL,CONNECTION_ERROR,8.10s
Wang_2018_IOP_Conf._Ser.__Earth_Environ._Sci._170_032093.pdf,FAIL,CONNECTION_ERROR,8.16s
Wardhana_2021_IOP_Conf._Ser.__Earth_Environ._Sci._930_012032.pdf,FAIL,CONNECTION_ERROR,7.76s
Water Resources Research - 1999 - Campolo - Forecasting river flow rate during low‐flow periods using neural networks.pdf,FAIL,CONNECTION_ERROR,9.17s
Water Resources Research - 1999 - Campolo - River flood forecasting with a neural network model.pdf,FAIL,CONNECTION_ERROR,8.75s
Water Resources Research - 2004 - Shu - Artificial neural network ensembles and their application in pooled flood frequency.pdf,FAIL,CONNECTION_ERROR,7.90s
Water Resources Research - 2005 - Nayak - Short‐term flood forecasting with a neurofuzzy model.pdf,FAIL,CONNECTION_ERROR,8.04s
Water Resources Research - 2012 - Neal - A subgrid channel model for simulating river hydraulics and floodplain inundation.pdf,FAIL,CONNECTION_ERROR,8.58s
Water Resources Research - 2015 - Sampson - A high80�resolution global flood hazard model.pdf,FAIL,CONNECTION_ERROR,8.76s
Water Resources Research - 2016 - Schumann - Unlocking the full potential of Earth observation during the 2015 Texas flood.pdf,FAIL,CONNECTION_ERROR,8.31s
Water Resources Research - 2019 - Garousi‐Nejad - Terrain Analysis Enhancements to the Height Above Nearest Drainage Flood.pdf,FAIL,CONNECTION_ERROR,8.44s
Water Resources Research - 2020 - Tartakovsky - Physics‐Informed Deep Neural Networks for Learning Parameters and.pdf,FAIL,CONNECTION_ERROR,7.63s
Water Resources Research - 2020 - McClean - Implications of Using Global Digital Elevation Models for Flood Risk Analysis.pdf,FAIL,CONNECTION_ERROR,9.29s
Water Resources Research - 2021 - Liu - Bare80�Earth DEM Generation in Urban Areas for Flood Inundation Simulation Using.pdf,FAIL,CONNECTION_ERROR,8.41s
Water Resources Research - 2024 - Götte - Hydrological Drought‐To‐Flood Transitions Across Different Hydroclimates in the.pdf,FAIL,CONNECTION_ERROR,8.38s
Water Resources Research - 2024 - Masafu - Satellite Video Remote Sensing for Flood Model Validation.pdf,FAIL,CONNECTION_ERROR,9.09s
Water Resources Research - 2024 - Wing - A 30 m Global Flood Inundation Model for Any Climate Scenario.pdf,FAIL,CONNECTION_ERROR,7.67s
Water Resources Research - 2024 - Mydlarz - FloodNet  Low‐Cost Ultrasonic Sensors for Real‐Time Measurement of Hyperlocal .pdf,FAIL,CONNECTION_ERROR,8.89s
Water Resources Research - 2025 - Bartlett - Physically Based Dimensionless Features for Pluvial Flood Mapping With Machine.pdf,FAIL,CONNECTION_ERROR,8.25s
Water Resources Research - 2025 - Kang - Global Flood Projection and Socioeconomic Implications Under a Deep Learning.pdf,FAIL,CONNECTION_ERROR,8.44s
Water Resources Research - 2025 - Finch - Monitoring the Large Wood Regime in a Partially Regulated Alpine River Following.pdf,FAIL,CONNECTION_ERROR,8.56s
Water Resources Research - 2025 - Liao - Accelerating Urban Flood Inundation Simulation Under Spatio‐Temporally Varying.pdf,FAIL,CONNECTION_ERROR,8.37s
Water Resources Research - 2025 - Yi - Quantification of the Flood Discharge Following the 2023 Kakhovka Dam Breach Using.pdf,FAIL,CONNECTION_ERROR,8.34s
Week_ahead_Rainfall_Forecasting_Using_Mu.pdf,FAIL,CONNECTION_ERROR,8.44s
Water_Sci_Technol_2016.pdf,FAIL,CONNECTION_ERROR,8.84s
Water_quality_control_in_the_river_Arno.pdf,FAIL,CONNECTION_ERROR,9.36s
Why_understanding_behaviour_matters_for_flood_risk.pdf,FAIL,CONNECTION_ERROR,8.70s
William_2024_IOP_Conf._Ser.__Earth_Environ._Sci._1285_012015.pdf,FAIL,CONNECTION_ERROR,7.71s
Willingness_of_households_to_reduce_flood_risk_in_.pdf,FAIL,CONNECTION_ERROR,7.96s
Widayati_2020_IOP_Conf._Ser.__Mater._Sci._Eng._930_012072.pdf,FAIL,CONNECTION_ERROR,8.93s
Winarta_2019_IOP_Conf._Ser.__Earth_Environ._Sci._366_012036.pdf,FAIL,CONNECTION_ERROR,8.50s
Winarta_2019_IOP_Conf._Ser.__Earth_Environ._Sci._366_012037.pdf,FAIL,CONNECTION_ERROR,8.97s
WomackJ0512.pdf,FAIL,CONNECTION_ERROR,8.33s
Ynaotou_2021_IOP_Conf._Ser.__Earth_Environ._Sci._930_012082 (1).pdf,FAIL,CONNECTION_ERROR,8.13s
YAHYE AHMED DAUD.pdf,FAIL,CONNECTION_ERROR,9.21s
Yong12_JGR-A_TRMM-RT_HighLat.pdf,FAIL,CONNECTION_ERROR,8.02s
Ynaotou_2021_IOP_Conf._Ser.__Earth_Environ._Sci._930_012082.pdf,FAIL,CONNECTION_ERROR,9.37s
Zhang and Mont 2004.pdf,FAIL,CONNECTION_ERROR,8.06s
Zhang_2019_IOP_Conf._Ser.__Earth_Environ._Sci._252_052060.pdf,FAIL,CONNECTION_ERROR,8.32s
_ASCE_HE.1943-5584.0001742.pdf,FAIL,CONNECTION_ERROR,9.03s
a6de57d7b04bf143995da81ea65f8991.pdf,FAIL,CONNECTION_ERROR,8.00s
aali1400-A-10-42-7-705e16f.pdf,FAIL,CONNECTION_ERROR,8.18s
aaaenvironmentalmodellingandsoftware4.pdf,FAIL,CONNECTION_ERROR,8.91s
acceleratinganddeceleratingows.pdf,FAIL,CONNECTION_ERROR,8.76s
adgeo-9-131-2006.pdf,FAIL,CONNECTION_ERROR,8.09s
adams2010.pdf,FAIL,CONNECTION_ERROR,9.15s
adgeo-44-23-2017.pdf,FAIL,CONNECTION_ERROR,8.74s
"administrator,+21uoacmu.pdf",FAIL,CONNECTION_ERROR,8.26s
"admin, Pap 3_2010_Apr_43_2.pdf",FAIL,CONNECTION_ERROR,8.68s
agriculture-10-00131-v2.pdf,FAIL,CONNECTION_ERROR,8.20s
ae8604989946835f66f1622200802a8a2dfa.pdf,FAIL,CONNECTION_ERROR,8.78s
agro-geoinformatics.2016.7577655.pdf,FAIL,CONNECTION_ERROR,7.95s
agronomy-12-01280-v2.pdf,FAIL,CONNECTION_ERROR,8.26s
agronomy-14-01724-v2.pdf,FAIL,CONNECTION_ERROR,8.63s
agronomy-14-01611-v2.pdf,FAIL,CONNECTION_ERROR,9.31s
airGR.pdf,FAIL,CONNECTION_ERROR,7.73s
aies-AIES-D-23-0025.1.pdf,FAIL,CONNECTION_ERROR,9.20s
ajcc_2023051616091986.pdf,FAIL,CONNECTION_ERROR,7.98s
ajol-file-journals_219_articles_175995_submission_proof_175995-2605-450135-1-10-20180813.pdf,FAIL,CONNECTION_ERROR,9.04s
ajol-file-journals_483_articles_150259_submission_proof_150259-5701-394967-1-10-20170120.pdf,FAIL,CONNECTION_ERROR,8.43s
amsm-amsmonographs-d-18-0019.1-2.pdf,FAIL,CONNECTION_ERROR,8.02s
ambaw.pdf,FAIL,CONNECTION_ERROR,9.07s
an2016-pub00050434.pdf,FAIL,CONNECTION_ERROR,8.06s
aneseyee2020.pdf,FAIL,CONNECTION_ERROR,8.00s
annurev-fluid-030121-113138.pdf,FAIL,CONNECTION_ERROR,8.64s
apme-2008jamc2127.1.pdf,FAIL,CONNECTION_ERROR,7.79s
applsci-08-01457.pdf,FAIL,CONNECTION_ERROR,8.69s
applsci-08-01558.pdf,FAIL,CONNECTION_ERROR,8.77s
applsci-08-02435.pdf,FAIL,CONNECTION_ERROR,8.25s
applsci-10-03906-v2.pdf,FAIL,CONNECTION_ERROR,8.22s
applsci-10-04885.pdf,FAIL,CONNECTION_ERROR,9.10s
applsci-10-06598-v2.pdf,FAIL,CONNECTION_ERROR,7.54s
applsci-10-05776-v4.pdf,FAIL,CONNECTION_ERROR,8.87s
applsci-10-08327-v2.pdf,FAIL,CONNECTION_ERROR,8.96s
applsci-11-04901-v2.pdf,FAIL,CONNECTION_ERROR,9.03s
applsci-12-03066.pdf,FAIL,CONNECTION_ERROR,7.71s
applsci-12-05210-v2.pdf,FAIL,CONNECTION_ERROR,8.59s
applsci-12-06264-v2.pdf,FAIL,CONNECTION_ERROR,8.54s
applsci-13-09869-v2.pdf,FAIL,CONNECTION_ERROR,9.01s
applsci-13-10454.pdf,FAIL,CONNECTION_ERROR,8.78s
applsci-13-11136-v2.pdf,FAIL,CONNECTION_ERROR,8.33s
applsci-13-11688.pdf,FAIL,CONNECTION_ERROR,9.12s
applsci-13-12147-v2.pdf,FAIL,CONNECTION_ERROR,9.55s
applsci-14-00012.pdf,FAIL,CONNECTION_ERROR,8.63s
applsci-14-03391-v3.pdf,FAIL,CONNECTION_ERROR,8.55s
applsci-14-03527-v2.pdf,FAIL,CONNECTION_ERROR,8.77s
applsci-14-10019.pdf,FAIL,CONNECTION_ERROR,9.40s
applsci-15-02520-v2.pdf,FAIL,CONNECTION_ERROR,8.85s
applsci-15-05290.pdf,FAIL,CONNECTION_ERROR,8.62s
atmosphere-11-00794.pdf,FAIL,CONNECTION_ERROR,8.26s
atmosphere-13-01106.pdf,FAIL,CONNECTION_ERROR,9.61s
atmosphere-13-01348-v2.pdf,FAIL,CONNECTION_ERROR,7.75s
atmosphere-13-01544-v2.pdf,FAIL,CONNECTION_ERROR,8.19s
atmosphere-14-00182-v3.pdf,FAIL,CONNECTION_ERROR,8.75s
atmosphere-14-00351.pdf,FAIL,CONNECTION_ERROR,8.50s
atmosphere-14-00794.pdf,FAIL,CONNECTION_ERROR,8.72s
atmosphere-14-01196-v2.pdf,FAIL,CONNECTION_ERROR,8.78s
atmosphere-14-01197-v2.pdf,FAIL,CONNECTION_ERROR,9.38s
atmosphere-14-01301.pdf,FAIL,CONNECTION_ERROR,7.17s
atmosphere-14-01209-v2.pdf,FAIL,CONNECTION_ERROR,8.49s
atmosphere-15-00120-v2.pdf,FAIL,CONNECTION_ERROR,8.63s
azu_etd_15167_sip1_m.pdf,FAIL,CONNECTION_ERROR,8.29s
b257d309d07cef19db9ecef2c9c3f849cba0.pdf,FAIL,CONNECTION_ERROR,7.96s
bams-BAMS-D-19-0319.1.pdf,FAIL,CONNECTION_ERROR,9.15s
bams-BAMS-D-20-0279.1-1.pdf,FAIL,CONNECTION_ERROR,8.22s
bams-bams-d-17-0309.1.pdf,FAIL,CONNECTION_ERROR,9.19s
bams-bams-d-19-0001.1.pdf,FAIL,CONNECTION_ERROR,8.05s
bams-bams-d-19-0143.1.pdf,FAIL,CONNECTION_ERROR,7.84s
banda_hydrological modelling_2022.pdf,FAIL,CONNECTION_ERROR,9.03s
bcwr_rsoq_packet.pdf,FAIL,CONNECTION_ERROR,7.90s
behavsci-14-00074-v2.pdf,FAIL,CONNECTION_ERROR,8.32s
bfec42525fd333d646a68543c5e33e15ac87.pdf,FAIL,CONNECTION_ERROR,8.18s
biae038.pdf,FAIL,CONNECTION_ERROR,8.79s
bijeesh2020.pdf,FAIL,CONNECTION_ERROR,8.16s
biology-14-00911-v2.pdf,FAIL,CONNECTION_ERROR,8.57s
borah2018.pdf,FAIL,CONNECTION_ERROR,8.95s
brivio2002.pdf,FAIL,CONNECTION_ERROR,8.43s
c05467cc0bca43d1ff68ea7d5e6ed0eee5dd.pdf,FAIL,CONNECTION_ERROR,9.38s
climate-05-00009.pdf,FAIL,CONNECTION_ERROR,8.51s
climate-05-00032-s001.pdf,FAIL,CONNECTION_ERROR,7.83s
climate-05-00032-v2.pdf,FAIL,CONNECTION_ERROR,8.91s
climate-11-00226.pdf,FAIL,CONNECTION_ERROR,8.28s
climate-13-00060.pdf,FAIL,CONNECTION_ERROR,8.04s
climate-12-00067.pdf,FAIL,CONNECTION_ERROR,9.41s
climate-13-00152-v2.pdf,FAIL,CONNECTION_ERROR,8.40s
coltin2016.pdf,FAIL,CONNECTION_ERROR,9.17s
crystals-14-00729.pdf,FAIL,CONNECTION_ERROR,8.44s
cweee_2020102015270525.pdf,FAIL,CONNECTION_ERROR,9.34s
designs-07-00117.pdf,FAIL,CONNECTION_ERROR,7.57s
detection-of-changes-in-terrestrial-ecosystems-of-ukraine-using-remote-sensing-data.pdf,FAIL,CONNECTION_ERROR,8.18s
dezso2005.pdf,FAIL,CONNECTION_ERROR,8.44s
dis_Havrys A.P..pdf,FAIL,CONNECTION_ERROR,7.94s
doc.pdf,FAIL,CONNECTION_ERROR,9.33s
document.pdf,FAIL,CONNECTION_ERROR,8.39s
download.pdf,FAIL,CONNECTION_ERROR,8.30s
e3sconf_wmad2021_05003.pdf,FAIL,CONNECTION_ERROR,8.63s
education-14-00885-v2.pdf,FAIL,CONNECTION_ERROR,8.32s
egusphere-2023-2890-manuscript-version3.pdf,FAIL,CONNECTION_ERROR,8.49s
eint-2013ei000532.1.pdf,FAIL,CONNECTION_ERROR,8.44s
energies-13-06020-v2.pdf,FAIL,CONNECTION_ERROR,8.40s
energies-14-02305-v2.pdf,FAIL,CONNECTION_ERROR,8.50s
energies-14-05731-v2.pdf,FAIL,CONNECTION_ERROR,7.43s
energies-17-00469.pdf,FAIL,CONNECTION_ERROR,8.60s
environments-08-00077-v2.pdf,FAIL,CONNECTION_ERROR,9.02s
environsciproc-25-00040-v2.pdf,FAIL,CONNECTION_ERROR,8.45s
environsciproc-25-00059.pdf,FAIL,CONNECTION_ERROR,8.95s
environsciproc-26-00065.pdf,FAIL,CONNECTION_ERROR,8.83s
environsciproc-26-00095.pdf,FAIL,CONNECTION_ERROR,9.61s
environsciproc-26-00110.pdf,FAIL,CONNECTION_ERROR,9.41s
environsciproc-26-00185.pdf,FAIL,CONNECTION_ERROR,7.78s
external_content.pdf,FAIL,CONNECTION_ERROR,8.44s
fayne2016.pdf,FAIL,CONNECTION_ERROR,8.44s
fclim-7-1517837.pdf,FAIL,CONNECTION_ERROR,7.53s
feart-09-613011.pdf,FAIL,CONNECTION_ERROR,9.01s
feart-11-1332589.pdf,FAIL,CONNECTION_ERROR,9.78s
fenvs-12-1476761.pdf,FAIL,CONNECTION_ERROR,9.47s
fenvs-13-1567796.pdf,FAIL,CONNECTION_ERROR,8.94s
ffp-641.pdf,FAIL,CONNECTION_ERROR,8.94s
firstpublication.pdf,FAIL,CONNECTION_ERROR,7.55s
fiz_geo_2016_3_13.pdf,FAIL,CONNECTION_ERROR,9.01s
fiz_geo_2017_4_10.pdf,FAIL,CONNECTION_ERROR,8.66s
fluids-07-00267-v2.pdf,FAIL,CONNECTION_ERROR,9.22s
fluids-07-00267.pdf,FAIL,CONNECTION_ERROR,8.77s
forests-12-00553.pdf,FAIL,CONNECTION_ERROR,7.70s
forests-14-01664-v3.pdf,FAIL,CONNECTION_ERROR,7.93s
franci2016.pdf,FAIL,CONNECTION_ERROR,8.61s
frsen-04-1280654.pdf,FAIL,CONNECTION_ERROR,8.57s
frwa-6-1524533.pdf,FAIL,CONNECTION_ERROR,8.09s
frwa-7-1514047.pdf,FAIL,CONNECTION_ERROR,8.96s
fulltext.pdf,FAIL,CONNECTION_ERROR,8.35s
fulltext_Bakhtiyarikia_27_5_2012.pdf,FAIL,CONNECTION_ERROR,7.44s
fulltext_Bakhtiyarikia_27_5_2012 (1).pdf,FAIL,CONNECTION_ERROR,9.33s
futureinternet-13-00124-v2.pdf,FAIL,CONNECTION_ERROR,8.93s
geohazards-03-00020-v2.pdf,FAIL,CONNECTION_ERROR,9.03s
geohazards-04-00025-v2.pdf,FAIL,CONNECTION_ERROR,8.36s
geoinf_2010_3_8.pdf,FAIL,CONNECTION_ERROR,8.93s
geosciences-09-00136-v2.pdf,FAIL,CONNECTION_ERROR,8.21s
geosciences-10-00209-v2.pdf,FAIL,CONNECTION_ERROR,7.71s
geosciences-13-00384.pdf,FAIL,CONNECTION_ERROR,8.67s
geosciences-14-00204.pdf,FAIL,CONNECTION_ERROR,9.02s
gis_and_remote_sensing_based_land_useland_cover_change_detection.pdf,FAIL,CONNECTION_ERROR,8.88s
giustarini2013.pdf,FAIL,CONNECTION_ERROR,7.90s
glghge_2010_3_7.pdf,FAIL,CONNECTION_ERROR,7.77s
glghge_2011_3_11.pdf,FAIL,CONNECTION_ERROR,8.32s
glghge_2011_3_12.pdf,FAIL,CONNECTION_ERROR,8.86s
glghge_2011_3_21.pdf,FAIL,CONNECTION_ERROR,9.20s
glghge_2011_4_7.pdf,FAIL,CONNECTION_ERROR,7.79s
glghge_2012_2_6.pdf,FAIL,CONNECTION_ERROR,8.26s
glghge_2014_4_5.pdf,FAIL,CONNECTION_ERROR,8.50s
glghge_2016_4_5.pdf,FAIL,CONNECTION_ERROR,8.25s
glghge_2018_4_4.pdf,FAIL,CONNECTION_ERROR,9.35s
glghge_2019_3_24.pdf,FAIL,CONNECTION_ERROR,8.29s
glghge_2019_3_41.pdf,FAIL,CONNECTION_ERROR,7.68s
glghge_2019_4_3.pdf,FAIL,CONNECTION_ERROR,8.18s
gorbachova_barandich_269.pdf,FAIL,CONNECTION_ERROR,8.08s
hapuarachchi2011.pdf,FAIL,CONNECTION_ERROR,9.41s
hechms_sma.pdf,FAIL,CONNECTION_ERROR,8.35s
henry2006.pdf,FAIL,CONNECTION_ERROR,8.57s
hess-10-1-2006.pdf,FAIL,CONNECTION_ERROR,8.74s
hess-11-1373-2007.pdf,FAIL,CONNECTION_ERROR,8.97s
hess-13-1555-2009.pdf,FAIL,CONNECTION_ERROR,8.53s
hess-13-1607-2009.pdf,FAIL,CONNECTION_ERROR,8.51s
hess-18-4467-2014.pdf,FAIL,CONNECTION_ERROR,7.95s
hess-18-5289-2014.pdf,FAIL,CONNECTION_ERROR,8.42s
hess-19-3755-2015.pdf,FAIL,CONNECTION_ERROR,8.50s
hess-20-2649-2016.pdf,FAIL,CONNECTION_ERROR,8.05s
hess-2016-30.pdf,FAIL,CONNECTION_ERROR,8.06s
hess-22-1473-2018.pdf,FAIL,CONNECTION_ERROR,7.99s
hess-2021-614.pdf,FAIL,CONNECTION_ERROR,9.31s
hess-23-3057-2019.pdf,FAIL,CONNECTION_ERROR,8.66s
hess-26-4345-2022.pdf,FAIL,CONNECTION_ERROR,8.55s
hess-28-1107-2024.pdf,FAIL,CONNECTION_ERROR,8.07s
hess-26-4469-2022.pdf,FAIL,CONNECTION_ERROR,9.18s
hess-28-2603-2024.pdf,FAIL,CONNECTION_ERROR,8.34s
hess-28-3755-2024.pdf,FAIL,CONNECTION_ERROR,8.47s
hess-5-577-2001.pdf,FAIL,CONNECTION_ERROR,7.73s
hess-29-767-2025.pdf,FAIL,CONNECTION_ERROR,8.16s
hess-6-619-2002.pdf,FAIL,CONNECTION_ERROR,8.55s
hess-6-627-2002.pdf,FAIL,CONNECTION_ERROR,8.89s
hess-8-247-2004.pdf,FAIL,CONNECTION_ERROR,8.28s
hess-9-111-2005.pdf,FAIL,CONNECTION_ERROR,9.05s
hess-9-313-2005.pdf,FAIL,CONNECTION_ERROR,8.90s
hess1990.pdf,FAIL,CONNECTION_ERROR,8.35s
hessd-10-15375-2013.pdf,FAIL,CONNECTION_ERROR,8.10s
hessd-2-S664-2005.pdf,FAIL,CONNECTION_ERROR,8.27s
hessd-9-4747-2012.pdf,FAIL,CONNECTION_ERROR,8.90s
huang2018.pdf,FAIL,CONNECTION_ERROR,8.19s
hydr-1525-7541_2000_001_0005_crafit_2_0_co_2.pdf,FAIL,CONNECTION_ERROR,8.32s
hydr-1525-7541_2002_003_0267_trhoef_2_0_co_2.pdf,FAIL,CONNECTION_ERROR,8.56s
hydr-1525-7541_2002_003_0714_tuitpo_2_0_co_2.pdf,FAIL,CONNECTION_ERROR,8.27s
hydr-1525-7541_2004_005_0656_alaota_2_0_co_2.pdf,FAIL,CONNECTION_ERROR,8.93s
hydr-1525-7541_2004_005_0989_poclac_2_0_co_2.pdf,FAIL,CONNECTION_ERROR,8.26s
hydr-2007jhm858_1.pdf,FAIL,CONNECTION_ERROR,8.37s
hydr-2009jhm1072_1.pdf,FAIL,CONNECTION_ERROR,8.91s
hydr-2009jhm1077_1.pdf,FAIL,CONNECTION_ERROR,8.04s
hydr-2009jhm1105_1-1.pdf,FAIL,CONNECTION_ERROR,9.07s
hydr-2009jhm1105_1.pdf,FAIL,CONNECTION_ERROR,8.23s
hydr-2009jhm1163_1.pdf,FAIL,CONNECTION_ERROR,8.16s
hydr-2010jhm1196_1.pdf,FAIL,CONNECTION_ERROR,7.34s
hydr-2010jhm1236_1.pdf,FAIL,CONNECTION_ERROR,9.00s
hydr-2011jhm1328_1.pdf,FAIL,CONNECTION_ERROR,8.53s
hydr-2011jhm1357_1.pdf,FAIL,CONNECTION_ERROR,8.13s
hydr-2011jhm1387_1-1.pdf,FAIL,CONNECTION_ERROR,7.61s
hydr-2011jhm1387_1-2.pdf,FAIL,CONNECTION_ERROR,8.52s
hydr-2011jhm1387_1.pdf,FAIL,CONNECTION_ERROR,9.09s
hydr-JHM-D-18-0074.1.pdf,FAIL,CONNECTION_ERROR,8.53s
hydr-2011jhm1388_1.pdf,FAIL,CONNECTION_ERROR,9.48s
hydr-JHM-D-19-0301.1.pdf,FAIL,CONNECTION_ERROR,8.20s
hydr-JHM-D-19-0171.1.pdf,FAIL,CONNECTION_ERROR,8.92s
hydr-JHM-D-20-0052.1.pdf,FAIL,CONNECTION_ERROR,7.62s
hydr-JHM-D-20-0067.1.pdf,FAIL,CONNECTION_ERROR,8.67s
hydr-JHM-D-20-0111.1.pdf,FAIL,CONNECTION_ERROR,7.99s
hydr-JHM-D-20-0082.1.pdf,FAIL,CONNECTION_ERROR,8.28s
hydr-JHM-D-20-0122.1.pdf,FAIL,CONNECTION_ERROR,8.66s
hydr-JHM-D-20-0143.1.pdf,FAIL,CONNECTION_ERROR,7.77s
hydr-JHM-D-20-0181.1.pdf,FAIL,CONNECTION_ERROR,8.40s
hydr-JHM-D-20-0161.1.pdf,FAIL,CONNECTION_ERROR,9.22s
hydr-JHM-D-20-0182.1.pdf,FAIL,CONNECTION_ERROR,8.37s
hydr-JHM-D-20-0183.1.pdf,FAIL,CONNECTION_ERROR,8.58s
hydr-JHM-D-20-0189.1.pdf,FAIL,CONNECTION_ERROR,8.84s
hydr-JHM-D-20-0215.1.pdf,FAIL,CONNECTION_ERROR,8.53s
hydr-JHM-D-20-0219.1.pdf,FAIL,CONNECTION_ERROR,9.41s
hydr-JHM-D-20-0220.1.pdf,FAIL,CONNECTION_ERROR,8.95s
hydr-JHM-D-20-0228.1.pdf,FAIL,CONNECTION_ERROR,7.73s
hydr-JHM-D-20-0228.1-1.pdf,FAIL,CONNECTION_ERROR,8.85s
hydr-JHM-D-20-0240.1.pdf,FAIL,CONNECTION_ERROR,8.71s
hydr-JHM-D-20-0252.1.pdf,FAIL,CONNECTION_ERROR,9.00s
hydr-JHM-D-20-0267.1-2.pdf,FAIL,CONNECTION_ERROR,8.43s
hydr-JHM-D-20-0260.1.pdf,FAIL,CONNECTION_ERROR,9.62s
hydr-JHM-D-20-0275.1.pdf,FAIL,CONNECTION_ERROR,7.86s
hydr-JHM-D-20-0285.1.pdf,FAIL,CONNECTION_ERROR,8.34s
hydr-JHM-D-20-0296.1-1.pdf,FAIL,CONNECTION_ERROR,8.09s
hydr-JHM-D-20-0296.1.pdf,FAIL,CONNECTION_ERROR,8.45s
hydr-JHM-D-20-0302.1-1.pdf,FAIL,CONNECTION_ERROR,9.06s
hydr-JHM-D-20-0302.1.pdf,FAIL,CONNECTION_ERROR,9.01s
hydr-JHM-D-21-0019.1.pdf,FAIL,CONNECTION_ERROR,8.68s
hydr-JHM-D-21-0062.1.pdf,FAIL,CONNECTION_ERROR,7.99s
hydr-JHM-D-21-0096.1-1.pdf,FAIL,CONNECTION_ERROR,9.53s
hydr-JHM-D-21-0096.1.pdf,FAIL,CONNECTION_ERROR,8.39s
hydr-JHM-D-21-0114.1.pdf,FAIL,CONNECTION_ERROR,8.31s
hydr-JHM-D-21-0123.1.pdf,FAIL,CONNECTION_ERROR,8.58s
hydr-JHM-D-21-0131.1.pdf,FAIL,CONNECTION_ERROR,7.95s
hydr-JHM-D-21-0130.1.pdf,FAIL,CONNECTION_ERROR,8.15s
hydr-JHM-D-21-0191.1.pdf,FAIL,CONNECTION_ERROR,8.09s
hydr-JHM-D-21-0194.1.pdf,FAIL,CONNECTION_ERROR,8.79s
hydr-JHM-D-21-0200.1.pdf,FAIL,CONNECTION_ERROR,8.22s
hydr-JHM-D-21-0206.1.pdf,FAIL,CONNECTION_ERROR,8.58s
hydr-JHM-D-21-0214.1.pdf,FAIL,CONNECTION_ERROR,8.88s
hydr-JHM-D-21-0229.1.pdf,FAIL,CONNECTION_ERROR,8.79s
hydr-JHM-D-22-0011.1-1.pdf,FAIL,CONNECTION_ERROR,8.81s
hydr-JHM-D-21-0245.1.pdf,FAIL,CONNECTION_ERROR,9.32s
hydr-JHM-D-22-0011.1.pdf,FAIL,CONNECTION_ERROR,8.10s
hydr-JHM-D-22-0021.1-1.pdf,FAIL,CONNECTION_ERROR,9.29s
hydr-JHM-D-22-0038.1.pdf,FAIL,CONNECTION_ERROR,8.04s
hydr-JHM-D-22-0021.1.pdf,FAIL,CONNECTION_ERROR,8.84s
hydr-JHM-D-22-0049.1.pdf,FAIL,CONNECTION_ERROR,8.29s
hydr-JHM-D-22-0107.1.pdf,FAIL,CONNECTION_ERROR,8.39s
hydr-JHM-D-22-0111.1.pdf,FAIL,CONNECTION_ERROR,8.62s
hydr-JHM-D-22-0118.1.pdf,FAIL,CONNECTION_ERROR,8.84s
hydr-JHM-D-22-0224.1.pdf,FAIL,CONNECTION_ERROR,9.56s
hydr-JHM-D-23-0006.1.pdf,FAIL,CONNECTION_ERROR,9.30s
hydr-JHM-D-23-0018.1.pdf,FAIL,CONNECTION_ERROR,8.19s
hydr-jhm-d-10-05022_1.pdf,FAIL,CONNECTION_ERROR,8.37s
hydr-jhm-d-11-012_1.pdf,FAIL,CONNECTION_ERROR,8.82s
hydr-jhm-d-11-0147_1.pdf,FAIL,CONNECTION_ERROR,8.81s
hydr-jhm-d-11-024_1.pdf,FAIL,CONNECTION_ERROR,8.65s
hydr-jhm-d-11-035_1.pdf,FAIL,CONNECTION_ERROR,9.03s
hydr-jhm-d-11-083_1-1.pdf,FAIL,CONNECTION_ERROR,8.72s
hydr-jhm-d-11-083_1.pdf,FAIL,CONNECTION_ERROR,7.94s
hydr-jhm-d-11-087_1.pdf,FAIL,CONNECTION_ERROR,8.19s
hydr-jhm-d-12-0142_1.pdf,FAIL,CONNECTION_ERROR,8.60s
hydr-jhm-d-12-0167_1.pdf,FAIL,CONNECTION_ERROR,8.18s
hydr-jhm-d-12-040_1.pdf,FAIL,CONNECTION_ERROR,7.40s
hydr-jhm-d-12-0191_1.pdf,FAIL,CONNECTION_ERROR,9.11s
hydr-jhm-d-12-074_1.pdf,FAIL,CONNECTION_ERROR,9.32s
hydr-jhm-d-12-09_1.pdf,FAIL,CONNECTION_ERROR,8.89s
hydr-jhm-d-13-0126_1-1.pdf,FAIL,CONNECTION_ERROR,8.83s
hydr-jhm-d-13-0126_1.pdf,FAIL,CONNECTION_ERROR,8.18s
hydr-jhm-d-13-0137_1.pdf,FAIL,CONNECTION_ERROR,8.28s
hydr-jhm-d-13-0198_1.pdf,FAIL,CONNECTION_ERROR,8.84s
hydr-jhm-d-13-0202_1.pdf,FAIL,CONNECTION_ERROR,8.68s
hydr-jhm-d-13-0204_1.pdf,FAIL,CONNECTION_ERROR,8.71s
hydr-jhm-d-13-039_1.pdf,FAIL,CONNECTION_ERROR,8.51s
hydr-jhm-d-13-053_1.pdf,FAIL,CONNECTION_ERROR,8.39s
hydr-jhm-d-14-0012_1-1.pdf,FAIL,CONNECTION_ERROR,7.67s
hydr-jhm-d-14-0012_1.pdf,FAIL,CONNECTION_ERROR,8.78s
hydr-jhm-d-14-0048_1.pdf,FAIL,CONNECTION_ERROR,8.14s
hydr-jhm-d-14-0093_1.pdf,FAIL,CONNECTION_ERROR,8.61s
hydr-jhm-d-14-0116_1.pdf,FAIL,CONNECTION_ERROR,9.21s
hydr-jhm-d-14-0124_1.pdf,FAIL,CONNECTION_ERROR,8.55s
hydr-jhm-d-14-0126_1.pdf,FAIL,CONNECTION_ERROR,8.72s
hydr-jhm-d-14-0148_1.pdf,FAIL,CONNECTION_ERROR,8.63s
hydr-jhm-d-14-0172_1.pdf,FAIL,CONNECTION_ERROR,7.86s
hydr-jhm-d-14-0156_1.pdf,FAIL,CONNECTION_ERROR,9.08s
hydr-jhm-d-14-0185_1.pdf,FAIL,CONNECTION_ERROR,8.76s
hydr-jhm-d-14-0227_1.pdf,FAIL,CONNECTION_ERROR,8.36s
hydr-jhm-d-14-0218_1.pdf,FAIL,CONNECTION_ERROR,9.28s
hydr-jhm-d-15-0044_1.pdf,FAIL,CONNECTION_ERROR,8.34s
hydr-jhm-d-15-0074_1.pdf,FAIL,CONNECTION_ERROR,9.06s
hydr-jhm-d-15-0114_1.pdf,FAIL,CONNECTION_ERROR,7.93s
hydr-jhm-d-15-0075_1.pdf,FAIL,CONNECTION_ERROR,8.37s
hydr-jhm-d-15-0115_1.pdf,FAIL,CONNECTION_ERROR,9.38s
hydr-jhm-d-15-0149_1.pdf,FAIL,CONNECTION_ERROR,8.98s
hydr-jhm-d-15-0195_1-1.pdf,FAIL,CONNECTION_ERROR,8.16s
hydr-jhm-d-15-0174_1.pdf,FAIL,CONNECTION_ERROR,8.86s
hydr-jhm-d-15-0195_1.pdf,FAIL,CONNECTION_ERROR,9.57s
hydr-jhm-d-15-0212_1.pdf,FAIL,CONNECTION_ERROR,7.71s
hydr-jhm-d-15-0216_1-1.pdf,FAIL,CONNECTION_ERROR,9.13s
hydr-jhm-d-16-0071_1.pdf,FAIL,CONNECTION_ERROR,9.01s
hydr-jhm-d-16-0081_1-1.pdf,FAIL,CONNECTION_ERROR,9.04s
hydr-jhm-d-16-0082_1.pdf,FAIL,CONNECTION_ERROR,9.36s
hydr-jhm-d-16-0155_1.pdf,FAIL,CONNECTION_ERROR,8.57s
hydr-jhm-d-16-0164_1.pdf,FAIL,CONNECTION_ERROR,8.73s
hydr-jhm-d-16-0176_1.pdf,FAIL,CONNECTION_ERROR,8.68s
hydr-jhm-d-16-0218_1.pdf,FAIL,CONNECTION_ERROR,7.56s
hydr-jhm-d-16-0243_1.pdf,FAIL,CONNECTION_ERROR,8.58s
hydr-jhm-d-17-0073_1.pdf,FAIL,CONNECTION_ERROR,9.13s
hydr-jhm-d-17-0077_1.pdf,FAIL,CONNECTION_ERROR,7.78s
hydr-jhm-d-17-0089_1.pdf,FAIL,CONNECTION_ERROR,7.79s
hydr-jhm-d-17-0229_1.pdf,FAIL,CONNECTION_ERROR,8.74s
hydr-jhm-d-17-0202_1.pdf,FAIL,CONNECTION_ERROR,9.80s
hydr-jhm-d-18-0013_1.pdf,FAIL,CONNECTION_ERROR,8.12s
hydr-jhm-d-18-0038_1.pdf,FAIL,CONNECTION_ERROR,8.26s
hydr-jhm-d-18-0064_1.pdf,FAIL,CONNECTION_ERROR,8.54s
hydr-jhm-d-18-0064_1-1.pdf,FAIL,CONNECTION_ERROR,8.90s
hydr-jhm-d-18-0070_1.pdf,FAIL,CONNECTION_ERROR,8.64s
hydr-jhm-d-18-0092.1.pdf,FAIL,CONNECTION_ERROR,8.58s
hydr-jhm-d-18-0092_1.pdf,FAIL,CONNECTION_ERROR,9.14s
hydr-jhm-d-18-0119_1.pdf,FAIL,CONNECTION_ERROR,9.00s
hydr-jhm-d-18-0196_1.pdf,FAIL,CONNECTION_ERROR,8.23s
hydr-jhm-d-18-0196_1-1.pdf,FAIL,CONNECTION_ERROR,8.99s
hydr-jhm-d-18-0219_1.pdf,FAIL,CONNECTION_ERROR,8.21s
hydr-jhm-d-18-0251_1.pdf,FAIL,CONNECTION_ERROR,8.38s
hydr-jhm-d-18-0226_1.pdf,FAIL,CONNECTION_ERROR,8.94s
hydr-jhm-d-19-0019_1.pdf,FAIL,CONNECTION_ERROR,8.75s
hydr-jhm-d-19-0021_1.pdf,FAIL,CONNECTION_ERROR,8.22s
hydr-jhm-d-19-0045_1.pdf,FAIL,CONNECTION_ERROR,8.25s
hydr-jhm-d-19-0105.1.pdf,FAIL,CONNECTION_ERROR,8.75s
hydr-jhm-d-19-0100.1.pdf,FAIL,CONNECTION_ERROR,9.32s
hydr-jhm-d-19-0110_1.pdf,FAIL,CONNECTION_ERROR,8.60s
hydr-jhm-d-19-0119.1.pdf,FAIL,CONNECTION_ERROR,8.67s
hydr-jhm-d-19-0125.1.pdf,FAIL,CONNECTION_ERROR,8.08s
hydr-jhm-d-19-0169.1.pdf,FAIL,CONNECTION_ERROR,8.64s
hydr-jhm-d-19-0202.1-1.pdf,FAIL,CONNECTION_ERROR,8.74s
hydr-jhm-d-19-0202.1.pdf,FAIL,CONNECTION_ERROR,8.45s
hydr-jhm-d-19-0209.1.pdf,FAIL,CONNECTION_ERROR,7.55s
hydr-jhm-d-19-0202.1-2.pdf,FAIL,CONNECTION_ERROR,8.96s
hydr-jhm-d-19-0212.1.pdf,FAIL,CONNECTION_ERROR,8.85s
hydr-jhm-d-20-0133.1.pdf,FAIL,CONNECTION_ERROR,8.07s
hydr-jhm482_1.pdf,FAIL,CONNECTION_ERROR,8.43s
hydr-jhm-d-19-0238.1-2.pdf,FAIL,CONNECTION_ERROR,8.80s
hydr-jhm529_1.pdf,FAIL,CONNECTION_ERROR,7.57s
hydr-jhm577_1-1.pdf,FAIL,CONNECTION_ERROR,7.67s
hydr-jhm558_1.pdf,FAIL,CONNECTION_ERROR,8.78s
hydr-jhm577_1.pdf,FAIL,CONNECTION_ERROR,8.79s
hydr-jhm593_1.pdf,FAIL,CONNECTION_ERROR,9.06s
hydr-jhmD190242.pdf,FAIL,CONNECTION_ERROR,7.81s
hydr-jhmD190075.pdf,FAIL,CONNECTION_ERROR,9.33s
hydr-jhmD200014.pdf,FAIL,CONNECTION_ERROR,8.82s
hydrology-03-00018.pdf,FAIL,CONNECTION_ERROR,8.46s
hydrology-03-00019.pdf,FAIL,CONNECTION_ERROR,8.65s
hydrology-03-00023.pdf,FAIL,CONNECTION_ERROR,8.55s
hydrology-03-00034 (1).pdf,FAIL,CONNECTION_ERROR,8.59s
hydrology-04-00009 (1).pdf,FAIL,CONNECTION_ERROR,8.31s
hydrology-03-00034.pdf,FAIL,CONNECTION_ERROR,9.47s
hydrology-04-00009.pdf,FAIL,CONNECTION_ERROR,9.05s
hydrology-04-00016.pdf,FAIL,CONNECTION_ERROR,8.86s
hydrology-05-00024.pdf,FAIL,CONNECTION_ERROR,8.18s
hydrology-04-00024-v2.pdf,FAIL,CONNECTION_ERROR,9.32s
hydrology-05-00039-v2.pdf,FAIL,CONNECTION_ERROR,8.65s
hydrology-05-00044 (1).pdf,FAIL,CONNECTION_ERROR,8.65s
hydrology-05-00044 (2).pdf,FAIL,CONNECTION_ERROR,8.49s
hydrology-05-00044.pdf,FAIL,CONNECTION_ERROR,8.46s
hydrology-05-00049-v2.pdf,FAIL,CONNECTION_ERROR,8.11s
hydrology-05-00052.pdf,FAIL,CONNECTION_ERROR,7.47s
hydrology-06-00021-v2 (1).pdf,FAIL,CONNECTION_ERROR,8.10s
hydrology-05-00068-v2.pdf,FAIL,CONNECTION_ERROR,8.89s
hydrology-06-00021-v2 (2).pdf,FAIL,CONNECTION_ERROR,8.82s
hydrology-06-00021-v2.pdf,FAIL,CONNECTION_ERROR,9.11s
hydrology-06-00025.pdf,FAIL,CONNECTION_ERROR,8.29s
hydrology-06-00070-v2.pdf,FAIL,CONNECTION_ERROR,8.02s
hydrology-06-00072-v2 (1).pdf,FAIL,CONNECTION_ERROR,7.99s
hydrology-06-00072-v2.pdf,FAIL,CONNECTION_ERROR,7.92s
hydrology-06-00076-v2 (1).pdf,FAIL,CONNECTION_ERROR,7.89s
hydrology-06-00077.pdf,FAIL,CONNECTION_ERROR,7.49s
hydrology-06-00076-v2.pdf,FAIL,CONNECTION_ERROR,8.59s
hydrology-06-00082-v2 (1).pdf,FAIL,CONNECTION_ERROR,8.97s
hydrology-06-00082-v2.pdf,FAIL,CONNECTION_ERROR,9.15s
hydrology-07-00012-v2.pdf,FAIL,CONNECTION_ERROR,8.83s
hydrology-07-00014.pdf,FAIL,CONNECTION_ERROR,8.59s
hydrology-07-00026-v2.pdf,FAIL,CONNECTION_ERROR,8.22s
hydrology-07-00042-v2 (1).pdf,FAIL,CONNECTION_ERROR,9.08s
hydrology-07-00029.pdf,FAIL,CONNECTION_ERROR,9.27s
hydrology-07-00042-v2.pdf,FAIL,CONNECTION_ERROR,8.78s
hydrology-07-00044-v2.pdf,FAIL,CONNECTION_ERROR,8.53s
hydrology-07-00057-v2.pdf,FAIL,CONNECTION_ERROR,7.66s
hydrology-08-00020-v3 (1).pdf,FAIL,CONNECTION_ERROR,8.47s
hydrology-08-00020-v3.pdf,FAIL,CONNECTION_ERROR,8.71s
hydrology-08-00027-v2.pdf,FAIL,CONNECTION_ERROR,8.97s
hydrology-08-00044.pdf,FAIL,CONNECTION_ERROR,8.54s
hydrology-08-00058-v2 (1).pdf,FAIL,CONNECTION_ERROR,9.09s
hydrology-08-00058-v2.pdf,FAIL,CONNECTION_ERROR,8.83s
hydrology-08-00065-with-cover.pdf,FAIL,CONNECTION_ERROR,8.36s
hydrology-08-00072.pdf,FAIL,CONNECTION_ERROR,7.73s
hydrology-08-00088-v2.pdf,FAIL,CONNECTION_ERROR,8.41s
hydrology-08-00089-v2.pdf,FAIL,CONNECTION_ERROR,8.68s
hydrology-08-00087-v2.pdf,FAIL,CONNECTION_ERROR,9.24s
hydrology-08-00093.pdf,FAIL,CONNECTION_ERROR,8.09s
hydrology-08-00122.pdf,FAIL,CONNECTION_ERROR,7.77s
hydrology-08-00102.pdf,FAIL,CONNECTION_ERROR,8.49s
hydrology-08-00143.pdf,FAIL,CONNECTION_ERROR,8.62s
hydrology-08-00149-v2.pdf,FAIL,CONNECTION_ERROR,9.02s
hydrology-08-00170.pdf,FAIL,CONNECTION_ERROR,8.58s
hydrology-08-00151-v3.pdf,FAIL,CONNECTION_ERROR,8.89s
hydrology-09-00017.pdf,FAIL,CONNECTION_ERROR,7.88s
hydrology-09-00036-v2.pdf,FAIL,CONNECTION_ERROR,9.03s
hydrology-09-00038.pdf,FAIL,CONNECTION_ERROR,8.49s
hydrology-09-00039-v2.pdf,FAIL,CONNECTION_ERROR,8.48s
hydrology-09-00048-v2.pdf,FAIL,CONNECTION_ERROR,8.75s
hydrology-09-00057.pdf,FAIL,CONNECTION_ERROR,7.84s
hydrology-09-00071-v2.pdf,FAIL,CONNECTION_ERROR,7.49s
hydrology-09-00076-v2.pdf,FAIL,CONNECTION_ERROR,7.97s
hydrology-09-00088-v2.pdf,FAIL,CONNECTION_ERROR,8.25s
hydrology-09-00091.pdf,FAIL,CONNECTION_ERROR,9.04s
hydrology-09-00093.pdf,FAIL,CONNECTION_ERROR,8.51s
hydrology-09-00133-v3 (1).pdf,FAIL,CONNECTION_ERROR,7.65s
hydrology-09-00117.pdf,FAIL,CONNECTION_ERROR,9.07s
hydrology-09-00133-v3.pdf,FAIL,CONNECTION_ERROR,9.03s
hydrology-09-00147.pdf,FAIL,CONNECTION_ERROR,8.25s
hydrology-09-00147 (1).pdf,FAIL,CONNECTION_ERROR,8.67s
hydrology-09-00174-v2.pdf,FAIL,CONNECTION_ERROR,8.61s
hydrology-09-00208-v2.pdf,FAIL,CONNECTION_ERROR,8.05s
hydrology-09-00223 (1).pdf,FAIL,CONNECTION_ERROR,8.15s
hydrology-09-00214-v2.pdf,FAIL,CONNECTION_ERROR,8.28s
hydrology-09-00223.pdf,FAIL,CONNECTION_ERROR,7.71s
hydrology-10-00002-v2.pdf,FAIL,CONNECTION_ERROR,7.76s
hydrology-10-00010-v2.pdf,FAIL,CONNECTION_ERROR,8.05s
hydrology-10-00017-v2.pdf,FAIL,CONNECTION_ERROR,9.28s
hydrology-10-00068.pdf,FAIL,CONNECTION_ERROR,8.78s
hydrology-10-00091-v2 (1).pdf,FAIL,CONNECTION_ERROR,9.32s
hydrology-10-00091-v2.pdf,FAIL,CONNECTION_ERROR,8.79s
hydrology-10-00123.pdf,FAIL,CONNECTION_ERROR,8.58s
hydrology-10-00131-v2.pdf,FAIL,CONNECTION_ERROR,9.08s
hydrology-10-00141-v2.pdf,FAIL,CONNECTION_ERROR,8.65s
hydrology-10-00226.pdf,FAIL,CONNECTION_ERROR,7.73s
hydrology-10-00203.pdf,FAIL,CONNECTION_ERROR,9.24s
hydrology-10-00235-v2.pdf,FAIL,CONNECTION_ERROR,9.04s
hydrology-12-00035-v2.pdf,FAIL,CONNECTION_ERROR,8.32s
hydrology-11-00009.pdf,FAIL,CONNECTION_ERROR,8.67s
hydrology-12-00090.pdf,FAIL,CONNECTION_ERROR,8.50s
hydrology-12-00095.pdf,FAIL,CONNECTION_ERROR,7.93s
ijerph-18-01072.pdf,FAIL,CONNECTION_ERROR,8.30s
hyp13726_rev_2.pdf,FAIL,CONNECTION_ERROR,9.77s
ijerph-19-16530.pdf,FAIL,CONNECTION_ERROR,9.48s
ijgi-07-00206-v2.pdf,FAIL,CONNECTION_ERROR,8.82s
ijgi-08-00534.pdf,FAIL,CONNECTION_ERROR,7.99s
ijgi-12-00194-v2.pdf,FAIL,CONNECTION_ERROR,8.22s
ijgi-12-00053-v4.pdf,FAIL,CONNECTION_ERROR,8.67s
ijgi-09-00244.pdf,FAIL,CONNECTION_ERROR,9.32s
ijgi-12-00464-v2.pdf,FAIL,CONNECTION_ERROR,8.50s
ijitk05-2.pdf,FAIL,CONNECTION_ERROR,7.92s
ijgi-13-00323.pdf,FAIL,CONNECTION_ERROR,8.35s
index (1).pdf,FAIL,CONNECTION_ERROR,8.19s
index (2).pdf,FAIL,CONNECTION_ERROR,7.88s
index.pdf,FAIL,CONNECTION_ERROR,8.35s
ioegc-9-017-90031.pdf,FAIL,CONNECTION_ERROR,8.88s
isprs-annals-IV-3-167-2018.pdf,FAIL,CONNECTION_ERROR,8.76s
isprs-annals-IV-3-W1-41-2019.pdf,FAIL,CONNECTION_ERROR,8.56s
isprs-annals-IV-5-W1-51-2017.pdf,FAIL,CONNECTION_ERROR,8.35s
isprs-annals-V-3-2020-641-2020.pdf,FAIL,CONNECTION_ERROR,8.60s
isprs-annals-V-3-2022-549-2022.pdf,FAIL,CONNECTION_ERROR,8.43s
isprs-archives-XLI-B7-757-2016.pdf,FAIL,CONNECTION_ERROR,8.72s
isprs-archives-XLII-2-W13-1927-2019 (1).pdf,FAIL,CONNECTION_ERROR,8.53s
isprs-archives-XLII-2-W13-1927-2019.pdf,FAIL,CONNECTION_ERROR,8.52s
isprs-archives-XLII-3-W4-109-2018.pdf,FAIL,CONNECTION_ERROR,8.78s
isprs-archives-XLII-3-W8-349-2019.pdf,FAIL,CONNECTION_ERROR,9.01s
isprs-archives-XLII-4-W1-315-2016.pdf,FAIL,CONNECTION_ERROR,8.79s
isprs-archives-XLII-4-W18-797-2019.pdf,FAIL,CONNECTION_ERROR,8.38s
isprs-archives-XLII-5-575-2018.pdf,FAIL,CONNECTION_ERROR,8.38s
isprs-archives-XLIII-B3-2020-1697-2020.pdf,FAIL,CONNECTION_ERROR,8.26s
isprs-archives-XLIV-M-3-2021-37-2021.pdf,FAIL,CONNECTION_ERROR,7.78s
isprs-archives-XLIII-B3-2020-641-2020.pdf,FAIL,CONNECTION_ERROR,8.85s
isprs-archives-XLVIII-3-2024-223-2024.pdf,FAIL,CONNECTION_ERROR,8.41s
isprs-archives-XLVIII-3-2024-251-2024_VERY_IMPORTANT.pdf,FAIL,CONNECTION_ERROR,7.77s
isprs-archives-XLVIII-G-2025-583-2025.pdf,FAIL,CONNECTION_ERROR,8.13s
isprs-archives-XLVIII-4-W6-2022-231-2023.pdf,FAIL,CONNECTION_ERROR,8.68s
isprsarchives-XL-7-W3-39-2015.pdf,FAIL,CONNECTION_ERROR,8.37s
isprsarchives-XL-7-W3-45-2015.pdf,FAIL,CONNECTION_ERROR,8.88s
jh0250971.pdf,FAIL,CONNECTION_ERROR,7.42s
j.envsoft.2017.01.006.pdf,FAIL,CONNECTION_ERROR,8.61s
jain2018.pdf,FAIL,CONNECTION_ERROR,8.86s
jmse-11-02290-v3.pdf,FAIL,CONNECTION_ERROR,7.65s
jmse-14-00753-v2.pdf,FAIL,CONNECTION_ERROR,7.44s
jmse-13-00072-v2.pdf,FAIL,CONNECTION_ERROR,9.03s
jogh-14-04290.pdf,FAIL,CONNECTION_ERROR,8.86s
journal.pone.0315398.pdf,FAIL,CONNECTION_ERROR,8.88s
journal.pwat.0000269.pdf,FAIL,CONNECTION_ERROR,7.84s
joyce2014.pdf,FAIL,CONNECTION_ERROR,9.13s
jwc0123005.pdf,FAIL,CONNECTION_ERROR,9.62s
jwc0141935.pdf,FAIL,CONNECTION_ERROR,8.45s
jwc2025557.pdf,FAIL,CONNECTION_ERROR,8.21s
khan2011.pdf,FAIL,CONNECTION_ERROR,7.37s
kiaf029.pdf,FAIL,CONNECTION_ERROR,8.09s
kim2019.pdf,FAIL,CONNECTION_ERROR,8.27s
klemas2015.pdf,FAIL,CONNECTION_ERROR,8.74s
kompyuternoe-modelirovanie-dozhdevogo-stoka-v-basseyne-reki-charysh-s-ispolzovaniem-programmnogo-kompleksa-hec-hms.pdf,FAIL,CONNECTION_ERROR,8.24s
ksuhsgs_2019_10_18.pdf,FAIL,CONNECTION_ERROR,8.32s
kumar2017.pdf,FAIL,CONNECTION_ERROR,8.42s
kussul2013.pdf,FAIL,CONNECTION_ERROR,8.10s
kussul2014.pdf,FAIL,CONNECTION_ERROR,8.81s
kussul2017.pdf,FAIL,CONNECTION_ERROR,9.15s
land-11-00250.pdf,FAIL,CONNECTION_ERROR,8.07s
land-11-01810-v2.pdf,FAIL,CONNECTION_ERROR,7.48s
land-12-00627-v2.pdf,FAIL,CONNECTION_ERROR,8.57s
land-12-00810-v2.pdf,FAIL,CONNECTION_ERROR,8.96s
land-12-00932.pdf,FAIL,CONNECTION_ERROR,7.96s
land-12-01514-v2.pdf,FAIL,CONNECTION_ERROR,9.29s
land-12-01743.pdf,FAIL,CONNECTION_ERROR,8.77s
land-12-01785-v2.pdf,FAIL,CONNECTION_ERROR,8.87s
land-13-00047.pdf,FAIL,CONNECTION_ERROR,7.89s
land-13-00116-v2.pdf,FAIL,CONNECTION_ERROR,8.37s
land-13-00923-v2.pdf,FAIL,CONNECTION_ERROR,8.30s
land-14-00621-v2.pdf,FAIL,CONNECTION_ERROR,8.82s
land-14-00658.pdf,FAIL,CONNECTION_ERROR,8.10s
land-14-01543.pdf,FAIL,CONNECTION_ERROR,9.45s
land-14-01625-v4.pdf,FAIL,CONNECTION_ERROR,8.84s
land-14-01672.pdf,FAIL,CONNECTION_ERROR,8.21s
land-14-01652-v2.pdf,FAIL,CONNECTION_ERROR,9.25s
liang2020.pdf,FAIL,CONNECTION_ERROR,9.21s
limnetica-30-2-p-169.pdf,FAIL,CONNECTION_ERROR,8.35s
lin2016.pdf,FAIL,CONNECTION_ERROR,8.75s
liquids-02-00010 (1).pdf,FAIL,CONNECTION_ERROR,8.83s
liquids-02-00010.pdf,FAIL,CONNECTION_ERROR,8.56s
lopez2020.pdf,FAIL,CONNECTION_ERROR,8.91s
luo2021.pdf,FAIL,CONNECTION_ERROR,8.76s
maggioni2018.pdf,FAIL,CONNECTION_ERROR,8.17s
mathematics-11-00795.pdf,FAIL,CONNECTION_ERROR,9.15s
mathematics-14-01356.pdf,FAIL,CONNECTION_ERROR,8.25s
mathematics-14-01383-v2.pdf,FAIL,CONNECTION_ERROR,8.14s
model_hec_ras_0001.pdf,FAIL,CONNECTION_ERROR,8.66s
model_hec_ras_0003.pdf,FAIL,CONNECTION_ERROR,7.65s
model_hec_ras_0002.pdf,FAIL,CONNECTION_ERROR,8.81s
model_hec_ras_0004.pdf,FAIL,CONNECTION_ERROR,8.67s
model_hec_ras_0005.pdf,FAIL,CONNECTION_ERROR,9.27s
model_hec_ras_0006.pdf,FAIL,CONNECTION_ERROR,9.69s
model_hec_ras_0007.pdf,FAIL,CONNECTION_ERROR,8.92s
model_hec_ras_0008.pdf,FAIL,CONNECTION_ERROR,7.83s
model_hec_ras_0009.pdf,FAIL,CONNECTION_ERROR,9.01s
model_hec_ras_0011.pdf,FAIL,CONNECTION_ERROR,8.04s
model_hec_ras_0014.pdf,FAIL,CONNECTION_ERROR,8.54s
model_hec_ras_0015.pdf,FAIL,CONNECTION_ERROR,8.86s
model_hec_ras_0016.pdf,FAIL,CONNECTION_ERROR,8.08s
model_hec_ras_0018.pdf,FAIL,CONNECTION_ERROR,7.43s
model_hec_ras_0017.pdf,FAIL,CONNECTION_ERROR,9.11s
model_hec_ras_0020.pdf,FAIL,CONNECTION_ERROR,8.62s
model_hec_ras_0021.pdf,FAIL,CONNECTION_ERROR,8.31s
model_hec_ras_0022.pdf,FAIL,CONNECTION_ERROR,9.13s
model_hec_ras_0023.pdf,FAIL,CONNECTION_ERROR,8.98s
model_hec_ras_0025.pdf,FAIL,CONNECTION_ERROR,9.47s
model_hec_ras_0026.pdf,FAIL,CONNECTION_ERROR,8.24s
model_hec_ras_0028.pdf,FAIL,CONNECTION_ERROR,8.27s
model_hec_ras_0030.pdf,FAIL,CONNECTION_ERROR,8.76s
model_hec_ras_0031.pdf,FAIL,CONNECTION_ERROR,8.10s
model_hec_ras_0032.pdf,FAIL,CONNECTION_ERROR,8.83s
model_hec_ras_0036.pdf,FAIL,CONNECTION_ERROR,7.89s
model_hec_ras_0041.pdf,FAIL,CONNECTION_ERROR,8.12s
model_hec_ras_0043.pdf,FAIL,CONNECTION_ERROR,8.71s
model_hec_ras_0044.pdf,FAIL,CONNECTION_ERROR,8.86s
model_hec_ras_0045.pdf,FAIL,CONNECTION_ERROR,8.59s
model_hec_ras_0048.pdf,FAIL,CONNECTION_ERROR,8.79s
model_hec_ras_0049.pdf,FAIL,CONNECTION_ERROR,7.95s
model_hec_ras_0050.pdf,FAIL,CONNECTION_ERROR,7.55s
model_hec_ras_0051.pdf,FAIL,CONNECTION_ERROR,8.56s
model_hec_ras_0053.pdf,FAIL,CONNECTION_ERROR,8.25s
model_hec_ras_0054.pdf,FAIL,CONNECTION_ERROR,8.51s
model_hec_ras_0055.pdf,FAIL,CONNECTION_ERROR,8.56s
model_hec_ras_0056.pdf,FAIL,CONNECTION_ERROR,9.32s
model_hec_ras_0057.pdf,FAIL,CONNECTION_ERROR,9.25s
model_hec_ras_0058.pdf,FAIL,CONNECTION_ERROR,8.46s
model_hec_ras_0065.pdf,FAIL,CONNECTION_ERROR,7.73s
model_hec_ras_0066.pdf,FAIL,CONNECTION_ERROR,8.80s
model_hec_ras_0069.pdf,FAIL,CONNECTION_ERROR,7.70s
model_hec_ras_0071.pdf,FAIL,CONNECTION_ERROR,8.29s
model_hec_ras_0072.pdf,FAIL,CONNECTION_ERROR,8.72s
model_hec_ras_0076.pdf,FAIL,CONNECTION_ERROR,7.75s
model_hec_ras_0075.pdf,FAIL,CONNECTION_ERROR,8.77s
model_hec_ras_0077.pdf,FAIL,CONNECTION_ERROR,8.54s
model_hec_ras_0078.pdf,FAIL,CONNECTION_ERROR,9.33s
model_hec_ras_0080.pdf,FAIL,CONNECTION_ERROR,8.37s
model_hec_ras_0079.pdf,FAIL,CONNECTION_ERROR,9.15s
model_hec_ras_0082.pdf,FAIL,CONNECTION_ERROR,8.41s
model_hec_ras_0083.pdf,FAIL,CONNECTION_ERROR,8.23s
model_hec_ras_0085.pdf,FAIL,CONNECTION_ERROR,8.02s
model_hec_ras_0084.pdf,FAIL,CONNECTION_ERROR,8.66s
model_hec_ras_0087.pdf,FAIL,CONNECTION_ERROR,7.75s
model_hec_ras_0088.pdf,FAIL,CONNECTION_ERROR,8.12s
model_hec_ras_0089.pdf,FAIL,CONNECTION_ERROR,8.82s
model_hec_ras_0090.pdf,FAIL,CONNECTION_ERROR,8.41s
model_hec_ras_0091.pdf,FAIL,CONNECTION_ERROR,7.63s
model_hec_ras_0092.pdf,FAIL,CONNECTION_ERROR,7.97s
model_hec_ras_0096.pdf,FAIL,CONNECTION_ERROR,7.73s
model_hec_ras_0094.pdf,FAIL,CONNECTION_ERROR,9.10s
model_hec_ras_0097.pdf,FAIL,CONNECTION_ERROR,9.55s
model_hec_ras_0098.pdf,FAIL,CONNECTION_ERROR,9.26s
model_hec_ras_0103.pdf,FAIL,CONNECTION_ERROR,8.73s
model_hec_ras_0104.pdf,FAIL,CONNECTION_ERROR,9.06s
model_hec_ras_0105.pdf,FAIL,CONNECTION_ERROR,8.54s
model_hec_ras_0106.pdf,FAIL,CONNECTION_ERROR,8.65s
model_hec_ras_0108.pdf,FAIL,CONNECTION_ERROR,9.14s
model_hec_ras_0109.pdf,FAIL,CONNECTION_ERROR,8.45s
model_hec_ras_0113.pdf,FAIL,CONNECTION_ERROR,8.13s
model_hec_ras_0114.pdf,FAIL,CONNECTION_ERROR,9.25s
model_hec_ras_0115.pdf,FAIL,CONNECTION_ERROR,8.22s
model_hec_ras_0116.pdf,FAIL,CONNECTION_ERROR,8.32s
model_hec_ras_0118.pdf,FAIL,CONNECTION_ERROR,9.32s
model_hec_ras_0119.pdf,FAIL,CONNECTION_ERROR,8.84s
model_hec_ras_0124.pdf,FAIL,CONNECTION_ERROR,7.51s
model_hec_ras_0122.pdf,FAIL,CONNECTION_ERROR,8.89s
model_hec_ras_0125.pdf,FAIL,CONNECTION_ERROR,9.44s
model_hec_ras_0126.pdf,FAIL,CONNECTION_ERROR,8.42s
model_hec_ras_0129.pdf,FAIL,CONNECTION_ERROR,8.45s
model_hec_ras_0128.pdf,FAIL,CONNECTION_ERROR,9.12s
model_hec_ras_0131.pdf,FAIL,CONNECTION_ERROR,8.56s
model_hec_ras_0133.pdf,FAIL,CONNECTION_ERROR,9.09s
model_hec_ras_0135.pdf,FAIL,CONNECTION_ERROR,8.06s
model_hec_ras_0134.pdf,FAIL,CONNECTION_ERROR,8.46s
model_hec_ras_0141.pdf,FAIL,CONNECTION_ERROR,8.06s
model_hec_ras_0142.pdf,FAIL,CONNECTION_ERROR,8.17s
model_hec_ras_0147.pdf,FAIL,CONNECTION_ERROR,7.72s
model_hec_ras_0143.pdf,FAIL,CONNECTION_ERROR,8.25s
model_hec_ras_0148.pdf,FAIL,CONNECTION_ERROR,8.57s
model_hec_ras_0149.pdf,FAIL,CONNECTION_ERROR,7.75s
model_hec_ras_0150.pdf,FAIL,CONNECTION_ERROR,8.25s
model_hec_ras_0153.pdf,FAIL,CONNECTION_ERROR,8.97s
model_hec_ras_0154.pdf,FAIL,CONNECTION_ERROR,8.38s
model_hec_ras_0158.pdf,FAIL,CONNECTION_ERROR,7.60s
model_hec_ras_0165.pdf,FAIL,CONNECTION_ERROR,8.40s
model_hec_ras_0166.pdf,FAIL,CONNECTION_ERROR,7.80s
model_hec_ras_0169.pdf,FAIL,CONNECTION_ERROR,9.01s
model_hec_ras_0170.pdf,FAIL,CONNECTION_ERROR,9.07s
model_hec_ras_0172.pdf,FAIL,CONNECTION_ERROR,7.86s
model_hec_ras_0171.pdf,FAIL,CONNECTION_ERROR,8.91s
model_hec_ras_0173.pdf,FAIL,CONNECTION_ERROR,8.43s
model_hec_ras_0174.pdf,FAIL,CONNECTION_ERROR,8.19s
model_hec_ras_0175.pdf,FAIL,CONNECTION_ERROR,7.69s
model_hec_ras_0176.pdf,FAIL,CONNECTION_ERROR,9.07s
model_hec_ras_0178.pdf,FAIL,CONNECTION_ERROR,8.13s
model_hec_ras_0179.pdf,FAIL,CONNECTION_ERROR,8.51s
model_hec_ras_0180.pdf,FAIL,CONNECTION_ERROR,8.69s
model_hec_ras_0181.pdf,FAIL,CONNECTION_ERROR,9.46s
model_hec_ras_0182.pdf,FAIL,CONNECTION_ERROR,7.30s
model_hec_ras_0183.pdf,FAIL,CONNECTION_ERROR,8.25s
model_hec_ras_0184.pdf,FAIL,CONNECTION_ERROR,8.95s
model_hec_ras_0185.pdf,FAIL,CONNECTION_ERROR,8.94s
model_hec_ras_0186.pdf,FAIL,CONNECTION_ERROR,8.21s
model_hec_ras_0187.pdf,FAIL,CONNECTION_ERROR,8.88s
model_hec_ras_0188.pdf,FAIL,CONNECTION_ERROR,8.13s
model_hec_ras_0189.pdf,FAIL,CONNECTION_ERROR,7.84s
model_hec_ras_0192.pdf,FAIL,CONNECTION_ERROR,9.55s
model_hec_ras_0193.pdf,FAIL,CONNECTION_ERROR,8.42s
model_hec_ras_0194.pdf,FAIL,CONNECTION_ERROR,8.33s
model_hec_ras_0195.pdf,FAIL,CONNECTION_ERROR,8.78s
model_hec_ras_0196.pdf,FAIL,CONNECTION_ERROR,9.01s
model_hec_ras_0197.pdf,FAIL,CONNECTION_ERROR,8.56s
model_hec_ras_0201.pdf,FAIL,CONNECTION_ERROR,8.81s
model_hec_ras_0205.pdf,FAIL,CONNECTION_ERROR,8.70s
model_hec_ras_0206.pdf,FAIL,CONNECTION_ERROR,8.45s
model_hec_ras_0207.pdf,FAIL,CONNECTION_ERROR,8.70s
model_hec_ras_0208.pdf,FAIL,CONNECTION_ERROR,8.36s
model_hec_ras_0212.pdf,FAIL,CONNECTION_ERROR,8.78s
model_hec_ras_0215.pdf,FAIL,CONNECTION_ERROR,8.53s
model_hec_ras_0217.pdf,FAIL,CONNECTION_ERROR,8.15s
model_hec_ras_0219.pdf,FAIL,CONNECTION_ERROR,8.21s
model_hec_ras_0222.pdf,FAIL,CONNECTION_ERROR,8.54s
model_hec_ras_0223.pdf,FAIL,CONNECTION_ERROR,8.70s
model_hec_ras_0225.pdf,FAIL,CONNECTION_ERROR,9.39s
model_hec_ras_0227.pdf,FAIL,CONNECTION_ERROR,9.54s
model_hec_ras_0228.pdf,FAIL,CONNECTION_ERROR,9.72s
model_hec_ras_0229.pdf,FAIL,CONNECTION_ERROR,8.94s
model_hec_ras_0231.pdf,FAIL,CONNECTION_ERROR,8.88s
model_hec_ras_0233.pdf,FAIL,CONNECTION_ERROR,7.36s
model_hec_ras_0234.pdf,FAIL,CONNECTION_ERROR,7.61s
model_hec_ras_0241.pdf,FAIL,CONNECTION_ERROR,7.56s
model_hec_ras_0235.pdf,FAIL,CONNECTION_ERROR,8.72s
model_hec_ras_0242.pdf,FAIL,CONNECTION_ERROR,9.13s
model_hec_ras_0243.pdf,FAIL,CONNECTION_ERROR,8.37s
model_hec_ras_0245.pdf,FAIL,CONNECTION_ERROR,8.27s
model_hec_ras_0246.pdf,FAIL,CONNECTION_ERROR,8.47s
model_hec_ras_0247.pdf,FAIL,CONNECTION_ERROR,8.29s
model_hec_ras_0248.pdf,FAIL,CONNECTION_ERROR,8.71s
model_hec_ras_0251.pdf,FAIL,CONNECTION_ERROR,8.05s
model_hec_ras_0249.pdf,FAIL,CONNECTION_ERROR,8.84s
model_hec_ras_0253.pdf,FAIL,CONNECTION_ERROR,7.84s
model_hec_ras_0255.pdf,FAIL,CONNECTION_ERROR,8.47s
model_hec_ras_0258.pdf,FAIL,CONNECTION_ERROR,7.71s
model_hec_ras_0259.pdf,FAIL,CONNECTION_ERROR,9.08s
model_hec_ras_0260.pdf,FAIL,CONNECTION_ERROR,9.19s
model_hec_ras_0262.pdf,FAIL,CONNECTION_ERROR,7.61s
model_hec_ras_0261.pdf,FAIL,CONNECTION_ERROR,8.58s
model_hec_ras_0265.pdf,FAIL,CONNECTION_ERROR,7.78s
model_hec_ras_0266.pdf,FAIL,CONNECTION_ERROR,9.04s
model_hec_ras_0267.pdf,FAIL,CONNECTION_ERROR,8.76s
model_hec_ras_0268.pdf,FAIL,CONNECTION_ERROR,8.62s
model_hec_ras_0269.pdf,FAIL,CONNECTION_ERROR,8.26s
model_hec_ras_0270.pdf,FAIL,CONNECTION_ERROR,8.24s
model_hec_ras_0277.pdf,FAIL,CONNECTION_ERROR,8.02s
model_hec_ras_0272.pdf,FAIL,CONNECTION_ERROR,8.59s
model_hec_ras_0282.pdf,FAIL,CONNECTION_ERROR,8.41s
model_hec_ras_0283.pdf,FAIL,CONNECTION_ERROR,7.59s
model_hec_ras_0284.pdf,FAIL,CONNECTION_ERROR,8.19s
model_hec_ras_0285.pdf,FAIL,CONNECTION_ERROR,7.95s
model_hec_ras_0286.pdf,FAIL,CONNECTION_ERROR,8.09s
model_hec_ras_0287.pdf,FAIL,CONNECTION_ERROR,8.60s
model_hec_ras_0290.pdf,FAIL,CONNECTION_ERROR,8.41s
model_hec_ras_0289.pdf,FAIL,CONNECTION_ERROR,9.34s
model_hec_ras_0291.pdf,FAIL,CONNECTION_ERROR,8.15s
model_hec_ras_0292.pdf,FAIL,CONNECTION_ERROR,9.10s
model_hec_ras_0293.pdf,FAIL,CONNECTION_ERROR,7.71s
model_hec_ras_0296.pdf,FAIL,CONNECTION_ERROR,7.78s
model_hec_ras_0295.pdf,FAIL,CONNECTION_ERROR,9.29s
model_hec_ras_0300.pdf,FAIL,CONNECTION_ERROR,8.80s
model_hec_ras_0301.pdf,FAIL,CONNECTION_ERROR,8.83s
model_hec_ras_0302.pdf,FAIL,CONNECTION_ERROR,7.68s
model_hec_ras_0303.pdf,FAIL,CONNECTION_ERROR,8.49s
model_hec_ras_0304.pdf,FAIL,CONNECTION_ERROR,8.68s
model_hec_ras_0305.pdf,FAIL,CONNECTION_ERROR,7.47s
model_hec_ras_0306.pdf,FAIL,CONNECTION_ERROR,8.17s
model_hec_ras_0307.pdf,FAIL,CONNECTION_ERROR,9.30s
model_hec_ras_0308.pdf,FAIL,CONNECTION_ERROR,9.00s
model_hec_ras_0310.pdf,FAIL,CONNECTION_ERROR,8.16s
model_hec_ras_0309.pdf,FAIL,CONNECTION_ERROR,9.16s
model_hec_ras_0312.pdf,FAIL,CONNECTION_ERROR,8.22s
model_hec_ras_0313.pdf,FAIL,CONNECTION_ERROR,8.31s
model_hec_ras_0315.pdf,FAIL,CONNECTION_ERROR,7.74s
model_hec_ras_0314.pdf,FAIL,CONNECTION_ERROR,8.91s
model_hec_ras_0319.pdf,FAIL,CONNECTION_ERROR,8.66s
model_hec_ras_0321.pdf,FAIL,CONNECTION_ERROR,7.81s
model_hec_ras_0320.pdf,FAIL,CONNECTION_ERROR,8.53s
model_hec_ras_0322.pdf,FAIL,CONNECTION_ERROR,8.13s
model_hec_ras_0323.pdf,FAIL,CONNECTION_ERROR,8.33s
model_hec_ras_0324.pdf,FAIL,CONNECTION_ERROR,8.90s
model_hec_ras_0325.pdf,FAIL,CONNECTION_ERROR,8.89s
model_hec_ras_0326.pdf,FAIL,CONNECTION_ERROR,8.13s
model_hec_ras_0327.pdf,FAIL,CONNECTION_ERROR,9.46s
model_hec_ras_0332.pdf,FAIL,CONNECTION_ERROR,8.35s
model_hec_ras_0328.pdf,FAIL,CONNECTION_ERROR,9.03s
model_hec_ras_0330.pdf,FAIL,CONNECTION_ERROR,8.93s
model_hec_ras_0335.pdf,FAIL,CONNECTION_ERROR,8.85s
model_hec_ras_0337.pdf,FAIL,CONNECTION_ERROR,7.58s
model_hec_ras_0336.pdf,FAIL,CONNECTION_ERROR,8.85s
model_hec_ras_0340.pdf,FAIL,CONNECTION_ERROR,9.42s
model_hec_ras_0341.pdf,FAIL,CONNECTION_ERROR,7.66s
model_hec_ras_0342.pdf,FAIL,CONNECTION_ERROR,8.50s
model_hec_ras_0343.pdf,FAIL,CONNECTION_ERROR,7.96s
model_hec_ras_0345.pdf,FAIL,CONNECTION_ERROR,8.14s
model_hec_ras_0346.pdf,FAIL,CONNECTION_ERROR,7.83s
model_hec_ras_0347.pdf,FAIL,CONNECTION_ERROR,9.31s
model_hec_ras_0348.pdf,FAIL,CONNECTION_ERROR,9.46s
model_hec_ras_0351.pdf,FAIL,CONNECTION_ERROR,8.57s
model_hec_ras_0352.pdf,FAIL,CONNECTION_ERROR,8.66s
model_hec_ras_0353.pdf,FAIL,CONNECTION_ERROR,8.79s
model_hec_ras_0355.pdf,FAIL,CONNECTION_ERROR,8.78s
model_hec_ras_0357.pdf,FAIL,CONNECTION_ERROR,8.69s
model_hec_ras_0359.pdf,FAIL,CONNECTION_ERROR,9.04s
model_hec_ras_0361.pdf,FAIL,CONNECTION_ERROR,8.15s
model_hec_ras_0362.pdf,FAIL,CONNECTION_ERROR,8.23s
model_hec_ras_0364.pdf,FAIL,CONNECTION_ERROR,8.75s
model_hec_ras_0365.pdf,FAIL,CONNECTION_ERROR,7.71s
model_hec_ras_0366.pdf,FAIL,CONNECTION_ERROR,9.10s
model_hec_ras_0368.pdf,FAIL,CONNECTION_ERROR,8.60s
model_hec_ras_0369.pdf,FAIL,CONNECTION_ERROR,8.58s
model_hec_ras_0372.pdf,FAIL,CONNECTION_ERROR,9.15s
model_hec_ras_0378.pdf,FAIL,CONNECTION_ERROR,8.18s
model_hec_ras_0376.pdf,FAIL,CONNECTION_ERROR,9.19s
model_hec_ras_0379.pdf,FAIL,CONNECTION_ERROR,8.34s
model_hec_ras_0380.pdf,FAIL,CONNECTION_ERROR,7.91s
model_hec_ras_0381.pdf,FAIL,CONNECTION_ERROR,8.31s
model_hec_ras_0386.pdf,FAIL,CONNECTION_ERROR,8.71s
model_hec_ras_0383.pdf,FAIL,CONNECTION_ERROR,9.18s
model_hec_ras_0387.pdf,FAIL,CONNECTION_ERROR,8.43s
model_hec_ras_0392.pdf,FAIL,CONNECTION_ERROR,8.22s
model_hec_ras_0395.pdf,FAIL,CONNECTION_ERROR,8.26s
model_hec_ras_0397.pdf,FAIL,CONNECTION_ERROR,8.80s
model_hec_ras_0398.pdf,FAIL,CONNECTION_ERROR,9.32s
model_hec_ras_0399.pdf,FAIL,CONNECTION_ERROR,8.82s
model_hec_ras_0400.pdf,FAIL,CONNECTION_ERROR,9.19s
model_hec_ras_0404.pdf,FAIL,CONNECTION_ERROR,8.40s
model_hec_ras_0405.pdf,FAIL,CONNECTION_ERROR,7.88s
model_hec_ras_0406.pdf,FAIL,CONNECTION_ERROR,8.30s
model_hec_ras_0411.pdf,FAIL,CONNECTION_ERROR,8.11s
model_hec_ras_0407.pdf,FAIL,CONNECTION_ERROR,8.82s
model_hec_ras_0412.pdf,FAIL,CONNECTION_ERROR,7.60s
model_hec_ras_0413.pdf,FAIL,CONNECTION_ERROR,9.27s
model_hec_ras_0414.pdf,FAIL,CONNECTION_ERROR,8.34s
model_hec_ras_0419.pdf,FAIL,CONNECTION_ERROR,8.30s
model_hec_ras_0415.pdf,FAIL,CONNECTION_ERROR,8.72s
model_hec_ras_0420.pdf,FAIL,CONNECTION_ERROR,8.16s
model_hec_ras_0421.pdf,FAIL,CONNECTION_ERROR,8.34s
model_hec_ras_0422.pdf,FAIL,CONNECTION_ERROR,8.10s
model_hec_ras_0423.pdf,FAIL,CONNECTION_ERROR,8.40s
model_hec_ras_0425.pdf,FAIL,CONNECTION_ERROR,7.98s
model_hec_ras_0424.pdf,FAIL,CONNECTION_ERROR,8.90s
model_hec_ras_0426.pdf,FAIL,CONNECTION_ERROR,8.78s
model_hec_ras_0427.pdf,FAIL,CONNECTION_ERROR,8.74s
model_hec_ras_0429.pdf,FAIL,CONNECTION_ERROR,8.60s
model_hec_ras_0430.pdf,FAIL,CONNECTION_ERROR,8.53s
model_hec_ras_0432.pdf,FAIL,CONNECTION_ERROR,8.55s
model_hec_ras_0433.pdf,FAIL,CONNECTION_ERROR,9.05s
model_hec_ras_0435.pdf,FAIL,CONNECTION_ERROR,7.39s
model_hec_ras_0434.pdf,FAIL,CONNECTION_ERROR,8.61s
model_hec_ras_0436.pdf,FAIL,CONNECTION_ERROR,8.66s
model_hec_ras_0438.pdf,FAIL,CONNECTION_ERROR,8.64s
model_hec_ras_0439.pdf,FAIL,CONNECTION_ERROR,8.53s
model_hec_ras_0440.pdf,FAIL,CONNECTION_ERROR,8.54s
model_hec_ras_0441.pdf,FAIL,CONNECTION_ERROR,8.65s
model_hec_ras_0442.pdf,FAIL,CONNECTION_ERROR,8.70s
model_hec_ras_0443.pdf,FAIL,CONNECTION_ERROR,8.02s
model_hec_ras_0444.pdf,FAIL,CONNECTION_ERROR,7.79s
model_hec_ras_0445.pdf,FAIL,CONNECTION_ERROR,8.87s
model_hec_ras_0447.pdf,FAIL,CONNECTION_ERROR,8.29s
model_hec_ras_0452.pdf,FAIL,CONNECTION_ERROR,7.81s
model_hec_ras_0456.pdf,FAIL,CONNECTION_ERROR,8.78s
model_hec_ras_0459.pdf,FAIL,CONNECTION_ERROR,7.99s
model_hec_ras_0457.pdf,FAIL,CONNECTION_ERROR,9.10s
model_hec_ras_0460.pdf,FAIL,CONNECTION_ERROR,9.11s
model_hec_ras_0461.pdf,FAIL,CONNECTION_ERROR,8.87s
model_hec_ras_0462.pdf,FAIL,CONNECTION_ERROR,8.87s
model_hec_ras_0463.pdf,FAIL,CONNECTION_ERROR,8.98s
model_hec_ras_0464.pdf,FAIL,CONNECTION_ERROR,8.18s
model_hec_ras_0465.pdf,FAIL,CONNECTION_ERROR,8.76s
model_hec_ras_0468.pdf,FAIL,CONNECTION_ERROR,7.55s
model_hec_ras_0469.pdf,FAIL,CONNECTION_ERROR,7.97s
model_hec_ras_0470.pdf,FAIL,CONNECTION_ERROR,8.11s
model_hec_ras_0471.pdf,FAIL,CONNECTION_ERROR,8.05s
model_hec_ras_0472.pdf,FAIL,CONNECTION_ERROR,7.99s
model_hec_ras_0473.pdf,FAIL,CONNECTION_ERROR,9.56s
model_hec_ras_0476.pdf,FAIL,CONNECTION_ERROR,9.44s
model_hec_ras_0480.pdf,FAIL,CONNECTION_ERROR,8.14s
model_hec_ras_0482.pdf,FAIL,CONNECTION_ERROR,8.26s
model_hec_ras_0483.pdf,FAIL,CONNECTION_ERROR,9.20s
model_hec_ras_0487.pdf,FAIL,CONNECTION_ERROR,8.62s
model_hec_ras_0490.pdf,FAIL,CONNECTION_ERROR,7.82s
model_hec_ras_0489.pdf,FAIL,CONNECTION_ERROR,8.88s
model_hec_ras_0491.pdf,FAIL,CONNECTION_ERROR,7.94s
model_hec_ras_0493.pdf,FAIL,CONNECTION_ERROR,8.43s
model_hec_ras_0495.pdf,FAIL,CONNECTION_ERROR,8.70s
model_hec_ras_0496.pdf,FAIL,CONNECTION_ERROR,8.70s
model_hec_ras_0500.pdf,FAIL,CONNECTION_ERROR,8.74s
model_hec_ras_0502.pdf,FAIL,CONNECTION_ERROR,8.50s
model_hec_ras_0503.pdf,FAIL,CONNECTION_ERROR,8.10s
model_hec_ras_0504.pdf,FAIL,CONNECTION_ERROR,8.95s
model_hec_ras_0507.pdf,FAIL,CONNECTION_ERROR,8.24s
model_hec_ras_0509.pdf,FAIL,CONNECTION_ERROR,8.36s
model_hec_ras_0512.pdf,FAIL,CONNECTION_ERROR,7.20s
model_hec_ras_0510.pdf,FAIL,CONNECTION_ERROR,9.38s
model_hec_ras_0519.pdf,FAIL,CONNECTION_ERROR,8.29s
model_hec_ras_0520.pdf,FAIL,CONNECTION_ERROR,8.49s
model_hec_ras_0521.pdf,FAIL,CONNECTION_ERROR,8.84s
model_hec_ras_0522.pdf,FAIL,CONNECTION_ERROR,8.62s
model_hec_ras_0523.pdf,FAIL,CONNECTION_ERROR,8.26s
model_hec_ras_0525.pdf,FAIL,CONNECTION_ERROR,7.59s
model_hec_ras_0524.pdf,FAIL,CONNECTION_ERROR,8.87s
model_hec_ras_0529.pdf,FAIL,CONNECTION_ERROR,8.38s
model_hec_ras_0531.pdf,FAIL,CONNECTION_ERROR,8.74s
model_hec_ras_0533.pdf,FAIL,CONNECTION_ERROR,8.10s
model_hec_ras_0535.pdf,FAIL,CONNECTION_ERROR,8.38s
model_hec_ras_0536.pdf,FAIL,CONNECTION_ERROR,8.45s
model_hec_ras_0537.pdf,FAIL,CONNECTION_ERROR,7.86s
model_hec_ras_0538.pdf,FAIL,CONNECTION_ERROR,8.67s
model_hec_ras_0539.pdf,FAIL,CONNECTION_ERROR,8.77s
model_hec_ras_0542.pdf,FAIL,CONNECTION_ERROR,8.54s
model_hec_ras_0543.pdf,FAIL,CONNECTION_ERROR,9.02s
model_hec_ras_0547.pdf,FAIL,CONNECTION_ERROR,8.87s
model_hec_ras_0549.pdf,FAIL,CONNECTION_ERROR,8.34s
model_hec_ras_0552.pdf,FAIL,CONNECTION_ERROR,8.44s
model_hec_ras_0554.pdf,FAIL,CONNECTION_ERROR,8.24s
model_hec_ras_0558.pdf,FAIL,CONNECTION_ERROR,8.38s
model_hec_ras_0555.pdf,FAIL,CONNECTION_ERROR,8.81s
model_hec_ras_0561.pdf,FAIL,CONNECTION_ERROR,7.61s
model_hec_ras_0562.pdf,FAIL,CONNECTION_ERROR,8.88s
model_hec_ras_0564.pdf,FAIL,CONNECTION_ERROR,8.32s
model_hec_ras_0563.pdf,FAIL,CONNECTION_ERROR,8.99s
model_hec_ras_0566.pdf,FAIL,CONNECTION_ERROR,8.79s
model_hec_ras_0569.pdf,FAIL,CONNECTION_ERROR,8.80s
model_hec_ras_0574.pdf,FAIL,CONNECTION_ERROR,8.34s
model_hec_ras_0570.pdf,FAIL,CONNECTION_ERROR,9.44s
model_hec_ras_0575.pdf,FAIL,CONNECTION_ERROR,9.05s
model_hec_ras_0577.pdf,FAIL,CONNECTION_ERROR,8.46s
model_hec_ras_0579.pdf,FAIL,CONNECTION_ERROR,8.23s
model_hec_ras_0582.pdf,FAIL,CONNECTION_ERROR,7.57s
model_hec_ras_0580.pdf,FAIL,CONNECTION_ERROR,8.11s
model_hec_ras_0584.pdf,FAIL,CONNECTION_ERROR,9.03s
model_hec_ras_0586.pdf,FAIL,CONNECTION_ERROR,8.54s
model_hec_ras_0596.pdf,FAIL,CONNECTION_ERROR,8.05s
model_hec_ras_0595.pdf,FAIL,CONNECTION_ERROR,8.83s
model_hec_ras_0598.pdf,FAIL,CONNECTION_ERROR,8.35s
model_hec_ras_0599.pdf,FAIL,CONNECTION_ERROR,8.47s
model_hec_ras_0601.pdf,FAIL,CONNECTION_ERROR,8.78s
model_hec_ras_0602.pdf,FAIL,CONNECTION_ERROR,9.08s
model_hec_ras_0603.pdf,FAIL,CONNECTION_ERROR,8.36s
model_hec_ras_0607.pdf,FAIL,CONNECTION_ERROR,7.82s
model_hec_ras_0608.pdf,FAIL,CONNECTION_ERROR,7.60s
model_hec_ras_0609.pdf,FAIL,CONNECTION_ERROR,8.48s
model_hec_ras_0610.pdf,FAIL,CONNECTION_ERROR,8.32s
model_hec_ras_0612.pdf,FAIL,CONNECTION_ERROR,8.39s
model_hec_ras_0613.pdf,FAIL,CONNECTION_ERROR,8.85s
model_hec_ras_0615.pdf,FAIL,CONNECTION_ERROR,8.98s
model_hec_ras_0618.pdf,FAIL,CONNECTION_ERROR,9.00s
model_hec_ras_0628.pdf,FAIL,CONNECTION_ERROR,9.12s
model_hec_ras_0629.pdf,FAIL,CONNECTION_ERROR,9.29s
model_hec_ras_0631.pdf,FAIL,CONNECTION_ERROR,8.71s
model_hec_ras_0632.pdf,FAIL,CONNECTION_ERROR,8.61s
model_hec_ras_0636.pdf,FAIL,CONNECTION_ERROR,8.25s
model_hec_ras_0637.pdf,FAIL,CONNECTION_ERROR,8.26s
model_hec_ras_0640.pdf,FAIL,CONNECTION_ERROR,9.31s
model_hec_ras_0641.pdf,FAIL,CONNECTION_ERROR,8.44s
model_hec_ras_0645.pdf,FAIL,CONNECTION_ERROR,8.07s
model_hec_ras_0646.pdf,FAIL,CONNECTION_ERROR,9.48s
model_hec_ras_0647.pdf,FAIL,CONNECTION_ERROR,8.55s
model_hec_ras_0648.pdf,FAIL,CONNECTION_ERROR,8.27s
model_hec_ras_0649.pdf,FAIL,CONNECTION_ERROR,8.34s
model_hec_ras_0652.pdf,FAIL,CONNECTION_ERROR,8.31s
model_hec_ras_0654.pdf,FAIL,CONNECTION_ERROR,8.41s
model_hec_ras_0655.pdf,FAIL,CONNECTION_ERROR,8.82s
model_hec_ras_0656.pdf,FAIL,CONNECTION_ERROR,8.65s
model_hec_ras_0658.pdf,FAIL,CONNECTION_ERROR,8.84s
model_hec_ras_0659.pdf,FAIL,CONNECTION_ERROR,8.77s
model_hec_ras_0660.pdf,FAIL,CONNECTION_ERROR,9.09s
model_hec_ras_0661.pdf,FAIL,CONNECTION_ERROR,8.43s
model_hec_ras_0662.pdf,FAIL,CONNECTION_ERROR,8.42s
model_hec_ras_0663.pdf,FAIL,CONNECTION_ERROR,8.26s
model_hec_ras_0664.pdf,FAIL,CONNECTION_ERROR,8.83s
model_hec_ras_0665.pdf,FAIL,CONNECTION_ERROR,9.26s
model_hec_ras_0666.pdf,FAIL,CONNECTION_ERROR,9.39s
model_hec_ras_0668.pdf,FAIL,CONNECTION_ERROR,8.90s
model_hec_ras_0669.pdf,FAIL,CONNECTION_ERROR,7.64s
model_hec_ras_0670.pdf,FAIL,CONNECTION_ERROR,9.29s
model_hec_ras_0674.pdf,FAIL,CONNECTION_ERROR,8.76s
model_hec_ras_0675.pdf,FAIL,CONNECTION_ERROR,8.74s
model_hec_ras_0676.pdf,FAIL,CONNECTION_ERROR,9.46s
model_hec_ras_0677.pdf,FAIL,CONNECTION_ERROR,8.32s
model_hec_ras_0678.pdf,FAIL,CONNECTION_ERROR,8.06s
model_hec_ras_0679.pdf,FAIL,CONNECTION_ERROR,9.20s
model_hec_ras_0680.pdf,FAIL,CONNECTION_ERROR,7.57s
model_hec_ras_0681.pdf,FAIL,CONNECTION_ERROR,8.81s
model_hec_ras_0682.pdf,FAIL,CONNECTION_ERROR,7.79s
model_hec_ras_0684.pdf,FAIL,CONNECTION_ERROR,8.67s
model_hec_ras_0685.pdf,FAIL,CONNECTION_ERROR,8.19s
model_hec_ras_0686.pdf,FAIL,CONNECTION_ERROR,7.79s
model_hec_ras_0687.pdf,FAIL,CONNECTION_ERROR,8.55s
model_hec_ras_0688.pdf,FAIL,CONNECTION_ERROR,7.43s
model_hec_ras_0689.pdf,FAIL,CONNECTION_ERROR,8.78s
model_hec_ras_0690.pdf,FAIL,CONNECTION_ERROR,8.67s
model_hec_ras_0691.pdf,FAIL,CONNECTION_ERROR,8.21s
model_hec_ras_0692.pdf,FAIL,CONNECTION_ERROR,9.14s
model_hec_ras_0693.pdf,FAIL,CONNECTION_ERROR,8.14s
model_hec_ras_0695.pdf,FAIL,CONNECTION_ERROR,7.96s
model_hec_ras_0694.pdf,FAIL,CONNECTION_ERROR,9.17s
model_hec_ras_0696.pdf,FAIL,CONNECTION_ERROR,8.03s
model_hec_ras_0697.pdf,FAIL,CONNECTION_ERROR,8.65s
model_hec_ras_0698.pdf,FAIL,CONNECTION_ERROR,8.20s
model_hec_ras_0699.pdf,FAIL,CONNECTION_ERROR,8.53s
model_hec_ras_0700.pdf,FAIL,CONNECTION_ERROR,7.61s
model_hec_ras_0701.pdf,FAIL,CONNECTION_ERROR,8.91s
model_hec_ras_0703.pdf,FAIL,CONNECTION_ERROR,8.16s
model_hec_ras_0702.pdf,FAIL,CONNECTION_ERROR,9.02s
model_hec_ras_0704.pdf,FAIL,CONNECTION_ERROR,7.99s
model_hec_ras_0705.pdf,FAIL,CONNECTION_ERROR,7.18s
model_hec_ras_0707.pdf,FAIL,CONNECTION_ERROR,7.71s
model_hec_ras_0706.pdf,FAIL,CONNECTION_ERROR,9.43s
model_hec_ras_0708.pdf,FAIL,CONNECTION_ERROR,9.06s
model_hec_ras_0709.pdf,FAIL,CONNECTION_ERROR,7.78s
model_hec_ras_0710.pdf,FAIL,CONNECTION_ERROR,7.98s
model_hec_ras_0711.pdf,FAIL,CONNECTION_ERROR,7.96s
model_hec_ras_0712.pdf,FAIL,CONNECTION_ERROR,8.22s
model_hec_ras_0713.pdf,FAIL,CONNECTION_ERROR,8.41s
model_hec_ras_0714.pdf,FAIL,CONNECTION_ERROR,9.46s
model_hec_ras_0715.pdf,FAIL,CONNECTION_ERROR,8.42s
model_hec_ras_0716.pdf,FAIL,CONNECTION_ERROR,9.01s
model_hec_ras_0717.pdf,FAIL,CONNECTION_ERROR,8.57s
model_hec_ras_0719.pdf,FAIL,CONNECTION_ERROR,8.10s
model_hec_ras_0718.pdf,FAIL,CONNECTION_ERROR,9.33s
model_hec_ras_0720.pdf,FAIL,CONNECTION_ERROR,8.30s
model_hec_ras_0721.pdf,FAIL,CONNECTION_ERROR,8.95s
model_hec_ras_0722.pdf,FAIL,CONNECTION_ERROR,7.97s
model_hec_ras_0723.pdf,FAIL,CONNECTION_ERROR,8.42s
model_hec_ras_0724.pdf,FAIL,CONNECTION_ERROR,7.92s
model_hec_ras_0725.pdf,FAIL,CONNECTION_ERROR,8.52s
model_hec_ras_0726.pdf,FAIL,CONNECTION_ERROR,8.51s
model_hec_ras_0727.pdf,FAIL,CONNECTION_ERROR,8.06s
model_hec_ras_0728.pdf,FAIL,CONNECTION_ERROR,9.23s
model_hec_ras_0729.pdf,FAIL,CONNECTION_ERROR,8.17s
model_hec_ras_0730.pdf,FAIL,CONNECTION_ERROR,8.07s
model_hec_ras_0731.pdf,FAIL,CONNECTION_ERROR,8.18s
model_hec_ras_0732.pdf,FAIL,CONNECTION_ERROR,7.72s
model_hec_ras_0733.pdf,FAIL,CONNECTION_ERROR,8.26s
model_hec_ras_0734.pdf,FAIL,CONNECTION_ERROR,8.56s
model_hec_ras_0735.pdf,FAIL,CONNECTION_ERROR,8.17s
model_hec_ras_0736.pdf,FAIL,CONNECTION_ERROR,7.94s
model_hec_ras_0737.pdf,FAIL,CONNECTION_ERROR,9.18s
model_hec_ras_0739.pdf,FAIL,CONNECTION_ERROR,7.42s
model_hec_ras_0738.pdf,FAIL,CONNECTION_ERROR,8.31s
model_hec_ras_0740.pdf,FAIL,CONNECTION_ERROR,7.98s
model_hec_ras_0741.pdf,FAIL,CONNECTION_ERROR,7.58s
model_hec_ras_0742.pdf,FAIL,CONNECTION_ERROR,7.73s
model_hec_ras_0743.pdf,FAIL,CONNECTION_ERROR,8.53s
model_hec_ras_0744.pdf,FAIL,CONNECTION_ERROR,8.72s
model_hec_ras_0745.pdf,FAIL,CONNECTION_ERROR,7.36s
model_hec_ras_0746.pdf,FAIL,CONNECTION_ERROR,7.61s
model_hec_ras_0747.pdf,FAIL,CONNECTION_ERROR,8.75s
model_hec_ras_0748.pdf,FAIL,CONNECTION_ERROR,8.89s
model_hec_ras_0749.pdf,FAIL,CONNECTION_ERROR,8.15s
model_hec_ras_0750.pdf,FAIL,CONNECTION_ERROR,8.52s
model_hec_ras_0751.pdf,FAIL,CONNECTION_ERROR,7.89s
model_hec_ras_0752.pdf,FAIL,CONNECTION_ERROR,8.00s
model_hec_ras_0753.pdf,FAIL,CONNECTION_ERROR,7.90s
model_hec_ras_0754.pdf,FAIL,CONNECTION_ERROR,8.33s
model_hec_ras_0755.pdf,FAIL,CONNECTION_ERROR,9.14s
model_hec_ras_0757.pdf,FAIL,CONNECTION_ERROR,8.43s
model_hec_ras_0756.pdf,FAIL,CONNECTION_ERROR,8.67s
model_hec_ras_0758.pdf,FAIL,CONNECTION_ERROR,8.30s
model_hec_ras_0759.pdf,FAIL,CONNECTION_ERROR,9.12s
model_hec_ras_0760.pdf,FAIL,CONNECTION_ERROR,7.92s
model_hec_ras_0761.pdf,FAIL,CONNECTION_ERROR,8.01s
model_hec_ras_0762.pdf,FAIL,CONNECTION_ERROR,8.00s
model_hec_ras_0764.pdf,FAIL,CONNECTION_ERROR,8.13s
model_hec_ras_0765.pdf,FAIL,CONNECTION_ERROR,8.22s
model_hec_ras_0763.pdf,FAIL,CONNECTION_ERROR,9.65s
model_hec_ras_0766.pdf,FAIL,CONNECTION_ERROR,8.84s
model_hec_ras_0767.pdf,FAIL,CONNECTION_ERROR,8.46s
model_hec_ras_0768.pdf,FAIL,CONNECTION_ERROR,8.61s
model_hec_ras_0769.pdf,FAIL,CONNECTION_ERROR,8.40s
model_hec_ras_0770.pdf,FAIL,CONNECTION_ERROR,8.43s
model_hec_ras_0772.pdf,FAIL,CONNECTION_ERROR,8.10s
model_hec_ras_0773.pdf,FAIL,CONNECTION_ERROR,7.77s
model_hec_ras_0771.pdf,FAIL,CONNECTION_ERROR,9.40s
model_hec_ras_0774.pdf,FAIL,CONNECTION_ERROR,7.95s
model_hec_ras_0775.pdf,FAIL,CONNECTION_ERROR,7.47s
model_hec_ras_0777.pdf,FAIL,CONNECTION_ERROR,7.57s
model_hec_ras_0776.pdf,FAIL,CONNECTION_ERROR,8.66s
model_hec_ras_0778.pdf,FAIL,CONNECTION_ERROR,9.04s
model_hec_ras_0779.pdf,FAIL,CONNECTION_ERROR,8.35s
model_hec_ras_0780.pdf,FAIL,CONNECTION_ERROR,8.19s
model_hec_ras_0781.pdf,FAIL,CONNECTION_ERROR,8.55s
model_hec_ras_0782.pdf,FAIL,CONNECTION_ERROR,8.73s
model_hec_ras_0783.pdf,FAIL,CONNECTION_ERROR,8.65s
model_hec_ras_0784.pdf,FAIL,CONNECTION_ERROR,7.96s
model_hec_ras_0785.pdf,FAIL,CONNECTION_ERROR,9.44s
model_hec_ras_0786.pdf,FAIL,CONNECTION_ERROR,9.32s
model_hec_ras_0788.pdf,FAIL,CONNECTION_ERROR,7.90s
model_hec_ras_0787.pdf,FAIL,CONNECTION_ERROR,9.61s
model_hec_ras_0789.pdf,FAIL,CONNECTION_ERROR,7.97s
model_hec_ras_0790.pdf,FAIL,CONNECTION_ERROR,8.29s
model_hec_ras_0791.pdf,FAIL,CONNECTION_ERROR,8.37s
model_hec_ras_0792.pdf,FAIL,CONNECTION_ERROR,8.35s
model_hec_ras_0793.pdf,FAIL,CONNECTION_ERROR,9.35s
model_hec_ras_0794.pdf,FAIL,CONNECTION_ERROR,8.14s
model_hec_ras_0795.pdf,FAIL,CONNECTION_ERROR,7.77s
model_hec_ras_0796.pdf,FAIL,CONNECTION_ERROR,8.54s
model_hec_ras_0797.pdf,FAIL,CONNECTION_ERROR,8.87s
model_hec_ras_0798.pdf,FAIL,CONNECTION_ERROR,8.09s
model_hec_ras_0799.pdf,FAIL,CONNECTION_ERROR,7.87s
model_hec_ras_0800.pdf,FAIL,CONNECTION_ERROR,8.84s
model_hec_ras_0801.pdf,FAIL,CONNECTION_ERROR,8.41s
model_hec_ras_0802.pdf,FAIL,CONNECTION_ERROR,8.40s
model_hec_ras_0803.pdf,FAIL,CONNECTION_ERROR,8.61s
model_hec_ras_0804.pdf,FAIL,CONNECTION_ERROR,8.07s
model_hec_ras_0805.pdf,FAIL,CONNECTION_ERROR,8.70s
model_hec_ras_0806.pdf,FAIL,CONNECTION_ERROR,8.35s
model_hec_ras_0807.pdf,FAIL,CONNECTION_ERROR,8.98s
model_hec_ras_0808.pdf,FAIL,CONNECTION_ERROR,8.59s
model_hec_ras_0809.pdf,FAIL,CONNECTION_ERROR,8.14s
model_hec_ras_0810.pdf,FAIL,CONNECTION_ERROR,8.90s
model_hec_ras_0811.pdf,FAIL,CONNECTION_ERROR,8.15s
model_hec_ras_0812.pdf,FAIL,CONNECTION_ERROR,9.63s
model_hec_ras_0813.pdf,FAIL,CONNECTION_ERROR,8.47s
model_hec_ras_0814.pdf,FAIL,CONNECTION_ERROR,8.39s
model_hec_ras_0815.pdf,FAIL,CONNECTION_ERROR,8.10s
model_hec_ras_0816.pdf,FAIL,CONNECTION_ERROR,8.36s
model_hec_ras_0817.pdf,FAIL,CONNECTION_ERROR,8.48s
model_hec_ras_0818.pdf,FAIL,CONNECTION_ERROR,8.61s
model_hec_ras_0819.pdf,FAIL,CONNECTION_ERROR,9.13s
model_hec_ras_0820.pdf,FAIL,CONNECTION_ERROR,8.22s
model_hec_ras_0821.pdf,FAIL,CONNECTION_ERROR,8.89s
model_hec_ras_0822.pdf,FAIL,CONNECTION_ERROR,8.74s
model_hec_ras_0823.pdf,FAIL,CONNECTION_ERROR,8.39s
model_hec_ras_0824.pdf,FAIL,CONNECTION_ERROR,8.00s
model_hec_ras_0825.pdf,FAIL,CONNECTION_ERROR,7.91s
model_hec_ras_0826.pdf,FAIL,CONNECTION_ERROR,8.13s
model_hec_ras_0827.pdf,FAIL,CONNECTION_ERROR,8.93s
model_hec_ras_0828.pdf,FAIL,CONNECTION_ERROR,8.48s
model_hec_ras_0829.pdf,FAIL,CONNECTION_ERROR,8.71s
model_hec_ras_0830.pdf,FAIL,CONNECTION_ERROR,8.85s
model_hec_ras_0831.pdf,FAIL,CONNECTION_ERROR,8.97s
model_hec_ras_0832.pdf,FAIL,CONNECTION_ERROR,8.75s
model_hec_ras_0833.pdf,FAIL,CONNECTION_ERROR,8.06s
model_hec_ras_0834.pdf,FAIL,CONNECTION_ERROR,8.96s
model_hec_ras_0835.pdf,FAIL,CONNECTION_ERROR,8.41s
model_hec_ras_0836.pdf,FAIL,CONNECTION_ERROR,9.01s
model_hec_ras_0837.pdf,FAIL,CONNECTION_ERROR,9.14s
model_hec_ras_0838.pdf,FAIL,CONNECTION_ERROR,8.80s
model_hec_ras_0839.pdf,FAIL,CONNECTION_ERROR,8.82s
model_hec_ras_0840.pdf,FAIL,CONNECTION_ERROR,8.60s
model_hec_ras_0841.pdf,FAIL,CONNECTION_ERROR,9.04s
model_hec_ras_0842.pdf,FAIL,CONNECTION_ERROR,8.16s
model_hec_ras_0843.pdf,FAIL,CONNECTION_ERROR,8.83s
model_hec_ras_0844.pdf,FAIL,CONNECTION_ERROR,8.00s
model_hec_ras_0845.pdf,FAIL,CONNECTION_ERROR,8.36s
model_hec_ras_0846.pdf,FAIL,CONNECTION_ERROR,9.54s
model_hec_ras_0847.pdf,FAIL,CONNECTION_ERROR,8.59s
model_hec_ras_0848.pdf,FAIL,CONNECTION_ERROR,8.04s
model_hec_ras_0849.pdf,FAIL,CONNECTION_ERROR,8.62s
model_hec_ras_0850.pdf,FAIL,CONNECTION_ERROR,7.54s
model_hec_ras_0851.pdf,FAIL,CONNECTION_ERROR,7.98s
model_hec_ras_0852.pdf,FAIL,CONNECTION_ERROR,8.66s
model_hec_ras_0853.pdf,FAIL,CONNECTION_ERROR,8.56s
model_hec_ras_0854.pdf,FAIL,CONNECTION_ERROR,8.21s
model_hec_ras_0855.pdf,FAIL,CONNECTION_ERROR,8.33s
model_hec_ras_0856.pdf,FAIL,CONNECTION_ERROR,8.97s
model_hec_ras_0857.pdf,FAIL,CONNECTION_ERROR,8.52s
model_hec_ras_0859.pdf,FAIL,CONNECTION_ERROR,7.53s
model_hec_ras_0858.pdf,FAIL,CONNECTION_ERROR,8.76s
model_hec_ras_0860.pdf,FAIL,CONNECTION_ERROR,8.27s
model_hec_ras_0861.pdf,FAIL,CONNECTION_ERROR,8.30s
model_hec_ras_0862.pdf,FAIL,CONNECTION_ERROR,8.55s
model_hec_ras_0863.pdf,FAIL,CONNECTION_ERROR,8.49s
model_hec_ras_0864.pdf,FAIL,CONNECTION_ERROR,8.34s
model_hec_ras_0865.pdf,FAIL,CONNECTION_ERROR,8.05s
model_hec_ras_0866.pdf,FAIL,CONNECTION_ERROR,7.53s
model_hec_ras_0867.pdf,FAIL,CONNECTION_ERROR,8.24s
model_hec_ras_0868.pdf,FAIL,CONNECTION_ERROR,7.95s
model_hec_ras_0869.pdf,FAIL,CONNECTION_ERROR,8.38s
model_hec_ras_0870.pdf,FAIL,CONNECTION_ERROR,8.01s
model_hec_ras_0871.pdf,FAIL,CONNECTION_ERROR,8.87s
model_hec_ras_0872.pdf,FAIL,CONNECTION_ERROR,7.31s
model_hec_ras_0873.pdf,FAIL,CONNECTION_ERROR,8.71s
model_hec_ras_0874.pdf,FAIL,CONNECTION_ERROR,8.52s
model_hec_ras_0875.pdf,FAIL,CONNECTION_ERROR,9.66s
model_hec_ras_0876.pdf,FAIL,CONNECTION_ERROR,9.28s
model_hec_ras_0877.pdf,FAIL,CONNECTION_ERROR,7.67s
model_hec_ras_0878.pdf,FAIL,CONNECTION_ERROR,8.12s
model_hec_ras_0879.pdf,FAIL,CONNECTION_ERROR,8.54s
model_hec_ras_0880.pdf,FAIL,CONNECTION_ERROR,8.45s
model_hec_ras_0881.pdf,FAIL,CONNECTION_ERROR,8.24s
model_hec_ras_0882.pdf,FAIL,CONNECTION_ERROR,8.74s
model_hec_ras_0884.pdf,FAIL,CONNECTION_ERROR,7.93s
model_hec_ras_0883.pdf,FAIL,CONNECTION_ERROR,8.66s
model_hec_ras_0885.pdf,FAIL,CONNECTION_ERROR,8.43s
model_hec_ras_0886.pdf,FAIL,CONNECTION_ERROR,8.52s
model_hec_ras_0887.pdf,FAIL,CONNECTION_ERROR,9.22s
model_hec_ras_0888.pdf,FAIL,CONNECTION_ERROR,9.01s
model_hec_ras_0889.pdf,FAIL,CONNECTION_ERROR,8.52s
model_hec_ras_0890.pdf,FAIL,CONNECTION_ERROR,8.10s
model_hec_ras_0892.pdf,FAIL,CONNECTION_ERROR,8.20s
model_hec_ras_0891.pdf,FAIL,CONNECTION_ERROR,9.29s
model_hec_ras_0893.pdf,FAIL,CONNECTION_ERROR,8.99s
model_hec_ras_0894.pdf,FAIL,CONNECTION_ERROR,8.49s
model_hec_ras_0896.pdf,FAIL,CONNECTION_ERROR,8.29s
model_hec_ras_0895.pdf,FAIL,CONNECTION_ERROR,9.36s
model_hec_ras_0897.pdf,FAIL,CONNECTION_ERROR,8.17s
model_hec_ras_0898.pdf,FAIL,CONNECTION_ERROR,8.22s
model_hec_ras_0899.pdf,FAIL,CONNECTION_ERROR,8.28s
model_hec_ras_0900.pdf,FAIL,CONNECTION_ERROR,8.40s
model_hec_ras_0901.pdf,FAIL,CONNECTION_ERROR,8.82s
model_hec_ras_0902.pdf,FAIL,CONNECTION_ERROR,8.13s
model_hec_ras_0903.pdf,FAIL,CONNECTION_ERROR,8.49s
model_hec_ras_0904.pdf,FAIL,CONNECTION_ERROR,9.03s
model_hec_ras_0905.pdf,FAIL,CONNECTION_ERROR,8.33s
model_hec_ras_0906.pdf,FAIL,CONNECTION_ERROR,9.20s
model_hec_ras_0907.pdf,FAIL,CONNECTION_ERROR,7.80s
model_hec_ras_0908.pdf,FAIL,CONNECTION_ERROR,8.79s
model_hec_ras_0909.pdf,FAIL,CONNECTION_ERROR,9.65s
model_hec_ras_0910.pdf,FAIL,CONNECTION_ERROR,7.86s
model_hec_ras_0911.pdf,FAIL,CONNECTION_ERROR,8.73s
model_hec_ras_0912.pdf,FAIL,CONNECTION_ERROR,8.17s
model_hec_ras_0913.pdf,FAIL,CONNECTION_ERROR,9.00s
model_hec_ras_0914.pdf,FAIL,CONNECTION_ERROR,8.60s
model_hec_ras_0915.pdf,FAIL,CONNECTION_ERROR,8.98s
model_hec_ras_0916.pdf,FAIL,CONNECTION_ERROR,8.31s
model_hec_ras_0917.pdf,FAIL,CONNECTION_ERROR,8.30s
model_hec_ras_0918.pdf,FAIL,CONNECTION_ERROR,8.08s
model_hec_ras_0919.pdf,FAIL,CONNECTION_ERROR,7.27s
model_hec_ras_0920.pdf,FAIL,CONNECTION_ERROR,8.18s
model_hec_ras_0921.pdf,FAIL,CONNECTION_ERROR,7.93s
model_hec_ras_0922.pdf,FAIL,CONNECTION_ERROR,9.13s
model_hec_ras_0923.pdf,FAIL,CONNECTION_ERROR,8.05s
model_hec_ras_0924.pdf,FAIL,CONNECTION_ERROR,8.25s
model_hec_ras_0925.pdf,FAIL,CONNECTION_ERROR,8.60s
model_hec_ras_0926.pdf,FAIL,CONNECTION_ERROR,8.63s
model_hec_ras_0927.pdf,FAIL,CONNECTION_ERROR,9.15s
model_hec_ras_0928.pdf,FAIL,CONNECTION_ERROR,8.50s
model_hec_ras_0929.pdf,FAIL,CONNECTION_ERROR,8.71s
model_hec_ras_0930.pdf,FAIL,CONNECTION_ERROR,9.67s
model_hec_ras_0931.pdf,FAIL,CONNECTION_ERROR,7.93s
model_hec_ras_0932.pdf,FAIL,CONNECTION_ERROR,8.02s
model_hec_ras_0933.pdf,FAIL,CONNECTION_ERROR,7.84s
model_hec_ras_0934.pdf,FAIL,CONNECTION_ERROR,8.59s
model_hec_ras_0935.pdf,FAIL,CONNECTION_ERROR,8.41s
model_hec_ras_0936.pdf,FAIL,CONNECTION_ERROR,8.60s
model_hec_ras_0937.pdf,FAIL,CONNECTION_ERROR,9.13s
model_hec_ras_0938.pdf,FAIL,CONNECTION_ERROR,7.75s
model_hec_ras_0939.pdf,FAIL,CONNECTION_ERROR,8.17s
model_hec_ras_0940.pdf,FAIL,CONNECTION_ERROR,7.75s
model_hec_ras_0941.pdf,FAIL,CONNECTION_ERROR,8.82s
model_hec_ras_0942.pdf,FAIL,CONNECTION_ERROR,7.76s
model_hec_ras_0943.pdf,FAIL,CONNECTION_ERROR,8.41s
model_hec_ras_0944.pdf,FAIL,CONNECTION_ERROR,8.80s
model_hec_ras_0946.pdf,FAIL,CONNECTION_ERROR,8.07s
model_hec_ras_0945.pdf,FAIL,CONNECTION_ERROR,9.20s
model_hec_ras_0947.pdf,FAIL,CONNECTION_ERROR,8.34s
model_hec_ras_0948.pdf,FAIL,CONNECTION_ERROR,9.16s
model_hec_ras_0949.pdf,FAIL,CONNECTION_ERROR,7.86s
model_hec_ras_0950.pdf,FAIL,CONNECTION_ERROR,9.18s
model_hec_ras_0951.pdf,FAIL,CONNECTION_ERROR,8.42s
model_hec_ras_0952.pdf,FAIL,CONNECTION_ERROR,8.77s
model_hec_ras_0953.pdf,FAIL,CONNECTION_ERROR,9.49s
model_hec_ras_0954.pdf,FAIL,CONNECTION_ERROR,7.98s
model_hec_ras_0955.pdf,FAIL,CONNECTION_ERROR,8.98s
model_hec_ras_0956.pdf,FAIL,CONNECTION_ERROR,8.38s
model_hec_ras_0957.pdf,FAIL,CONNECTION_ERROR,7.94s
model_hec_ras_0958.pdf,FAIL,CONNECTION_ERROR,8.43s
model_hec_ras_0959.pdf,FAIL,CONNECTION_ERROR,8.59s
model_hec_ras_0960.pdf,FAIL,CONNECTION_ERROR,8.94s
model_hec_ras_0961.pdf,FAIL,CONNECTION_ERROR,8.24s
model_hec_ras_0962.pdf,FAIL,CONNECTION_ERROR,8.24s
model_hec_ras_0963.pdf,FAIL,CONNECTION_ERROR,7.78s
model_hec_ras_0964.pdf,FAIL,CONNECTION_ERROR,8.89s
model_hec_ras_0965.pdf,FAIL,CONNECTION_ERROR,7.80s
model_hec_ras_0966.pdf,FAIL,CONNECTION_ERROR,8.16s
model_hec_ras_0967.pdf,FAIL,CONNECTION_ERROR,8.89s
model_hec_ras_0968.pdf,FAIL,CONNECTION_ERROR,8.77s
model_hec_ras_0969.pdf,FAIL,CONNECTION_ERROR,8.73s
model_hec_ras_0970.pdf,FAIL,CONNECTION_ERROR,8.94s
model_hec_ras_0971.pdf,FAIL,CONNECTION_ERROR,8.57s
model_hec_ras_0972.pdf,FAIL,CONNECTION_ERROR,8.84s
model_hec_ras_0973.pdf,FAIL,CONNECTION_ERROR,8.54s
model_hec_ras_0974.pdf,FAIL,CONNECTION_ERROR,8.54s
model_hec_ras_0975.pdf,FAIL,CONNECTION_ERROR,8.29s
model_hec_ras_0977.pdf,FAIL,CONNECTION_ERROR,7.56s
model_hec_ras_0976.pdf,FAIL,CONNECTION_ERROR,9.54s
model_hec_ras_0978.pdf,FAIL,CONNECTION_ERROR,8.51s
model_hec_ras_0979.pdf,FAIL,CONNECTION_ERROR,8.80s
model_hec_ras_0980.pdf,FAIL,CONNECTION_ERROR,8.17s
model_hec_ras_0981.pdf,FAIL,CONNECTION_ERROR,8.76s
model_hec_ras_0982.pdf,FAIL,CONNECTION_ERROR,8.79s
model_hec_ras_0983.pdf,FAIL,CONNECTION_ERROR,9.10s
model_hec_ras_0984.pdf,FAIL,CONNECTION_ERROR,9.11s
model_hec_ras_0986.pdf,FAIL,CONNECTION_ERROR,7.87s
model_hec_ras_0985.pdf,FAIL,CONNECTION_ERROR,9.19s
model_hec_ras_0987.pdf,FAIL,CONNECTION_ERROR,8.71s
model_hec_ras_0988.pdf,FAIL,CONNECTION_ERROR,8.09s
model_hec_ras_0989.pdf,FAIL,CONNECTION_ERROR,8.41s
model_hec_ras_0990.pdf,FAIL,CONNECTION_ERROR,8.43s
model_hec_ras_0991.pdf,FAIL,CONNECTION_ERROR,9.01s
model_hec_ras_0992.pdf,FAIL,CONNECTION_ERROR,8.37s
model_hec_ras_0993.pdf,FAIL,CONNECTION_ERROR,8.23s
model_hec_ras_0994.pdf,FAIL,CONNECTION_ERROR,8.71s
model_hec_ras_0995.pdf,FAIL,CONNECTION_ERROR,8.76s
model_hec_ras_0996.pdf,FAIL,CONNECTION_ERROR,9.56s
model_hec_ras_0998.pdf,FAIL,CONNECTION_ERROR,7.72s
model_hec_ras_0997.pdf,FAIL,CONNECTION_ERROR,9.27s
model_hec_ras_0999.pdf,FAIL,CONNECTION_ERROR,8.36s
model_hec_ras_1001.pdf,FAIL,CONNECTION_ERROR,8.44s
model_hec_ras_1000.pdf,FAIL,CONNECTION_ERROR,9.02s
model_hec_ras_1002.pdf,FAIL,CONNECTION_ERROR,8.88s
model_hec_ras_1003.pdf,FAIL,CONNECTION_ERROR,7.96s
model_hec_ras_1005.pdf,FAIL,CONNECTION_ERROR,8.35s
model_hec_ras_1004.pdf,FAIL,CONNECTION_ERROR,9.56s
model_hec_ras_1006.pdf,FAIL,CONNECTION_ERROR,8.16s
model_hec_ras_1007.pdf,FAIL,CONNECTION_ERROR,8.02s
model_hec_ras_1008.pdf,FAIL,CONNECTION_ERROR,8.95s
model_hec_ras_1009.pdf,FAIL,CONNECTION_ERROR,9.35s
model_hec_ras_1010.pdf,FAIL,CONNECTION_ERROR,9.53s
model_hec_ras_1011.pdf,FAIL,CONNECTION_ERROR,8.95s
model_hec_ras_1012.pdf,FAIL,CONNECTION_ERROR,8.45s
model_hec_ras_1013.pdf,FAIL,CONNECTION_ERROR,8.05s
model_hec_ras_1014.pdf,FAIL,CONNECTION_ERROR,8.31s
model_hec_ras_1015.pdf,FAIL,CONNECTION_ERROR,7.76s
model_hec_ras_1016.pdf,FAIL,CONNECTION_ERROR,8.85s
model_hec_ras_1018.pdf,FAIL,CONNECTION_ERROR,8.70s
model_hec_ras_1017.pdf,FAIL,CONNECTION_ERROR,9.56s
model_hec_ras_1019.pdf,FAIL,CONNECTION_ERROR,9.57s
model_hec_ras_1020.pdf,FAIL,CONNECTION_ERROR,8.34s
model_hec_ras_1021.pdf,FAIL,CONNECTION_ERROR,8.48s
model_hec_ras_1022.pdf,FAIL,CONNECTION_ERROR,8.43s
model_hec_ras_1023.pdf,FAIL,CONNECTION_ERROR,7.50s
model_hec_ras_1024.pdf,FAIL,CONNECTION_ERROR,8.35s
model_hec_ras_1026.pdf,FAIL,CONNECTION_ERROR,8.15s
model_hec_ras_1025.pdf,FAIL,CONNECTION_ERROR,9.20s
model_hec_ras_1027.pdf,FAIL,CONNECTION_ERROR,7.76s
model_hec_ras_1028.pdf,FAIL,CONNECTION_ERROR,7.80s
model_hec_ras_1030.pdf,FAIL,CONNECTION_ERROR,7.65s
model_hec_ras_1029.pdf,FAIL,CONNECTION_ERROR,9.26s
model_hec_ras_1031.pdf,FAIL,CONNECTION_ERROR,8.35s
model_hec_ras_1032.pdf,FAIL,CONNECTION_ERROR,8.68s
model_hec_ras_1033.pdf,FAIL,CONNECTION_ERROR,7.93s
model_hec_ras_1034.pdf,FAIL,CONNECTION_ERROR,8.67s
model_hec_ras_1035.pdf,FAIL,CONNECTION_ERROR,8.71s
model_hec_ras_1036.pdf,FAIL,CONNECTION_ERROR,8.85s
model_hec_ras_1037.pdf,FAIL,CONNECTION_ERROR,7.88s
model_hec_ras_1038.pdf,FAIL,CONNECTION_ERROR,8.04s
model_hec_ras_1039.pdf,FAIL,CONNECTION_ERROR,8.05s
model_hec_ras_1041.pdf,FAIL,CONNECTION_ERROR,8.51s
model_hec_ras_1040.pdf,FAIL,CONNECTION_ERROR,9.20s
model_hec_ras_1042.pdf,FAIL,CONNECTION_ERROR,7.91s
model_hec_ras_1043.pdf,FAIL,CONNECTION_ERROR,7.91s
model_hec_ras_1045.pdf,FAIL,CONNECTION_ERROR,7.36s
model_hec_ras_1044.pdf,FAIL,CONNECTION_ERROR,8.44s
model_hec_ras_1046.pdf,FAIL,CONNECTION_ERROR,7.95s
model_hec_ras_1047.pdf,FAIL,CONNECTION_ERROR,7.97s
model_hec_ras_1048.pdf,FAIL,CONNECTION_ERROR,8.60s
model_hec_ras_1050.pdf,FAIL,CONNECTION_ERROR,7.51s
model_hec_ras_1049.pdf,FAIL,CONNECTION_ERROR,9.43s
model_hec_ras_1051.pdf,FAIL,CONNECTION_ERROR,8.58s
model_hec_ras_1052.pdf,FAIL,CONNECTION_ERROR,9.09s
model_hec_ras_1053.pdf,FAIL,CONNECTION_ERROR,8.53s
model_hec_ras_1054.pdf,FAIL,CONNECTION_ERROR,8.22s
model_hec_ras_1055.pdf,FAIL,CONNECTION_ERROR,8.96s
model_hec_ras_1056.pdf,FAIL,CONNECTION_ERROR,8.11s
model_hec_ras_1057.pdf,FAIL,CONNECTION_ERROR,8.21s
model_hec_ras_1058.pdf,FAIL,CONNECTION_ERROR,9.27s
model_hec_ras_1059.pdf,FAIL,CONNECTION_ERROR,8.64s
model_hec_ras_1060.pdf,FAIL,CONNECTION_ERROR,8.00s
model_hec_ras_1061.pdf,FAIL,CONNECTION_ERROR,8.24s
model_hec_ras_1063.pdf,FAIL,CONNECTION_ERROR,7.31s
model_hec_ras_1062.pdf,FAIL,CONNECTION_ERROR,8.46s
model_hec_ras_1064.pdf,FAIL,CONNECTION_ERROR,8.52s
model_hec_ras_1065.pdf,FAIL,CONNECTION_ERROR,8.80s
model_hec_ras_1066.pdf,FAIL,CONNECTION_ERROR,9.12s
model_hec_ras_1067.pdf,FAIL,CONNECTION_ERROR,9.12s
model_hec_ras_1068.pdf,FAIL,CONNECTION_ERROR,9.06s
model_hec_ras_1069.pdf,FAIL,CONNECTION_ERROR,8.96s
model_hec_ras_1071.pdf,FAIL,CONNECTION_ERROR,8.57s
model_hec_ras_1070.pdf,FAIL,CONNECTION_ERROR,9.55s
model_hec_ras_1072.pdf,FAIL,CONNECTION_ERROR,8.02s
model_hec_ras_1073.pdf,FAIL,CONNECTION_ERROR,8.31s
model_hec_ras_1074.pdf,FAIL,CONNECTION_ERROR,8.22s
model_hec_ras_1075.pdf,FAIL,CONNECTION_ERROR,8.41s
model_hec_ras_1076.pdf,FAIL,CONNECTION_ERROR,8.83s
model_hec_ras_1077.pdf,FAIL,CONNECTION_ERROR,8.51s
model_hec_ras_1078.pdf,FAIL,CONNECTION_ERROR,7.90s
model_hec_ras_1079.pdf,FAIL,CONNECTION_ERROR,7.76s
model_hec_ras_1080.pdf,FAIL,CONNECTION_ERROR,7.89s
model_hec_ras_1081.pdf,FAIL,CONNECTION_ERROR,8.07s
model_hec_ras_1082.pdf,FAIL,CONNECTION_ERROR,8.31s
model_hec_ras_1083.pdf,FAIL,CONNECTION_ERROR,8.89s
model_hec_ras_1084.pdf,FAIL,CONNECTION_ERROR,7.45s
model_hec_ras_1085.pdf,FAIL,CONNECTION_ERROR,7.93s
model_hec_ras_1086.pdf,FAIL,CONNECTION_ERROR,8.61s
model_hec_ras_1087.pdf,FAIL,CONNECTION_ERROR,8.17s
model_hec_ras_1088.pdf,FAIL,CONNECTION_ERROR,8.35s
model_hec_ras_1089.pdf,FAIL,CONNECTION_ERROR,8.26s
model_hec_ras_1090.pdf,FAIL,CONNECTION_ERROR,8.18s
model_hec_ras_1091.pdf,FAIL,CONNECTION_ERROR,8.22s
model_hec_ras_1092.pdf,FAIL,CONNECTION_ERROR,7.98s
model_hec_ras_1093.pdf,FAIL,CONNECTION_ERROR,8.44s
model_hec_ras_1094.pdf,FAIL,CONNECTION_ERROR,8.58s
model_hec_ras_1095.pdf,FAIL,CONNECTION_ERROR,9.13s
model_hec_ras_1096.pdf,FAIL,CONNECTION_ERROR,8.17s
model_hec_ras_1097.pdf,FAIL,CONNECTION_ERROR,8.44s
model_hec_ras_1098.pdf,FAIL,CONNECTION_ERROR,8.19s
model_hec_ras_1099.pdf,FAIL,CONNECTION_ERROR,7.86s
model_hec_ras_1100.pdf,FAIL,CONNECTION_ERROR,7.69s
model_hec_ras_1101.pdf,FAIL,CONNECTION_ERROR,8.49s
model_hec_ras_1102.pdf,FAIL,CONNECTION_ERROR,8.38s
model_hec_ras_1103.pdf,FAIL,CONNECTION_ERROR,8.50s
model_hec_ras_1104.pdf,FAIL,CONNECTION_ERROR,8.99s
model_hec_ras_1105.pdf,FAIL,CONNECTION_ERROR,8.03s
model_hec_ras_1106.pdf,FAIL,CONNECTION_ERROR,8.45s
model_hec_ras_1107.pdf,FAIL,CONNECTION_ERROR,9.49s
model_hec_ras_1108.pdf,FAIL,CONNECTION_ERROR,8.74s
model_hec_ras_1109.pdf,FAIL,CONNECTION_ERROR,8.26s
model_hec_ras_1110.pdf,FAIL,CONNECTION_ERROR,9.21s
model_hec_ras_1111.pdf,FAIL,CONNECTION_ERROR,8.36s
model_hec_ras_1112.pdf,FAIL,CONNECTION_ERROR,8.48s
model_hec_ras_1113.pdf,FAIL,CONNECTION_ERROR,9.28s
model_hec_ras_1114.pdf,FAIL,CONNECTION_ERROR,7.16s
model_hec_ras_1115.pdf,FAIL,CONNECTION_ERROR,7.44s
model_hec_ras_1116.pdf,FAIL,CONNECTION_ERROR,8.53s
model_hec_ras_1117.pdf,FAIL,CONNECTION_ERROR,8.58s
model_hec_ras_1118.pdf,FAIL,CONNECTION_ERROR,9.02s
model_hec_ras_1119.pdf,FAIL,CONNECTION_ERROR,8.28s
model_hec_ras_1120.pdf,FAIL,CONNECTION_ERROR,8.07s
model_hec_ras_1121.pdf,FAIL,CONNECTION_ERROR,8.27s
model_hec_ras_1122.pdf,FAIL,CONNECTION_ERROR,7.85s
model_hec_ras_1123.pdf,FAIL,CONNECTION_ERROR,9.38s
model_hec_ras_1124.pdf,FAIL,CONNECTION_ERROR,8.62s
model_hec_ras_1125.pdf,FAIL,CONNECTION_ERROR,7.59s
model_hec_ras_1126.pdf,FAIL,CONNECTION_ERROR,8.03s
model_hec_ras_1127.pdf,FAIL,CONNECTION_ERROR,7.67s
model_hec_ras_1128.pdf,FAIL,CONNECTION_ERROR,7.87s
model_hec_ras_1129.pdf,FAIL,CONNECTION_ERROR,8.98s
model_hec_ras_1130.pdf,FAIL,CONNECTION_ERROR,8.02s
model_hec_ras_1131.pdf,FAIL,CONNECTION_ERROR,8.13s
model_hec_ras_1132.pdf,FAIL,CONNECTION_ERROR,8.29s
model_hec_ras_1133.pdf,FAIL,CONNECTION_ERROR,8.36s
model_hec_ras_1134.pdf,FAIL,CONNECTION_ERROR,8.16s
model_hec_ras_1135.pdf,FAIL,CONNECTION_ERROR,8.36s
model_hec_ras_1136.pdf,FAIL,CONNECTION_ERROR,9.01s
model_hec_ras_1137.pdf,FAIL,CONNECTION_ERROR,8.81s
model_hec_ras_1138.pdf,FAIL,CONNECTION_ERROR,8.71s
model_hec_ras_1139.pdf,FAIL,CONNECTION_ERROR,8.58s
model_hec_ras_1140.pdf,FAIL,CONNECTION_ERROR,8.81s
model_hec_ras_1141.pdf,FAIL,CONNECTION_ERROR,7.70s
model_hec_ras_1142.pdf,FAIL,CONNECTION_ERROR,8.53s
model_hec_ras_1143.pdf,FAIL,CONNECTION_ERROR,8.00s
model_hec_ras_1144.pdf,FAIL,CONNECTION_ERROR,8.92s
model_hec_ras_1145.pdf,FAIL,CONNECTION_ERROR,8.49s
model_hec_ras_1146.pdf,FAIL,CONNECTION_ERROR,9.20s
model_hec_ras_1147.pdf,FAIL,CONNECTION_ERROR,8.75s
model_hec_ras_1148.pdf,FAIL,CONNECTION_ERROR,8.78s
model_hec_ras_1149.pdf,FAIL,CONNECTION_ERROR,9.15s
model_hec_ras_1150.pdf,FAIL,CONNECTION_ERROR,8.11s
model_hec_ras_1151.pdf,FAIL,CONNECTION_ERROR,8.39s
model_hec_ras_1153.pdf,FAIL,CONNECTION_ERROR,8.53s
model_hec_ras_1152.pdf,FAIL,CONNECTION_ERROR,9.89s
model_hec_ras_1154.pdf,FAIL,CONNECTION_ERROR,9.23s
model_hec_ras_1155.pdf,FAIL,CONNECTION_ERROR,8.59s
model_hec_ras_1156.pdf,FAIL,CONNECTION_ERROR,8.13s
model_hec_ras_1157.pdf,FAIL,CONNECTION_ERROR,8.65s
model_hec_ras_1158.pdf,FAIL,CONNECTION_ERROR,8.46s
model_hec_ras_1159.pdf,FAIL,CONNECTION_ERROR,8.80s
model_hec_ras_1160.pdf,FAIL,CONNECTION_ERROR,9.41s
model_hec_ras_1162.pdf,FAIL,CONNECTION_ERROR,7.70s
model_hec_ras_1161.pdf,FAIL,CONNECTION_ERROR,8.85s
model_hec_ras_1163.pdf,FAIL,CONNECTION_ERROR,8.07s
model_hec_ras_1165.pdf,FAIL,CONNECTION_ERROR,8.29s
model_hec_ras_1166.pdf,FAIL,CONNECTION_ERROR,8.51s
model_hec_ras_1164.pdf,FAIL,CONNECTION_ERROR,9.15s
model_hec_ras_1167.pdf,FAIL,CONNECTION_ERROR,8.45s
model_hec_ras_1168.pdf,FAIL,CONNECTION_ERROR,7.54s
model_hec_ras_1169.pdf,FAIL,CONNECTION_ERROR,8.27s
model_hec_ras_1170.pdf,FAIL,CONNECTION_ERROR,8.65s
model_hec_ras_1171.pdf,FAIL,CONNECTION_ERROR,8.87s
model_hec_ras_1173.pdf,FAIL,CONNECTION_ERROR,7.91s
model_hec_ras_1172.pdf,FAIL,CONNECTION_ERROR,9.48s
model_hec_ras_1174.pdf,FAIL,CONNECTION_ERROR,8.96s
model_hec_ras_1175.pdf,FAIL,CONNECTION_ERROR,8.20s
model_hec_ras_1177.pdf,FAIL,CONNECTION_ERROR,7.54s
model_hec_ras_1176.pdf,FAIL,CONNECTION_ERROR,9.05s
model_hec_ras_1179.pdf,FAIL,CONNECTION_ERROR,7.55s
model_hec_ras_1178.pdf,FAIL,CONNECTION_ERROR,8.70s
model_hec_ras_1180.pdf,FAIL,CONNECTION_ERROR,8.75s
model_hec_ras_1181.pdf,FAIL,CONNECTION_ERROR,8.60s
model_hec_ras_1182.pdf,FAIL,CONNECTION_ERROR,8.18s
model_hec_ras_1183.pdf,FAIL,CONNECTION_ERROR,9.11s
model_hec_ras_1186.pdf,FAIL,CONNECTION_ERROR,7.49s
model_hec_ras_1184.pdf,FAIL,CONNECTION_ERROR,8.66s
model_hec_ras_1185.pdf,FAIL,CONNECTION_ERROR,8.11s
model_hec_ras_1187.pdf,FAIL,CONNECTION_ERROR,7.52s
model_hec_ras_1188.pdf,FAIL,CONNECTION_ERROR,8.00s
model_hec_ras_1189.pdf,FAIL,CONNECTION_ERROR,8.65s
model_hec_ras_1191.pdf,FAIL,CONNECTION_ERROR,7.32s
model_hec_ras_1190.pdf,FAIL,CONNECTION_ERROR,8.86s
model_hec_ras_1192.pdf,FAIL,CONNECTION_ERROR,7.95s
model_hec_ras_1194.pdf,FAIL,CONNECTION_ERROR,8.40s
model_hec_ras_1193.pdf,FAIL,CONNECTION_ERROR,8.60s
model_hec_ras_1195.pdf,FAIL,CONNECTION_ERROR,8.75s
model_hec_ras_1196.pdf,FAIL,CONNECTION_ERROR,8.68s
model_hec_ras_1197.pdf,FAIL,CONNECTION_ERROR,7.68s
model_hec_ras_1198.pdf,FAIL,CONNECTION_ERROR,8.31s
model_hec_ras_1199.pdf,FAIL,CONNECTION_ERROR,8.99s
model_hec_ras_1200.pdf,FAIL,CONNECTION_ERROR,8.26s
model_hec_ras_1201.pdf,FAIL,CONNECTION_ERROR,8.31s
model_hec_ras_1202.pdf,FAIL,CONNECTION_ERROR,8.66s
model_hec_ras_1203.pdf,FAIL,CONNECTION_ERROR,8.23s
model_hec_ras_1204.pdf,FAIL,CONNECTION_ERROR,7.86s
model_hec_ras_1205.pdf,FAIL,CONNECTION_ERROR,8.81s
model_hec_ras_1206.pdf,FAIL,CONNECTION_ERROR,8.23s
model_hec_ras_1207.pdf,FAIL,CONNECTION_ERROR,8.91s
model_hec_ras_1208.pdf,FAIL,CONNECTION_ERROR,8.57s
model_hec_ras_1210.pdf,FAIL,CONNECTION_ERROR,8.33s
model_hec_ras_1209.pdf,FAIL,CONNECTION_ERROR,8.90s
model_hec_ras_1211.pdf,FAIL,CONNECTION_ERROR,8.80s
model_hec_ras_1212.pdf,FAIL,CONNECTION_ERROR,8.93s
model_hec_ras_1214.pdf,FAIL,CONNECTION_ERROR,8.26s
model_hec_ras_1213.pdf,FAIL,CONNECTION_ERROR,8.75s
model_hec_ras_1215.pdf,FAIL,CONNECTION_ERROR,8.87s
model_hec_ras_1216.pdf,FAIL,CONNECTION_ERROR,8.31s
model_hec_ras_1218.pdf,FAIL,CONNECTION_ERROR,8.15s
model_hec_ras_1217.pdf,FAIL,CONNECTION_ERROR,8.97s
model_hec_ras_1219.pdf,FAIL,CONNECTION_ERROR,8.53s
model_hec_ras_1220.pdf,FAIL,CONNECTION_ERROR,9.03s
model_hec_ras_1222.pdf,FAIL,CONNECTION_ERROR,7.96s
model_hec_ras_1221.pdf,FAIL,CONNECTION_ERROR,8.69s
model_hec_ras_1223.pdf,FAIL,CONNECTION_ERROR,8.10s
model_hec_ras_1224.pdf,FAIL,CONNECTION_ERROR,7.81s
model_hec_ras_1225.pdf,FAIL,CONNECTION_ERROR,8.27s
model_hec_ras_1226.pdf,FAIL,CONNECTION_ERROR,8.87s
model_hec_ras_1227.pdf,FAIL,CONNECTION_ERROR,8.04s
model_hec_ras_1228.pdf,FAIL,CONNECTION_ERROR,8.70s
model_hec_ras_1229.pdf,FAIL,CONNECTION_ERROR,8.14s
model_hec_ras_1230.pdf,FAIL,CONNECTION_ERROR,8.46s
model_hec_ras_1231.pdf,FAIL,CONNECTION_ERROR,9.23s
model_hec_ras_1232.pdf,FAIL,CONNECTION_ERROR,8.61s
model_hec_ras_1233.pdf,FAIL,CONNECTION_ERROR,8.52s
model_hec_ras_1234.pdf,FAIL,CONNECTION_ERROR,8.16s
model_hec_ras_1235.pdf,FAIL,CONNECTION_ERROR,9.11s
model_hec_ras_1236.pdf,FAIL,CONNECTION_ERROR,8.54s
model_hec_ras_1237.pdf,FAIL,CONNECTION_ERROR,8.62s
model_hec_ras_1238.pdf,FAIL,CONNECTION_ERROR,8.31s
model_hec_ras_1239.pdf,FAIL,CONNECTION_ERROR,8.79s
model_hec_ras_1240.pdf,FAIL,CONNECTION_ERROR,8.50s
model_hec_ras_1241.pdf,FAIL,CONNECTION_ERROR,9.11s
model_hec_ras_1242.pdf,FAIL,CONNECTION_ERROR,9.18s
model_hec_ras_1243.pdf,FAIL,CONNECTION_ERROR,8.15s
model_hec_ras_1244.pdf,FAIL,CONNECTION_ERROR,8.81s
model_hec_ras_1245.pdf,FAIL,CONNECTION_ERROR,8.65s
model_hec_ras_1246.pdf,FAIL,CONNECTION_ERROR,8.69s
model_hec_ras_1247.pdf,FAIL,CONNECTION_ERROR,7.91s
model_hec_ras_1248.pdf,FAIL,CONNECTION_ERROR,8.42s
model_hec_ras_1250.pdf,FAIL,CONNECTION_ERROR,7.30s
model_hec_ras_1249.pdf,FAIL,CONNECTION_ERROR,8.13s
model_hec_ras_1251.pdf,FAIL,CONNECTION_ERROR,8.41s
model_hec_ras_1252.pdf,FAIL,CONNECTION_ERROR,8.20s
model_hec_ras_1253.pdf,FAIL,CONNECTION_ERROR,8.28s
model_hec_ras_1254.pdf,FAIL,CONNECTION_ERROR,8.67s
model_hec_ras_1255.pdf,FAIL,CONNECTION_ERROR,8.32s
model_hec_ras_1257.pdf,FAIL,CONNECTION_ERROR,7.71s
model_hec_ras_1256.pdf,FAIL,CONNECTION_ERROR,8.62s
model_hec_ras_1258.pdf,FAIL,CONNECTION_ERROR,9.15s
model_hec_ras_1259.pdf,FAIL,CONNECTION_ERROR,7.57s
model_hec_ras_1260.pdf,FAIL,CONNECTION_ERROR,8.78s
model_hec_ras_1261.pdf,FAIL,CONNECTION_ERROR,9.60s
model_hec_ras_1262.pdf,FAIL,CONNECTION_ERROR,8.32s
model_hec_ras_1263.pdf,FAIL,CONNECTION_ERROR,9.02s
model_hec_ras_1264.pdf,FAIL,CONNECTION_ERROR,7.64s
model_hec_ras_1265.pdf,FAIL,CONNECTION_ERROR,7.64s
model_hec_ras_1266.pdf,FAIL,CONNECTION_ERROR,9.04s
model_hec_ras_1267.pdf,FAIL,CONNECTION_ERROR,8.36s
model_hec_ras_1269.pdf,FAIL,CONNECTION_ERROR,7.70s
model_hec_ras_1268.pdf,FAIL,CONNECTION_ERROR,9.12s
model_hec_ras_1270.pdf,FAIL,CONNECTION_ERROR,7.93s
model_hec_ras_1271.pdf,FAIL,CONNECTION_ERROR,8.31s
model_hec_ras_1272.pdf,FAIL,CONNECTION_ERROR,7.59s
model_hec_ras_1273.pdf,FAIL,CONNECTION_ERROR,8.54s
model_hec_ras_1274.pdf,FAIL,CONNECTION_ERROR,8.52s
model_hec_ras_1275.pdf,FAIL,CONNECTION_ERROR,8.30s
model_hec_ras_1276.pdf,FAIL,CONNECTION_ERROR,7.68s
model_hec_ras_1277.pdf,FAIL,CONNECTION_ERROR,8.78s
model_hec_ras_1278.pdf,FAIL,CONNECTION_ERROR,8.71s
model_hec_ras_1279.pdf,FAIL,CONNECTION_ERROR,8.11s
model_hec_ras_1280.pdf,FAIL,CONNECTION_ERROR,9.44s
model_hec_ras_1281.pdf,FAIL,CONNECTION_ERROR,9.11s
model_hec_ras_1282.pdf,FAIL,CONNECTION_ERROR,8.54s
model_hec_ras_1283.pdf,FAIL,CONNECTION_ERROR,8.60s
model_hec_ras_1284.pdf,FAIL,CONNECTION_ERROR,8.34s
model_hec_ras_1285.pdf,FAIL,CONNECTION_ERROR,7.78s
model_hec_ras_1287.pdf,FAIL,CONNECTION_ERROR,8.01s
model_hec_ras_1286.pdf,FAIL,CONNECTION_ERROR,8.59s
model_hec_ras_1288.pdf,FAIL,CONNECTION_ERROR,8.69s
model_hec_ras_1289.pdf,FAIL,CONNECTION_ERROR,8.21s
model_hec_ras_1291.pdf,FAIL,CONNECTION_ERROR,8.28s
model_hec_ras_1290.pdf,FAIL,CONNECTION_ERROR,9.05s
model_hec_ras_1292.pdf,FAIL,CONNECTION_ERROR,8.84s
model_hec_ras_1293.pdf,FAIL,CONNECTION_ERROR,8.85s
model_hec_ras_1295.pdf,FAIL,CONNECTION_ERROR,8.29s
model_hec_ras_1294.pdf,FAIL,CONNECTION_ERROR,8.84s
model_hec_ras_1296.pdf,FAIL,CONNECTION_ERROR,8.87s
model_hec_ras_1297.pdf,FAIL,CONNECTION_ERROR,9.03s
model_hec_ras_1298.pdf,FAIL,CONNECTION_ERROR,8.17s
model_hec_ras_1299.pdf,FAIL,CONNECTION_ERROR,8.21s
model_hec_ras_1300.pdf,FAIL,CONNECTION_ERROR,9.16s
model_hec_ras_1301.pdf,FAIL,CONNECTION_ERROR,8.60s
model_hec_ras_1302.pdf,FAIL,CONNECTION_ERROR,8.83s
model_hec_ras_1303.pdf,FAIL,CONNECTION_ERROR,9.41s
model_hec_ras_1304.pdf,FAIL,CONNECTION_ERROR,9.04s
model_hec_ras_1305.pdf,FAIL,CONNECTION_ERROR,9.38s
model_hec_ras_1306.pdf,FAIL,CONNECTION_ERROR,8.84s
model_hec_ras_1307.pdf,FAIL,CONNECTION_ERROR,9.80s
model_hec_ras_1308.pdf,FAIL,CONNECTION_ERROR,8.25s
model_hec_ras_1309.pdf,FAIL,CONNECTION_ERROR,7.93s
model_hec_ras_1310.pdf,FAIL,CONNECTION_ERROR,8.73s
model_hec_ras_1311.pdf,FAIL,CONNECTION_ERROR,8.70s
model_hec_ras_1312.pdf,FAIL,CONNECTION_ERROR,7.89s
model_hec_ras_1313.pdf,FAIL,CONNECTION_ERROR,8.08s
model_hec_ras_1314.pdf,FAIL,CONNECTION_ERROR,8.75s
model_hec_ras_1315.pdf,FAIL,CONNECTION_ERROR,8.65s
model_hec_ras_1316.pdf,FAIL,CONNECTION_ERROR,9.37s
model_hec_ras_1317.pdf,FAIL,CONNECTION_ERROR,8.56s
model_hec_ras_1318.pdf,FAIL,CONNECTION_ERROR,8.86s
model_hec_ras_1319.pdf,FAIL,CONNECTION_ERROR,8.06s
model_hec_ras_1321.pdf,FAIL,CONNECTION_ERROR,7.83s
model_hec_ras_1320.pdf,FAIL,CONNECTION_ERROR,8.15s
model_hec_ras_1322.pdf,FAIL,CONNECTION_ERROR,8.26s
model_hec_ras_1323.pdf,FAIL,CONNECTION_ERROR,8.53s
model_hec_ras_1324.pdf,FAIL,CONNECTION_ERROR,8.44s
model_hec_ras_1325.pdf,FAIL,CONNECTION_ERROR,8.70s
model_hec_ras_1326.pdf,FAIL,CONNECTION_ERROR,9.36s
model_hec_ras_1327.pdf,FAIL,CONNECTION_ERROR,8.57s
model_hec_ras_1328.pdf,FAIL,CONNECTION_ERROR,7.77s
model_hec_ras_1329.pdf,FAIL,CONNECTION_ERROR,8.67s
model_hec_ras_1330.pdf,FAIL,CONNECTION_ERROR,8.73s
model_hec_ras_1331.pdf,FAIL,CONNECTION_ERROR,8.50s
model_hec_ras_1332.pdf,FAIL,CONNECTION_ERROR,7.70s
model_hec_ras_1333.pdf,FAIL,CONNECTION_ERROR,8.00s
model_hec_ras_1335.pdf,FAIL,CONNECTION_ERROR,8.04s
model_hec_ras_1334.pdf,FAIL,CONNECTION_ERROR,8.54s
model_hec_ras_1336.pdf,FAIL,CONNECTION_ERROR,8.64s
model_hec_ras_1337.pdf,FAIL,CONNECTION_ERROR,8.92s
model_hec_ras_1338.pdf,FAIL,CONNECTION_ERROR,9.06s
model_hec_ras_1339.pdf,FAIL,CONNECTION_ERROR,8.82s
model_hec_ras_1340.pdf,FAIL,CONNECTION_ERROR,8.54s
model_hec_ras_1341.pdf,FAIL,CONNECTION_ERROR,7.94s
model_hec_ras_1342.pdf,FAIL,CONNECTION_ERROR,7.82s
model_hec_ras_1343.pdf,FAIL,CONNECTION_ERROR,8.44s
model_hec_ras_1344.pdf,FAIL,CONNECTION_ERROR,8.34s
model_hec_ras_1345.pdf,FAIL,CONNECTION_ERROR,7.75s
model_hec_ras_1346.pdf,FAIL,CONNECTION_ERROR,8.38s
model_hec_ras_1347.pdf,FAIL,CONNECTION_ERROR,8.60s
model_hec_ras_1348.pdf,FAIL,CONNECTION_ERROR,8.67s
model_hec_ras_1349.pdf,FAIL,CONNECTION_ERROR,8.90s
model_hec_ras_1350.pdf,FAIL,CONNECTION_ERROR,8.72s
model_hec_ras_1351.pdf,FAIL,CONNECTION_ERROR,8.43s
model_hec_ras_1352.pdf,FAIL,CONNECTION_ERROR,8.30s
model_hec_ras_1353.pdf,FAIL,CONNECTION_ERROR,8.24s
model_hec_ras_1354.pdf,FAIL,CONNECTION_ERROR,7.71s
model_hec_ras_1355.pdf,FAIL,CONNECTION_ERROR,7.96s
model_hec_ras_1356.pdf,FAIL,CONNECTION_ERROR,8.53s
model_hec_ras_1357.pdf,FAIL,CONNECTION_ERROR,8.64s
model_hec_ras_1358.pdf,FAIL,CONNECTION_ERROR,8.05s
model_hec_ras_1359.pdf,FAIL,CONNECTION_ERROR,8.00s
model_hec_ras_1360.pdf,FAIL,CONNECTION_ERROR,8.96s
model_hec_ras_1361.pdf,FAIL,CONNECTION_ERROR,8.16s
model_hec_ras_1362.pdf,FAIL,CONNECTION_ERROR,8.66s
model_hec_ras_1363.pdf,FAIL,CONNECTION_ERROR,8.59s
model_hec_ras_1364.pdf,FAIL,CONNECTION_ERROR,7.76s
model_hec_ras_1365.pdf,FAIL,CONNECTION_ERROR,7.94s
model_hec_ras_1366.pdf,FAIL,CONNECTION_ERROR,8.91s
model_hec_ras_1367.pdf,FAIL,CONNECTION_ERROR,8.33s
model_hec_ras_1368.pdf,FAIL,CONNECTION_ERROR,8.14s
model_hec_ras_1369.pdf,FAIL,CONNECTION_ERROR,7.94s
model_hec_ras_1370.pdf,FAIL,CONNECTION_ERROR,7.84s
model_hec_ras_1371.pdf,FAIL,CONNECTION_ERROR,9.22s
model_hec_ras_1372.pdf,FAIL,CONNECTION_ERROR,7.93s
model_hec_ras_1373.pdf,FAIL,CONNECTION_ERROR,9.29s
model_hec_ras_1374.pdf,FAIL,CONNECTION_ERROR,7.92s
model_hec_ras_1375.pdf,FAIL,CONNECTION_ERROR,8.00s
model_hec_ras_1377.pdf,FAIL,CONNECTION_ERROR,7.94s
model_hec_ras_1376.pdf,FAIL,CONNECTION_ERROR,9.58s
model_hec_ras_1378.pdf,FAIL,CONNECTION_ERROR,9.13s
model_hec_ras_1379.pdf,FAIL,CONNECTION_ERROR,8.36s
model_hec_ras_1380.pdf,FAIL,CONNECTION_ERROR,8.21s
model_hec_ras_1381.pdf,FAIL,CONNECTION_ERROR,8.32s
model_hec_ras_1382.pdf,FAIL,CONNECTION_ERROR,8.58s
model_hec_ras_1383.pdf,FAIL,CONNECTION_ERROR,8.41s
model_hec_ras_1384.pdf,FAIL,CONNECTION_ERROR,8.88s
model_hec_ras_1385.pdf,FAIL,CONNECTION_ERROR,8.99s
model_hec_ras_1386.pdf,FAIL,CONNECTION_ERROR,8.08s
model_hec_ras_1387.pdf,FAIL,CONNECTION_ERROR,8.24s
model_hec_ras_1388.pdf,FAIL,CONNECTION_ERROR,7.44s
model_hec_ras_1389.pdf,FAIL,CONNECTION_ERROR,8.79s
model_hec_ras_1390.pdf,FAIL,CONNECTION_ERROR,8.55s
model_hec_ras_1391.pdf,FAIL,CONNECTION_ERROR,9.67s
model_hec_ras_1392.pdf,FAIL,CONNECTION_ERROR,8.50s
model_hec_ras_1393.pdf,FAIL,CONNECTION_ERROR,8.69s
model_hec_ras_1394.pdf,FAIL,CONNECTION_ERROR,8.59s
model_hec_ras_1395.pdf,FAIL,CONNECTION_ERROR,9.21s
model_hec_ras_1396.pdf,FAIL,CONNECTION_ERROR,9.11s
model_hec_ras_1397.pdf,FAIL,CONNECTION_ERROR,8.23s
model_hec_ras_1398.pdf,FAIL,CONNECTION_ERROR,8.09s
model_hec_ras_1399.pdf,FAIL,CONNECTION_ERROR,8.07s
model_hec_ras_1400.pdf,FAIL,CONNECTION_ERROR,8.63s
model_hec_ras_1401.pdf,FAIL,CONNECTION_ERROR,7.75s
model_hec_ras_1402.pdf,FAIL,CONNECTION_ERROR,8.09s
model_hec_ras_1403.pdf,FAIL,CONNECTION_ERROR,8.18s
model_hec_ras_1404.pdf,FAIL,CONNECTION_ERROR,9.25s
model_hec_ras_1405.pdf,FAIL,CONNECTION_ERROR,9.24s
model_hec_ras_1406.pdf,FAIL,CONNECTION_ERROR,7.97s
model_hec_ras_1407.pdf,FAIL,CONNECTION_ERROR,8.52s
model_hec_ras_1409.pdf,FAIL,CONNECTION_ERROR,8.53s
model_hec_ras_1408.pdf,FAIL,CONNECTION_ERROR,8.68s
model_hec_ras_1410.pdf,FAIL,CONNECTION_ERROR,8.80s
model_hec_ras_1411.pdf,FAIL,CONNECTION_ERROR,8.56s
model_hec_ras_1412.pdf,FAIL,CONNECTION_ERROR,8.71s
model_hec_ras_1413.pdf,FAIL,CONNECTION_ERROR,9.37s
model_hec_ras_1414.pdf,FAIL,CONNECTION_ERROR,9.35s
model_hec_ras_1415.pdf,FAIL,CONNECTION_ERROR,8.07s
model_hec_ras_1416.pdf,FAIL,CONNECTION_ERROR,8.15s
model_hec_ras_1417.pdf,FAIL,CONNECTION_ERROR,7.86s
model_hec_ras_1418.pdf,FAIL,CONNECTION_ERROR,8.88s
model_hec_ras_1419.pdf,FAIL,CONNECTION_ERROR,9.03s
model_hec_ras_1423.pdf,FAIL,CONNECTION_ERROR,8.28s
model_hec_ras_1422.pdf,FAIL,CONNECTION_ERROR,8.85s
model_hec_ras_1424.pdf,FAIL,CONNECTION_ERROR,7.73s
model_hec_ras_1425.pdf,FAIL,CONNECTION_ERROR,8.09s
model_hec_ras_1426.pdf,FAIL,CONNECTION_ERROR,8.20s
model_hec_ras_1427.pdf,FAIL,CONNECTION_ERROR,9.15s
model_hec_ras_1428.pdf,FAIL,CONNECTION_ERROR,8.34s
model_hec_ras_1429.pdf,FAIL,CONNECTION_ERROR,8.64s
model_hec_ras_1430.pdf,FAIL,CONNECTION_ERROR,8.44s
model_hec_ras_1431.pdf,FAIL,CONNECTION_ERROR,9.55s
model_hec_ras_1434.pdf,FAIL,CONNECTION_ERROR,8.81s
model_hec_ras_1436.pdf,FAIL,CONNECTION_ERROR,8.73s
model_hec_ras_1437.pdf,FAIL,CONNECTION_ERROR,8.25s
model_hec_ras_1439.pdf,FAIL,CONNECTION_ERROR,8.81s
model_hec_ras_1441.pdf,FAIL,CONNECTION_ERROR,9.43s
model_hec_ras_1442.pdf,FAIL,CONNECTION_ERROR,8.91s
model_hec_ras_1443.pdf,FAIL,CONNECTION_ERROR,9.44s
model_hec_ras_1444.pdf,FAIL,CONNECTION_ERROR,8.01s
model_hec_ras_1446.pdf,FAIL,CONNECTION_ERROR,8.84s
model_hec_ras_1447.pdf,FAIL,CONNECTION_ERROR,9.06s
model_hec_ras_1449.pdf,FAIL,CONNECTION_ERROR,8.47s
model_hec_ras_1452.pdf,FAIL,CONNECTION_ERROR,8.91s
model_hec_ras_1453.pdf,FAIL,CONNECTION_ERROR,8.78s
model_hec_ras_1456.pdf,FAIL,CONNECTION_ERROR,8.33s
model_hec_ras_1457.pdf,FAIL,CONNECTION_ERROR,9.04s
model_hec_ras_1464.pdf,FAIL,CONNECTION_ERROR,8.87s
model_hec_ras_1465.pdf,FAIL,CONNECTION_ERROR,7.60s
model_hec_ras_1468.pdf,FAIL,CONNECTION_ERROR,7.71s
model_hec_ras_1469.pdf,FAIL,CONNECTION_ERROR,8.50s
model_hec_ras_1473.pdf,FAIL,CONNECTION_ERROR,9.40s
model_hec_ras_1474.pdf,FAIL,CONNECTION_ERROR,9.04s
model_hec_ras_1475.pdf,FAIL,CONNECTION_ERROR,7.98s
model_hec_ras_1477.pdf,FAIL,CONNECTION_ERROR,7.90s
model_hec_ras_1478.pdf,FAIL,CONNECTION_ERROR,8.18s
model_hec_ras_1479.pdf,FAIL,CONNECTION_ERROR,8.80s
model_hec_ras_1480.pdf,FAIL,CONNECTION_ERROR,8.30s
model_hec_ras_1483.pdf,FAIL,CONNECTION_ERROR,7.46s
model_hec_ras_1485.pdf,FAIL,CONNECTION_ERROR,8.59s
model_hec_ras_1491.pdf,FAIL,CONNECTION_ERROR,7.58s
model_hec_ras_1486.pdf,FAIL,CONNECTION_ERROR,8.62s
model_hec_ras_1492.pdf,FAIL,CONNECTION_ERROR,8.52s
mokhtar2018.pdf,FAIL,CONNECTION_ERROR,7.52s
mq23568.pdf,FAIL,CONNECTION_ERROR,8.18s
moharrami2021.pdf,FAIL,CONNECTION_ERROR,9.77s
nacar-sinan-2018.pdf,FAIL,CONNECTION_ERROR,8.08s
naresh15-04-2023.pdf,FAIL,CONNECTION_ERROR,9.13s
new.pdf,FAIL,CONNECTION_ERROR,8.31s
neuro-fuzzy-flood-forecast.pdf,FAIL,CONNECTION_ERROR,9.56s
nhess-17-1541-2017.pdf,FAIL,CONNECTION_ERROR,7.97s
nhess-22-2473-2022.pdf,FAIL,CONNECTION_ERROR,7.88s
nhess-2020-297.pdf,FAIL,CONNECTION_ERROR,8.99s
nhess-24-2633-2024.pdf,FAIL,CONNECTION_ERROR,7.89s
nhess-24-2817-2024.pdf,FAIL,CONNECTION_ERROR,8.44s
nhess-25-247-2025.pdf,FAIL,CONNECTION_ERROR,8.01s
nhess-25-1353-2025.pdf,FAIL,CONNECTION_ERROR,8.14s
nhess-25-3161-2025.pdf,FAIL,CONNECTION_ERROR,8.30s
nhess-25-335-2025.pdf,FAIL,CONNECTION_ERROR,8.17s
nr.08-01-06.pasichnyketal.pdf,FAIL,CONNECTION_ERROR,7.50s
nobre2011.pdf,FAIL,CONNECTION_ERROR,8.89s
ojmh_2020102715412009.pdf,FAIL,CONNECTION_ERROR,7.87s
out (1).pdf,FAIL,CONNECTION_ERROR,8.95s
out (2).pdf,FAIL,CONNECTION_ERROR,9.05s
pagination_RSE_10791.pdf,FAIL,CONNECTION_ERROR,8.40s
out.pdf,FAIL,CONNECTION_ERROR,8.84s
pangalisharma2019.pdf,FAIL,CONNECTION_ERROR,8.76s
panteras2017.pdf,FAIL,CONNECTION_ERROR,8.33s
paper37.pdf,FAIL,CONNECTION_ERROR,9.24s
pappenberger2005.pdf,FAIL,CONNECTION_ERROR,9.06s
phrs-46-1608297.pdf,FAIL,CONNECTION_ERROR,8.38s
preprints201802.0043.v1.pdf,FAIL,CONNECTION_ERROR,8.21s
proceedings-02-00644.pdf,FAIL,CONNECTION_ERROR,7.61s
preprints201807.0624.v1.pdf,FAIL,CONNECTION_ERROR,8.19s
proceedings-07-00007-v2.pdf,FAIL,CONNECTION_ERROR,8.90s
proceedings-07-00008-v2.pdf,FAIL,CONNECTION_ERROR,8.15s
proceedings-07-00011-v2.pdf,FAIL,CONNECTION_ERROR,9.01s
proceedings-07-00021-v2.pdf,FAIL,CONNECTION_ERROR,8.74s
proceedings-48-00006-v2.pdf,FAIL,CONNECTION_ERROR,8.22s
processes-14-01303-v2.pdf,FAIL,CONNECTION_ERROR,9.36s
public-health-and-health-systems-responsiveness-during-the-2022-floods-in-pakistan-what-needs-to-be-done.pdf,FAIL,CONNECTION_ERROR,7.98s
prusty2022.pdf,FAIL,CONNECTION_ERROR,8.43s
refice2017.pdf,FAIL,CONNECTION_ERROR,9.32s
rehman2019.pdf,FAIL,CONNECTION_ERROR,8.94s
remotesensing-03-01067.pdf,FAIL,CONNECTION_ERROR,8.23s
remotesensing-05-00687-v2.pdf,FAIL,CONNECTION_ERROR,8.47s
remotesensing-06-04870.pdf,FAIL,CONNECTION_ERROR,8.14s
remotesensing-07-07615.pdf,FAIL,CONNECTION_ERROR,8.01s
remotesensing-06-05279.pdf,FAIL,CONNECTION_ERROR,8.57s
remotesensing-07-14200-v2.pdf,FAIL,CONNECTION_ERROR,8.31s
remotesensing-07-15702.pdf,FAIL,CONNECTION_ERROR,9.03s
remotesensing-08-00311.pdf,FAIL,CONNECTION_ERROR,8.24s
remotesensing-08-00456-v2.pdf,FAIL,CONNECTION_ERROR,8.47s
remotesensing-08-00348.pdf,FAIL,CONNECTION_ERROR,9.26s
remotesensing-08-00547.pdf,FAIL,CONNECTION_ERROR,8.43s
remotesensing-08-00625.pdf,FAIL,CONNECTION_ERROR,7.28s
remotesensing-08-00608.pdf,FAIL,CONNECTION_ERROR,8.60s
remotesensing-08-00655.pdf,FAIL,CONNECTION_ERROR,8.97s
remotesensing-08-00899.pdf,FAIL,CONNECTION_ERROR,7.67s
remotesensing-09-00086.pdf,FAIL,CONNECTION_ERROR,8.94s
remotesensing-09-00174-v2.pdf,FAIL,CONNECTION_ERROR,9.47s
remotesensing-09-00313-v2.pdf,FAIL,CONNECTION_ERROR,8.45s
remotesensing-09-00593.pdf,FAIL,CONNECTION_ERROR,8.53s
remotesensing-09-00781 (1).pdf,FAIL,CONNECTION_ERROR,8.25s
remotesensing-09-00781 (2).pdf,FAIL,CONNECTION_ERROR,9.11s
remotesensing-09-00781.pdf,FAIL,CONNECTION_ERROR,9.10s
remotesensing-10-00030-v2.pdf,FAIL,CONNECTION_ERROR,8.69s
remotesensing-10-00034.pdf,FAIL,CONNECTION_ERROR,8.61s
remotesensing-10-00041.pdf,FAIL,CONNECTION_ERROR,8.56s
remotesensing-10-00078-v2.pdf,FAIL,CONNECTION_ERROR,9.04s
remotesensing-10-00217-v2.pdf,FAIL,CONNECTION_ERROR,8.57s
remotesensing-10-00292-v2.pdf,FAIL,CONNECTION_ERROR,7.99s
remotesensing-10-00583.pdf,FAIL,CONNECTION_ERROR,8.50s
remotesensing-10-00642.pdf,FAIL,CONNECTION_ERROR,8.14s
remotesensing-10-00780.pdf,FAIL,CONNECTION_ERROR,9.01s
remotesensing-10-00840-v3.pdf,FAIL,CONNECTION_ERROR,8.40s
remotesensing-10-00939.pdf,FAIL,CONNECTION_ERROR,7.68s
remotesensing-10-01023.pdf,FAIL,CONNECTION_ERROR,7.74s
remotesensing-10-01230.pdf,FAIL,CONNECTION_ERROR,8.15s
remotesensing-10-01316-v2.pdf,FAIL,CONNECTION_ERROR,9.46s
remotesensing-10-01673-v2.pdf,FAIL,CONNECTION_ERROR,8.64s
remotesensing-10-01828.pdf,FAIL,CONNECTION_ERROR,8.44s
remotesensing-11-00107.pdf,FAIL,CONNECTION_ERROR,7.17s
remotesensing-11-00501.pdf,FAIL,CONNECTION_ERROR,8.10s
remotesensing-11-00255.pdf,FAIL,CONNECTION_ERROR,8.76s
remotesensing-11-00760.pdf,FAIL,CONNECTION_ERROR,7.69s
remotesensing-11-00879.pdf,FAIL,CONNECTION_ERROR,8.58s
remotesensing-11-00915-v2.pdf,FAIL,CONNECTION_ERROR,8.03s
remotesensing-11-01280.pdf,FAIL,CONNECTION_ERROR,8.29s
remotesensing-11-01581-v2.pdf,FAIL,CONNECTION_ERROR,9.25s
remotesensing-11-01778-v3.pdf,FAIL,CONNECTION_ERROR,8.64s
remotesensing-11-02331-v2.pdf,FAIL,CONNECTION_ERROR,8.86s
remotesensing-11-02463.pdf,FAIL,CONNECTION_ERROR,8.84s
remotesensing-11-02470-v2.pdf,FAIL,CONNECTION_ERROR,8.31s
remotesensing-11-02492-v2.pdf,FAIL,CONNECTION_ERROR,8.36s
remotesensing-11-02557-v2.pdf,FAIL,CONNECTION_ERROR,8.18s
remotesensing-11-02555-v2.pdf,FAIL,CONNECTION_ERROR,8.60s
remotesensing-11-02804-v2.pdf,FAIL,CONNECTION_ERROR,8.35s
remotesensing-12-00106-v3.pdf,FAIL,CONNECTION_ERROR,9.32s
remotesensing-12-00187-v2.pdf,FAIL,CONNECTION_ERROR,8.32s
remotesensing-12-00252-v2.pdf,FAIL,CONNECTION_ERROR,8.38s
remotesensing-12-00428-v2.pdf,FAIL,CONNECTION_ERROR,8.28s
remotesensing-12-00643-v2.pdf,FAIL,CONNECTION_ERROR,9.13s
remotesensing-12-01422.pdf,FAIL,CONNECTION_ERROR,8.60s
remotesensing-12-01709-v3.pdf,FAIL,CONNECTION_ERROR,8.34s
remotesensing-12-01302-v2.pdf,FAIL,CONNECTION_ERROR,9.32s
remotesensing-12-02073-v2.pdf,FAIL,CONNECTION_ERROR,7.87s
remotesensing-12-02190.pdf,FAIL,CONNECTION_ERROR,7.89s
remotesensing-12-02235-v2.pdf,FAIL,CONNECTION_ERROR,8.56s
remotesensing-12-02236-v2.pdf,FAIL,CONNECTION_ERROR,8.85s
remotesensing-12-02532-v2.pdf,FAIL,CONNECTION_ERROR,9.04s
remotesensing-12-02688.pdf,FAIL,CONNECTION_ERROR,9.06s
remotesensing-12-03550.pdf,FAIL,CONNECTION_ERROR,8.11s
remotesensing-12-03611.pdf,FAIL,CONNECTION_ERROR,7.73s
remotesensing-12-03624-v2.pdf,FAIL,CONNECTION_ERROR,9.17s
remotesensing-13-00351-v3.pdf,FAIL,CONNECTION_ERROR,8.12s
remotesensing-13-00262-v4.pdf,FAIL,CONNECTION_ERROR,8.45s
remotesensing-12-03980-v2.pdf,FAIL,CONNECTION_ERROR,8.97s
remotesensing-13-01384-v2.pdf,FAIL,CONNECTION_ERROR,8.87s
remotesensing-13-02638-v4.pdf,FAIL,CONNECTION_ERROR,8.32s
remotesensing-13-02114-v2.pdf,FAIL,CONNECTION_ERROR,8.57s
remotesensing-13-03916-v2.pdf,FAIL,CONNECTION_ERROR,8.59s
remotesensing-13-04511-v2.pdf,FAIL,CONNECTION_ERROR,8.79s
remotesensing-13-04934-v2.pdf,FAIL,CONNECTION_ERROR,8.21s
remotesensing-13-05083-v2.pdf,FAIL,CONNECTION_ERROR,8.48s
remotesensing-13-05147-v2.pdf,FAIL,CONNECTION_ERROR,8.95s
remotesensing-14-00115.pdf,FAIL,CONNECTION_ERROR,8.10s
remotesensing-14-01214-v2.pdf,FAIL,CONNECTION_ERROR,8.02s
remotesensing-14-00246.pdf,FAIL,CONNECTION_ERROR,8.57s
remotesensing-14-01832.pdf,FAIL,CONNECTION_ERROR,8.69s
remotesensing-14-01875-v2.pdf,FAIL,CONNECTION_ERROR,9.02s
remotesensing-14-01928.pdf,FAIL,CONNECTION_ERROR,7.49s
remotesensing-14-02481-v2.pdf,FAIL,CONNECTION_ERROR,8.59s
remotesensing-14-03140.pdf,FAIL,CONNECTION_ERROR,8.21s
remotesensing-14-03673-v2.pdf,FAIL,CONNECTION_ERROR,8.55s
remotesensing-14-03838-v2.pdf,FAIL,CONNECTION_ERROR,8.73s
remotesensing-14-04273.pdf,FAIL,CONNECTION_ERROR,8.59s
remotesensing-14-04518.pdf,FAIL,CONNECTION_ERROR,7.52s
remotesensing-14-05008-v2.pdf,FAIL,CONNECTION_ERROR,8.21s
remotesensing-14-05505-v2.pdf,FAIL,CONNECTION_ERROR,8.48s
remotesensing-14-06005-v3.pdf,FAIL,CONNECTION_ERROR,8.82s
remotesensing-14-05721-v2.pdf,FAIL,CONNECTION_ERROR,9.32s
remotesensing-14-06239.pdf,FAIL,CONNECTION_ERROR,8.35s
remotesensing-15-01071-v2.pdf,FAIL,CONNECTION_ERROR,7.95s
remotesensing-15-01200.pdf,FAIL,CONNECTION_ERROR,7.99s
remotesensing-15-01102-v2.pdf,FAIL,CONNECTION_ERROR,9.11s
remotesensing-15-01922.pdf,FAIL,CONNECTION_ERROR,8.26s
remotesensing-15-03009-v2.pdf,FAIL,CONNECTION_ERROR,8.20s
remotesensing-15-03991.pdf,FAIL,CONNECTION_ERROR,8.01s
remotesensing-15-05037.pdf,FAIL,CONNECTION_ERROR,8.42s
remotesensing-15-05075.pdf,FAIL,CONNECTION_ERROR,7.94s
remotesensing-15-05139-v2.pdf,FAIL,CONNECTION_ERROR,7.51s
remotesensing-15-05226.pdf,FAIL,CONNECTION_ERROR,7.60s
remotesensing-15-05247.pdf,FAIL,CONNECTION_ERROR,8.48s
remotesensing-15-05379.pdf,FAIL,CONNECTION_ERROR,7.78s
remotesensing-15-05702.pdf,FAIL,CONNECTION_ERROR,8.49s
remotesensing-16-00294.pdf,FAIL,CONNECTION_ERROR,9.19s
remotesensing-16-00320.pdf,FAIL,CONNECTION_ERROR,8.29s
remotesensing-16-00336.pdf,FAIL,CONNECTION_ERROR,9.17s
remotesensing-16-00350-v2.pdf,FAIL,CONNECTION_ERROR,9.12s
remotesensing-16-00512.pdf,FAIL,CONNECTION_ERROR,7.87s
remotesensing-16-00656-v2.pdf,FAIL,CONNECTION_ERROR,7.67s
remotesensing-16-00858.pdf,FAIL,CONNECTION_ERROR,8.55s
remotesensing-16-02193.pdf,FAIL,CONNECTION_ERROR,9.23s
remotesensing-16-03105-v2.pdf,FAIL,CONNECTION_ERROR,8.60s
remotesensing-16-04437-v3.pdf,FAIL,CONNECTION_ERROR,8.63s
remotesensing-17-00375.pdf,FAIL,CONNECTION_ERROR,9.19s
remotesensing-17-00524.pdf,FAIL,CONNECTION_ERROR,7.78s
remotesensing-17-00770.pdf,FAIL,CONNECTION_ERROR,8.51s
remotesensing-17-01189.pdf,FAIL,CONNECTION_ERROR,8.68s
remotesensing-17-01283-v2.pdf,FAIL,CONNECTION_ERROR,8.36s
remotesensing-17-01347.pdf,FAIL,CONNECTION_ERROR,8.30s
remotesensing-17-01814.pdf,FAIL,CONNECTION_ERROR,8.37s
remotesensing-17-01869.pdf,FAIL,CONNECTION_ERROR,8.85s
remotesensing-17-02363-v2.pdf,FAIL,CONNECTION_ERROR,7.84s
remotesensing-17-01886-v2.pdf,FAIL,CONNECTION_ERROR,8.20s
remotesensing-17-02909.pdf,FAIL,CONNECTION_ERROR,8.88s
remotesensing-17-02943.pdf,FAIL,CONNECTION_ERROR,8.22s
researchbook.pdf,FAIL,CONNECTION_ERROR,8.32s
remotesensing-17-03471-v2.pdf,FAIL,CONNECTION_ERROR,8.86s
reservioroperationThe-13th-ICSBE-Version-I.pdf,FAIL,CONNECTION_ERROR,8.61s
resources-10-00014-v3.pdf,FAIL,CONNECTION_ERROR,7.98s
resources-12-00026-v2.pdf,FAIL,CONNECTION_ERROR,8.55s
rsta.2021.0141.pdf,FAIL,CONNECTION_ERROR,8.34s
s00267-024-02059-0.pdf,FAIL,CONNECTION_ERROR,8.43s
s00376-025-4540-4.pdf,FAIL,CONNECTION_ERROR,8.98s
s00521-022-08165-6.pdf,FAIL,CONNECTION_ERROR,8.43s
s00477-025-02964-8.pdf,FAIL,CONNECTION_ERROR,9.64s
s10462-025-11192-z.pdf,FAIL,CONNECTION_ERROR,9.05s
s10533-024-01197-1.pdf,FAIL,CONNECTION_ERROR,9.13s
s10584-025-03904-9.pdf,FAIL,CONNECTION_ERROR,8.67s
s10708-025-11338-0.pdf,FAIL,CONNECTION_ERROR,8.33s
s10712-022-09751-y (1).pdf,FAIL,CONNECTION_ERROR,8.16s
s10712-022-09751-y.pdf,FAIL,CONNECTION_ERROR,9.17s
s11069-015-2092-0.pdf,FAIL,CONNECTION_ERROR,8.90s
s11069-016-2601-9.pdf,FAIL,CONNECTION_ERROR,8.32s
s11069-017-2755-0.pdf,FAIL,CONNECTION_ERROR,9.34s
s11069-021-04843-1.pdf,FAIL,CONNECTION_ERROR,8.50s
s11069-024-06444-0.pdf,FAIL,CONNECTION_ERROR,7.64s
s11069-024-06629-7.pdf,FAIL,CONNECTION_ERROR,8.93s
s11069-024-06688-w.pdf,FAIL,CONNECTION_ERROR,8.69s
s11069-024-06731-w.pdf,FAIL,CONNECTION_ERROR,7.58s
s11069-024-06949-8.pdf,FAIL,CONNECTION_ERROR,8.83s
s11069-024-06957-8.pdf,FAIL,CONNECTION_ERROR,8.81s
s11069-024-07039-5.pdf,FAIL,CONNECTION_ERROR,8.59s
s11069-025-07109-2.pdf,FAIL,CONNECTION_ERROR,8.81s
s11069-025-07137-y.pdf,FAIL,CONNECTION_ERROR,8.19s
s11069-025-07120-7.pdf,FAIL,CONNECTION_ERROR,9.90s
s11069-025-07335-8.pdf,FAIL,CONNECTION_ERROR,8.40s
s11069-025-07156-9.pdf,FAIL,CONNECTION_ERROR,9.13s
s11069-025-07494-8.pdf,FAIL,CONNECTION_ERROR,8.21s
s11269-023-03669-9.pdf,FAIL,CONNECTION_ERROR,8.41s
s11269-024-03862-4.pdf,FAIL,CONNECTION_ERROR,8.88s
s11269-024-04002-8.pdf,FAIL,CONNECTION_ERROR,8.64s
s11269-024-04089-z.pdf,FAIL,CONNECTION_ERROR,8.14s
s11269-025-04093-x.pdf,FAIL,CONNECTION_ERROR,8.41s
s11356-024-34286-7.pdf,FAIL,CONNECTION_ERROR,8.66s
s11431-024-2925-8.pdf,FAIL,CONNECTION_ERROR,8.57s
s12145-008-0014-3.pdf,FAIL,CONNECTION_ERROR,8.48s
s12145-009-0024-9.pdf,FAIL,CONNECTION_ERROR,7.71s
s12145-025-01848-3.pdf,FAIL,CONNECTION_ERROR,8.14s
s12145-016-0274-2.pdf,FAIL,CONNECTION_ERROR,8.70s
s12302-024-01001-9.pdf,FAIL,CONNECTION_ERROR,8.51s
s12517-021-07911-9.pdf,FAIL,CONNECTION_ERROR,8.42s
s12916-024-03412-0.pdf,FAIL,CONNECTION_ERROR,8.00s
s12942-024-00372-9.pdf,FAIL,CONNECTION_ERROR,9.10s
s13201-019-1026-5.pdf,FAIL,CONNECTION_ERROR,7.71s
s13201-014-0258-7.pdf,FAIL,CONNECTION_ERROR,8.11s
s13201-022-01621-7.pdf,FAIL,CONNECTION_ERROR,9.27s
s13201-024-02131-4.pdf,FAIL,CONNECTION_ERROR,8.06s
s13201-024-02293-1.pdf,FAIL,CONNECTION_ERROR,8.14s
s13201-025-02424-2.pdf,FAIL,CONNECTION_ERROR,8.42s
s13688-025-00560-y.pdf,FAIL,CONNECTION_ERROR,8.15s
s13753-018-0195-4.pdf,FAIL,CONNECTION_ERROR,9.08s
s13753-024-00544-y.pdf,FAIL,CONNECTION_ERROR,9.00s
s13753-024-00555-9.pdf,FAIL,CONNECTION_ERROR,8.83s
s13753-025-00639-0.pdf,FAIL,CONNECTION_ERROR,8.30s
s40562-018-0113-z.pdf,FAIL,CONNECTION_ERROR,8.96s
s40562-025-00377-7.pdf,FAIL,CONNECTION_ERROR,8.77s
s40677-016-0044-y.pdf,FAIL,CONNECTION_ERROR,9.30s
s40677-024-00275-8.pdf,FAIL,CONNECTION_ERROR,7.89s
s40677-025-00309-9.pdf,FAIL,CONNECTION_ERROR,8.57s
s40710-024-00683-w.pdf,FAIL,CONNECTION_ERROR,8.16s
s40808-016-0123-9.pdf,FAIL,CONNECTION_ERROR,8.91s
s40808-016-0207-6.pdf,FAIL,CONNECTION_ERROR,9.24s
s40808-020-00792-z.pdf,FAIL,CONNECTION_ERROR,9.04s
s40899-016-0063-6.pdf,FAIL,CONNECTION_ERROR,8.22s
s41467-023-44445-y.pdf,FAIL,CONNECTION_ERROR,8.56s
s41467-023-44508-0.pdf,FAIL,CONNECTION_ERROR,8.20s
s41467-025-56654-8.pdf,FAIL,CONNECTION_ERROR,8.10s
s41467-025-58236-0.pdf,FAIL,CONNECTION_ERROR,8.76s
s41467-025-58832-0.pdf,FAIL,CONNECTION_ERROR,8.33s
s41467-025-59261-9.pdf,FAIL,CONNECTION_ERROR,9.20s
s41467-025-60267-6.pdf,FAIL,CONNECTION_ERROR,8.74s
s41467-025-60973-1.pdf,FAIL,CONNECTION_ERROR,8.45s
s41586-024-07145-1.pdf,FAIL,CONNECTION_ERROR,8.37s
s41586-025-08647-2.pdf,FAIL,CONNECTION_ERROR,7.80s
s41586-025-09305-3.pdf,FAIL,CONNECTION_ERROR,7.91s
s41591-024-03358-z.pdf,FAIL,CONNECTION_ERROR,8.27s
s41597-025-04554-3.pdf,FAIL,CONNECTION_ERROR,8.79s
s41598-021-83279-w.pdf,FAIL,CONNECTION_ERROR,8.25s
s41598-021-86650-z.pdf,FAIL,CONNECTION_ERROR,7.60s
s41598-024-51850-w.pdf,FAIL,CONNECTION_ERROR,8.28s
s41598-024-59145-w.pdf,FAIL,CONNECTION_ERROR,8.00s
s41598-024-77002-8.pdf,FAIL,CONNECTION_ERROR,7.43s
s41598-024-80100-2.pdf,FAIL,CONNECTION_ERROR,8.66s
s41598-024-84543-5.pdf,FAIL,CONNECTION_ERROR,8.64s
s41598-024-84655-y.pdf,FAIL,CONNECTION_ERROR,8.18s
s41598-025-04290-z.pdf,FAIL,CONNECTION_ERROR,8.71s
s41598-025-04633-w.pdf,FAIL,CONNECTION_ERROR,7.93s
s41598-025-12022-6.pdf,FAIL,CONNECTION_ERROR,7.90s
s41598-025-13025-z.pdf,FAIL,CONNECTION_ERROR,8.56s
s41598-025-13822-6.pdf,FAIL,CONNECTION_ERROR,9.28s
s41598-025-86801-6.pdf,FAIL,CONNECTION_ERROR,8.80s
s41598-025-88673-2.pdf,FAIL,CONNECTION_ERROR,9.52s
s41598-025-92734-x.pdf,FAIL,CONNECTION_ERROR,8.50s
s41598-025-95230-4.pdf,FAIL,CONNECTION_ERROR,8.10s
s41598-025-96107-2.pdf,FAIL,CONNECTION_ERROR,8.72s
s41598-025-97008-0.pdf,FAIL,CONNECTION_ERROR,8.77s
s41612-023-00388-1.pdf,FAIL,CONNECTION_ERROR,7.87s
s41748-025-00709-9.pdf,FAIL,CONNECTION_ERROR,8.63s
s42452-020-2839-4.pdf,FAIL,CONNECTION_ERROR,9.13s
s42949-025-00208-w.pdf,FAIL,CONNECTION_ERROR,8.82s
s42452-025-07404-4.pdf,FAIL,CONNECTION_ERROR,8.96s
s43247-023-01165-x.pdf,FAIL,CONNECTION_ERROR,7.73s
s43247-024-01532-2.pdf,FAIL,CONNECTION_ERROR,9.48s
s43247-025-02354-6.pdf,FAIL,CONNECTION_ERROR,8.77s
s43247-025-02293-2.pdf,FAIL,CONNECTION_ERROR,9.40s
s43247-025-02406-x.pdf,FAIL,CONNECTION_ERROR,8.13s
s43247-025-02461-4.pdf,FAIL,CONNECTION_ERROR,8.18s
s43247-025-02585-7.pdf,FAIL,CONNECTION_ERROR,8.54s
s43247-025-02734-y.pdf,FAIL,CONNECTION_ERROR,9.28s
s43621-025-00799-5.pdf,FAIL,CONNECTION_ERROR,8.80s
s43621-025-01449-6.pdf,FAIL,CONNECTION_ERROR,8.87s
s43762-024-00123-3.pdf,FAIL,CONNECTION_ERROR,8.63s
s43832-025-00193-2.pdf,FAIL,CONNECTION_ERROR,8.02s
s43832-024-00185-8.pdf,FAIL,CONNECTION_ERROR,9.05s
s44221-025-00388-w.pdf,FAIL,CONNECTION_ERROR,8.36s
s44221-025-00425-8.pdf,FAIL,CONNECTION_ERROR,7.77s
s44282-025-00190-9.pdf,FAIL,CONNECTION_ERROR,7.72s
s44274-025-00322-7.pdf,FAIL,CONNECTION_ERROR,9.23s
s44284-025-00203-3.pdf,FAIL,CONNECTION_ERROR,8.57s
s44288-025-00204-8.pdf,FAIL,CONNECTION_ERROR,7.52s
s44288-025-00178-7.pdf,FAIL,CONNECTION_ERROR,9.42s
s44304-025-00059-6.pdf,FAIL,CONNECTION_ERROR,8.02s
s44304-025-00072-9.pdf,FAIL,CONNECTION_ERROR,8.51s
s44304-025-00076-5.pdf,FAIL,CONNECTION_ERROR,7.79s
s44304-025-00082-7.pdf,FAIL,CONNECTION_ERROR,7.76s
sanyal2004.pdf,FAIL,CONNECTION_ERROR,8.61s
sarhadi2012.pdf,FAIL,CONNECTION_ERROR,8.79s
schumann2015.pdf,FAIL,CONNECTION_ERROR,8.10s
sciadv.adl4005.pdf,FAIL,CONNECTION_ERROR,8.49s
sdata2018309.pdf,FAIL,CONNECTION_ERROR,8.54s
sedhyd_2019_mcmc_hms.pdf,FAIL,CONNECTION_ERROR,9.24s
sensors-17-00446-v2.pdf,FAIL,CONNECTION_ERROR,8.67s
sensors-17-01455-v2.pdf,FAIL,CONNECTION_ERROR,8.51s
sensors-18-03704.pdf,FAIL,CONNECTION_ERROR,7.88s
sensors-19-01024.pdf,FAIL,CONNECTION_ERROR,8.42s
sensors-19-05012.pdf,FAIL,CONNECTION_ERROR,8.10s
sensors-19-01486-v2.pdf,FAIL,CONNECTION_ERROR,9.51s
sensors-20-07214-v3.pdf,FAIL,CONNECTION_ERROR,8.17s
sensors-21-00280.pdf,FAIL,CONNECTION_ERROR,8.55s
sensors-21-02648-v2.pdf,FAIL,CONNECTION_ERROR,8.80s
sensors-21-03132-v2.pdf,FAIL,CONNECTION_ERROR,8.02s
sensors-22-00960.pdf,FAIL,CONNECTION_ERROR,8.78s
sensors-22-03573-v2.pdf,FAIL,CONNECTION_ERROR,7.38s
serpico2012.pdf,FAIL,CONNECTION_ERROR,8.23s
sharifi2021.pdf,FAIL,CONNECTION_ERROR,9.22s
skakun2014.pdf,FAIL,CONNECTION_ERROR,8.08s
smith1997.pdf,FAIL,CONNECTION_ERROR,9.31s
son2021.pdf,FAIL,CONNECTION_ERROR,8.60s
ssrn-4796097.pdf,FAIL,CONNECTION_ERROR,7.68s
ssrn-4966795.pdf,FAIL,CONNECTION_ERROR,8.02s
ssrn-6448678.pdf,FAIL,CONNECTION_ERROR,8.09s
stephens2014.pdf,FAIL,CONNECTION_ERROR,8.81s
ssrn-6471361.pdf,FAIL,CONNECTION_ERROR,9.45s
sustainability-10-03780.pdf,FAIL,CONNECTION_ERROR,9.38s
sustainability-11-05406-v2.pdf,FAIL,CONNECTION_ERROR,9.19s
sustainability-11-06003-v2.pdf,FAIL,CONNECTION_ERROR,8.12s
sustainability-12-05784.pdf,FAIL,CONNECTION_ERROR,8.21s
sustainability-12-05122-v2.pdf,FAIL,CONNECTION_ERROR,9.03s
sustainability-12-06080.pdf,FAIL,CONNECTION_ERROR,8.99s
sustainability-12-06588-v3.pdf,FAIL,CONNECTION_ERROR,8.62s
sustainability-12-07187-v2.pdf,FAIL,CONNECTION_ERROR,7.63s
sustainability-12-08454-v2.pdf,FAIL,CONNECTION_ERROR,8.67s
sustainability-12-09338-v2.pdf,FAIL,CONNECTION_ERROR,8.02s
sustainability-13-07925.pdf,FAIL,CONNECTION_ERROR,7.47s
sustainability-13-03180-v2.pdf,FAIL,CONNECTION_ERROR,8.99s
sustainability-13-01291-v3.pdf,FAIL,CONNECTION_ERROR,9.37s
sustainability-14-03251.pdf,FAIL,CONNECTION_ERROR,8.34s
sustainability-14-04466.pdf,FAIL,CONNECTION_ERROR,8.45s
sustainability-14-04483-v2.pdf,FAIL,CONNECTION_ERROR,8.64s
sustainability-14-04511-v4.pdf,FAIL,CONNECTION_ERROR,8.68s
sustainability-14-10430-v2.pdf,FAIL,CONNECTION_ERROR,8.51s
sustainability-14-14537-v2.pdf,FAIL,CONNECTION_ERROR,8.30s
sustainability-14-13538.pdf,FAIL,CONNECTION_ERROR,9.06s
sustainability-14-16651-v2.pdf,FAIL,CONNECTION_ERROR,8.76s
sustainability-15-01074-v2.pdf,FAIL,CONNECTION_ERROR,7.99s
sustainability-15-01468.pdf,FAIL,CONNECTION_ERROR,8.19s
sustainability-15-01758-v2.pdf,FAIL,CONNECTION_ERROR,8.08s
sustainability-15-02084.pdf,FAIL,CONNECTION_ERROR,9.12s
sustainability-15-06646.pdf,FAIL,CONNECTION_ERROR,9.02s
sustainability-15-08316-v2.pdf,FAIL,CONNECTION_ERROR,7.85s
sustainability-15-07959.pdf,FAIL,CONNECTION_ERROR,8.96s
sustainability-15-09502.pdf,FAIL,CONNECTION_ERROR,9.02s
sustainability-15-11965-v2.pdf,FAIL,CONNECTION_ERROR,7.77s
sustainability-15-12754.pdf,FAIL,CONNECTION_ERROR,8.56s
sustainability-15-14489-v3.pdf,FAIL,CONNECTION_ERROR,8.21s
sustainability-15-15223-v2.pdf,FAIL,CONNECTION_ERROR,8.34s
sustainability-16-00648.pdf,FAIL,CONNECTION_ERROR,8.96s
sustainability-16-00783-v2.pdf,FAIL,CONNECTION_ERROR,7.89s
sustainability-16-00875-v2.pdf,FAIL,CONNECTION_ERROR,8.65s
sustainability-16-01226-v2.pdf,FAIL,CONNECTION_ERROR,8.42s
sustainability-16-05040.pdf,FAIL,CONNECTION_ERROR,8.40s
sustainability-16-07489.pdf,FAIL,CONNECTION_ERROR,7.81s
sustainability-17-00217.pdf,FAIL,CONNECTION_ERROR,9.07s
sustainability-17-01522.pdf,FAIL,CONNECTION_ERROR,7.93s
sustainability-17-01542.pdf,FAIL,CONNECTION_ERROR,7.99s
sustainability-17-03331.pdf,FAIL,CONNECTION_ERROR,8.21s
sustainability-17-03501.pdf,FAIL,CONNECTION_ERROR,9.09s
tdaf007.pdf,FAIL,CONNECTION_ERROR,8.93s
the-impact-of-floods-on-plastic-pollution.pdf,FAIL,CONNECTION_ERROR,9.02s
thomas2007.pdf,FAIL,CONNECTION_ERROR,8.62s
tnveconn_2019_106_39.pdf,FAIL,CONNECTION_ERROR,7.38s
towler-et-al-2022-incorporating-mid-term-temperature-predictions-into-streamflow-forecasts-and-operational-reservoir.pdf,FAIL,CONNECTION_ERROR,9.11s
tralli2005.pdf,FAIL,CONNECTION_ERROR,8.78s
tramutoli2007.pdf,FAIL,CONNECTION_ERROR,8.97s
ukrbotj-2025-82-5-488.pdf,FAIL,CONNECTION_ERROR,8.31s
urbansci-09-00070.pdf,FAIL,CONNECTION_ERROR,8.20s
v1_covered.pdf,FAIL,CONNECTION_ERROR,8.50s
vestby-et-al-2024-societal-determinants-of-flood-induced-displacement.pdf,FAIL,CONNECTION_ERROR,8.70s
voigt2016.pdf,FAIL,CONNECTION_ERROR,8.23s
vol3-issue1-article0015.pdf,FAIL,CONNECTION_ERROR,8.12s
w04w05_20091215141524.pdf,FAIL,CONNECTION_ERROR,9.20s
wainwright-ayala-2021-holistic-approaches-to-palaeohydrology-reconstructing-and-modelling-the-neolithic-river-carsamba.pdf,FAIL,CONNECTION_ERROR,9.37s
wang2018.pdf,FAIL,CONNECTION_ERROR,9.05s
water-05-01036.pdf,FAIL,CONNECTION_ERROR,7.62s
water-05-01533-v2.pdf,FAIL,CONNECTION_ERROR,7.31s
water-05-01598-v2.pdf,FAIL,CONNECTION_ERROR,8.03s
water-06-01221-v2.pdf,FAIL,CONNECTION_ERROR,8.81s
water-06-01280-v2.pdf,FAIL,CONNECTION_ERROR,9.71s
water-06-01515.pdf,FAIL,CONNECTION_ERROR,8.65s
water-06-02367.pdf,FAIL,CONNECTION_ERROR,7.43s
water-07-00420.pdf,FAIL,CONNECTION_ERROR,9.17s
water-07-01437.pdf,FAIL,CONNECTION_ERROR,8.84s
water-07-02293.pdf,FAIL,CONNECTION_ERROR,8.93s
water-07-03832.pdf,FAIL,CONNECTION_ERROR,9.28s
water-07-05155.pdf,FAIL,CONNECTION_ERROR,8.54s
water-08-00023.pdf,FAIL,CONNECTION_ERROR,8.17s
water-08-00053.pdf,FAIL,CONNECTION_ERROR,8.12s
water-08-00119.pdf,FAIL,CONNECTION_ERROR,9.37s
water-08-00228.pdf,FAIL,CONNECTION_ERROR,8.24s
water-08-00246.pdf,FAIL,CONNECTION_ERROR,8.64s
water-08-00559.pdf,FAIL,CONNECTION_ERROR,8.85s
water-09-00048.pdf,FAIL,CONNECTION_ERROR,8.39s
water-09-00168.pdf,FAIL,CONNECTION_ERROR,8.30s
water-09-00283.pdf,FAIL,CONNECTION_ERROR,8.01s
water-09-00342.pdf,FAIL,CONNECTION_ERROR,8.81s
water-09-00870.pdf,FAIL,CONNECTION_ERROR,8.73s
water-10-00079.pdf,FAIL,CONNECTION_ERROR,8.36s
water-10-00216-v2.pdf,FAIL,CONNECTION_ERROR,8.30s
water-10-00320-v2.pdf,FAIL,CONNECTION_ERROR,8.26s
water-10-00386.pdf,FAIL,CONNECTION_ERROR,8.32s
water-10-00581-v2.pdf,FAIL,CONNECTION_ERROR,7.76s
water-10-00608.pdf,FAIL,CONNECTION_ERROR,8.48s
water-10-00802.pdf,FAIL,CONNECTION_ERROR,8.56s
water-10-00876.pdf,FAIL,CONNECTION_ERROR,8.63s
water-10-00923.pdf,FAIL,CONNECTION_ERROR,8.63s
water-10-01003-v2.pdf,FAIL,CONNECTION_ERROR,8.55s
water-10-01158-v2.pdf,FAIL,CONNECTION_ERROR,7.87s
water-10-01241-v2.pdf,FAIL,CONNECTION_ERROR,8.52s
water-10-01292.pdf,FAIL,CONNECTION_ERROR,8.58s
water-10-01440.pdf,FAIL,CONNECTION_ERROR,9.49s
water-10-01595.pdf,FAIL,CONNECTION_ERROR,7.93s
water-10-01665.pdf,FAIL,CONNECTION_ERROR,8.27s
water-10-01626-v2.pdf,FAIL,CONNECTION_ERROR,8.97s
water-10-01681.pdf,FAIL,CONNECTION_ERROR,7.89s
water-11-00049.pdf,FAIL,CONNECTION_ERROR,8.58s
water-11-00052.pdf,FAIL,CONNECTION_ERROR,7.84s
water-11-00085.pdf,FAIL,CONNECTION_ERROR,8.63s
water-11-00095.pdf,FAIL,CONNECTION_ERROR,8.79s
water-11-00212.pdf,FAIL,CONNECTION_ERROR,8.82s
water-11-00786.pdf,FAIL,CONNECTION_ERROR,8.02s
water-11-00266.pdf,FAIL,CONNECTION_ERROR,9.01s
water-11-00907.pdf,FAIL,CONNECTION_ERROR,8.73s
water-11-01017.pdf,FAIL,CONNECTION_ERROR,9.40s
water-11-01387-v2.pdf,FAIL,CONNECTION_ERROR,8.37s
water-11-01418-v2.pdf,FAIL,CONNECTION_ERROR,8.75s
water-11-01571-v2.pdf,FAIL,CONNECTION_ERROR,8.40s
water-11-01615.pdf,FAIL,CONNECTION_ERROR,8.69s
water-11-01620.pdf,FAIL,CONNECTION_ERROR,8.91s
water-11-01703-v2.pdf,FAIL,CONNECTION_ERROR,8.72s
water-11-01717.pdf,FAIL,CONNECTION_ERROR,8.45s
water-11-01832.pdf,FAIL,CONNECTION_ERROR,9.03s
water-11-01887.pdf,FAIL,CONNECTION_ERROR,8.96s
water-11-02116.pdf,FAIL,CONNECTION_ERROR,8.98s
water-11-02195-v2.pdf,FAIL,CONNECTION_ERROR,9.10s
water-11-02341-v2.pdf,FAIL,CONNECTION_ERROR,8.51s
water-11-02454.pdf,FAIL,CONNECTION_ERROR,7.47s
water-11-02370-v2.pdf,FAIL,CONNECTION_ERROR,9.24s
water-11-02490.pdf,FAIL,CONNECTION_ERROR,7.71s
water-12-00096.pdf,FAIL,CONNECTION_ERROR,8.44s
water-12-00255-v2.pdf,FAIL,CONNECTION_ERROR,8.20s
water-12-00273.pdf,FAIL,CONNECTION_ERROR,9.73s
water-12-00487-v2.pdf,FAIL,CONNECTION_ERROR,9.02s
water-12-00704-v2.pdf,FAIL,CONNECTION_ERROR,8.02s
water-12-00802-v2.pdf,FAIL,CONNECTION_ERROR,8.36s
water-12-00983-v2.pdf,FAIL,CONNECTION_ERROR,7.49s
water-12-01090-v2.pdf,FAIL,CONNECTION_ERROR,8.36s
water-12-01158-v2.pdf,FAIL,CONNECTION_ERROR,8.57s
water-12-01159.pdf,FAIL,CONNECTION_ERROR,8.44s
water-12-01315.pdf,FAIL,CONNECTION_ERROR,8.99s
water-12-01347-v3.pdf,FAIL,CONNECTION_ERROR,8.17s
water-12-01549.pdf,FAIL,CONNECTION_ERROR,7.63s
water-12-01624-v3.pdf,FAIL,CONNECTION_ERROR,8.16s
water-12-01964-v2.pdf,FAIL,CONNECTION_ERROR,7.91s
water-12-01834-v2.pdf,FAIL,CONNECTION_ERROR,8.74s
water-12-02122-v2.pdf,FAIL,CONNECTION_ERROR,8.52s
water-12-02246-v2.pdf,FAIL,CONNECTION_ERROR,9.05s
water-12-02319.pdf,FAIL,CONNECTION_ERROR,8.27s
water-12-02416.pdf,FAIL,CONNECTION_ERROR,7.93s
water-12-02715-v3.pdf,FAIL,CONNECTION_ERROR,7.85s
water-12-02851-v2.pdf,FAIL,CONNECTION_ERROR,9.61s
water-12-03494-v2.pdf,FAIL,CONNECTION_ERROR,8.47s
water-12-02893-v2.pdf,FAIL,CONNECTION_ERROR,9.61s
water-13-00057-v2.pdf,FAIL,CONNECTION_ERROR,8.19s
water-13-00230-v2.pdf,FAIL,CONNECTION_ERROR,8.50s
water-13-00424-v2.pdf,FAIL,CONNECTION_ERROR,9.02s
water-13-00474-v2.pdf,FAIL,CONNECTION_ERROR,9.44s
water-13-00676.pdf,FAIL,CONNECTION_ERROR,7.97s
water-13-00872.pdf,FAIL,CONNECTION_ERROR,9.09s
water-13-01098-v2.pdf,FAIL,CONNECTION_ERROR,8.47s
water-13-01122-v2.pdf,FAIL,CONNECTION_ERROR,9.75s
water-13-01207-v2.pdf,FAIL,CONNECTION_ERROR,8.60s
water-13-01224-v3.pdf,FAIL,CONNECTION_ERROR,8.41s
water-13-01229-v2.pdf,FAIL,CONNECTION_ERROR,7.85s
water-13-01275-v2.pdf,FAIL,CONNECTION_ERROR,7.65s
water-13-01408-v2.pdf,FAIL,CONNECTION_ERROR,8.44s
water-13-01551.pdf,FAIL,CONNECTION_ERROR,8.63s
water-13-01601-v2.pdf,FAIL,CONNECTION_ERROR,9.35s
water-13-01671.pdf,FAIL,CONNECTION_ERROR,8.95s
water-13-02252.pdf,FAIL,CONNECTION_ERROR,9.36s
water-13-02346-v4.pdf,FAIL,CONNECTION_ERROR,8.06s
water-13-02516.pdf,FAIL,CONNECTION_ERROR,7.91s
water-13-02667-v2.pdf,FAIL,CONNECTION_ERROR,8.11s
water-13-02713-v2.pdf,FAIL,CONNECTION_ERROR,8.47s
water-13-02881-v2.pdf,FAIL,CONNECTION_ERROR,8.61s
water-13-02926-v2.pdf,FAIL,CONNECTION_ERROR,8.47s
water-13-03039.pdf,FAIL,CONNECTION_ERROR,7.89s
water-14-00061.pdf,FAIL,CONNECTION_ERROR,8.30s
water-14-00087.pdf,FAIL,CONNECTION_ERROR,7.77s
water-14-00191.pdf,FAIL,CONNECTION_ERROR,9.53s
water-14-00284-v2.pdf,FAIL,CONNECTION_ERROR,8.50s
water-14-00792.pdf,FAIL,CONNECTION_ERROR,7.65s
water-14-00905-v3.pdf,FAIL,CONNECTION_ERROR,8.51s
water-14-01185.pdf,FAIL,CONNECTION_ERROR,8.26s
water-14-01186.pdf,FAIL,CONNECTION_ERROR,8.84s
water-14-01192.pdf,FAIL,CONNECTION_ERROR,8.53s
water-14-01211.pdf,FAIL,CONNECTION_ERROR,8.56s
water-14-01213-v2.pdf,FAIL,CONNECTION_ERROR,8.74s
water-14-01226.pdf,FAIL,CONNECTION_ERROR,7.87s
water-14-01301-v2.pdf,FAIL,CONNECTION_ERROR,7.47s
water-14-01302.pdf,FAIL,CONNECTION_ERROR,8.87s
water-14-01312.pdf,FAIL,CONNECTION_ERROR,8.17s
water-14-01313.pdf,FAIL,CONNECTION_ERROR,8.28s
water-14-01569-v3.pdf,FAIL,CONNECTION_ERROR,9.34s
water-14-01776.pdf,FAIL,CONNECTION_ERROR,8.17s
water-14-01856.pdf,FAIL,CONNECTION_ERROR,8.41s
water-14-02195.pdf,FAIL,CONNECTION_ERROR,8.61s
water-14-02363.pdf,FAIL,CONNECTION_ERROR,8.85s
water-14-02453.pdf,FAIL,CONNECTION_ERROR,8.85s
water-14-02612.pdf,FAIL,CONNECTION_ERROR,8.09s
water-14-02726-v2.pdf,FAIL,CONNECTION_ERROR,8.23s
water-14-02778.pdf,FAIL,CONNECTION_ERROR,8.25s
water-14-02884-v2.pdf,FAIL,CONNECTION_ERROR,8.07s
water-14-02945-v2.pdf,FAIL,CONNECTION_ERROR,8.46s
water-14-03074-v2.pdf,FAIL,CONNECTION_ERROR,9.41s
water-14-03075-v2.pdf,FAIL,CONNECTION_ERROR,8.35s
water-14-03348-v2.pdf,FAIL,CONNECTION_ERROR,8.42s
water-14-03582-v2.pdf,FAIL,CONNECTION_ERROR,8.84s
water-14-03618.pdf,FAIL,CONNECTION_ERROR,8.78s
water-14-03779.pdf,FAIL,CONNECTION_ERROR,8.77s
water-14-03936-v2.pdf,FAIL,CONNECTION_ERROR,9.48s
water-14-04020.pdf,FAIL,CONNECTION_ERROR,8.44s
water-15-00076.pdf,FAIL,CONNECTION_ERROR,8.35s
water-15-00086.pdf,FAIL,CONNECTION_ERROR,8.70s
water-15-00090-v2.pdf,FAIL,CONNECTION_ERROR,8.32s
water-15-00303-v2.pdf,FAIL,CONNECTION_ERROR,8.58s
water-15-00447-v2.pdf,FAIL,CONNECTION_ERROR,9.00s
water-15-00463-v2.pdf,FAIL,CONNECTION_ERROR,8.88s
water-15-00483-v2.pdf,FAIL,CONNECTION_ERROR,7.84s
water-15-00597.pdf,FAIL,CONNECTION_ERROR,7.68s
water-15-00681.pdf,FAIL,CONNECTION_ERROR,8.11s
water-15-00813.pdf,FAIL,CONNECTION_ERROR,8.58s
water-15-01103-v2.pdf,FAIL,CONNECTION_ERROR,8.66s
water-15-01197.pdf,FAIL,CONNECTION_ERROR,7.77s
water-15-01389-v3.pdf,FAIL,CONNECTION_ERROR,8.18s
water-15-01557-v2.pdf,FAIL,CONNECTION_ERROR,9.07s
water-15-01655-v3.pdf,FAIL,CONNECTION_ERROR,8.02s
water-15-02035.pdf,FAIL,CONNECTION_ERROR,8.29s
water-15-02077-v2.pdf,FAIL,CONNECTION_ERROR,8.39s
water-15-02246.pdf,FAIL,CONNECTION_ERROR,8.50s
water-15-02249.pdf,FAIL,CONNECTION_ERROR,8.49s
water-15-02374.pdf,FAIL,CONNECTION_ERROR,8.76s
water-15-02898-v2.pdf,FAIL,CONNECTION_ERROR,8.17s
water-15-03130.pdf,FAIL,CONNECTION_ERROR,8.46s
water-15-03303.pdf,FAIL,CONNECTION_ERROR,8.79s
water-15-03489.pdf,FAIL,CONNECTION_ERROR,9.11s
water-15-03510-v2.pdf,FAIL,CONNECTION_ERROR,8.86s
water-15-03533.pdf,FAIL,CONNECTION_ERROR,9.35s
water-15-03711.pdf,FAIL,CONNECTION_ERROR,8.31s
water-15-03772.pdf,FAIL,CONNECTION_ERROR,9.24s
water-15-03783-v2.pdf,FAIL,CONNECTION_ERROR,9.00s
water-15-03883.pdf,FAIL,CONNECTION_ERROR,8.57s
water-15-04201.pdf,FAIL,CONNECTION_ERROR,8.46s
water-15-04243.pdf,FAIL,CONNECTION_ERROR,8.37s
water-16-00039.pdf,FAIL,CONNECTION_ERROR,8.31s
water-16-00124.pdf,FAIL,CONNECTION_ERROR,9.33s
water-16-00356.pdf,FAIL,CONNECTION_ERROR,8.58s
water-16-00407-v2.pdf,FAIL,CONNECTION_ERROR,8.98s
water-16-00765-v2.pdf,FAIL,CONNECTION_ERROR,8.28s
water-16-00811-v2.pdf,FAIL,CONNECTION_ERROR,8.18s
water-16-01408-v2.pdf,FAIL,CONNECTION_ERROR,9.20s
water-16-01763-v2.pdf,FAIL,CONNECTION_ERROR,8.03s
water-17-00177.pdf,FAIL,CONNECTION_ERROR,9.34s
water-17-00181-v3.pdf,FAIL,CONNECTION_ERROR,8.06s
water-17-00198.pdf,FAIL,CONNECTION_ERROR,9.05s
water-17-00327.pdf,FAIL,CONNECTION_ERROR,8.89s
water-17-00345-v2.pdf,FAIL,CONNECTION_ERROR,9.73s
water-17-00912-v3.pdf,FAIL,CONNECTION_ERROR,7.93s
water-17-00937.pdf,FAIL,CONNECTION_ERROR,8.55s
water-17-01155-v2.pdf,FAIL,CONNECTION_ERROR,8.80s
water-17-01177.pdf,FAIL,CONNECTION_ERROR,9.31s
water-17-01276.pdf,FAIL,CONNECTION_ERROR,8.44s
water-17-02155-v2.pdf,FAIL,CONNECTION_ERROR,9.04s
water-17-02281.pdf,FAIL,CONNECTION_ERROR,9.22s
wcas-WCAS-D-21-0141.1-1.pdf,FAIL,CONNECTION_ERROR,8.44s
water-17-02323.pdf,FAIL,CONNECTION_ERROR,8.65s
wcas-wcas-d-16-0107_1.pdf,FAIL,CONNECTION_ERROR,8.27s
wefo-2008waf2006082_1-1.pdf,FAIL,CONNECTION_ERROR,9.05s
wefo-WAF-D-19-0254.1.pdf,FAIL,CONNECTION_ERROR,8.20s
wefo-WAF-D-21-0056.1.pdf,FAIL,CONNECTION_ERROR,9.09s
wefo-WAF-D-21-0078.1.pdf,FAIL,CONNECTION_ERROR,8.80s
wefo-WAF-D-21-0207.1.pdf,FAIL,CONNECTION_ERROR,8.98s
wefo-WAF-D-22-0056.1.pdf,FAIL,CONNECTION_ERROR,8.07s
wefo-WAF-D-22-0070.1.pdf,FAIL,CONNECTION_ERROR,7.64s
wefo-WAF-D-22-0187.1.pdf,FAIL,CONNECTION_ERROR,9.30s
wefo-WAF-D-23-0104.1.pdf,FAIL,CONNECTION_ERROR,7.29s
wefo-waf-d-16-0094_1-1.pdf,FAIL,CONNECTION_ERROR,8.05s
wefo-waf-d-20-0028.1.pdf,FAIL,CONNECTION_ERROR,8.49s
wettstein_2025_oi_250034_1740757240.96384.pdf,FAIL,CONNECTION_ERROR,8.58s
wefo-waf-d-20-0153.1.pdf,FAIL,CONNECTION_ERROR,8.96s
world-07-00003-v2.pdf,FAIL,CONNECTION_ERROR,8.24s
ws022043842.pdf,FAIL,CONNECTION_ERROR,8.13s
yelistratova et al..pdf,FAIL,CONNECTION_ERROR,7.94s
yan2015.pdf,FAIL,CONNECTION_ERROR,8.96s
zhang2020.pdf,FAIL,CONNECTION_ERROR,8.34s
zheng2015.pdf,FAIL,CONNECTION_ERROR,7.63s
ХЕК РАС В РЕЖИМІ РЕАЛЬНОГО document.pdf,FAIL,CONNECTION_ERROR,9.20s
0000577383.pdf,SKIPPED,EXISTS,0.00s
0030.pdf,SKIPPED,EXISTS,0.00s
010064143.pdf,SKIPPED,EXISTS,0.00s
010079873.pdf,SKIPPED,EXISTS,0.00s
0115-0128.pdf,SKIPPED,EXISTS,0.00s
0229.pdf,SKIPPED,EXISTS,0.00s
03-04-FebEDUSAT_Introduction-to-Microwave-Remote-Sensing.pdf,SKIPPED,EXISTS,0.00s
032003_1.pdf,SKIPPED,EXISTS,0.00s
034505_1.pdf,SKIPPED,EXISTS,0.00s
0399-0405.pdf,SKIPPED,EXISTS,0.00s
07_torma_et_al.pdf,SKIPPED,EXISTS,0.00s
08861302.pdf,SKIPPED,EXISTS,0.00s
1-Hydrological-Modeling-with-HEC-HMS.pdf,SKIPPED,EXISTS,0.00s
1-s2.0-S0022169418305407-main.pdf,SKIPPED,EXISTS,0.00s
1-s2.0-S0022169421005527-main.pdf,SKIPPED,EXISTS,0.00s
1-s2.0-S0022169421007320-main.pdf,SKIPPED,EXISTS,0.00s
1-s2.0-S002216942100809X-main.pdf,SKIPPED,EXISTS,0.00s
1-s2.0-S0022169421010738-main.pdf,SKIPPED,EXISTS,0.00s
1-s2.0-S0022169421013743-main.pdf,SKIPPED,EXISTS,0.00s
1-s2.0-S0022169422001238-main.pdf,SKIPPED,EXISTS,0.00s
1-s2.0-S0022169422002633-main.pdf,SKIPPED,EXISTS,0.00s
1-s2.0-S0022169422005352-main.pdf,SKIPPED,EXISTS,0.00s
1-s2.0-S0022169422011684-main.pdf,SKIPPED,EXISTS,0.00s
1-s2.0-S0022169422013567-main.pdf,SKIPPED,EXISTS,0.00s
1-s2.0-S0022169422013634-main.pdf,SKIPPED,EXISTS,0.00s
1-s2.0-S0022169423000392-main.pdf,SKIPPED,EXISTS,0.00s
1-s2.0-S0022169423002640-main.pdf,SKIPPED,EXISTS,0.00s
1-s2.0-S0022169423003451-main.pdf,SKIPPED,EXISTS,0.00s
1-s2.0-S0022169423003463-main.pdf,SKIPPED,EXISTS,0.00s
1-s2.0-S0022169423004742-main.pdf,SKIPPED,EXISTS,0.00s
1-s2.0-S0022169423004973-main.pdf,SKIPPED,EXISTS,0.00s
1-s2.0-S0022169423008181-main.pdf,SKIPPED,EXISTS,0.00s
1-s2.0-S0022169423008284-main.pdf,SKIPPED,EXISTS,0.00s
1-s2.0-S0022169423008314-main.pdf,SKIPPED,EXISTS,0.00s
1-s2.0-S002216942300954X-main.pdf,SKIPPED,EXISTS,0.00s
1-s2.0-S0022169423010065-main.pdf,SKIPPED,EXISTS,0.00s
1-s2.0-S0022169423011277-main.pdf,SKIPPED,EXISTS,0.00s
1-s2.0-S0022169423013239-main.pdf,SKIPPED,EXISTS,0.00s
1-s2.0-S0022169423013471-main.pdf,SKIPPED,EXISTS,0.00s
1-s2.0-S0022169423014555-main.pdf,SKIPPED,EXISTS,0.00s
1-s2.0-S0022169423015032-main.pdf,SKIPPED,EXISTS,0.00s
1-s2.0-S0022169423015275-main.pdf,SKIPPED,EXISTS,0.00s
1-s2.0-S0022169424000246-main.pdf,SKIPPED,EXISTS,0.00s
1-s2.0-S0022169424000337-main.pdf,SKIPPED,EXISTS,0.00s
1-s2.0-S0022169424001203-main.pdf,SKIPPED,EXISTS,0.00s
1-s2.0-S0022169424001562-main.pdf,SKIPPED,EXISTS,0.00s
1-s2.0-S0022169424001604-main.pdf,SKIPPED,EXISTS,0.00s
1-s2.0-S0022169424001720-main.pdf,SKIPPED,EXISTS,0.00s
1-s2.0-S0022169424002142-main.pdf,SKIPPED,EXISTS,0.00s
1-s2.0-S0022169424016779-main.pdf,SKIPPED,EXISTS,0.00s
1-s2.0-S0022169424017578-main.pdf,SKIPPED,EXISTS,0.00s
1-s2.0-S0022169424018134-main.pdf,SKIPPED,EXISTS,0.00s
1-s2.0-S0022169424019838-main.pdf,SKIPPED,EXISTS,0.00s
1-s2.0-S0022169424019991-main.pdf,SKIPPED,EXISTS,0.00s
1-s2.0-S0022169425003646-main.pdf,SKIPPED,EXISTS,0.00s
1-s2.0-S0022169425005670-main.pdf,SKIPPED,EXISTS,0.00s
1-s2.0-S0022169425006183-main.pdf,SKIPPED,EXISTS,0.00s
1-s2.0-S0022169425006675-main.pdf,SKIPPED,EXISTS,0.00s
1-s2.0-S0022169425007036-main.pdf,SKIPPED,EXISTS,0.00s
1-s2.0-S0022169425008674-main.pdf,SKIPPED,EXISTS,0.00s
1-s2.0-S0022169425009552-main.pdf,SKIPPED,EXISTS,0.00s
1-s2.0-S0022169425014246-main.pdf,SKIPPED,EXISTS,0.00s
1-s2.0-S0034425722003790-main.pdf,SKIPPED,EXISTS,0.00s
1-s2.0-S003442572500286X-main.pdf,SKIPPED,EXISTS,0.00s
1-s2.0-S0043135424010613-main.pdf,SKIPPED,EXISTS,0.00s
1-s2.0-S0048969724084614-main.pdf,SKIPPED,EXISTS,0.00s
1-s2.0-S0143622825000426-main.pdf,SKIPPED,EXISTS,0.00s
1-s2.0-S0167268125000162-main.pdf,SKIPPED,EXISTS,0.00s
1-s2.0-S0169555X23003963-main.pdf,SKIPPED,EXISTS,0.00s
1-s2.0-S0198971521000351-am.pdf,SKIPPED,EXISTS,0.00s
1-s2.0-S0264275125001271-mainext.pdf,SKIPPED,EXISTS,0.00s
1-s2.0-S030147972500948X-main.pdf,SKIPPED,EXISTS,0.00s
1-s2.0-S0303243421001070-main.pdf,SKIPPED,EXISTS,0.00s
1-s2.0-S0309170816301257-main.pdf,SKIPPED,EXISTS,0.00s
1-s2.0-S0309170824002719-main.pdf,SKIPPED,EXISTS,0.00s
1-s2.0-S0309170825001770-main.pdf,SKIPPED,EXISTS,0.00s
1-s2.0-S0378377425001635-main.pdf,SKIPPED,EXISTS,0.00s
1-s2.0-S0895717700002727-main.pdf,SKIPPED,EXISTS,0.00s
1-s2.0-S0895717704002742-main.pdf,SKIPPED,EXISTS,0.00s
1-s2.0-S0921818125001407-main.pdf,SKIPPED,EXISTS,0.00s
1-s2.0-S092427161930111X-am.pdf,SKIPPED,EXISTS,0.00s
1-s2.0-S0952197624007310-main.pdf,SKIPPED,EXISTS,0.00s
1-s2.0-S0964569124005052-main.pdf,SKIPPED,EXISTS,0.00s
1-s2.0-S1093968726001696-main.pdf,SKIPPED,EXISTS,0.00s
1-s2.0-S1110016812000105-main.pdf,SKIPPED,EXISTS,0.00s
1-s2.0-S1110016814000660-main.pdf,SKIPPED,EXISTS,0.00s
1-s2.0-S1110016818300966-main.pdf,SKIPPED,EXISTS,0.00s
1-s2.0-S1110982317301126-main.pdf,SKIPPED,EXISTS,0.00s
1-s2.0-S1110982318303041-main.pdf,SKIPPED,EXISTS,0.00s
1-s2.0-S1110982325000201-main.pdf,SKIPPED,EXISTS,0.00s
1-s2.0-S1364815224002871-main.pdf,SKIPPED,EXISTS,0.00s
1-s2.0-S1364815224003682-main.pdf,SKIPPED,EXISTS,0.00s
1-s2.0-S1364815225004700-main.pdf,SKIPPED,EXISTS,0.00s
1-s2.0-S1470160X24014602-main.pdf,SKIPPED,EXISTS,0.00s
1-s2.0-S1470160X24014894-main.pdf,SKIPPED,EXISTS,0.00s
1-s2.0-S1470160X2401495X-main.pdf,SKIPPED,EXISTS,0.00s
1-s2.0-S1470160X2500038X-main.pdf,SKIPPED,EXISTS,0.00s
1-s2.0-S1470160X25001761-main.pdf,SKIPPED,EXISTS,0.00s
1-s2.0-S1470160X25002456-main.pdf,SKIPPED,EXISTS,0.00s
1-s2.0-S1470160X25003279-main.pdf,SKIPPED,EXISTS,0.00s
1-s2.0-S1470160X25005898-main.pdf,SKIPPED,EXISTS,0.00s
1-s2.0-S1470160X25006119-main.pdf,SKIPPED,EXISTS,0.00s
1-s2.0-S1569843222001911-main.pdf,SKIPPED,EXISTS,0.00s
1-s2.0-S1569843223001528-main.pdf,SKIPPED,EXISTS,0.00s
1-s2.0-S1569843223003291-main.pdf,SKIPPED,EXISTS,0.00s
1-s2.0-S1569843225000044-main.pdf,SKIPPED,EXISTS,0.00s
1-s2.0-S1569843225001232-main.pdf,SKIPPED,EXISTS,0.00s
1-s2.0-S156984322500158X-main.pdf,SKIPPED,EXISTS,0.00s
1-s2.0-S1569843225004637-main.pdf,SKIPPED,EXISTS,0.00s
1-s2.0-S1572308926000471-main.pdf,SKIPPED,EXISTS,0.00s
1-s2.0-S1674237015300946-main.pdf,SKIPPED,EXISTS,0.00s
1-s2.0-S1674987115000821-main.pdf,SKIPPED,EXISTS,0.00s
1-s2.0-S1674987124001841-main.pdf,SKIPPED,EXISTS,0.00s
1-s2.0-S1876610219312706-main.pdf,SKIPPED,EXISTS,0.00s
1-s2.0-S1876610215016008-main.pdf,SKIPPED,EXISTS,0.00s
1-s2.0-S1738573321005179-main.pdf,SKIPPED,EXISTS,0.00s
1-s2.0-S1877050919310725-main.pdf,SKIPPED,EXISTS,0.00s
1-s2.0-S2090447922002155-main.pdf,SKIPPED,EXISTS,0.00s
1-s2.0-S2095268619304525-main.pdf,SKIPPED,EXISTS,0.00s
1-s2.0-S2095809925001092-main.pdf,SKIPPED,EXISTS,0.00s
1-s2.0-S2210670723007229-main.pdf,SKIPPED,EXISTS,0.00s
1-s2.0-S2210670724008205-main.pdf,SKIPPED,EXISTS,0.00s
1-s2.0-S2210670725003130-main.pdf,SKIPPED,EXISTS,0.00s
1-s2.0-S2211812814005744-main.pdf,SKIPPED,EXISTS,0.00s
1-s2.0-S2212095525000136-main.pdf,SKIPPED,EXISTS,0.00s
1-s2.0-S2212096324001025-main.pdf,SKIPPED,EXISTS,0.00s
1-s2.0-S2212420922006185-main.pdf,SKIPPED,EXISTS,0.00s
1-s2.0-S2212420924008203-main.pdf,SKIPPED,EXISTS,0.00s
1-s2.0-S2212420924008586-main.pdf,SKIPPED,EXISTS,0.00s
1-s2.0-S2212420924008884-main.pdf,SKIPPED,EXISTS,0.00s
1-s2.0-S2212420924009324-main.pdf,SKIPPED,EXISTS,0.00s
1-s2.0-S2212420925000603-main.pdf,SKIPPED,EXISTS,0.00s
1-s2.0-S2212420925000706-main.pdf,SKIPPED,EXISTS,0.00s
1-s2.0-S2212420925000743-main.pdf,SKIPPED,EXISTS,0.00s
1-s2.0-S2212420925001645-main.pdf,SKIPPED,EXISTS,0.00s
1-s2.0-S2212420925001773-main.pdf,SKIPPED,EXISTS,0.00s
1-s2.0-S2212420925001992-main.pdf,SKIPPED,EXISTS,0.00s
1-s2.0-S2212420925002432-main.pdf,SKIPPED,EXISTS,0.00s
1-s2.0-S2212420925002572-main.pdf,SKIPPED,EXISTS,0.00s
1-s2.0-S2212420925002663-mainext.pdf,SKIPPED,EXISTS,0.00s
1-s2.0-S2212420925002997-main.pdf,SKIPPED,EXISTS,0.00s
1-s2.0-S2212420925004248-main.pdf,SKIPPED,EXISTS,0.00s
1-s2.0-S2212420925004261-main.pdf,SKIPPED,EXISTS,0.00s
1-s2.0-S2212827122013130-main.pdf,SKIPPED,EXISTS,0.00s
1-s2.0-S2214581816301768-main.pdf,SKIPPED,EXISTS,0.00s
1-s2.0-S2214581823000472-main.pdf,SKIPPED,EXISTS,0.00s
1-s2.0-S2214581825000746-main.pdf,SKIPPED,EXISTS,0.00s
1-s2.0-S2214581825000862-main.pdf,SKIPPED,EXISTS,0.00s
1-s2.0-S2214581825001090-main.pdf,SKIPPED,EXISTS,0.00s
1-s2.0-S2214581825004082-main.pdf,SKIPPED,EXISTS,0.00s
1-s2.0-S2215098614000706-main.pdf,SKIPPED,EXISTS,0.00s
1-s2.0-S2215098615000774-main.pdf,SKIPPED,EXISTS,0.00s
1-s2.0-S2352938521001713-main.pdf,SKIPPED,EXISTS,0.00s
1-s2.0-S235293852300201X-main.pdf,SKIPPED,EXISTS,0.00s
1-s2.0-S240588072400089X-main.pdf,SKIPPED,EXISTS,0.00s
1-s2.0-S2452292925000244-main.pdf,SKIPPED,EXISTS,0.00s
1-s2.0-S2589471425000051-main.pdf,SKIPPED,EXISTS,0.00s
1-s2.0-S2589757824000416-main.pdf,SKIPPED,EXISTS,0.00s
1-s2.0-S2590061724000929-main.pdf,SKIPPED,EXISTS,0.00s
1-s2.0-S2590061725000109-main.pdf,SKIPPED,EXISTS,0.00s
1-s2.0-S2590061725000122-main.pdf,SKIPPED,EXISTS,0.00s
1-s2.0-S2590061725001048-main.pdf,SKIPPED,EXISTS,0.00s
1-s2.0-S2590123025002725-main.pdf,SKIPPED,EXISTS,0.00s
1-s2.0-S2590123025020481-main.pdf,SKIPPED,EXISTS,0.00s
1-s2.0-S2590252024000291-main.pdf,SKIPPED,EXISTS,0.00s
1-s2.0-S2665972724002277-main.pdf,SKIPPED,EXISTS,0.00s
1-s2.0-S2665972725000595-main.pdf,SKIPPED,EXISTS,0.00s
1-s2.0-S2666017225000094-main.pdf,SKIPPED,EXISTS,0.00s
1-s2.0-S2666017225000161-main.pdf,SKIPPED,EXISTS,0.00s
1-s2.0-S2666445324000308-main.pdf,SKIPPED,EXISTS,0.00s
1-s2.0-S2666449625000076-main.pdf,SKIPPED,EXISTS,0.00s
1-s2.0-S2666544122000090-main.pdf,SKIPPED,EXISTS,0.00s
1-s2.0-S2666592123000963-main.pdf,SKIPPED,EXISTS,0.00s
1-s2.0-S2666592124000027-main.pdf,SKIPPED,EXISTS,0.00s
1-s2.0-S2666592124000064-main.pdf,SKIPPED,EXISTS,0.00s
1-s2.0-S2666592125000022-main.pdf,SKIPPED,EXISTS,0.00s
1-s2.0-S2666592125000125-main.pdf,SKIPPED,EXISTS,0.00s
1-s2.0-S2666592125000435-main.pdf,SKIPPED,EXISTS,0.00s
1-s2.0-S2666683925000173-main.pdf,SKIPPED,EXISTS,0.00s
1-s2.0-S2666683925000264-main.pdf,SKIPPED,EXISTS,0.00s
1-s2.0-S2950629825000013-main.pdf,SKIPPED,EXISTS,0.00s
1.Alexis DZOKOM 20513.pdf,SKIPPED,EXISTS,0.00s
10.1007@s11069-019-03638-9.pdf,SKIPPED,EXISTS,0.00s
10.1007@s40808-019-00641-8.pdf,SKIPPED,EXISTS,0.00s
10.1016@j.rse.2008.03.018.pdf,SKIPPED,EXISTS,0.00s
10.1515_geo-2020-0325.pdf,SKIPPED,EXISTS,0.00s
10.21923-jesd.982868-1925180.pdf,SKIPPED,EXISTS,0.00s
10.2478_jlecol-2023-0011.pdf,SKIPPED,EXISTS,0.00s
10.2478_johh-2022-0002.pdf,SKIPPED,EXISTS,0.00s
10.2478_mgr-2013-0005.pdf,SKIPPED,EXISTS,0.00s
10.26833-ijeg.412348-481602.pdf,SKIPPED,EXISTS,0.00s
10.30897-ijegeo.794723-1289664.pdf,SKIPPED,EXISTS,0.00s
10.3934_environsci.2025004.pdf,SKIPPED,EXISTS,0.00s
10.pdf,SKIPPED,EXISTS,0.00s
100010_1_online.pdf,SKIPPED,EXISTS,0.00s
100051G.pdf,SKIPPED,EXISTS,0.00s
102published_book.pdf,SKIPPED,EXISTS,0.00s
1034-Article Text-1513-1-10-20230929.pdf,SKIPPED,EXISTS,0.00s
107830P.pdf,SKIPPED,EXISTS,0.00s
10_ApplicationofArtificialNeuralNetworks – копія.pdf,SKIPPED,EXISTS,0.00s
10_ApplicationofArtificialNeuralNetworks.pdf,SKIPPED,EXISTS,0.00s
10_strapazan.pdf,SKIPPED,EXISTS,0.00s
11.pdf,SKIPPED,EXISTS,0.00s
1124-9390_32_4_2024_451-462.pdf,SKIPPED,EXISTS,0.00s
1149-Article Text-2053-1-10-20220809.pdf,SKIPPED,EXISTS,0.00s
1159244.pdf,SKIPPED,EXISTS,0.00s
117641-WP-v3-ZM-ClimateRisk-Hydro-Appendices-PUBLIC.pdf,SKIPPED,EXISTS,0.00s
11_Buksha_138-145.pdf,SKIPPED,EXISTS,0.00s
120482-WP-P156643-PUBLIC-108p-WBFloodReportOct.pdf,SKIPPED,EXISTS,0.00s
12286613.pdf,SKIPPED,EXISTS,0.00s
13DeterminationofMeanVelocityandDischarge – копія.pdf,SKIPPED,EXISTS,0.00s
13DeterminationofMeanVelocityandDischarge.pdf,SKIPPED,EXISTS,0.00s
13_14.pdf,SKIPPED,EXISTS,0.00s
13_AK-8-4-25ImpactsofClimateVariabilityonHydrologicalExtremes-DroughtsandFloodsinaChangingClimate.pdf,SKIPPED,EXISTS,0.00s
14-EQ35-2-Ghouri+et+al_149-159.pdf,SKIPPED,EXISTS,0.00s
14844-24642-1-SM.pdf,SKIPPED,EXISTS,0.00s
14856-1-27736-1-10-20150813.pdf,SKIPPED,EXISTS,0.00s
14IJAERS-DEC-2017-18-ForecastingofSuspendedSediment1 – копія.pdf,SKIPPED,EXISTS,0.00s
14IJAERS-DEC-2017-18-ForecastingofSuspendedSediment1.pdf,SKIPPED,EXISTS,0.00s
151239.pdf,SKIPPED,EXISTS,0.00s
15566.06-17-30-361-10-H04_Hipsey_2013_v6CORR.pdf,SKIPPED,EXISTS,0.00s
1584.pdf,SKIPPED,EXISTS,0.00s
"16,1603+VTM+__compressed-1.pdf",SKIPPED,EXISTS,0.00s
16_3_17.pdf,SKIPPED,EXISTS,0.00s
16_Daide_Beht_EEET_2022_1.pdf,SKIPPED,EXISTS,0.00s
16_RS_Object_Based.pdf,SKIPPED,EXISTS,0.00s
1706_1566915685.pdf,SKIPPED,EXISTS,0.00s
173-ResearchInstrument-673-1-10-20231016.pdf,SKIPPED,EXISTS,0.00s
173940.pdf,SKIPPED,EXISTS,0.00s
17783-ArticleText-74399-1-10-20231011.pdf,SKIPPED,EXISTS,0.00s
1807.pdf,SKIPPED,EXISTS,0.00s
180_farahmand-2015.pdf,SKIPPED,EXISTS,0.00s
18144.pdf,SKIPPED,EXISTS,0.00s
184-Article Text-530-1-10-20200117.pdf,SKIPPED,EXISTS,0.00s
1911.00103.pdf,SKIPPED,EXISTS,0.00s
191393_doc.pdf,SKIPPED,EXISTS,0.00s
198-Article Text-323-3-10-20200427.pdf,SKIPPED,EXISTS,0.00s
199939045.pdf,SKIPPED,EXISTS,0.00s
1Deo44423 – копія.pdf,SKIPPED,EXISTS,0.00s
1Deo44423.pdf,SKIPPED,EXISTS,0.00s
1a3623bea4d485d259e1312b76e797c952fa.pdf,SKIPPED,EXISTS,0.00s
1ac12c5c-efa4-46cb-97a6-99cfebd0f283.pdf,SKIPPED,EXISTS,0.00s
2-50-1600669173-24IJASRAUG202024.pdf,SKIPPED,EXISTS,0.00s
2-nagraj-patil-runoff-prediction-e3-session.pdf,SKIPPED,EXISTS,0.00s
2000-TokarMarkus.pdf,SKIPPED,EXISTS,0.00s
2006.11555.pdf,SKIPPED,EXISTS,0.00s
2006Paper11.pdf,SKIPPED,EXISTS,0.00s
2010-WEEINK-MASTER.pdf,SKIPPED,EXISTS,0.00s
20100032014.pdf,SKIPPED,EXISTS,0.00s
20110007292.pdf,SKIPPED,EXISTS,0.00s
2011_ImpactofhumanactivityonstreamflowintheHuaiheRiverBasinChina-analysisandsimulation.pdf,SKIPPED,EXISTS,0.00s
2012133636.pdf,SKIPPED,EXISTS,0.00s
2013-JHE-EffectsofVegetationCoveronHydrologicalProcessesinalargebasin.pdf,SKIPPED,EXISTS,0.00s
20140009993.pdf,SKIPPED,EXISTS,0.00s
20170321_Xie.pdf,SKIPPED,EXISTS,0.00s
20170712_Morning.pdf,SKIPPED,EXISTS,0.00s
2018-front-matter.pdf,SKIPPED,EXISTS,0.00s
20190926TUM-CRBM_paper-TUC-2019_reviewed_Final.pdf,SKIPPED,EXISTS,0.00s
2020-front-matter.pdf,SKIPPED,EXISTS,0.00s
2021.12.23-HYDRO-Paper.pdf,SKIPPED,EXISTS,0.00s
2023GRL-Wang-ChangesInHumanFloodDistance.pdf,SKIPPED,EXISTS,0.00s
2023Warachowska_et_al_JFRM.pdf,SKIPPED,EXISTS,0.00s
20537312.pdf,SKIPPED,EXISTS,0.00s
21042.pdf,SKIPPED,EXISTS,0.00s
2193-2697-3-11.pdf,SKIPPED,EXISTS,0.00s
219_xxxviii-part7a.pdf,SKIPPED,EXISTS,0.00s
22.pdf,SKIPPED,EXISTS,0.00s
220503maket-5-15.pdf,SKIPPED,EXISTS,0.00s
222.pdf,SKIPPED,EXISTS,0.00s
2220-5318-1-SM.pdf,SKIPPED,EXISTS,0.00s
2354.pdf,SKIPPED,EXISTS,0.00s
236412618.pdf,SKIPPED,EXISTS,0.00s
2379.pdf,SKIPPED,EXISTS,0.00s
23_reference.pdf,SKIPPED,EXISTS,0.00s
2401.17759v4.pdf,SKIPPED,EXISTS,0.00s
2402-4438-2-PB.pdf,SKIPPED,EXISTS,0.00s
2511.pdf,SKIPPED,EXISTS,0.00s
26459823.pdf,SKIPPED,EXISTS,0.00s
268-633-1-SM.pdf,SKIPPED,EXISTS,0.00s
2D-HEC-RAS_Modeling_of_Flood_Wave_Propagation_in_a.pdf,SKIPPED,EXISTS,0.00s
2_★sms19_2611_20191220最終.pdf,SKIPPED,EXISTS,0.00s
2df741c2-ee9c-44f1-84f8-5d57e4ae2102.pdf,SKIPPED,EXISTS,0.00s
30.pdf,SKIPPED,EXISTS,0.00s
30531-110581-1-PB.pdf,SKIPPED,EXISTS,0.00s
32f22ccc-d5d4-4d64-afb7-dc07ce860c02.pdf,SKIPPED,EXISTS,0.00s
3341105.3374023.pdf,SKIPPED,EXISTS,0.00s
33449963.pdf,SKIPPED,EXISTS,0.00s
33703_actionplanweb14.06cs1.pdf,SKIPPED,EXISTS,0.00s
34eec009-cc32-445f-9ed4-d3857d805b3e.pdf,SKIPPED,EXISTS,0.00s
35469147.pdf,SKIPPED,EXISTS,0.00s
36-53-Shevchuk-017.pdf,SKIPPED,EXISTS,0.00s
371-Article Text-634-2-10-20240104.pdf,SKIPPED,EXISTS,0.00s
3744743.pdf,SKIPPED,EXISTS,0.00s
37750757.pdf,SKIPPED,EXISTS,0.00s
37773492.pdf,SKIPPED,EXISTS,0.00s
3_disaster_risk_resilience.pdf,SKIPPED,EXISTS,0.00s
4039-Article Text-22695-1-10-20250404.pdf,SKIPPED,EXISTS,0.00s
415-Текст статті-1440-1-10-20180925-1.pdf,SKIPPED,EXISTS,0.00s
415-Текст статті-1440-1-10-20180925.pdf,SKIPPED,EXISTS,0.00s
4165-Article Text-24107-1-10-20250605.pdf,SKIPPED,EXISTS,0.00s
43766ce9-dbf4-4a8a-9578-8b7dea439ffd.pdf,SKIPPED,EXISTS,0.00s
48253_1.pdf,SKIPPED,EXISTS,0.00s
4_Kon.pdf,SKIPPED,EXISTS,0.00s
4ddc1005a9b58ecaff94006c2188dc80da32.pdf,SKIPPED,EXISTS,0.00s
4e8ce6e3c5153970dd2101069163199ec993.pdf,SKIPPED,EXISTS,0.00s
4jan.pdf,SKIPPED,EXISTS,0.00s
50-58-3719-Ansori-July-2023-107 (2).pdf,SKIPPED,EXISTS,0.00s
50-58-3719-Ansori-July-2023-107.pdf,SKIPPED,EXISTS,0.00s
5173984.pdf,SKIPPED,EXISTS,0.00s
52631699.pdf,SKIPPED,EXISTS,0.00s
52752108.pdf,SKIPPED,EXISTS,0.00s
52752374.pdf,SKIPPED,EXISTS,0.00s
52755656.pdf,SKIPPED,EXISTS,0.00s
52755846.pdf,SKIPPED,EXISTS,0.00s
537754032.pdf,SKIPPED,EXISTS,0.00s
53b4a7d946d5da787dddd52eb2df91bb2b9e.pdf,SKIPPED,EXISTS,0.00s
54cb18_eb676847ee5a468aa34df4e6184b8139.pdf,SKIPPED,EXISTS,0.00s
55808192.pdf,SKIPPED,EXISTS,0.00s
5743cdbc79b05.pdf,SKIPPED,EXISTS,0.00s
6-3-19-699.pdf,SKIPPED,EXISTS,0.00s
6-JWC-D-21-00072.pdf,SKIPPED,EXISTS,0.00s
61008633.pdf,SKIPPED,EXISTS,0.00s
61010883.pdf,SKIPPED,EXISTS,0.00s
6695-ArticleText-22735-1-10-20210429.pdf,SKIPPED,EXISTS,0.00s
67b40ee905e06.pdf,SKIPPED,EXISTS,0.00s
686258.pdf,SKIPPED,EXISTS,0.00s
6_FloodForecastingANNFuzzy_JournalofHydrolEngg_Mukerjietal_2009.pdf,SKIPPED,EXISTS,0.00s
6_Kon.pdf,SKIPPED,EXISTS,0.00s
707-Article Text-1819-2-10-20211104.pdf,SKIPPED,EXISTS,0.00s
70738-439555-1-PB.pdf,SKIPPED,EXISTS,0.00s
712.pdf,SKIPPED,EXISTS,0.00s
73f35743675976fd2d8023e3559e67e9e61b.pdf,SKIPPED,EXISTS,0.00s
77b768dc7dd066a685b9ef643192888d.pdf,SKIPPED,EXISTS,0.00s
7_Runoff Analysis using Satellite Data for Regional Flood Assessment - Spatial and Time Series Bias Correction of Satellite Data -.pdf,SKIPPED,EXISTS,0.00s
7_Sina_Alaghmand__Rozi_bin_Abdullah__Ismail_Abustan__Esmaeil_Kordi_&_Behdokht_Vosoogh_OK_FINAL.pdf,SKIPPED,EXISTS,0.00s
803-2719-1-PB.pdf,SKIPPED,EXISTS,0.00s
807-Article Text-1272-1-10-20210717.pdf,SKIPPED,EXISTS,0.00s
86409ab675880095ebeec5902ac5bde1c512.pdf,SKIPPED,EXISTS,0.00s
9-1-509-578.pdf,SKIPPED,EXISTS,0.00s
94_2016-005.pdf,SKIPPED,EXISTS,0.00s
962acf9ce1d0d611d5889a42774455089239.pdf,SKIPPED,EXISTS,0.00s
978-3-030-73569-2.pdf,SKIPPED,EXISTS,0.00s
978-3-031-04129-7.pdf,SKIPPED,EXISTS,0.00s
978-3-031-39675-5.pdf,SKIPPED,EXISTS,0.00s
978-3-89958-758-6.volltext.frei.pdf,SKIPPED,EXISTS,0.00s
9833207.pdf,SKIPPED,EXISTS,0.00s
A GIS-based Hydrologic Model for Flood Prediction and Watershed Management ( PDFDrive ).pdf,SKIPPED,EXISTS,0.00s
A Stormwater Management Model for California Polytechnic State Un.pdf,SKIPPED,EXISTS,0.00s
A Tool for Modeling Phosphate Loading from Hydrologic Runoff using Multi-Criteria Analysis and ( PDFDrive ).pdf,SKIPPED,EXISTS,0.00s
A Tool for Modeling Phosphate Loading from Hydrologic Runoff using Multi-Criteria Analysis and ... ( PDFDrive ).pdf,SKIPPED,EXISTS,0.00s
A flood knowledge-constrained large language model interactable with GIS  enhancing public risk perception of floods.pdf,SKIPPED,EXISTS,0.00s
A hybrid approach for enhanced flood prediction and assessment  Leveraging physical models  deep learning and satellite remote sensing.pdf,SKIPPED,EXISTS,0.00s
A modeling approach for operational flash flood forecasting for small-scale watersheds in central ( PDFDrive ).pdf,SKIPPED,EXISTS,0.00s
A particle-set distributed hydrological model for the dynamic simulation of surface runoff ( PDFDrive ).pdf,SKIPPED,EXISTS,0.00s
A systematic analysis of remote sensing and geographic information system applications for flood disaster risk management.pdf,SKIPPED,EXISTS,0.00s
A wavelet-neural network hybrid modelling approach for estimating and predicting river monthly flows.pdf,SKIPPED,EXISTS,0.00s
A-Deep-Learning-Based-Classifier-for-Remote-Sensing-Images.pdf,SKIPPED,EXISTS,0.00s
A-Framework-on-Fast-Mapping-of-Urban-Flood-Based-on-a-Multi-Objective-Random-Forest-Model.pdf,SKIPPED,EXISTS,0.00s
A-comparative-technical-study-for-estimating-seeped-water-f_2023_Ain-Shams-E.pdf,SKIPPED,EXISTS,0.00s
A-flood-expert-system-using-machine-learning-and-IoT-warning-detection-and-prediction.pdf,SKIPPED,EXISTS,0.00s
A-framework-for-using-event-evolutionary-graphs-to-rapidly-assess-the-vulnerability-of-urban.pdf,SKIPPED,EXISTS,0.00s
A-hybrid-novel-framework-for-flood-disaster-risk-control-in-developing-countries-based-on.pdf,SKIPPED,EXISTS,0.00s
A-smart-sustainable-system-for-flood-damage-management-with-the-application-of-artificial.pdf,SKIPPED,EXISTS,0.00s
ACE_FP_AKAY_BADUNA_YANMAZ.pdf,SKIPPED,EXISTS,0.00s
AI-Powered_Digital_Twin_Framework_for_Land_Use_Change_in_Disaster_Affected_Regions.pdf,SKIPPED,EXISTS,0.00s
AJCC_2015051815491169.pdf,SKIPPED,EXISTS,0.00s
AMAZON_river.pdf,SKIPPED,EXISTS,0.00s
APPLICABILLITY_OF_THE_HEC_HMS_MODEL_IN_A.pdf,SKIPPED,EXISTS,0.00s
ASCEHY.1943-7900_PAPER.pdf,SKIPPED,EXISTS,0.00s
A_Critical_Review_of_Hydrological_Modeli.pdf,SKIPPED,EXISTS,0.00s
A_Dilemma_between_Flood_and_Drought_Management_Cas.pdf,SKIPPED,EXISTS,0.00s
A_Framework_to_Assess_Remote_Sensing_Algorithms_for_Satellite-Based_Flood_Index_Insurance.pdf,SKIPPED,EXISTS,0.00s
A_Global_ETCCDI-Based_Precipitation_Climatology_fr.pdf,SKIPPED,EXISTS,0.00s
A_Model_for_Land_Cover_Ecological_State_Assessment_of_Southern_Ukraine_Based_on_Remote_Data_for_Analyzing_the_Consequences_of_the_Kakhovka_Reservoir_Shallowing.pdf,SKIPPED,EXISTS,0.00s
A_Multi-Input_Convolutional_Neural_Networks_Model_.pdf,SKIPPED,EXISTS,0.00s
A_Neural_Network_Based_Rainfall_Forecast.pdf,SKIPPED,EXISTS,0.00s
A_Novel_Approach_for_Gaussian_Mixture_Model_Clustering_Based_on_Soft_Computing_Method.pdf,SKIPPED,EXISTS,0.00s
A_Rainfall_Model_Based_on_a_Geographically_Weighte.pdf,SKIPPED,EXISTS,0.00s
A_Review_on_Rainfall_Prediction_using_Ma.pdf,SKIPPED,EXISTS,0.00s
A_combined_hydrological_and_hydraulic_modelling_ap.pdf,SKIPPED,EXISTS,0.00s
A_comparative_analysis_of_training_metho (1).pdf,SKIPPED,EXISTS,0.00s
A_comparative_analysis_of_training_metho.pdf,SKIPPED,EXISTS,0.00s
A_comparative_study_of_landslide_susceptibility_ma.pdf,SKIPPED,EXISTS,0.00s
A_comparison_between_artificial_neural_n.pdf,SKIPPED,EXISTS,0.00s
A_comparison_of_artificial_neural_networks_for_pre.pdf,SKIPPED,EXISTS,0.00s
A_conceptual_modeling_of_ecological_grey.pdf,SKIPPED,EXISTS,0.00s
A_coupled_hydrodynamic_HEC-RAS_2D_and_water_qualit.pdf,SKIPPED,EXISTS,0.00s
A_deep_learning_technique_based_flood_propagation_.pdf,SKIPPED,EXISTS,0.00s
A_first_assessment_of_the_effect_of_storm_climate_.pdf,SKIPPED,EXISTS,0.00s
A_historical_flash_flood_chronology_for_Britain.pdf,SKIPPED,EXISTS,0.00s
A_neural_network_approach_for_prediction.pdf,SKIPPED,EXISTS,0.00s
A_new_multi-criteria_framework_to_identify_optimal.pdf,SKIPPED,EXISTS,0.00s
A_novel_approach_for_determining_integrated_water_.pdf,SKIPPED,EXISTS,0.00s
A_novel_hybrid_GIS_-based_multi-criteria_decision-.pdf,SKIPPED,EXISTS,0.00s
A_novel_hybrid_neural_network_based_on_c.pdf,SKIPPED,EXISTS,0.00s
A_novel_simulation-optimization_strategy_for_stoch.pdf,SKIPPED,EXISTS,0.00s
A_numerical_coupled_atmospheric-hydrologic_modelin.pdf,SKIPPED,EXISTS,0.00s
A_rainfall_prediction_model_using_artifi.pdf,SKIPPED,EXISTS,0.00s
A_rainfall_runoff_model_using_artificial.pdf,SKIPPED,EXISTS,0.00s
A_runoff_map_based_on_numerically_simulated_precip.pdf,SKIPPED,EXISTS,0.00s
A_standardised_inventory_for_New_Zealands_stopban.pdf,SKIPPED,EXISTS,0.00s
A_study_of_optimal_model_lag_and_spatial.pdf,SKIPPED,EXISTS,0.00s
Accuracy_evaluation_of_two_high-resolution_satelli.pdf,SKIPPED,EXISTS,0.00s
Adapting the SCS Method for Estimating Runoff in Shallow Water Ta.pdf,SKIPPED,EXISTS,0.00s
Adaptive_Predicting_of_Weather_Forecasti.pdf,SKIPPED,EXISTS,0.00s
Adesina-Interagencydeploymentofasharedlowcostfloodmonitoringsystem.pdf,SKIPPED,EXISTS,0.00s
Adilah_2019_IOP_Conf._Ser.__Earth_Environ._Sci._244_012014.pdf,SKIPPED,EXISTS,0.00s
Adjustment Computations_ Spatial Data Analysis ( PDFDrive ).pdf,SKIPPED,EXISTS,0.00s
AdoptingSentinel-1SARDataforFloodMappingACaseStudyofBornoStateNortheasternNigeria.pdf,SKIPPED,EXISTS,0.00s
Advanced_Hydro-Informatic_Modeling_Through_Feedforward_Neural_Network_Federated_Learning_and_Explainable_AI_for_Enhancing_Flood_Prediction.pdf,SKIPPED,EXISTS,0.00s
"Advances in Photogrammetry, Remote Sensing and Spatial Information Sciences_ 2008 ISPRS Congress Book (International Society for Photogrammetry and Remote Sensing (Isprs.pdf",SKIPPED,EXISTS,0.00s
"Advances in Remote Sensing and Geo Informatics Applications_ Proceedings of the 1st Springer Conference of the Arabian Journal of Geosciences (CAJG-1), Tunisia 2018 ( PD.pdf",SKIPPED,EXISTS,0.00s
AdvancesinRemoteSensingandGeoInforIndusBasinGroundwater.pdf,SKIPPED,EXISTS,0.00s
Afloodforecastingneuralnetworkmodelwithgeneticalgorithm.pdf,SKIPPED,EXISTS,0.00s
Agashua_2023_IOP_Conf._Ser.__Earth_Environ._Sci._1178_012022.pdf,SKIPPED,EXISTS,0.00s
Agent-based_simulator_of_dynamic_flood-people_inte.pdf,SKIPPED,EXISTS,0.00s
Alleviation-of-the-transients-induced-in-large-photovol_2023_Ain-Shams-Engin.pdf,SKIPPED,EXISTS,0.00s
Alrammahi_2022_IOP_Conf._Ser.__Earth_Environ._Sci._1120_012007.pdf,SKIPPED,EXISTS,0.00s
American_Journal_of_Engineering_Research.pdf,SKIPPED,EXISTS,0.00s
An Examination of Distributed Hydrologic Modeling Methods as Comp.pdf,SKIPPED,EXISTS,0.00s
An artificial neural network approach to rainfall-runoff modelling.pdf,SKIPPED,EXISTS,0.00s
An_Artificial_Neural_Network_Model_for_R.pdf,SKIPPED,EXISTS,0.00s
An_Investigation_of_Artificial_Neural_N.pdf,SKIPPED,EXISTS,0.00s
Analisis_Debit_Rencana_Tukad_Unda_Bagian_Hilir_Men.pdf,SKIPPED,EXISTS,0.00s
Analysis Of Semi-Distributed And Global Hydrological Models In Th.pdf,SKIPPED,EXISTS,0.00s
Analysis of the riverbed backscattered signal registered by ADCPs in different bedload transport conditions   field application.pdf,SKIPPED,EXISTS,0.00s
Analysis_of_flood_impacts_on_masonry_structures_an.pdf,SKIPPED,EXISTS,0.00s
Ann_Back_Propagation_For_Forecasting_And.pdf,SKIPPED,EXISTS,0.00s
Ansori_2023_IOP_Conf._Ser.__Earth_Environ._Sci._1276_012034.pdf,SKIPPED,EXISTS,0.00s
Appendix D Rainfall-runoff model summaries ( PDFDrive ).pdf,SKIPPED,EXISTS,0.00s
Application of Physically Based Semi-Distributed Hec-Hms Model fo.pdf,SKIPPED,EXISTS,0.00s
Application of Satellite-Based Precipitation Estimates to Rainfall-Runoff Modelling in a Data-Scarce ( PDFDrive ).pdf,SKIPPED,EXISTS,0.00s
Application of an Artificial Neural Network in Reactor Thermohydraulic Problem  Prediction of Critical Heat Flux.pdf,SKIPPED,EXISTS,0.00s
Application of satellite remote sensing imagery to bridge scour e.pdf,SKIPPED,EXISTS,0.00s
Application_of_ANN_for_the_Hydrological.pdf,SKIPPED,EXISTS,0.00s
Application_of_Arc-GIS_HEC-GeoHMS_and_HEC-HMS_in_a.pdf,SKIPPED,EXISTS,0.00s
Application_of_Artificial_Neural_Networks_ANNs_for.pdf,SKIPPED,EXISTS,0.00s
Application_of_HEC-HMS_modelling_on_River_Stor (1).pdf,SKIPPED,EXISTS,0.00s
Application_of_HEC-HMS_modelling_on_River_Stor.pdf,SKIPPED,EXISTS,0.00s
Application_of_HEC_HMS_RAS_and_GIS_Tools.pdf,SKIPPED,EXISTS,0.00s
Application_of_Standard_Models_and_Artif.pdf,SKIPPED,EXISTS,0.00s
Application_of_artificial_neural_network.pdf,SKIPPED,EXISTS,0.00s
Application_of_remote_sensing_and_Geogra.pdf,SKIPPED,EXISTS,0.00s
Application_of_the_HEC_HMS_model_for_run.pdf,SKIPPED,EXISTS,0.00s
ApplicationofSoilConservationServiceCurveNumberMethodforRunoffEstimationinSebouWatershedMorocco.pdf,SKIPPED,EXISTS,0.00s
Applications of TRMM-based Multi-satellite Precipitation ( PDFDrive ).pdf,SKIPPED,EXISTS,0.00s
Applied_methodology_based_on_HEC-HMS_for_reservoir.pdf,SKIPPED,EXISTS,0.00s
Armain_2021_IOP_Conf._Ser.__Earth_Environ._Sci._646_012046.pdf,SKIPPED,EXISTS,0.00s
Art. 5 Rev-5.pdf,SKIPPED,EXISTS,0.00s
ArticleFloodHazardMapping_IJTE.pdf,SKIPPED,EXISTS,0.00s
Article_18_Calibration_Verification_and.pdf,SKIPPED,EXISTS,0.00s
Artificial neural networks and high and low flows in various climate regimes.pdf,SKIPPED,EXISTS,0.00s
Artificial neural network approach to flood forecasting in the River Arno.pdf,SKIPPED,EXISTS,0.00s
Artificial neural networks as rainfall-runoff models.pdf,SKIPPED,EXISTS,0.00s
Artificial neural networks for sheet sediment transport.pdf,SKIPPED,EXISTS,0.00s
ArtificialNeuralNetworkModelforRainfall-Runoff.pdf,SKIPPED,EXISTS,0.00s
Artificial_Neural_Network_Methods_Applie.pdf,SKIPPED,EXISTS,0.00s
Artificial_Neural_Network_Model_for_Prediction_of_.pdf,SKIPPED,EXISTS,0.00s
Artificial_Neural_Network_Model_for_Rain.pdf,SKIPPED,EXISTS,0.00s
Artificial_Neural_Network_Modeling_for_R.pdf,SKIPPED,EXISTS,0.00s
Artificial_Neural_Network_Modeling_of_Ra.pdf,SKIPPED,EXISTS,0.00s
Artificial_Neural_Network_Modelling_of_F.pdf,SKIPPED,EXISTS,0.00s
Artificial_Neural_Network_Models_for_Rai.pdf,SKIPPED,EXISTS,0.00s
Artificial_Neural_Network_based_Weather.pdf,SKIPPED,EXISTS,0.00s
Artificial_Neural_Network_for_Daily_Wate.pdf,SKIPPED,EXISTS,0.00s
Artificial_Neural_Networks_Based_Daily_R.pdf,SKIPPED,EXISTS,0.00s
Artificial_neural_network_application_in.pdf,SKIPPED,EXISTS,0.00s
Artificial_neural_network_for_precipitat.pdf,SKIPPED,EXISTS,0.00s
Artificial_neural_network_technique_for.pdf,SKIPPED,EXISTS,0.00s
Artificial_neural_networks_for_estimatin.pdf,SKIPPED,EXISTS,0.00s
Asadietal.pdf,SKIPPED,EXISTS,0.00s
Ashenafi_dissertation_2014_online.pdf,SKIPPED,EXISTS,0.00s
AshikIqbal_EffectivenessofDEMsforFloodModeling_jfr3.12937.pdf,SKIPPED,EXISTS,0.00s
Assessing_Greek_small_and_medium-sized_enterprises.pdf,SKIPPED,EXISTS,0.00s
Assessment of interfacial turbulence treatment models for free surface flows.pdf,SKIPPED,EXISTS,0.00s
Assessment_and_prediction_of_flood_hazards_using_s.pdf,SKIPPED,EXISTS,0.00s
Assessment_of_Satellite_and_Radar_Quantitative_Pre.pdf,SKIPPED,EXISTS,0.00s
Assessment_of_Stream_Hydrological_Respon.pdf,SKIPPED,EXISTS,0.00s
Assessment_of_climate_change_impact_on_hydro-clima.pdf,SKIPPED,EXISTS,0.00s
Assessment_of_rainfall-runoff_process_using_Arc-GI.pdf,SKIPPED,EXISTS,0.00s
"Atmospheric and Space Flight Dynamics_ Modeling and Simulation with MATLAB® and Simulink® (Modeling and Simulation in Science, Engineering and Technology) ( PDFDrive ).pdf",SKIPPED,EXISTS,0.00s
Automatic_identification_of_buildings_vulnerable_t.pdf,SKIPPED,EXISTS,0.00s
AutomatingHECRASandLinkingwithParticleSwarm.pdf,SKIPPED,EXISTS,0.00s
Aysa Hanfare thesis.pdf,SKIPPED,EXISTS,0.00s
Ayumi_2023_IOP_Conf._Ser.__Earth_Environ._Sci._1233_012055.pdf,SKIPPED,EXISTS,0.00s
Azizetal_SERRA_offprint.pdf,SKIPPED,EXISTS,0.00s
BLT.23.290243.pdf,SKIPPED,EXISTS,0.00s
Backpropagation_Method_to_Predict_Rainfa.pdf,SKIPPED,EXISTS,0.00s
Basarudin_2014_IOP_Conf._Ser.__Earth_Environ._Sci._18_012084.pdf,SKIPPED,EXISTS,0.00s
Baynes_23430.pdf,SKIPPED,EXISTS,0.00s
Beck_2016-2.pdf,SKIPPED,EXISTS,0.00s
BenKhlifa-Mosbahi2021_Article_ModelingOfRainfall-runoffProce.pdf,SKIPPED,EXISTS,0.00s
Besaw_2010_Journal_of_Hydrology.pdf,SKIPPED,EXISTS,0.00s
Best practice in coastal flood forecasting (PDF 4.71 MB) ( PDFDrive ).pdf,SKIPPED,EXISTS,0.00s
Beyond-flood-hazard-Mapping-the-loss-probability-of-pedestrians-to-improve-risk-estimation.pdf,SKIPPED,EXISTS,0.00s
BookChapter.ID_63857_6x9.pdf,SKIPPED,EXISTS,0.00s
BookofAbstractANASIGG.pdf,SKIPPED,EXISTS,0.00s
C529.pdf,SKIPPED,EXISTS,0.00s
CALIBRATION_ANALYSIS_OF_RAIN_DISCHARGE_MODELING_IN.pdf,SKIPPED,EXISTS,0.00s
COMPARATIVE_ANALYSIS_OF_THE_PERFORMANCE.pdf,SKIPPED,EXISTS,0.00s
Cahyono_2021_IOP_Conf._Ser.__Earth_Environ._Sci._794_012057.pdf,SKIPPED,EXISTS,0.00s
Calibration and Validation of a Regional Climate Model for Pan-Ar.pdf,SKIPPED,EXISTS,0.00s
Can_Satellite_Precipitation_Products_Estimate_Prob.pdf,SKIPPED,EXISTS,0.00s
Can_hydrological_models_benefit_from_using_global_.pdf,SKIPPED,EXISTS,0.00s
Cannon_GPM_2017_Accepted.pdf,SKIPPED,EXISTS,0.00s
Carbon-emission-estimation-at-the-urban-functional-zone-scale-Integrating-multi-source-data.pdf,SKIPPED,EXISTS,0.00s
Cascade_correlation_artificial_neural_ne.pdf,SKIPPED,EXISTS,0.00s
Catani_et_al_2005_Landslides.pdf,SKIPPED,EXISTS,0.00s
Changes_in_flooding_in_the_alpine_catchments_of_th.pdf,SKIPPED,EXISTS,0.00s
Chapter_Springer.pdf,SKIPPED,EXISTS,0.00s
Charlier-HESS-2009_{9B3527A3-2C15-4FA7-843F-A81113233371}.pdf,SKIPPED,EXISTS,0.00s
Check dam layout optimization on the stream network for flood mitigation  surrogate modelling with uncertainty handling.pdf,SKIPPED,EXISTS,0.00s
Characterising the regional growth of o.pdf,FAIL,HTTP_500,17.75s
Ciurte.pdf,SKIPPED,EXISTS,0.00s
Ciurte1.pdf,SKIPPED,EXISTS,0.00s
Climate-change-and-flood-vulnerability-and-community-resilience.pdf,SKIPPED,EXISTS,0.00s
Climate_change_allowances_non-stationarity_and_flo.pdf,SKIPPED,EXISTS,0.00s
Climate_change_impacts_on_flood_peaks_in_Britain_f.pdf,SKIPPED,EXISTS,0.00s
CompStudyHydrology.pdf,SKIPPED,EXISTS,0.00s
Comparative_Performance_Evaluation_of_HEC-HMS_and_.pdf,SKIPPED,EXISTS,0.00s
Comparative_analysis_of_neural_network_t.pdf,SKIPPED,EXISTS,0.00s
Comparative_analysis_of_routed_flood_frequency_for.pdf,SKIPPED,EXISTS,0.00s
Comparative_study_among_different_neural.pdf,SKIPPED,EXISTS,0.00s
Comparing 2D capabilities of HEC-RAS and LISFLOOD-FP on complex topography.pdf,SKIPPED,EXISTS,0.00s
Comparing the Effectiveness of Rain Barrels and Detention Ponds o.pdf,SKIPPED,EXISTS,0.00s
Comparison_of_Different_Analyzing_Techni.pdf,SKIPPED,EXISTS,0.00s
Comparison_of_Rainfall-Runoff_Simulation_between_S.pdf,SKIPPED,EXISTS,0.00s
Comparison_of_different_objective_weighting_method.pdf,SKIPPED,EXISTS,0.00s
Comparison_of_genetic_programming_and_HEC-HMS_as_a.pdf,SKIPPED,EXISTS,0.00s
Comparison_of_neural_network_configurati.pdf,SKIPPED,EXISTS,0.00s
Comparison_of_several_flood_forecasting.pdf,SKIPPED,EXISTS,0.00s
ComparisonofSWATandHECHMSmodelperformanceinsimulatingcatchmentrunoff.pdf,SKIPPED,EXISTS,0.00s
Computer aided Civil Eng - 2024 - Nofal - Community‐level post‐hazard functionality methodology for buildings exposed to.pdf,SKIPPED,EXISTS,0.00s
Conformable-double-Sumudu-transformations-an-efficient-ap_2023_Ain-Shams-Eng.pdf,SKIPPED,EXISTS,0.00s
ConnectionofPrivateRemoteSensingMarketwith.pdf,SKIPPED,EXISTS,0.00s
Continuous_Soil_Moisture_Accounting_in_t.pdf,SKIPPED,EXISTS,0.00s
Country-wide_flood_exposure_analysis_using_Sentine.pdf,SKIPPED,EXISTS,0.00s
Coupling_a_land_surface_model_with_a_hydrodynamic_.pdf,SKIPPED,EXISTS,0.00s
Critical_flows_in_semi-alluvial_channels_during_ex.pdf,SKIPPED,EXISTS,0.00s
Cullmann2006.pdf,SKIPPED,EXISTS,0.00s
Customising_flood_damage_functions_to_estimate_the.pdf,SKIPPED,EXISTS,0.00s
D8C460F38071.pdf,SKIPPED,EXISTS,0.00s
DEVELOPMENTOFINUNDATIONMAPFORHYPOTHETICALASADAMBREAKUSINGHEC-RASANDARCGIS.pdf,SKIPPED,EXISTS,0.00s
DEVELOPMENT_OF_HYDROLOGICAL_MODELLING_USING_HEC-HM.pdf,SKIPPED,EXISTS,0.00s
Dahl_SedHyd2023_RainOnSnow.pdf,SKIPPED,EXISTS,0.00s
Daily_streamflow_forecasting_using_artif.pdf,SKIPPED,EXISTS,0.00s
DamBreachModeling.pdf,SKIPPED,EXISTS,0.00s
Data quality and uncertainty issues in flood prediction  a systematic review.pdf,SKIPPED,EXISTS,0.00s
Data-driven-typhoon-case-retrieval-method-based-on-spatiotemporal-trajectory-similarity-and.pdf,SKIPPED,EXISTS,0.00s
Data_Mining_Based_on_Neural_Networks_for.pdf,SKIPPED,EXISTS,0.00s
DeepSAR Flood Mapper  global flood mapping on google earth engine cloud platform using MLP deep learning model with Sentinel-1 SAR imagery and HAND to.pdf,SKIPPED,EXISTS,0.00s
DeepSARFlood-Rapid-and-automated-SAR-based-flood-inundation-mapping-using-vision-transformer.pdf,SKIPPED,EXISTS,0.00s
Delineasi_DAS_dan_Elemen_Model_Hidrologi_Menggunak.pdf,SKIPPED,EXISTS,0.00s
Delineation_of_flood-prone_areas_in_cliffed_coasta.pdf,SKIPPED,EXISTS,0.00s
Dependence of annual runoff coefficient.pdf,FAIL,HTTP_500,15.77s
Depression threshold control proxy to improve HEC-HMS modeling of depression-dominated watersheds.pdf,SKIPPED,EXISTS,0.00s
Depth-damage_curves_for_rail_rapid_transit_infrast.pdf,SKIPPED,EXISTS,0.00s
Desensitised flood risk perception to extensive disasters in a marginalised urban kampong in Indonesia.pdf,SKIPPED,EXISTS,0.00s
Designing_a_Multistage_Flood_Control_Cha.pdf,SKIPPED,EXISTS,0.00s
Determination_and_application_of_the_wei.pdf,SKIPPED,EXISTS,0.00s
DeterminationofFloodRiskUsingHEC-RASCaseStudyLowerSakaryaRiverTurkey.pdf,SKIPPED,EXISTS,0.00s
Developing_a_GIS_and_SEA_based_Methodolo.pdf,FAIL,HTTP_500,19.35s
Development of a novel hybrid multi-boosting neural network model for spatial prediction of urban flood.pdf,SKIPPED,EXISTS,0.00s
Development_and_Analysis_of_Artificial_N.pdf,SKIPPED,EXISTS,0.00s
Development_of_Feature_Based_Artificial.pdf,SKIPPED,EXISTS,0.00s
Development_of_a_new_rainfall-triggering_index_of_.pdf,SKIPPED,EXISTS,0.00s
Development_of_an_ANN_Based_Model_for_Fo.pdf,SKIPPED,EXISTS,0.00s
Discharge_prediction_of_circular_and_rec.pdf,SKIPPED,EXISTS,0.00s
Dissertation_Latt.pdf,SKIPPED,EXISTS,0.00s
Distributed storage modeling in Soap Creek for flood control and.pdf,SKIPPED,EXISTS,0.00s
Documento_completo.pdf-PDFA.pdf,SKIPPED,EXISTS,0.00s
Downward model development of the soil moisture accounting loss m.pdf,SKIPPED,EXISTS,0.00s
Drake2009JournalofHydrology.pdf,SKIPPED,EXISTS,0.00s
Duration_Rainfall_Forecasting_Modeling_T.pdf,SKIPPED,EXISTS,0.00s
EJSR_130_1_04_finale.pdf,SKIPPED,EXISTS,0.00s
EL-TN-10-3.pdf,SKIPPED,EXISTS,0.00s
ERDC-TN-EMRRP-EBA-08.pdf,SKIPPED,EXISTS,0.00s
EWRI_2019_CE572_rainfall_Runoff_modelling.pdf,SKIPPED,EXISTS,0.00s
EXHIBIT A #3013EURIZON_Prof. Osypov.pdf,SKIPPED,EXISTS,0.00s
Early_Recognition_of_Rainfall_to_Plan_an.pdf,SKIPPED,EXISTS,0.00s
Earth s Future - 2023 - Gleick - Rivers and Water Systems as Weapons and Casualties of the Russia‐Ukraine War.pdf,SKIPPED,EXISTS,0.00s
Earth s Future - 2025 - Chuphal - Multi‐Day Extreme Precipitation Caused Major Floods in India During Summer Monsoon of.pdf,SKIPPED,EXISTS,0.00s
"Ecological Safety and Balanced Use of Resources,_Vol._16,_No._1,_2025-76-88.pdf",SKIPPED,EXISTS,0.00s
Ecological_Assessment_and_Operational_Ef.pdf,SKIPPED,EXISTS,0.00s
Effect_of_climate_change_and_urbanization_on_flood.pdf,SKIPPED,EXISTS,0.00s
Effectiveness_of_an_adaptive_flood_management_stra.pdf,SKIPPED,EXISTS,0.00s
Effects of tributary floodplain on confluence hydrodynamics.pdf,SKIPPED,EXISTS,0.00s
Effects_of_floods_on_infrastructure_users_in_Kenya.pdf,SKIPPED,EXISTS,0.00s
Effects_of_relative_submergence_and_bed_slope_on_s.pdf,SKIPPED,EXISTS,0.00s
EmployingDigitalElevationModelDEMforFloodplainmappingwithapplicationsofHEC-HMSHEC-RASandArcGISAReview.pdf,SKIPPED,EXISTS,0.00s
Enea_et.al-JEPE_2018.pdf,SKIPPED,EXISTS,0.00s
Enhanced_Surface_Water_Flood_Forecasts_User-led_De.pdf,SKIPPED,EXISTS,0.00s
Enhancement-of-PV-performance-by-using-hybrid-TLB_2023_Ain-Shams-Engineering.pdf,SKIPPED,EXISTS,0.00s
Enhancing flood susceptibility mapping in Meghna River basin by introducing ensemble Naive Bayes with stacking algorithms.pdf,SKIPPED,EXISTS,0.00s
Enriching_flood_risk_analyses_with_distributions_o.pdf,SKIPPED,EXISTS,0.00s
Entropy-measures-of-Y-junction-based-nanostru_2023_Ain-Shams-Engineering-Jou.pdf,SKIPPED,EXISTS,0.00s
Eryani_2021_IOP_Conf._Ser.__Earth_Environ._Sci._930_012040.pdf,SKIPPED,EXISTS,0.00s
Estefania Carmen Aroca Jimenez.pdf,SKIPPED,EXISTS,0.00s
Estimating-elements-susceptible-to-urban-flooding-using-multisource-data-and-machine-learning.pdf,SKIPPED,EXISTS,0.00s
Estimation  forecasting and extrapolation of river flows by artificial neural networks.pdf,SKIPPED,EXISTS,0.00s
Estimation of hydrogeological parameters using physically based hydrological modelling and lithology data in ungauged creek catchments of southern Tai.pdf,SKIPPED,EXISTS,0.00s
Estimation_of_Bed_Shear_Stress_in_Shallow_Transiti.pdf,SKIPPED,EXISTS,0.00s
Estimation_of_Friction_Factor_in_Pipe_Flow_Using_A.pdf,SKIPPED,EXISTS,0.00s
Estimation_of_extreme_rainfall_quantiles_at_ungaug.pdf,SKIPPED,EXISTS,0.00s
Estimation_of_flood_risk_exposure_with_c.pdf,SKIPPED,EXISTS,0.00s
Evaluating the performance of HBV  HEC-HMS and ANN models in simulating streamflow for a data scarce high-humid tropical catchment in Tanzania.pdf,SKIPPED,EXISTS,0.00s
Evaluating_learning_spaces_in_flood_risk_managemen.pdf,SKIPPED,EXISTS,0.00s
Evaluating_targeted_heuristics_for_vulnerability_a.pdf,SKIPPED,EXISTS,0.00s
Evaluation_of_HEC_HMS_and_WEPP_for_simul.pdf,SKIPPED,EXISTS,0.00s
Evaluation_of_Land_Development_Impact_on.pdf,SKIPPED,EXISTS,0.00s
Evaluation_of_evacuation_difficulty_of_urban_resid.pdf,SKIPPED,EXISTS,0.00s
Evaluation_of_prediction_capability_of_t.pdf,SKIPPED,EXISTS,0.00s
Evaluation_of_satellite_precipitation_products_usi.pdf,SKIPPED,EXISTS,0.00s
Evaluation_of_the_implications_of_ice-jam_flood_mi.pdf,SKIPPED,EXISTS,0.00s
Ewme-ICE1998.pdf,SKIPPED,EXISTS,0.00s
ExperimentalandNumericalModellingofWaterWavesinSewerNetworksDuringSewer_SurfaceFlowInteractionUsingaCoupledODE-SWEsolver-JOURNALFLOODRISKMANAGEMENT.pdf,SKIPPED,EXISTS,0.00s
ExperimentalstudiesandmodeldevelopmentofflowoverArchedLabyrinthWeirsusingGMDHmethod.pdf,SKIPPED,EXISTS,0.00s
Exploring_the_role_of_the_long_short-term_memory_m.pdf,SKIPPED,EXISTS,0.00s
Extreme_flood_reconstruction_by_using_th.pdf,SKIPPED,EXISTS,0.00s
FINAL_PUBLISHED_on_Line_8-7-14.pdf,SKIPPED,EXISTS,0.00s
FLOODrisk2020_fullpaper_Guta.pdf,SKIPPED,EXISTS,0.00s
FOSS4G-IndiaA4-format-2015_HydroTool.pdf,SKIPPED,EXISTS,0.00s
Falaschietal2009t.pdf,SKIPPED,EXISTS,0.00s
Farakid_Ubaid_Kazim_Al-Masoudi_2021_J._Phys.__Conf._Ser._1818_012001.pdf,SKIPPED,EXISTS,0.00s
Fatihah_Nor_Azlan_Shah_2022_IOP_Conf._Ser.__Earth_Environ._Sci._1022_012070.pdf,SKIPPED,EXISTS,0.00s
Fernando - Combined Sewer Overflow.pdf,SKIPPED,EXISTS,0.00s
Flood Forecasting Using Artificial Neural Networks in Black-Box a.pdf,SKIPPED,EXISTS,0.00s
Flood Frequence Analysis of Big Akaki River.pdf,SKIPPED,EXISTS,0.00s
"Flood Hydrograph Modelıng Studıes By Usıng Gıs And Hec-Hms For Dakar, Senegal.pdf",SKIPPED,EXISTS,0.00s
Flood Modeling of Jemo  River Catchment of Addis Ababa City.pdf,SKIPPED,EXISTS,0.00s
Flood hazard analysis and risk assessment using remote sensing  GIS  and AHP techniques  a case study of the Gidabo Watershed  main Ethiopian Rift  Et.pdf,SKIPPED,EXISTS,0.00s
Flood hazards in an urbanizing watershed in Riyadh  Saudi Arabia.pdf,SKIPPED,EXISTS,0.00s
Flood modelling using the distributed event-based SCS-LR model in the Mediterranean Real Collobrier catchment (1).pdf,SKIPPED,EXISTS,0.00s
Flood modelling using the distributed event-based SCS-LR model in the Mediterranean Real Collobrier catchment.pdf,SKIPPED,EXISTS,0.00s
Flood risk and shelter suitability mapping using geospatial technique for sustainable urban flood management  a case study in Palembang city  South Su.pdf,SKIPPED,EXISTS,0.00s
Flood risk modelling by the synergistic approach of machine learning and best-worst method in Indus Kohistan  Western Himalaya.pdf,SKIPPED,EXISTS,0.00s
Flood susceptibility mapping in the Yom River Basin  Thailand  stacking ensemble learning using multi-year flood inventory data.pdf,SKIPPED,EXISTS,0.00s
Flood susceptibility mapping using supervised machine learning models  insights into predictors  significance and models  performance.pdf,SKIPPED,EXISTS,0.00s
Flood-After-Fire_California-Toolkit_September-2020-2.pdf,SKIPPED,EXISTS,0.00s
Flood-landslides-forest-fire-and-earthquake-susceptibility-maps-using-machine-learning-techniques.pdf,SKIPPED,EXISTS,0.00s
Flood-potential-mapping-by-integrating-the-bivariate-statistics-multi-criteria-decision-making.pdf,SKIPPED,EXISTS,0.00s
Flood-susceptibility-assessment-of-the-Agartala-Urban-Watershed-India-using-Machine-Learning.pdf,SKIPPED,EXISTS,0.00s
Flood-susceptible-prediction-through-the-use-of-geospatial-variables-and-machine-learning.pdf,SKIPPED,EXISTS,0.00s
FloodEstimation.pdf,SKIPPED,EXISTS,0.00s
FloodModeling05.pdf,SKIPPED,EXISTS,0.00s
FloodModellingandInundationMappingofMeenachilRiverUsingHEC-RASandHEC-HMSSoftware.pdf,SKIPPED,EXISTS,0.00s
FloodNet-Lite_A_Lightweight_Deep_Learning_for_Flood_Mapping_Using_Remote_Sensing_Data_With_Optimized_UNet_and_Edge_Deployment_Approach_in_6G.pdf,SKIPPED,EXISTS,0.00s
Flood_Analysis_Using_HEC-RAS_and_HEC-HMS_A_Case_St.pdf,SKIPPED,EXISTS,0.00s
Flood_Early_Warning_and_Risk_Modelling.pdf,SKIPPED,EXISTS,0.00s
Flood_Extent_Mapping_An_Integrated_Method_Using_Deep_Learning_and_Region_Growing_Using_UAV_Optical_Data.pdf,SKIPPED,EXISTS,0.00s
Flood_Extent_Mapping_in_the_Caprivi_Floodplain_Using_Sentinel-1_Time_Series.pdf,SKIPPED,EXISTS,0.00s
Flood_Forecasting_for_Klang_River_at_Kuala_Lumpur_.pdf,SKIPPED,EXISTS,0.00s
Flood_Prediction_Model_using_Artificial_Neural_Net.pdf,SKIPPED,EXISTS,0.00s
Flood_extent_delineation_using_Sentinel.pdf,SKIPPED,EXISTS,0.00s
Flood_forecasting_methods_for_a_semi-arid_and_semi.pdf,SKIPPED,EXISTS,0.00s
Flood_frequency_analysis_of_Manas_River_Basin_in_C.pdf,SKIPPED,EXISTS,0.00s
Flood_hazard_modelling_and_risk_assessment_in_the_Nadi_River_Basin_Fiji_using_GIS_and_MCDA.pdf,SKIPPED,EXISTS,0.00s
Flood_modelling_of_Air_Bengkulu_Watershed_Indonesi.pdf,SKIPPED,EXISTS,0.00s
Flood_modelling_using_Artificial_Neural.pdf,SKIPPED,EXISTS,0.00s
Flood_risk_and_residential_real-estate_prices_Evid.pdf,SKIPPED,EXISTS,0.00s
Flood_risk_management_and_governance_A_bibliometri.pdf,SKIPPED,EXISTS,0.00s
Flood_risk_research_for_improving_flood_risk_outco.pdf,SKIPPED,EXISTS,0.00s
Flood_susceptibility_assessment_for_ungauged_sites.pdf,SKIPPED,EXISTS,0.00s
Flood_water_level_modelling_and_predicti.pdf,SKIPPED,EXISTS,0.00s
Flooded area detection and mapping from Sentinel-1 imagery. Complementary approaches and comparative performance evaluation.pdf,SKIPPED,EXISTS,0.00s
Flooded_and_Irrigation_Area_Monitoring_After_the_Kakhovka_Dam_Disaster_Based_on_Machine_Learning_and_Satellite_Data.pdf,SKIPPED,EXISTS,0.00s
Flooding_time_nomograph_for_urban_river_flood_pred.pdf,SKIPPED,EXISTS,0.00s
Floodinundationmapping_Cauvery.pdf,SKIPPED,EXISTS,0.00s
Floods_Impact_on_Cities_Critical_Infrastructure_A_Case_Study_on_Dubai.pdf,SKIPPED,EXISTS,0.00s
Flow_Discharge_Determination_In_Straight.pdf,SKIPPED,EXISTS,0.00s
Forecasting_Rainfall_Distribution_Using.pdf,SKIPPED,EXISTS,0.00s
Forecasting_reservoir_water_level_based.pdf,SKIPPED,EXISTS,0.00s
Formulae_of_Sediment_Transport_in_Steady_Flows_Par (1).pdf,SKIPPED,EXISTS,0.00s
Formulae_of_Sediment_Transport_in_Steady_Flows_Par.pdf,SKIPPED,EXISTS,0.00s
Formulae_of_Sediment_Transport_in_Unsteady_Flows_P.pdf,SKIPPED,EXISTS,0.00s
Fractal_Characteristic_Analysis_of_Watershed_as_Va.pdf,SKIPPED,EXISTS,0.00s
FrontPageAMIWRE-2021.pdf,SKIPPED,EXISTS,0.00s
Full Thesis (1).pdf,SKIPPED,EXISTS,0.00s
Full Thesis (2).pdf,SKIPPED,EXISTS,0.00s
Full Thesis.pdf,SKIPPED,EXISTS,0.00s
Full_Length_Research_Article_ASSESSMENT.pdf,SKIPPED,EXISTS,0.00s
GEP_2025 Winter_Vol 35_Issue 4_Pages 1-18.pdf,SKIPPED,EXISTS,0.00s
GIS_hydrological_models_for_managing_wat.pdf,SKIPPED,EXISTS,0.00s
GJESM_Volume 5_Issue 1_Pages 1-16.pdf,SKIPPED,EXISTS,0.00s
GJESM_Volume 5_Issue 2_Pages 139-154.pdf,SKIPPED,EXISTS,0.00s
GJESM_Volume 5_Issue 4_Pages 399-414.pdf,SKIPPED,EXISTS,0.00s
GMDH-type_neural_network_approach_for_modeling_the_discharge_coefficient_of.pdf,SKIPPED,EXISTS,0.00s
GSchoener_Impervious_AcceptedManuscript.pdf,SKIPPED,EXISTS,0.00s
Gao_2018_IOP_Conf._Ser.__Earth_Environ._Sci._178_012002.pdf,SKIPPED,EXISTS,0.00s
General shallow water equations  GSWEs .pdf,SKIPPED,EXISTS,0.00s
GeoHealth - 2025 - Sairam - Health‐Related Quality of Life and Everyday Functioning in the Flood‐Affected Population in.pdf,SKIPPED,EXISTS,0.00s
GeoTerrace-2023-012.pdf,SKIPPED,EXISTS,0.00s
GeoTerrace-2023-025.pdf,SKIPPED,EXISTS,0.00s
GeoTerrace-2023-052.pdf,SKIPPED,EXISTS,0.00s
GeoTerrace-2023-071.pdf,SKIPPED,EXISTS,0.00s
GeoTerrace-2023-105.pdf,SKIPPED,EXISTS,0.00s
Geographic Information System and Remote Sensing Applications in Flood Hazards Management A Review.pdf,SKIPPED,EXISTS,0.00s
Geohazards_Rasgharib2.pdf,SKIPPED,EXISTS,0.00s
Geoinformation-mapping-of.pdf,SKIPPED,EXISTS,0.00s
Geophysical Research Letters - 2025 - Petry - Changes in Flood Magnitude and Frequency Projected for Vulnerable Regions and.pdf,SKIPPED,EXISTS,0.00s
Geophysical Research Letters - 2025 - Simoes‐Sousa - The May 2024 Flood Disaster in Southern Brazil  Causes  Impacts  and.pdf,SKIPPED,EXISTS,0.00s
Geospatial_Flood_Inundation_Modelling_an.pdf,SKIPPED,EXISTS,0.00s
Geoterrace-2022-064.pdf,SKIPPED,EXISTS,0.00s
Geoterrace-2022-066.pdf,SKIPPED,EXISTS,0.00s
Gessang_2020_IOP_Conf._Ser.__Mater._Sci._Eng._930_012080.pdf,SKIPPED,EXISTS,0.00s
Going_home_for_tea_and_medals_How_members_of_the_f.pdf,SKIPPED,EXISTS,0.00s
Gorbachova_263.pdf,SKIPPED,EXISTS,0.00s
"Grimaldos Mojica, Manuel Alejandro - 2014.pdf",SKIPPED,EXISTS,0.00s
Grimm_ndsu_0157D_12211.pdf,SKIPPED,EXISTS,0.00s
Gunawan_2021_IOP_Conf._Ser.__Earth_Environ._Sci._871_012033.pdf,SKIPPED,EXISTS,0.00s
Gunawan_2021_IOP_Conf._Ser.__Mater._Sci._Eng._1173_012021.pdf,SKIPPED,EXISTS,0.00s
HEC-HMS_based_rainfall-runoff_model_for_Punpun_riv.pdf,SKIPPED,EXISTS,0.00s
HYDROLOGICAL_AND_HYDROGEOLOGICAL_CONSEQUENCES_.pdf,SKIPPED,EXISTS,0.00s
Hanan_2020_IOP_Conf._Ser.__Earth_Environ._Sci._426_012019.pdf,SKIPPED,EXISTS,0.00s
Handayani_2023_IOP_Conf._Ser.__Earth_Environ._Sci._1134_012017.pdf,SKIPPED,EXISTS,0.00s
Haris_2016_IOP_Conf._Ser.__Earth_Environ._Sci._32_012022.pdf,SKIPPED,EXISTS,0.00s
Hassan_2023_IOP_Conf._Ser.__Earth_Environ._Sci._1135_012021.pdf,SKIPPED,EXISTS,0.00s
Heterogeneous_Data_Fusion_Methods_for_Di.pdf,SKIPPED,EXISTS,0.00s
Heterogeneous_Dynamic_Graph_Convolutional_Networks_for_Enhanced_Spatiotemporal_Flood_Forecasting_by_Remote_Sensing.pdf,SKIPPED,EXISTS,0.00s
High-resolution modelling of the grass .pdf,FAIL,HTTP_500,12.58s
Hilletal.2023.pdf,SKIPPED,EXISTS,0.00s
HimalDoc2016_Hydrological-Response-and-Reservoir-Operation-Strategy-under-Climate-Change-A-Case-Study-of-Simly-Dam-By-Zubair-Hafeez.pdf,SKIPPED,EXISTS,0.00s
HimalDoc2018_Hydrological_Response_to_Climate_Change.pdf,SKIPPED,EXISTS,0.00s
Hu_2019_IOP_Conf._Ser.__Earth_Environ._Sci._267_032050.pdf,SKIPPED,EXISTS,0.00s
Huang_2019_IOP_Conf._Ser.__Earth_Environ._Sci._344_012117.pdf,SKIPPED,EXISTS,0.00s
Humphreyetal2016JoHHybridANNRG.pdf,SKIPPED,EXISTS,0.00s
Hydro_Paper_Review_2021.pdf,FAIL,HTTP_500,15.59s
Hydroecological_approach_for_determining.pdf,SKIPPED,EXISTS,0.00s
Hydrologic_Data_Exploration_and_River_Fl.pdf,SKIPPED,EXISTS,0.00s
Hydrologic_modeling_of_the_Aliakmon_River_in_Greec.pdf,SKIPPED,EXISTS,0.00s
Hydrological Impact of Beaver Habitat Restoration in the Milwauke.pdf,SKIPPED,EXISTS,0.00s
Hydrological assessment of proposed reservoirs in the Sonora River Basin  Mexico  under historical and future climate scenarios.pdf,SKIPPED,EXISTS,0.00s
Hydrological_Analysis_by_Artificial_Neur.pdf,SKIPPED,EXISTS,0.00s
Hydrological_Analysis_with_Respect_to_Sp.pdf,SKIPPED,EXISTS,0.00s
Hydrological_Modelling_Studies_of_Paravar_River_Ba.pdf,SKIPPED,EXISTS,0.00s
Hydrological_Models_and_Artificial_Neura.pdf,SKIPPED,EXISTS,0.00s
Hydrological_and_Hydrodynamic_Modeling_for_Flash_F.pdf,SKIPPED,EXISTS,0.00s
Hydrological_forecast_in_Macae_river_bas.pdf,SKIPPED,EXISTS,0.00s
HydrologicalmodellingofBhagirathiRiverbasinusingHECHMS.pdf,SKIPPED,EXISTS,0.00s
ICTERI-2015-CEUR-WS-Volume.pdf,SKIPPED,EXISTS,0.00s
IJH-03-00209.pdf,SKIPPED,EXISTS,0.00s
IJH-06-00296.pdf,SKIPPED,EXISTS,0.00s
IJIAS-14-268-04.pdf,SKIPPED,EXISTS,0.00s
IJIAS-18-203-18.pdf,SKIPPED,EXISTS,0.00s
IJITK03-2.pdf,SKIPPED,EXISTS,0.00s
IOSR_Journal_of_Engineering_IOSR_JEN_Vol.pdf,SKIPPED,EXISTS,0.00s
IRJET_A_Review_on_Rainfall_Prediction_us.pdf,SKIPPED,EXISTS,0.00s
IRJMETS312000668802.pdf,SKIPPED,EXISTS,0.00s
ITM-2016.pdf,SKIPPED,EXISTS,0.00s
Ibrahim-Bathis-Rainfall-runoffmodelling.pdf,SKIPPED,EXISTS,0.00s
Identification_of_flood-prone_areas_with_GeoFlood_.pdf,SKIPPED,EXISTS,0.00s
Identification_of_floodwater_source_areas_in_Nepal.pdf,SKIPPED,EXISTS,0.00s
Identification_of_physical_processes_inh.pdf,SKIPPED,EXISTS,0.00s
Identifying_critical_risk_factors_and_responses_of.pdf,SKIPPED,EXISTS,0.00s
Identifying_tree_characteristics_to_determine_the_.pdf,SKIPPED,EXISTS,0.00s
Ikhwanudin_2020_J._Phys.__Conf._Ser._1625_012041.pdf,SKIPPED,EXISTS,0.00s
Impact_Assessment_of_Flood_Events_Based_on_Multisource_Satellite_Remote_Sensing_The_Case_of_Kahovka_Dam.pdf,SKIPPED,EXISTS,0.00s
Impact_of_hydraulic_model_resolution_and_loss_of_l.pdf,SKIPPED,EXISTS,0.00s
Improving neural network for flood forecasting using radar data on the Upper Ping River.pdf,SKIPPED,EXISTS,0.00s
Ann NY Acad Sci - 2024 - Rosenzweig - NPCC4  Climate change and New York City s flood risk.pdf,SUCCESS,FULL,98.10s
Improving_Flood_Forecasts_capability_of_Taihang_Pi.pdf,SKIPPED,EXISTS,0.00s
Improving_flash_flood_risk_assessment_using_a_simp.pdf,SKIPPED,EXISTS,0.00s
Improving_hydrological_climate_impact_assessments_.pdf,SKIPPED,EXISTS,0.00s
Improving_representation_of_collective_memory_in_s.pdf,SKIPPED,EXISTS,0.00s
Increasing_Prediction_Accuracy_with_the.pdf,SKIPPED,EXISTS,0.00s
Indrawan_2018_J._Phys.__Conf._Ser._978_012036.pdf,SKIPPED,EXISTS,0.00s
Inflow_Forecast_of_Iranamadu_Reservoir_S.pdf,SKIPPED,EXISTS,0.00s
InfluenceAnalysisofPeakRateFactor.pdf,SKIPPED,EXISTS,0.00s
InfluenceDataSources.pdf,SKIPPED,EXISTS,0.00s
Influenceofverticalmotiononinitiationofsedimentmovement.pdf,SKIPPED,EXISTS,0.00s
Integrated-Sensor-Networking-for-Estimating-Ground-Water-Potential-in-Scanty-Rainfall-Region.pdf,SKIPPED,EXISTS,0.00s
Integrated_approach_to_model_decomposed.pdf,SKIPPED,EXISTS,0.00s
Integrated_flood_management_based_on_Hazard_Analys.pdf,SKIPPED,EXISTS,0.00s
Integration_of_catastrophe_and_entropy_theories_fo.pdf,SKIPPED,EXISTS,0.00s
Intelligent_Prediction_of_Flood_Disaster_Risk_Levels_Based_on_Knowledge_Graph_and_Graph_Neural_Networks.pdf,SKIPPED,EXISTS,0.00s
Inter_comparison_between_retrospective_e.pdf,SKIPPED,EXISTS,0.00s
Ahmadi_2025_Environ._Res._Commun._7_065031.pdf,SUCCESS,FULL,100.00s
InternationalConferenceonInnovativeAdvancementinEngineeringandTechnologyIAET-2020.pdf,SKIPPED,EXISTS,0.00s
International_Conference_on_Technologies.pdf,SKIPPED,EXISTS,0.00s
Investigating Instabilities with HEC-RAS Unsteady Flow Modeling f.pdf,SKIPPED,EXISTS,0.00s
Investigationofflowresistanceinsmoothopenchannelsu.pdf,SKIPPED,EXISTS,0.00s
Is_flood_mitigation_funding_distributed_equitably_.pdf,SKIPPED,EXISTS,0.00s
J Flood Risk Management - 2019 - Stoleriu - Improving flood risk map accuracy using high‐density LiDAR data and the HEC‐RAS.pdf,SKIPPED,EXISTS,0.00s
J Flood Risk Management - 2020 - Ahmadlou - Flood susceptibility mapping and assessment using a novel deep learning model.pdf,SKIPPED,EXISTS,0.00s
J Flood Risk Management - 2020 - Dash - Identification and validation of potential flood hazard area using GIS‐based.pdf,SKIPPED,EXISTS,0.00s
J Flood Risk Management - 2020 - Guo - Data‐driven flood emulation  Speeding up urban flood predictions by deep.pdf,SKIPPED,EXISTS,0.00s
J Flood Risk Management - 2022 - Arash - The assessment for selection and correction of RS‐based DEMs and 1D and 2D HEC‐RAS.pdf,SKIPPED,EXISTS,0.00s
J Flood Risk Management - 2024 - Hamidifar - Using multi‐criteria decision‐making methods in prioritizing structural flood.pdf,SKIPPED,EXISTS,0.00s
J Flood Risk Management - 2024 - Kurugama - A comparative spatial analysis of flood susceptibility mapping using boosting.pdf,SKIPPED,EXISTS,0.00s
J Flood Risk Management - 2024 - Paauw - Recognition of differences in the capacity to deal with floods A cross‐country.pdf,SKIPPED,EXISTS,0.00s
J Flood Risk Management - 2024 - Waleed - Advancing flood susceptibility prediction  A comparative assessment and.pdf,SKIPPED,EXISTS,0.00s
J Flood Risk Management - 2024 - Wiering - Recognising floods  recognising people  Flood risk management in riverfront.pdf,SKIPPED,EXISTS,0.00s
J Flood Risk Management - 2024 - Wüthrich - Field survey assessment of flood loads and related building damage from the.pdf,SKIPPED,EXISTS,0.00s
J Flood Risk Management - 2025 - Diop - Flood Frequency Analysis in West Africa.pdf,SKIPPED,EXISTS,0.00s
J Flood Risk Management - 2025 - Giovannini - Evaluating the Impacts of Riparian Plants on Flood Hazard Within Vegetated.pdf,SKIPPED,EXISTS,0.00s
J Flood Risk Management - 2025 - Pala - Urban Flood Exposure and Vulnerability  Insights From Pendik District of Istanbul.pdf,SKIPPED,EXISTS,0.00s
J Flood Risk Management - 2025 - Simonovic - Local Scale Current and Projected Future Total Flood Hazard Mapping for Canada.pdf,SKIPPED,EXISTS,0.00s
J Flood Risk Management - 2025 - Sun - Impact of Spatial Distribution Methods for Rainfall on Flash Floods Modelling Using.pdf,SKIPPED,EXISTS,0.00s
JFloodRiskManagement-2022-Elshamy-PhysicallybasedcoldregionsriverfloodpredictionindatasparseregionsThe.pdf,SKIPPED,EXISTS,0.00s
JFloodRiskManagement-2022-MelndezE28090Landaverde-DesignandevaluationofacommunityandimpactE28090basedsiteE28090specific.pdf,SKIPPED,EXISTS,0.00s
JFloodRiskManagement-2023-Arnal-TowardsacoherentfloodforecastingframeworkforCanadaLocaltoglobal.pdf,SKIPPED,EXISTS,0.00s
JFloodRiskManagement-2023-Chahinian-EvaluationofanearlyfloodwarningsysteminBamakoMaliLessonslearned.pdf,SKIPPED,EXISTS,0.00s
JFloodRiskManagement-2023-Dasgupta-Connectinghydrologicalmodellingandforecastingfromglobaltolocalscales.pdf,SKIPPED,EXISTS,0.00s
JFloodRiskManagement-2023-Davis-FloodvulnerabilityandriskassessmentofhistoricurbanareasVulnerability.pdf,SKIPPED,EXISTS,0.00s
JFloodRiskManagement-2023-Heijer-AssetmanagementofflooddefencesasacoproductionAnanalysisofcooperationinclappendix.pdf,SKIPPED,EXISTS,0.00s
JFloodRiskManagement-2023-Heijer-Seriousgamingforbettercooperationinflooddefenceassetmanagementinclappendix.pdf,SKIPPED,EXISTS,0.00s
JFloodRiskManagement-2023-Huynh-Estimatingdiseaseburdenofrotavirusinfloodwaterthroughtrafficintheurban1.pdf,SKIPPED,EXISTS,0.00s
JFloodRiskManagement-2023-Iliadis.pdf,SKIPPED,EXISTS,0.00s
JFloodRiskManagement-2023-Jacob-Usingthetheoryofplannedbehaviortoidentifykeybeliefsunderlying.pdf,SKIPPED,EXISTS,0.00s
JFloodRiskManagement-2023-Jesna-Impactofcrosssectionalorientationinonedimensionalhydrodynamicmodelingon1.pdf,SKIPPED,EXISTS,0.00s
JFloodRiskManagement-2023-Kiptum-Advancingoperationalfloodforecastingearlywarningandriskmanagementwith.pdf,SKIPPED,EXISTS,0.00s
JFloodRiskManagement-2023-Koers-PluggingtheholesIdentifyingpotentialavenuesandlimitationsforfurthering.pdf,SKIPPED,EXISTS,0.00s
JFloodRiskManagement-2023-MelndezE28090Landaverde-Auserexperienceevaluationofamobileapplicationfor.pdf,SKIPPED,EXISTS,0.00s
JFloodRiskManagement-2023-Miller-Manageddiversionleadtimeeffectsonfloodresponseinatidalfreshwaterriver.pdf,SKIPPED,EXISTS,0.00s
JFloodRiskManagement-2023-Paulik-Evaluatingthespatialapplicationofmultivariableflooddamagemodels.pdf,SKIPPED,EXISTS,0.00s
JFloodRiskManagement-2023-Schotten-CriticalinfrastructurenetworkmodellingforfloodriskanalysesApproachand.pdf,SKIPPED,EXISTS,0.00s
JFloodRiskManagement-2023-Vojtek-Riverinefloodpotentialassessmentusingmetaheuristichybridmachinelearning.pdf,SKIPPED,EXISTS,0.00s
JFloodRiskManagement-2023-Zhuang-TheevaluationanddownscalingcalibrationofIMERGprecipitationproductsat.pdf,SKIPPED,EXISTS,0.00s
JGC-10129_1735868788467.pdf,SKIPPED,EXISTS,0.00s
JGR Atmospheres - 2024 - Wang - Increasing Occurrence of Sudden Turns From Drought to Flood Over China.pdf,SKIPPED,EXISTS,0.00s
JGR Oceans - 2025 - McKeon - Compound Minor Floods and the Role of Discharge in the Delaware River Estuary.pdf,SKIPPED,EXISTS,0.00s
JHE2003Sediment (1).pdf,SKIPPED,EXISTS,0.00s
JHE2003Sediment.pdf,SKIPPED,EXISTS,0.00s
JHE2004Velocity.pdf,SKIPPED,EXISTS,0.00s
JHR2005RIVER.pdf,SKIPPED,EXISTS,0.00s
JHR2005Shear.pdf,SKIPPED,EXISTS,0.00s
JHR2005VELOCITY.pdf,SKIPPED,EXISTS,0.00s
JHS_Volume 2_Issue 2_Pages 62-73.pdf,SKIPPED,EXISTS,0.00s
JREE_Volume 8_Issue 3_Pages 75-85.pdf,SKIPPED,EXISTS,0.00s
JRUSD_22+2.pdf,SKIPPED,EXISTS,0.00s
JWLD_44_2020_Obasi et al.pdf,SKIPPED,EXISTS,0.00s
JWRHE10163-20160902-165849-3161-46826.pdf,SKIPPED,EXISTS,0.00s
Jiang_2025_Environ._Res._Lett._20_014006.pdf,SKIPPED,EXISTS,0.00s
Journal.pdf,SKIPPED,EXISTS,0.00s
JournalEASREngineeringandAppliedScienceResearch_Vol49No5Sept-Okt2022.pdf,SKIPPED,EXISTS,0.00s
KJAT-Pascual.pdf,SKIPPED,EXISTS,0.00s
Kadaryanti_2021_IOP_Conf._Ser.__Mater._Sci._Eng._1087_012035.pdf,SKIPPED,EXISTS,0.00s
Kastali2021_Article_Auto-calibrationOfHEC-HMSModel.pdf,SKIPPED,EXISTS,0.00s
KerinI_PhD2020_Partial.pdf,SKIPPED,EXISTS,0.00s
Kholiq_2023_IOP_Conf._Ser.__Earth_Environ._Sci._1127_012011.pdf,SKIPPED,EXISTS,0.00s
KishanlalDarjiHydro2020Proceedings.pdf,SKIPPED,EXISTS,0.00s
Knowledge-Driven_Flood_Intelligent_Monitoring_KDFIM_Method_Analyzing_the_Kakhovka_Dam_Destruction_Incident.pdf,SKIPPED,EXISTS,0.00s
KumarPandey-2014-ModelingSuspendedSedimentUsingArtificialNeuralNetworksandTRMM-3B42Version7RainfallDataset.pdf,SKIPPED,EXISTS,0.00s
L-2021-09-01.pdf,SKIPPED,EXISTS,0.00s
L-2021-09-28.pdf,SKIPPED,EXISTS,0.00s
L-G-0000013085-0002346516.pdf,SKIPPED,EXISTS,0.00s
LakeMorphometryandHydrologicalModelingofBegnasLakeandRupaLakeWatersheds.pdf,SKIPPED,EXISTS,0.00s
Landscapepredictorsofcohosalmon2013.pdf,SKIPPED,EXISTS,0.00s
Landslide_susceptibility_assessment_and.pdf,SKIPPED,EXISTS,0.00s
Lemenkova_BulgariaSofia2015.pdf,SKIPPED,EXISTS,0.00s
LiDAR_DEM_Data_for_Flood_Mapping_and_Ass.pdf,SKIPPED,EXISTS,0.00s
Liliana_Carreras_Flores.pdf,SKIPPED,EXISTS,0.00s
Linear and nonlinear frequency-domain modelling of oscillatory flow over submerged canopies.pdf,SKIPPED,EXISTS,0.00s
Localising-vulnerability-assessment-to-urban-floods-A-comparative-analysis-of-top-down-and.pdf,SKIPPED,EXISTS,0.00s
LossmethodsinHEC-HMSmodelforstreamflowProjectionunderclimatechange.pdf,SKIPPED,EXISTS,0.00s
MASTER THESIS Final_ETCHE Ulrich.pdf,SKIPPED,EXISTS,0.00s
MATUS-THESIS-2018.pdf,SKIPPED,EXISTS,0.00s
MMFlood_A_Multimodal_Dataset_for_Flood_Delineation_From_Satellite_Imagery.pdf,SKIPPED,EXISTS,0.00s
MMS_2015_3_15.pdf,SKIPPED,EXISTS,0.00s
MT_Gisele Icyimpaye.pdf,SKIPPED,EXISTS,0.00s
MT_Pascal Kwisanga.pdf,SKIPPED,EXISTS,0.00s
Machine-learning-based-optimization-of-flood-susceptibility-mapping-in-semi-arid-zone.pdf,SKIPPED,EXISTS,0.00s
Machine-learning_and_HEC-RAS.pdf,SKIPPED,EXISTS,0.00s
Managing_flood_risks_in_a_changing_climate.pdf,SKIPPED,EXISTS,0.00s
Managing_residual_flood_risk_behind_levees_Compari.pdf,SKIPPED,EXISTS,0.00s
ManualdeHECHMS-HECRAS-IBERSAGAGISconQGIS.pdf,SKIPPED,EXISTS,0.00s
Manuscript_Revised.pdf,SKIPPED,EXISTS,0.00s
Mapping-and-assessing-spatial-extent-of-floods-from-multitemporal-synthetic-aperture-radar.pdf,SKIPPED,EXISTS,0.00s
Mapping_Water_Bodies_and_Wetlands_from_M.pdf,SKIPPED,EXISTS,0.00s
Mapping_the_risk_zoning_of_storm_flood_disaster_ba.pdf,SKIPPED,EXISTS,0.00s
Marhendi_2020_IOP_Conf._Ser.__Mater._Sci._Eng._771_012044.pdf,SKIPPED,EXISTS,0.00s
Matanó_2024_Environ._Res._Lett._19_064048.pdf,SKIPPED,EXISTS,0.00s
Mauri_PhD_revised.pdf,SKIPPED,EXISTS,0.00s
Measuring_community_flood_resilience_and_associate.pdf,SKIPPED,EXISTS,0.00s
Measuring_the_economic_benefits_of_advanced_techno.pdf,SKIPPED,EXISTS,0.00s
Improving satellite-based global rainfa.pdf,FAIL,HTTP_500,27.48s
Metamodel-based design of alluvial channels at incipient motion subjected to seepage.pdf,SKIPPED,EXISTS,0.00s
Mistry_2022_IOP_Conf._Ser.__Earth_Environ._Sci._1086_012036.pdf,SKIPPED,EXISTS,0.00s
Mitigating_flood_risk_using_low-cost_sensors_and_c.pdf,SKIPPED,EXISTS,0.00s
Model trees as an alternative to neural networks in rainfall runoff modelling.pdf,SKIPPED,EXISTS,0.00s
Modeling the flow of Hall Creek Humboldt County California usin.pdf,SKIPPED,EXISTS,0.00s
Modeling_of_Rainfall_Runoff_Correlations.pdf,SKIPPED,EXISTS,0.00s
Modeling_studies_with_HEC-HMS_and_runoff_scenarios.pdf,SKIPPED,EXISTS,0.00s
Modelling flood-prone area and vulnerability using integration of multi-criteria analysis and HAND model in the Ogun River Basin  Nigeria.pdf,SKIPPED,EXISTS,0.00s
Modelling_Rainfall_Runoff_Relations_Usin.pdf,SKIPPED,EXISTS,0.00s
Modelling_and_prediction_of_rainfall_usi.pdf,SKIPPED,EXISTS,0.00s
Modelling_the_behaviour_of_corporations_during_the.pdf,SKIPPED,EXISTS,0.00s
Modelling_the_effectiveness_of_land-based_natural_.pdf,SKIPPED,EXISTS,0.00s
Modellingeconomicrisktosealevelriseandstormsatthecoastalmargin.pdf,SKIPPED,EXISTS,0.00s
ModifiedPulsMethodManuallyandHECHMSSimulation.pdf,SKIPPED,EXISTS,0.00s
Mon-22-029.pdf,SKIPPED,EXISTS,0.00s
Mon-22-179.pdf,SKIPPED,EXISTS,0.00s
Mon23-115.pdf,SKIPPED,EXISTS,0.00s
Mon23-129.pdf,SKIPPED,EXISTS,0.00s
Mon23-147.pdf,SKIPPED,EXISTS,0.00s
Mon23-170.pdf,SKIPPED,EXISTS,0.00s
Mon23-245.pdf,SKIPPED,EXISTS,0.00s
Mon25-172.pdf,SKIPPED,EXISTS,0.00s
Mon25-210.pdf,SKIPPED,EXISTS,0.00s
Monitoring2020_60.pdf,SKIPPED,EXISTS,0.00s
Monitoring2020_94.pdf,SKIPPED,EXISTS,0.00s
Monthly_Predicted_Flow_Values_of_the_San.pdf,SKIPPED,EXISTS,0.00s
Monthly_Rainfall_Prediction_Using_the_Ba.pdf,SKIPPED,EXISTS,0.00s
Monthly_rainfall_prediction_based_on_art.pdf,SKIPPED,EXISTS,0.00s
Mooyaart2023-Economicoptimizationofcoastalflooddefencesystemsincludingstormsurge.pdf,SKIPPED,EXISTS,0.00s
Multi-criteria-analysis-based-mapping-of-the-cyclone-induced-pluvial-flooding-in-coastal-areas-of-India.pdf,SKIPPED,EXISTS,0.00s
Multi-step-ahead neural networks for flood forecasting.pdf,SKIPPED,EXISTS,0.00s
Multi-step-ahead_flood_forecasting_using_an_improv.pdf,SKIPPED,EXISTS,0.00s
Multicriterial_analysis_used_for_the_optimisation_.pdf,SKIPPED,EXISTS,0.00s
Multitemporal_Scale_Hydrograph_Predictio.pdf,SKIPPED,EXISTS,0.00s
NA_weathering-the-storm-sectoral-economic-and-inflationary-effects-of-floods-and-the-role-of-adaptation.pdf,SKIPPED,EXISTS,0.00s
NEJMsr2402457.pdf,SKIPPED,EXISTS,0.00s
NZTNPU_2015_3-4_44.pdf,SKIPPED,EXISTS,0.00s
Natural_flood_management_lag_time_and_catchment_sc.pdf,SKIPPED,EXISTS,0.00s
Neural_network_model_for_discharge_and_w.pdf,SKIPPED,EXISTS,0.00s
Novrima_2023_IOP_Conf._Ser.__Earth_Environ._Sci._1173_012043 (1).pdf,SKIPPED,EXISTS,0.00s
Novrima_2023_IOP_Conf._Ser.__Earth_Environ._Sci._1173_012043.pdf,SKIPPED,EXISTS,0.00s
Npundgi_2012_263_15.pdf,SKIPPED,EXISTS,0.00s
Nugroho_2019_IOP_Conf._Ser.__Earth_Environ._Sci._328_012041.pdf,SKIPPED,EXISTS,0.00s
Numerical investigation of air demand by the free surface tunnel flows By WANGRU WEI  JUN DENG and WEILIN XU  J. Hydraulic Res. 59 1   2021  158--165 .pdf,SKIPPED,EXISTS,0.00s
Numerical validation of novel scaling laws for air water flows including compressibility and heat transfer.pdf,SKIPPED,EXISTS,0.00s
Nvchnu_2014_724-725_24.pdf,SKIPPED,EXISTS,0.00s
On application of empirical mode decomposition for turbulence analysis in open-channel flows.pdf,SKIPPED,EXISTS,0.00s
OnaBasinFloodRiskpaperElsevierpdf.pdf,SKIPPED,EXISTS,0.00s
Oraya_2023_IOP_Conf._Ser.__Earth_Environ._Sci._1184_012014.pdf,SKIPPED,EXISTS,0.00s
Othman_2021_IOP_Conf._Ser.__Mater._Sci._Eng._1092_012028.pdf,SKIPPED,EXISTS,0.00s
P25-MO67-DaoNguyenKhoi_rev.pdf,SKIPPED,EXISTS,0.00s
P9.pdf,SKIPPED,EXISTS,0.00s
PAJES_25_8_949_955 (1).pdf,SKIPPED,EXISTS,0.00s
PAJES_25_8_949_955.pdf,SKIPPED,EXISTS,0.00s
PDF6 2893.pdf,SKIPPED,EXISTS,0.00s
PEMODELAN_HIDROLOGI_DENGAN_HEC-HMS_DI_SUB-DAS_KARA.pdf,SKIPPED,EXISTS,0.00s
PID30.pdf,SKIPPED,EXISTS,0.00s
PIIS2405844022003632.pdf,SKIPPED,EXISTS,0.00s
PIIS2405844025025095 (1).pdf,SKIPPED,EXISTS,0.00s
PIIS2405844025025095.pdf,SKIPPED,EXISTS,0.00s
PIIS2590332225001319.pdf,SKIPPED,EXISTS,0.00s
PaperHEC-HMS.pdf,SKIPPED,EXISTS,0.00s
Paper_22_Mujtba_StreamflowresponsetoprojectedclimatechangesintheNorthwesternUpperIndusBasinbasedonregionalclimatemodelRegCM4.3simulation.pdf,SKIPPED,EXISTS,0.00s
Pastoral_communitys_vulnerability_under_extreme_f.pdf,SKIPPED,EXISTS,0.00s
Pazharska.pdf,SKIPPED,EXISTS,0.00s
People_not_just_places_Expanding_physical_and_soci.pdf,SKIPPED,EXISTS,0.00s
Performance_Analysis_of_Multilayer_Perce.pdf,SKIPPED,EXISTS,0.00s
Performance_Evaluation_of_Artificial_Neu.pdf,SKIPPED,EXISTS,0.00s
Performance_of_neural_networks_in_foreca.pdf,SKIPPED,EXISTS,0.00s
PhDThesisofMeshachIleanwaALFA-P14EGWR9002.pdf,SKIPPED,EXISTS,0.00s
PhD_Dissertation_Manoj_Apr14-2014.pdf,SKIPPED,EXISTS,0.00s
Pham2022_Article_FloodVulnerabilityAndBuildings.pdf,SKIPPED,EXISTS,0.00s
Physical_representation_of_hillslope_leaky_barrier.pdf,SKIPPED,EXISTS,0.00s
Physical_vulnerability_assessment_to_flash_floods_.pdf,SKIPPED,EXISTS,0.00s
Pluvial_Flood_Risk_Assessment_in_Urban_Areas_A_Cas.pdf,SKIPPED,EXISTS,0.00s
Poster_HelderGuta.pdf,SKIPPED,EXISTS,0.00s
Potential_impacts_of_failure_of_the_Grand_Ethiopia.pdf,SKIPPED,EXISTS,0.00s
PradhanLee-Landslides2010.pdf,SKIPPED,EXISTS,0.00s
Precipitation_runoff_simulation_for_a_Hi.pdf,SKIPPED,EXISTS,0.00s
Predicting CSOs depth with ANNs_preproof.pdf,SKIPPED,EXISTS,0.00s
Predicting_Water_Levels_at_Kainji_Dam_Us.pdf,SKIPPED,EXISTS,0.00s
Prediction_of_Rainfall_in_India_using_Ar (1).pdf,SKIPPED,EXISTS,0.00s
Prediction_of_Rainfall_in_India_using_Ar.pdf,SKIPPED,EXISTS,0.00s
Prediction_of_monthly_discharge_volume_b.pdf,SKIPPED,EXISTS,0.00s
Prediction_of_rainfall_based_on_weather.pdf,SKIPPED,EXISTS,0.00s
Predictive_simulation_of_concurrent_debris_flows_H.pdf,SKIPPED,EXISTS,0.00s
Preliminary_Study_on_Flood_Simulation_using_the_HE.pdf,SKIPPED,EXISTS,0.00s
Intercomparison of joint bias correctio.pdf,FAIL,HTTP_500,14.81s
Probable_maximum_flood_inundation_modeli.pdf,SKIPPED,EXISTS,0.00s
ProceedingsSWARM_FINAL-pages-42-47.pdf,SKIPPED,EXISTS,0.00s
Prosephyingthestreamflowandperpetrating.pdf,SKIPPED,EXISTS,0.00s
Puno_GIS_Based_Flood_Hazard_Mapping_in_G.pdf,SKIPPED,EXISTS,0.00s
Quantifying_hydraulic_roughness_in_a_riparian_fore (1).pdf,SKIPPED,EXISTS,0.00s
Quantifying_hydraulic_roughness_in_a_riparian_fore.pdf,SKIPPED,EXISTS,0.00s
Quantitative_flood_forecasting_using_multisensor_d.pdf,SKIPPED,EXISTS,0.00s
Quantitative_flood_hazard_assessment_methods_A_rev (1).pdf,SKIPPED,EXISTS,0.00s
Quantitative_flood_hazard_assessment_methods_A_rev.pdf,SKIPPED,EXISTS,0.00s
RBFNN_versus_FFNN_for_daily_river_flow_f.pdf,SKIPPED,EXISTS,0.00s
RESCUE_A_geomorphology-based_hydrologic-hydraulic_.pdf,SKIPPED,EXISTS,0.00s
RJME+V1.1(2023)+Heri+Solehudin+Naskah+10.pdf,SKIPPED,EXISTS,0.00s
Rainfall runoff  flood inundation and sensitivity analysis of the 2014 Pakistan flood in the Jhelum and Chenab river basin.pdf,SKIPPED,EXISTS,0.00s
Rainfall runoff inundation analysis of the 2010 Pakistan flood in the Kabul River basin.pdf,SKIPPED,EXISTS,0.00s
Rainfall-Runoff_Modeling_Using_the_HEC-HMS_Model_f.pdf,SKIPPED,EXISTS,0.00s
Rainfall-runoffmodelingusingHEC-HMSmodelforMekiriverwatershedriftvalleybasinEthiopia-1-s2.0-S1464343X22002953-main.pdf,SKIPPED,EXISTS,0.00s
Rainfall_Forecasting_Using_Backpropagati.pdf,SKIPPED,EXISTS,0.00s
Rainfall_Forecasting_Using_Neural_Networ.pdf,SKIPPED,EXISTS,0.00s
Rainfall_Forecasting_Using_Various_Artif.pdf,SKIPPED,EXISTS,0.00s
Rainfall_Forecasting_with_Hourly_Surface.pdf,SKIPPED,EXISTS,0.00s
Rainfall_Monthly_Prediction_Based_on_Art.pdf,SKIPPED,EXISTS,0.00s
Rainfall_Runoff_Analysis_of_Daman_Ganga.pdf,SKIPPED,EXISTS,0.00s
Rainfall_Runoff_Modeling_Using_Artificia (2).pdf,SKIPPED,EXISTS,0.00s
Rainfall_Runoff_Modeling_Using_Artificia.pdf,SKIPPED,EXISTS,0.00s
Rainfall_Runoff_Modeling_using_Artificia (1).pdf,SKIPPED,EXISTS,0.00s
Rainfall_Runoff_Modelling_Using_Artifici.pdf,SKIPPED,EXISTS,0.00s
Rainfall_Runoff_modeling_of_Small_Waters.pdf,SKIPPED,EXISTS,0.00s
Rainfall_forecasting_an_artificial_neura.pdf,SKIPPED,EXISTS,0.00s
Rainfall_forecasting_by_relevant_attribu.pdf,SKIPPED,EXISTS,0.00s
Rainfall_modeling_using_Artificial_Neura.pdf,SKIPPED,EXISTS,0.00s
Rainfall_prediction_using_artificial_neu.pdf,SKIPPED,EXISTS,0.00s
Rainfall_river_discharge_modelling_for_f.pdf,SKIPPED,EXISTS,0.00s
Rainfall_runoff_Prediction_Based_on_Arti.pdf,SKIPPED,EXISTS,0.00s
Rainfall_runoff_modelling_using_artifici (1).pdf,SKIPPED,EXISTS,0.00s
Rapid_risk-based_levee_design_framework_for_greate.pdf,SKIPPED,EXISTS,0.00s
RazaviKaramouz2007_WI_AdaptiveNeuralNetworksforFloodRoutinginRiverSystems.pdf,SKIPPED,EXISTS,0.00s
Reach_the_bottom_plant_cover_of_the_form.pdf,SKIPPED,EXISTS,0.00s
Recent advances and future challenges in urban pluvial flood modelling.pdf,SKIPPED,EXISTS,0.00s
Reconstructing_the_peak_flow_of_historical_flood_e.pdf,SKIPPED,EXISTS,0.00s
Reducing_flood_risk_by_effective_use_of_flood-peak.pdf,SKIPPED,EXISTS,0.00s
RegioFEM_-_Informing_future-oriented_flood_risk_ma.pdf,SKIPPED,EXISTS,0.00s
Regional_floodplain_evaluation_matrix-Applying_a_f.pdf,SKIPPED,EXISTS,0.00s
Reig_Estelle_MScA_2020.pdf,SKIPPED,EXISTS,0.00s
Remote Sensing Geology ( PDFDrive ).pdf,SKIPPED,EXISTS,0.00s
Remote Sensing and Image Interpretation   ( PDFDrive ).pdf,SKIPPED,EXISTS,0.00s
Merging dual-polarization X-band radar .pdf,FAIL,HTTP_500,28.40s
Remote Sensing for Ecology and Conservation_ A Handbook of Techniques (Techniques in Ecology and Conservation) ( PDFDrive ).pdf,SKIPPED,EXISTS,0.00s
"Remote Sensing for Geoscientists_ Image Analysis and Integration, Third Edition ( PDFDrive ).pdf",SKIPPED,EXISTS,0.00s
Remotely Sensed Land Use Data and Watershed Hydrologic Change.pdf,SKIPPED,EXISTS,0.00s
Resilience_of_art_cities_to_flood_risk_A_quantitat.pdf,SKIPPED,EXISTS,0.00s
Review on algorithms of dealing with depressions in grid DEM.pdf,SKIPPED,EXISTS,0.00s
ReviewPaperforfloodplainmappingwithapplicationsofHEC-HMSHEC-RASandArcGISsoftwaresARemoteSensingandGISApproach.pdf,SKIPPED,EXISTS,0.00s
Reviews of Geophysics - 2009 - Schumann - Progress in integration of remote sensing derived flood extent and stage data and.pdf,SKIPPED,EXISTS,0.00s
Reviews of Geophysics - 2023 - Jafarzadegan - Recent Advances and New Frontiers in Riverine and Coastal Flood Modeling.pdf,SKIPPED,EXISTS,0.00s
Reviews_of_Geophysics_2018_Huang_Detecting_Extracting_and_Monitoring.pdf,SKIPPED,EXISTS,0.00s
Cities and Flooding_ A Guide to Integrated Urban Flood Risk ( PDFDrive ).pdf,FAIL,HTTP_500,134.42s
Risk_assessment_of_multireservoir_joint_flood_cont.pdf,SKIPPED,EXISTS,0.00s
River_Discharges_Forecasting_In_Northern.pdf,SKIPPED,EXISTS,0.00s
River_Inundation_and_Hazard_Mapping_a_Ca.pdf,SKIPPED,EXISTS,0.00s
River_Water_Level_Prediction_Modelling_u.pdf,SKIPPED,EXISTS,0.00s
River_flow_forecasting_using_artificial.pdf,SKIPPED,EXISTS,0.00s
River_flow_modelling_for_flood_predictio.pdf,SKIPPED,EXISTS,0.00s
Riverow_forecast_for_reservoir_managemen.pdf,SKIPPED,EXISTS,0.00s
Robo_2019_IOP_Conf._Ser.__Earth_Environ._Sci._325_012009.pdf,SKIPPED,EXISTS,0.00s
Robust_Disaster_Impact_Assessment_With_Synthetic_Control_Modeling_Framework_and_Daily_Nighttime_Light_Time_Series_Images.pdf,SKIPPED,EXISTS,0.00s
Romali_2018_IOP_Conf._Ser.__Mater._Sci._Eng._318_012029.pdf,SKIPPED,EXISTS,0.00s
Runoff_forecasting_by_artificial_neural.pdf,SKIPPED,EXISTS,0.00s
RunoffmodellingusingHECHMSforRuralwatershed.pdf,SKIPPED,EXISTS,0.00s
Rusli_2023_IOP_Conf._Ser.__Earth_Environ._Sci._1160_012027.pdf,SKIPPED,EXISTS,0.00s
Ryan_2020_IOP_Conf._Ser.__Earth_Environ._Sci._491_012005.pdf,SKIPPED,EXISTS,0.00s
SJASR-2-254.pdf,SKIPPED,EXISTS,0.00s
Probabilistic forecasting of rainfall response in a Danish stormwater tunnel.pdf,FAIL,HTTP_500,25.70s
Sahib_Liu_McDougall_SV.pdf,SKIPPED,EXISTS,0.00s
Sandstone-groundwater-salinization-modelling-using-physicoc_2023_Ain-Shams-E.pdf,SKIPPED,EXISTS,0.00s
Sangam Shrestha.pdf,SKIPPED,EXISTS,0.00s
Satellite-based assessment of the August 2018 flood in parts of Kerala  India.pdf,SKIPPED,EXISTS,0.00s
Seasonal_Rainfall_Prediction_in_Lagos_Ni.pdf,SKIPPED,EXISTS,0.00s
Self-stated_recovery_from_flooding_Empirical_resul.pdf,SKIPPED,EXISTS,0.00s
Sensitivity_analysis_of_the_flash_flood_hazard_by_.pdf,SKIPPED,EXISTS,0.00s
Sentinel-1-Based_Water_and_Flood_Mapping_Benchmarking_Convolutional_Neural_Networks_Against_an_Operational_Rule-Based_Processing_Chain.pdf,SKIPPED,EXISTS,0.00s
Sentinel-1_remote_sensing_data_and_Hydrologic_Engi.pdf,SKIPPED,EXISTS,0.00s
Service-oriented infrastructure for flood mapping using optical and SAR satellite data.pdf,SKIPPED,EXISTS,0.00s
Setiawan_2022_IOP_Conf._Ser.__Earth_Environ._Sci._1109_012070.pdf,SKIPPED,EXISTS,0.00s
Short term river flood forecasting with neural networks.pdf,SKIPPED,EXISTS,0.00s
Short_term_water_level_prediction_using.pdf,SKIPPED,EXISTS,0.00s
Shyam_CCWaterResourcesinBagmati_TAAC_2013.pdf,SKIPPED,EXISTS,0.00s
SiegEtAl2023_jfr3-12889.pdf,SKIPPED,EXISTS,0.00s
Simulation of laminar to transitional wakes past cylinders with a discontinuous Galerkin inviscid shallow water model.pdf,SKIPPED,EXISTS,0.00s
Simulation_of_Poyang_Lake_water_levels_and_outflow.pdf,SKIPPED,EXISTS,0.00s
Simulation_of_runoff_in_Baitarani_basin_using_comp.pdf,SKIPPED,EXISTS,0.00s
Simulation_of_the_impacts_of_land_use_ch.pdf,SKIPPED,EXISTS,0.00s
Simulation_of_the_rainfall-runoff_relationship_usi.pdf,SKIPPED,EXISTS,0.00s
Simulationofflashfloodpeaksinasmallandsteepcatchmentusingrainongrid_JFloodRiskManagement-2023-Godara.pdf,SKIPPED,EXISTS,0.00s
SocialinnovationsanddriversinfloodearlywarningsystemsAcommunitybasedTransboundaryEarlyWarningSystem.pdf,SKIPPED,EXISTS,0.00s
Spatial_Prediction_of_Monthly_Precipitat.pdf,SKIPPED,EXISTS,0.00s
Spatial_targeting_of_nature-based_solutions_for_fl.pdf,SKIPPED,EXISTS,0.00s
Spontaneousvolunteersandtheflooddisaster2021inGermany.pdf,SKIPPED,EXISTS,0.00s
Stable_Robust_Adaptive_Controller_and_Observer_Des.pdf,SKIPPED,EXISTS,0.00s
Study_of_Modeling_Method_Selection_in_Flood_Discha.pdf,SKIPPED,EXISTS,0.00s
Risk-Mapping-in-Managing-Flood-Vulnerability-in-Disaster-Management.pdf,SUCCESS,FULL,81.25s
SurfaceRunoffSimulationUsingHEC-HMSApplication.pdf,SKIPPED,EXISTS,0.00s
Surface_runoff_hydrograph_derivation_using_a_dynam.pdf,SKIPPED,EXISTS,0.00s
Survey_of_Neural_Network_Models_and_Algo.pdf,SKIPPED,EXISTS,0.00s
Survey_on_Rainfall_Prediction_using_Arti.pdf,SKIPPED,EXISTS,0.00s
Susetyo_2022_IOP_Conf._Ser.__Earth_Environ._Sci._998_012001.pdf,SKIPPED,EXISTS,0.00s
Suspended_Sediment_Load_Prediction_of_Ri.pdf,SKIPPED,EXISTS,0.00s
Suitability of HEC-RAS for Flood Forecasting.pdf,SUCCESS,FULL,75.22s
Sustainable_development_and_flood_risk_management.pdf,SKIPPED,EXISTS,0.00s
Sustaining Environmental Flows in Southern New England Rivers_ Ef.pdf,SKIPPED,EXISTS,0.00s
T03-07-01_v4_2_P29.pdf,SKIPPED,EXISTS,0.00s
TA-FING-IC-144058-2014.pdf,SKIPPED,EXISTS,0.00s
TCEIA.MS.ID.000136.pdf,SKIPPED,EXISTS,0.00s
TH4196-1.pdf,SKIPPED,EXISTS,0.00s
Tailings_storage_facilities_flood_exposure_assessm.pdf,SKIPPED,EXISTS,0.00s
Targeting_property_flood_resilience_in_flood_risk_.pdf,SKIPPED,EXISTS,0.00s
Tarigan_2016_IOP_Conf._Ser.__Earth_Environ._Sci._31_012030.pdf,SKIPPED,EXISTS,0.00s
Tessisaftercorection3.pdf,SKIPPED,EXISTS,0.00s
STURM-Flood  a curated dataset for deep learning-based flood extent mapping leveraging Sentinel-1 and Sentinel-2 imagery.pdf,SUCCESS,FULL,76.69s
Sustainable Development - 2023 - Koshy - Community resilience implications for institutional response under uncertainty .pdf,SUCCESS,FULL,93.66s
The Plant Journal - 2024 - Renziehausen - Against all floods   plant adaptation to flooding stress and combined abiotic.pdf,SUCCESS,FULL,94.03s
The impact of earth fissures on flood hazard extent for the Northern part of the Qaa Jahran Basin  Dhamar  Yemen.pdf,SKIPPED,EXISTS,0.00s
The cascading effects of climate change on children  extreme floods  family mobility and child well-being in Amazonia.pdf,SUCCESS,FULL,93.02s
TheApplicationofHEC-HMSandHEC-RASMathematicalModelsforStudyofFloodMitigationinCha-UatNakhonSiThammarat.pdf,SKIPPED,EXISTS,0.00s
TheHEC-HMShydrologicalmodelperformanceintherainfall-runoffprocesssimulationfortheupstreamwatershedsofGonbadIran.pdf,SKIPPED,EXISTS,0.00s
The_Application_and_Applicability_of_HEC-HMS_Model.pdf,SKIPPED,EXISTS,0.00s
The_Effect_of_Predicting_Discharge_Coeff.pdf,SKIPPED,EXISTS,0.00s
The_Flood_Resilience_Rose_A_management_tool_to_p.pdf,SKIPPED,EXISTS,0.00s
The_Improvement_of_Synthetic_Unit_Hydrograph_Perfo (1).pdf,SKIPPED,EXISTS,0.00s
The_Improvement_of_Synthetic_Unit_Hydrograph_Perfo.pdf,SKIPPED,EXISTS,0.00s
The_effect_of_heterogeneities_and_small_cavities_o.pdf,SKIPPED,EXISTS,0.00s
The_growing_strength_of_the_Journal_of_Flood_Risk.pdf,SKIPPED,EXISTS,0.00s
The_importance_of_public_risk_perception_for_the_e.pdf,SKIPPED,EXISTS,0.00s
The_normative_dimensions_of_flood_risk_management_.pdf,SKIPPED,EXISTS,0.00s
The_prediction_of_moisture_through_the_u.pdf,SKIPPED,EXISTS,0.00s
The_progression_of_flood_risk_in_southern_Alberta_.pdf,SKIPPED,EXISTS,0.00s
Thesisfinaldraft_SagarKumarTamang.pdf,SKIPPED,EXISTS,0.00s
ThesisonFlood.pdf,SKIPPED,EXISTS,0.00s
Time_series_data_mining_in_rainfall_fore.pdf,SKIPPED,EXISTS,0.00s
Timoth Mkilima.pdf,SKIPPED,EXISTS,0.00s
TonlSapFloodplain-Copy6.pdf,SUCCESS,FULL,43.00s
Toward_an_improved_estimation_of_flood_frequency_s.pdf,SKIPPED,EXISTS,0.00s
Towards a set of agrosystem-specific cropland mapping methods to address the global cropland diversity.pdf,SKIPPED,EXISTS,0.00s
The directional unit hydrograph model_ .pdf,FAIL,HTTP_500,49.69s
Remote Sensing and Image Interpretation ( PDFDrive ).pdf,FAIL,HTTP_500,262.02s
Towards_Operational_Flood_Monitoring_in_Flanders_Using_Sentinel-1.pdf,SKIPPED,EXISTS,0.00s
Trade-offs_and_synergies_in_managing_coastal_flood.pdf,SKIPPED,EXISTS,0.00s
Transposing_flood_risk_from_extreme_rainfall_event.pdf,SKIPPED,EXISTS,0.00s
Tsunami_run-up_along_the_Zihuatanejo_region_Mexica.pdf,SKIPPED,EXISTS,0.00s
Tunas_2023_IOP_Conf._Ser.__Earth_Environ._Sci._1157_012050.pdf,SKIPPED,EXISTS,0.00s
Two simple theoretical models for teaching wave mechanics in coastal engineering.pdf,SKIPPED,EXISTS,0.00s
UGJ_2018_2_6.pdf,SKIPPED,EXISTS,0.00s
USAMV_SP_volume_18_4_2018_page173-179.pdf,SKIPPED,EXISTS,0.00s
USING_ARTIFICIAL_NEURAL_NETWORKS_TO_ESTI.pdf,SKIPPED,EXISTS,0.00s
Uca_2018_J._Phys.__Conf._Ser._954_012030.pdf,SKIPPED,EXISTS,0.00s
Uggj_2011_9_19.pdf,SKIPPED,EXISTS,0.00s
Uggj_2012_10_15.pdf,SKIPPED,EXISTS,0.00s
Uggj_2012_10_18.pdf,SKIPPED,EXISTS,0.00s
Uggj_2013_13_16.pdf,SKIPPED,EXISTS,0.00s
Uggj_2015_16_23.pdf,SKIPPED,EXISTS,0.00s
Uggj_2017_20_12.pdf,SKIPPED,EXISTS,0.00s
Uggj_2019_24_7.pdf,SKIPPED,EXISTS,0.00s
Ukrainian Journal of Forest and Wood Science_15_1_2024_25-40.pdf,SKIPPED,EXISTS,0.00s
Uncertainties in the Assessment of Individual and Compound Floodi.pdf,SKIPPED,EXISTS,0.00s
The-interaction-of-topographic-slope-with-various-geo-environmental-flood-causing-factors.pdf,SUCCESS,FULL,81.39s
Towards-Knowledge-Driven-Automatic-Service-Composition-for-Wildfire-Prediction.pdf,SUCCESS,FULL,35.94s
Unsteady_flow_analysis_using_hydrologica.pdf,SKIPPED,EXISTS,0.00s
Uncertainty assessment of radar-raingau.pdf,FAIL,HTTP_500,17.49s
Urban flood susceptibility assessment based on convolutional neural networks.pdf,SKIPPED,EXISTS,0.00s
Towards a socio-ecological system understanding of urban flood risk and barriers to climate change adaptation using causal loop diagrams.pdf,SUCCESS,FULL,46.33s
Uncertainty quantification in watershed hydrology_ Which method to use_.pdf,FAIL,HTTP_500,21.26s
Urban flood resilience evaluation in China  a systematic review of frameworks  methods  and limitations.pdf,SUCCESS,FULL,22.62s
Urban_Flood_Mapping_Using_Satellite_Synthetic_Aperture_Radar_Data_A_review_of_characteristics_approaches_and_datasets.pdf,SKIPPED,EXISTS,0.00s
Urban_pluvial_flood_adaptation_Results_of_a_househ.pdf,SKIPPED,EXISTS,0.00s
Urban_storm_flood_simulation_using_improved_SWMM_b.pdf,SKIPPED,EXISTS,0.00s
VKNU_geol_2018_3_3 (1).pdf,SKIPPED,EXISTS,0.00s
VKNU_geol_2018_3_3.pdf,SKIPPED,EXISTS,0.00s
Vergnes_Decharme_Habets_2014_jgrd51730.pdf,SKIPPED,EXISTS,0.00s
ViewofComparativePerformanceEvaluationofHEC-HMSandSWATModelsinStreamFlowSimulation_theCaseofBilateandGidaboWatershedsEthiopia.pdf,SKIPPED,EXISTS,0.00s
Vodaba_2012_48_45-1.pdf,SKIPPED,EXISTS,0.00s
Vodaba_2012_48_45.pdf,SKIPPED,EXISTS,0.00s
Vodeu_2011_11_21.pdf,SKIPPED,EXISTS,0.00s
Vodeu_2011_12_21.pdf,SKIPPED,EXISTS,0.00s
Vodeu_2014_18_18.pdf,SKIPPED,EXISTS,0.00s
Vodeu_2014_18_19.pdf,SKIPPED,EXISTS,0.00s
Vodeu_2015_19_19 (1).pdf,SKIPPED,EXISTS,0.00s
Vodeu_2015_19_19.pdf,SKIPPED,EXISTS,0.00s
Vodeu_2017_21_8 (1).pdf,SKIPPED,EXISTS,0.00s
Vodeu_2017_21_8.pdf,SKIPPED,EXISTS,0.00s
Voloshyn_Melnik04.02.17_english.pdf,SKIPPED,EXISTS,0.00s
Urban-flood-resilience-mapping-knowledge-trends-and-structure-through-bibliometric-analysis.pdf,SUCCESS,FULL,30.84s
Urban-flood-risk-assessment-using-Sentinel-1-on-the-google-earth-engine-A-case-study-in-Thai.pdf,SUCCESS,FULL,41.80s
Urban-flood-vulnerability-analysis-and-prediction-based-on-the-land-use-using-Deep-Neural.pdf,SUCCESS,FULL,30.18s
WIREs Climate Change - 2023 - Scussolini - Challenges in the attribution of river flood events.pdf,FAIL,CONNECTION_ERROR,41.55s
WIREs Climate Change - 2024 - Esraz‐Ul‐Zannat - A review of nature‐based infrastructures and their effectiveness for urban.pdf,FAIL,CONNECTION_ERROR,31.49s
WIREs Water - 2025 - Haubrock - A Holistic Catchment‐Scale Framework to Guide Flood and Drought Mitigation Towards Improved.pdf,FAIL,CONNECTION_ERROR,9.01s
WIREs Water - 2025 - Howarth - Scaling Nature‐Based Solutions for Fluvial Floods  A Worldwide Systematic Review.pdf,FAIL,CONNECTION_ERROR,7.61s
WIREs Water - 2025 - Tolentino - Natural Flood Risk Management in Tropical Southeast Asia  Prospects in the Biodiverse.pdf,FAIL,CONNECTION_ERROR,7.52s
WM2010Burst.pdf,SKIPPED,EXISTS,0.00s
WPT-EM2079 (1).pdf,SKIPPED,EXISTS,0.00s
WPT-EM2079.pdf,SKIPPED,EXISTS,0.00s
WRR2005bedformroughness (1).pdf,SKIPPED,EXISTS,0.00s
WRR2005bedformroughness.pdf,SKIPPED,EXISTS,0.00s
WRR2006Discusiona.pdf,SKIPPED,EXISTS,0.00s
Wagner_Aguiar2017.pdf,SKIPPED,EXISTS,0.00s
Wang_2018_IOP_Conf._Ser.__Earth_Environ._Sci._170_032093.pdf,SKIPPED,EXISTS,0.00s
Wardhana_2021_IOP_Conf._Ser.__Earth_Environ._Sci._930_012032.pdf,SKIPPED,EXISTS,0.00s
Water Resources Research - 1999 - Campolo - Forecasting river flow rate during low‐flow periods using neural networks.pdf,SKIPPED,EXISTS,0.00s
Water Resources Research - 1999 - Campolo - River flood forecasting with a neural network model.pdf,SKIPPED,EXISTS,0.00s
Water Resources Research - 2004 - Shu - Artificial neural network ensembles and their application in pooled flood frequency.pdf,SKIPPED,EXISTS,0.00s
Water Resources Research - 2005 - Nayak - Short‐term flood forecasting with a neurofuzzy model.pdf,SKIPPED,EXISTS,0.00s
Water Resources Research - 2012 - Neal - A subgrid channel model for simulating river hydraulics and floodplain inundation.pdf,SKIPPED,EXISTS,0.00s
WIREs Water - 2025 - Samadi - The Needs  Challenges  and Priorities for Advancing Global Flood Research.pdf,FAIL,CONNECTION_ERROR,8.42s
Water Resources Research - 2016 - Schumann - Unlocking the full potential of Earth observation during the 2015 Texas flood.pdf,SKIPPED,EXISTS,0.00s
Water Resources Research - 2019 - Garousi‐Nejad - Terrain Analysis Enhancements to the Height Above Nearest Drainage Flood.pdf,SKIPPED,EXISTS,0.00s
Water Resources Research - 2015 - Sampson - A high80�resolution global flood hazard model.pdf,FAIL,CONNECTION_ERROR,8.18s
Water Resources Research - 2020 - Tartakovsky - Physics‐Informed Deep Neural Networks for Learning Parameters and.pdf,SKIPPED,EXISTS,0.00s
Water Resources Research - 2020 - McClean - Implications of Using Global Digital Elevation Models for Flood Risk Analysis.pdf,FAIL,CONNECTION_ERROR,7.66s
WIREs Water - 2024 - Barendrecht - Exploring drought‐to‐flood interactions and dynamics  A global case review.pdf,FAIL,CONNECTION_ERROR,44.63s
WIREs Water - 2024 - Zhu - A Quantitative Review of Natural Flood Management Research.pdf,FAIL,CONNECTION_ERROR,43.20s
Water Resources Research - 2021 - Liu - Bare80�Earth DEM Generation in Urban Areas for Flood Inundation Simulation Using.pdf,FAIL,CONNECTION_ERROR,8.37s
Water Resources Research - 2024 - Götte - Hydrological Drought‐To‐Flood Transitions Across Different Hydroclimates in the.pdf,FAIL,CONNECTION_ERROR,8.63s
Water Resources Research - 2024 - Masafu - Satellite Video Remote Sensing for Flood Model Validation.pdf,FAIL,CONNECTION_ERROR,8.35s
Water Resources Research - 2024 - Mydlarz - FloodNet  Low‐Cost Ultrasonic Sensors for Real‐Time Measurement of Hyperlocal .pdf,FAIL,CONNECTION_ERROR,8.76s
Water Resources Research - 2024 - Wing - A 30 m Global Flood Inundation Model for Any Climate Scenario.pdf,FAIL,CONNECTION_ERROR,8.68s
Water Resources Research - 2025 - Bartlett - Physically Based Dimensionless Features for Pluvial Flood Mapping With Machine.pdf,FAIL,CONNECTION_ERROR,8.54s
Water Resources Research - 2025 - Yi - Quantification of the Flood Discharge Following the 2023 Kakhovka Dam Breach Using.pdf,SKIPPED,EXISTS,0.00s
Water_Sci_Technol_2016.pdf,SKIPPED,EXISTS,0.00s
Water_quality_control_in_the_river_Arno.pdf,SKIPPED,EXISTS,0.00s
Week_ahead_Rainfall_Forecasting_Using_Mu.pdf,SKIPPED,EXISTS,0.00s
Why_understanding_behaviour_matters_for_flood_risk.pdf,SKIPPED,EXISTS,0.00s
Widayati_2020_IOP_Conf._Ser.__Mater._Sci._Eng._930_012072.pdf,SKIPPED,EXISTS,0.00s
Water Resources Research - 2025 - Finch - Monitoring the Large Wood Regime in a Partially Regulated Alpine River Following.pdf,FAIL,CONNECTION_ERROR,8.80s
Willingness_of_households_to_reduce_flood_risk_in_.pdf,SKIPPED,EXISTS,0.00s
Winarta_2019_IOP_Conf._Ser.__Earth_Environ._Sci._366_012036.pdf,SKIPPED,EXISTS,0.00s
Winarta_2019_IOP_Conf._Ser.__Earth_Environ._Sci._366_012037.pdf,SKIPPED,EXISTS,0.00s
WomackJ0512.pdf,SKIPPED,EXISTS,0.00s
YAHYE AHMED DAUD.pdf,SKIPPED,EXISTS,0.00s
Ynaotou_2021_IOP_Conf._Ser.__Earth_Environ._Sci._930_012082 (1).pdf,SKIPPED,EXISTS,0.00s
Ynaotou_2021_IOP_Conf._Ser.__Earth_Environ._Sci._930_012082.pdf,SKIPPED,EXISTS,0.00s
Yong12_JGR-A_TRMM-RT_HighLat.pdf,SKIPPED,EXISTS,0.00s
Zhang and Mont 2004.pdf,SKIPPED,EXISTS,0.00s
Zhang_2019_IOP_Conf._Ser.__Earth_Environ._Sci._252_052060.pdf,SKIPPED,EXISTS,0.00s
_ASCE_HE.1943-5584.0001742.pdf,SKIPPED,EXISTS,0.00s
a6de57d7b04bf143995da81ea65f8991.pdf,SKIPPED,EXISTS,0.00s
aaaenvironmentalmodellingandsoftware4.pdf,SKIPPED,EXISTS,0.00s
aali1400-A-10-42-7-705e16f.pdf,SKIPPED,EXISTS,0.00s
acceleratinganddeceleratingows.pdf,SKIPPED,EXISTS,0.00s
Water Resources Research - 2025 - Kang - Global Flood Projection and Socioeconomic Implications Under a Deep Learning.pdf,FAIL,CONNECTION_ERROR,9.19s
adgeo-44-23-2017.pdf,SKIPPED,EXISTS,0.00s
adgeo-9-131-2006.pdf,SKIPPED,EXISTS,0.00s
"admin, Pap 3_2010_Apr_43_2.pdf",SKIPPED,EXISTS,0.00s
"administrator,+21uoacmu.pdf",SKIPPED,EXISTS,0.00s
ae8604989946835f66f1622200802a8a2dfa.pdf,SKIPPED,EXISTS,0.00s
agriculture-10-00131-v2.pdf,SKIPPED,EXISTS,0.00s
agro-geoinformatics.2016.7577655.pdf,SKIPPED,EXISTS,0.00s
agronomy-12-01280-v2.pdf,SKIPPED,EXISTS,0.00s
Water Resources Research - 2025 - Liao - Accelerating Urban Flood Inundation Simulation Under Spatio‐Temporally Varying.pdf,FAIL,CONNECTION_ERROR,8.35s
William_2024_IOP_Conf._Ser.__Earth_Environ._Sci._1285_012015.pdf,FAIL,CONNECTION_ERROR,8.81s
aies-AIES-D-23-0025.1.pdf,SKIPPED,EXISTS,0.00s
airGR.pdf,SKIPPED,EXISTS,0.00s
ajcc_2023051616091986.pdf,SKIPPED,EXISTS,0.00s
ajol-file-journals_219_articles_175995_submission_proof_175995-2605-450135-1-10-20180813.pdf,SKIPPED,EXISTS,0.00s
ajol-file-journals_483_articles_150259_submission_proof_150259-5701-394967-1-10-20170120.pdf,SKIPPED,EXISTS,0.00s
ambaw.pdf,SKIPPED,EXISTS,0.00s
amsm-amsmonographs-d-18-0019.1-2.pdf,SKIPPED,EXISTS,0.00s
an2016-pub00050434.pdf,SKIPPED,EXISTS,0.00s
agronomy-14-01611-v2.pdf,FAIL,CONNECTION_ERROR,7.78s
annurev-fluid-030121-113138.pdf,SKIPPED,EXISTS,0.00s
apme-2008jamc2127.1.pdf,SKIPPED,EXISTS,0.00s
applsci-08-01457.pdf,SKIPPED,EXISTS,0.00s
applsci-08-01558.pdf,SKIPPED,EXISTS,0.00s
applsci-08-02435.pdf,SKIPPED,EXISTS,0.00s
applsci-10-03906-v2.pdf,SKIPPED,EXISTS,0.00s
applsci-10-04885.pdf,SKIPPED,EXISTS,0.00s
applsci-10-05776-v4.pdf,SKIPPED,EXISTS,0.00s
applsci-10-06598-v2.pdf,SKIPPED,EXISTS,0.00s
applsci-10-08327-v2.pdf,SKIPPED,EXISTS,0.00s
applsci-11-04901-v2.pdf,SKIPPED,EXISTS,0.00s
adams2010.pdf,FAIL,CONNECTION_ERROR,8.75s
applsci-12-05210-v2.pdf,SKIPPED,EXISTS,0.00s
applsci-12-06264-v2.pdf,SKIPPED,EXISTS,0.00s
applsci-13-09869-v2.pdf,SKIPPED,EXISTS,0.00s
applsci-13-10454.pdf,SKIPPED,EXISTS,0.00s
applsci-13-11136-v2.pdf,SKIPPED,EXISTS,0.00s
applsci-13-11688.pdf,SKIPPED,EXISTS,0.00s
applsci-13-12147-v2.pdf,SKIPPED,EXISTS,0.00s
applsci-14-00012.pdf,SKIPPED,EXISTS,0.00s
agronomy-14-01724-v2.pdf,FAIL,CONNECTION_ERROR,8.41s
aneseyee2020.pdf,FAIL,CONNECTION_ERROR,8.97s
applsci-12-03066.pdf,FAIL,CONNECTION_ERROR,8.49s
applsci-14-03391-v3.pdf,FAIL,CONNECTION_ERROR,8.93s
applsci-14-03527-v2.pdf,FAIL,CONNECTION_ERROR,8.01s
atmosphere-11-00794.pdf,SKIPPED,EXISTS,0.00s
atmosphere-13-01106.pdf,SKIPPED,EXISTS,0.00s
atmosphere-13-01348-v2.pdf,SKIPPED,EXISTS,0.00s
atmosphere-13-01544-v2.pdf,SKIPPED,EXISTS,0.00s
atmosphere-14-00182-v3.pdf,SKIPPED,EXISTS,0.00s
atmosphere-14-00351.pdf,SKIPPED,EXISTS,0.00s
atmosphere-14-00794.pdf,SKIPPED,EXISTS,0.00s
applsci-14-10019.pdf,FAIL,CONNECTION_ERROR,8.49s
applsci-15-02520-v2.pdf,FAIL,CONNECTION_ERROR,8.53s
applsci-15-05290.pdf,FAIL,CONNECTION_ERROR,8.23s
0000577383.pdf,SKIPPED,EXISTS,0.00s
0030.pdf,SKIPPED,EXISTS,0.00s
010064143.pdf,SKIPPED,EXISTS,0.00s
010079873.pdf,SKIPPED,EXISTS,0.00s
0115-0128.pdf,SKIPPED,EXISTS,0.00s
0229.pdf,SKIPPED,EXISTS,0.00s
03-04-FebEDUSAT_Introduction-to-Microwave-Remote-Sensing.pdf,SKIPPED,EXISTS,0.00s
032003_1.pdf,SKIPPED,EXISTS,0.00s
034505_1.pdf,SKIPPED,EXISTS,0.00s
0399-0405.pdf,SKIPPED,EXISTS,0.00s
07_torma_et_al.pdf,SKIPPED,EXISTS,0.00s
08861302.pdf,SKIPPED,EXISTS,0.00s
1-Hydrological-Modeling-with-HEC-HMS.pdf,SKIPPED,EXISTS,0.00s
1-s2.0-S0022169418305407-main.pdf,SKIPPED,EXISTS,0.00s
1-s2.0-S0022169421005527-main.pdf,SKIPPED,EXISTS,0.00s
1-s2.0-S0022169421007320-main.pdf,SKIPPED,EXISTS,0.00s
1-s2.0-S002216942100809X-main.pdf,SKIPPED,EXISTS,0.00s
1-s2.0-S0022169421010738-main.pdf,SKIPPED,EXISTS,0.00s
1-s2.0-S0022169421013743-main.pdf,SKIPPED,EXISTS,0.00s
1-s2.0-S0022169422001238-main.pdf,SKIPPED,EXISTS,0.00s
1-s2.0-S0022169422002633-main.pdf,SKIPPED,EXISTS,0.00s
1-s2.0-S0022169422005352-main.pdf,SKIPPED,EXISTS,0.00s
1-s2.0-S0022169422011684-main.pdf,SKIPPED,EXISTS,0.00s
1-s2.0-S0022169422013567-main.pdf,SKIPPED,EXISTS,0.00s
1-s2.0-S0022169422013634-main.pdf,SKIPPED,EXISTS,0.00s
1-s2.0-S0022169423000392-main.pdf,SKIPPED,EXISTS,0.00s
1-s2.0-S0022169423002640-main.pdf,SKIPPED,EXISTS,0.00s
1-s2.0-S0022169423003451-main.pdf,SKIPPED,EXISTS,0.00s
1-s2.0-S0022169423003463-main.pdf,SKIPPED,EXISTS,0.00s
1-s2.0-S0022169423004742-main.pdf,SKIPPED,EXISTS,0.00s
1-s2.0-S0022169423004973-main.pdf,SKIPPED,EXISTS,0.00s
1-s2.0-S0022169423008181-main.pdf,SKIPPED,EXISTS,0.00s
1-s2.0-S0022169423008284-main.pdf,SKIPPED,EXISTS,0.00s
1-s2.0-S0022169423008314-main.pdf,SKIPPED,EXISTS,0.00s
1-s2.0-S002216942300954X-main.pdf,SKIPPED,EXISTS,0.00s
1-s2.0-S0022169423010065-main.pdf,SKIPPED,EXISTS,0.00s
1-s2.0-S0022169423011277-main.pdf,SKIPPED,EXISTS,0.00s
1-s2.0-S0022169423013239-main.pdf,SKIPPED,EXISTS,0.00s
1-s2.0-S0022169423013471-main.pdf,SKIPPED,EXISTS,0.00s
1-s2.0-S0022169423014555-main.pdf,SKIPPED,EXISTS,0.00s
1-s2.0-S0022169423015032-main.pdf,SKIPPED,EXISTS,0.00s
1-s2.0-S0022169423015275-main.pdf,SKIPPED,EXISTS,0.00s
1-s2.0-S0022169424000246-main.pdf,SKIPPED,EXISTS,0.00s
1-s2.0-S0022169424000337-main.pdf,SKIPPED,EXISTS,0.00s
1-s2.0-S0022169424001203-main.pdf,SKIPPED,EXISTS,0.00s
1-s2.0-S0022169424001562-main.pdf,SKIPPED,EXISTS,0.00s
1-s2.0-S0022169424001604-main.pdf,SKIPPED,EXISTS,0.00s
1-s2.0-S0022169424001720-main.pdf,SKIPPED,EXISTS,0.00s
1-s2.0-S0022169424002142-main.pdf,SKIPPED,EXISTS,0.00s
1-s2.0-S0022169424016779-main.pdf,SKIPPED,EXISTS,0.00s
1-s2.0-S0022169424017578-main.pdf,SKIPPED,EXISTS,0.00s
1-s2.0-S0022169424018134-main.pdf,SKIPPED,EXISTS,0.00s
1-s2.0-S0022169424019838-main.pdf,SKIPPED,EXISTS,0.00s
1-s2.0-S0022169424019991-main.pdf,SKIPPED,EXISTS,0.00s
1-s2.0-S0022169425003646-main.pdf,SKIPPED,EXISTS,0.00s
1-s2.0-S0022169425005670-main.pdf,SKIPPED,EXISTS,0.00s
1-s2.0-S0022169425006183-main.pdf,SKIPPED,EXISTS,0.00s
1-s2.0-S0022169425006675-main.pdf,SKIPPED,EXISTS,0.00s
1-s2.0-S0022169425007036-main.pdf,SKIPPED,EXISTS,0.00s
1-s2.0-S0022169425008674-main.pdf,SKIPPED,EXISTS,0.00s
1-s2.0-S0022169425009552-main.pdf,SKIPPED,EXISTS,0.00s
1-s2.0-S0022169425014246-main.pdf,SKIPPED,EXISTS,0.00s
1-s2.0-S003442572500286X-main.pdf,SKIPPED,EXISTS,0.00s
1-s2.0-S0034425722003790-main.pdf,SKIPPED,EXISTS,0.00s
1-s2.0-S0043135424010613-main.pdf,SKIPPED,EXISTS,0.00s
1-s2.0-S0048969724084614-main.pdf,SKIPPED,EXISTS,0.00s
1-s2.0-S0143622825000426-main.pdf,SKIPPED,EXISTS,0.00s
1-s2.0-S0167268125000162-main.pdf,SKIPPED,EXISTS,0.00s
1-s2.0-S0169555X23003963-main.pdf,SKIPPED,EXISTS,0.00s
1-s2.0-S0198971521000351-am.pdf,SKIPPED,EXISTS,0.00s
1-s2.0-S0264275125001271-mainext.pdf,SKIPPED,EXISTS,0.00s
1-s2.0-S030147972500948X-main.pdf,SKIPPED,EXISTS,0.00s
1-s2.0-S0303243421001070-main.pdf,SKIPPED,EXISTS,0.00s
1-s2.0-S0309170816301257-main.pdf,SKIPPED,EXISTS,0.00s
1-s2.0-S0309170824002719-main.pdf,SKIPPED,EXISTS,0.00s
1-s2.0-S0309170825001770-main.pdf,SKIPPED,EXISTS,0.00s
1-s2.0-S0378377425001635-main.pdf,SKIPPED,EXISTS,0.00s
1-s2.0-S0895717700002727-main.pdf,SKIPPED,EXISTS,0.00s
1-s2.0-S0895717704002742-main.pdf,SKIPPED,EXISTS,0.00s
1-s2.0-S0921818125001407-main.pdf,SKIPPED,EXISTS,0.00s
1-s2.0-S092427161930111X-am.pdf,SKIPPED,EXISTS,0.00s
1-s2.0-S0952197624007310-main.pdf,SKIPPED,EXISTS,0.00s
1-s2.0-S0964569124005052-main.pdf,SKIPPED,EXISTS,0.00s
1-s2.0-S1093968726001696-main.pdf,SKIPPED,EXISTS,0.00s
1-s2.0-S1110016812000105-main.pdf,SKIPPED,EXISTS,0.00s
1-s2.0-S1110016814000660-main.pdf,SKIPPED,EXISTS,0.00s
1-s2.0-S1110016818300966-main.pdf,SKIPPED,EXISTS,0.00s
1-s2.0-S1110982317301126-main.pdf,SKIPPED,EXISTS,0.00s
1-s2.0-S1110982318303041-main.pdf,SKIPPED,EXISTS,0.00s
1-s2.0-S1110982325000201-main.pdf,SKIPPED,EXISTS,0.00s
1-s2.0-S1364815224002871-main.pdf,SKIPPED,EXISTS,0.00s
1-s2.0-S1364815224003682-main.pdf,SKIPPED,EXISTS,0.00s
1-s2.0-S1364815225004700-main.pdf,SKIPPED,EXISTS,0.00s
1-s2.0-S1470160X24014602-main.pdf,SKIPPED,EXISTS,0.00s
1-s2.0-S1470160X24014894-main.pdf,SKIPPED,EXISTS,0.00s
1-s2.0-S1470160X2401495X-main.pdf,SKIPPED,EXISTS,0.00s
1-s2.0-S1470160X2500038X-main.pdf,SKIPPED,EXISTS,0.00s
1-s2.0-S1470160X25001761-main.pdf,SKIPPED,EXISTS,0.00s
1-s2.0-S1470160X25002456-main.pdf,SKIPPED,EXISTS,0.00s
1-s2.0-S1470160X25003279-main.pdf,SKIPPED,EXISTS,0.00s
1-s2.0-S1470160X25005898-main.pdf,SKIPPED,EXISTS,0.00s
1-s2.0-S1470160X25006119-main.pdf,SKIPPED,EXISTS,0.00s
1-s2.0-S1569843222001911-main.pdf,SKIPPED,EXISTS,0.00s
1-s2.0-S1569843223001528-main.pdf,SKIPPED,EXISTS,0.00s
1-s2.0-S1569843223003291-main.pdf,SKIPPED,EXISTS,0.00s
1-s2.0-S1569843225000044-main.pdf,SKIPPED,EXISTS,0.00s
1-s2.0-S1569843225001232-main.pdf,SKIPPED,EXISTS,0.00s
1-s2.0-S156984322500158X-main.pdf,SKIPPED,EXISTS,0.00s
1-s2.0-S1569843225004637-main.pdf,SKIPPED,EXISTS,0.00s
1-s2.0-S1572308926000471-main.pdf,SKIPPED,EXISTS,0.00s
1-s2.0-S1674237015300946-main.pdf,SKIPPED,EXISTS,0.00s
1-s2.0-S1674987115000821-main.pdf,SKIPPED,EXISTS,0.00s
1-s2.0-S1674987124001841-main.pdf,SKIPPED,EXISTS,0.00s
1-s2.0-S1738573321005179-main.pdf,SKIPPED,EXISTS,0.00s
1-s2.0-S1876610215016008-main.pdf,SKIPPED,EXISTS,0.00s
1-s2.0-S1876610219312706-main.pdf,SKIPPED,EXISTS,0.00s
1-s2.0-S1877050919310725-main.pdf,SKIPPED,EXISTS,0.00s
1-s2.0-S2090447922002155-main.pdf,SKIPPED,EXISTS,0.00s
1-s2.0-S2095268619304525-main.pdf,SKIPPED,EXISTS,0.00s
1-s2.0-S2095809925001092-main.pdf,SKIPPED,EXISTS,0.00s
1-s2.0-S2210670723007229-main.pdf,SKIPPED,EXISTS,0.00s
1-s2.0-S2210670724008205-main.pdf,SKIPPED,EXISTS,0.00s
1-s2.0-S2210670725003130-main.pdf,SKIPPED,EXISTS,0.00s
1-s2.0-S2211812814005744-main.pdf,SKIPPED,EXISTS,0.00s
1-s2.0-S2212095525000136-main.pdf,SKIPPED,EXISTS,0.00s
1-s2.0-S2212096324001025-main.pdf,SKIPPED,EXISTS,0.00s
1-s2.0-S2212420922006185-main.pdf,SKIPPED,EXISTS,0.00s
1-s2.0-S2212420924008203-main.pdf,SKIPPED,EXISTS,0.00s
1-s2.0-S2212420924009324-main.pdf,SKIPPED,EXISTS,0.00s
1-s2.0-S2212420924008884-main.pdf,SKIPPED,EXISTS,0.00s
1-s2.0-S2212420924008586-main.pdf,SKIPPED,EXISTS,0.00s
1-s2.0-S2212420925000603-main.pdf,SKIPPED,EXISTS,0.00s
1-s2.0-S2212420925000706-main.pdf,SKIPPED,EXISTS,0.00s
1-s2.0-S2212420925000743-main.pdf,SKIPPED,EXISTS,0.00s
1-s2.0-S2212420925001645-main.pdf,SKIPPED,EXISTS,0.00s
1-s2.0-S2212420925001773-main.pdf,SKIPPED,EXISTS,0.00s
1-s2.0-S2212420925001992-main.pdf,SKIPPED,EXISTS,0.00s
1-s2.0-S2212420925002432-main.pdf,SKIPPED,EXISTS,0.00s
1-s2.0-S2212420925002572-main.pdf,SKIPPED,EXISTS,0.00s
1-s2.0-S2212420925002663-mainext.pdf,SKIPPED,EXISTS,0.00s
1-s2.0-S2212420925002997-main.pdf,SKIPPED,EXISTS,0.00s
1-s2.0-S2212420925004248-main.pdf,SKIPPED,EXISTS,0.00s
1-s2.0-S2212420925004261-main.pdf,SKIPPED,EXISTS,0.00s
1-s2.0-S2212827122013130-main.pdf,SKIPPED,EXISTS,0.00s
1-s2.0-S2214581816301768-main.pdf,SKIPPED,EXISTS,0.00s
1-s2.0-S2214581823000472-main.pdf,SKIPPED,EXISTS,0.00s
1-s2.0-S2214581825000746-main.pdf,SKIPPED,EXISTS,0.00s
1-s2.0-S2214581825000862-main.pdf,SKIPPED,EXISTS,0.00s
1-s2.0-S2214581825001090-main.pdf,SKIPPED,EXISTS,0.00s
1-s2.0-S2214581825004082-main.pdf,SKIPPED,EXISTS,0.00s
1-s2.0-S2215098614000706-main.pdf,SKIPPED,EXISTS,0.00s
1-s2.0-S2215098615000774-main.pdf,SKIPPED,EXISTS,0.00s
1-s2.0-S2352938521001713-main.pdf,SKIPPED,EXISTS,0.00s
1-s2.0-S235293852300201X-main.pdf,SKIPPED,EXISTS,0.00s
1-s2.0-S240588072400089X-main.pdf,SKIPPED,EXISTS,0.00s
1-s2.0-S2452292925000244-main.pdf,SKIPPED,EXISTS,0.00s
1-s2.0-S2589471425000051-main.pdf,SKIPPED,EXISTS,0.00s
1-s2.0-S2589757824000416-main.pdf,SKIPPED,EXISTS,0.00s
1-s2.0-S2590061724000929-main.pdf,SKIPPED,EXISTS,0.00s
1-s2.0-S2590061725000109-main.pdf,SKIPPED,EXISTS,0.00s
1-s2.0-S2590061725000122-main.pdf,SKIPPED,EXISTS,0.00s
1-s2.0-S2590061725001048-main.pdf,SKIPPED,EXISTS,0.00s
1-s2.0-S2590123025002725-main.pdf,SKIPPED,EXISTS,0.00s
1-s2.0-S2590123025020481-main.pdf,SKIPPED,EXISTS,0.00s
1-s2.0-S2590252024000291-main.pdf,SKIPPED,EXISTS,0.00s
1-s2.0-S2665972724002277-main.pdf,SKIPPED,EXISTS,0.00s
1-s2.0-S2665972725000595-main.pdf,SKIPPED,EXISTS,0.00s
1-s2.0-S2666017225000094-main.pdf,SKIPPED,EXISTS,0.00s
1-s2.0-S2666017225000161-main.pdf,SKIPPED,EXISTS,0.00s
1-s2.0-S2666445324000308-main.pdf,SKIPPED,EXISTS,0.00s
1-s2.0-S2666449625000076-main.pdf,SKIPPED,EXISTS,0.00s
1-s2.0-S2666544122000090-main.pdf,SKIPPED,EXISTS,0.00s
1-s2.0-S2666592123000963-main.pdf,SKIPPED,EXISTS,0.00s
1-s2.0-S2666592124000027-main.pdf,SKIPPED,EXISTS,0.00s
1-s2.0-S2666592124000064-main.pdf,SKIPPED,EXISTS,0.00s
1-s2.0-S2666592125000022-main.pdf,SKIPPED,EXISTS,0.00s
1-s2.0-S2666592125000125-main.pdf,SKIPPED,EXISTS,0.00s
1-s2.0-S2666592125000435-main.pdf,SKIPPED,EXISTS,0.00s
1-s2.0-S2666683925000173-main.pdf,SKIPPED,EXISTS,0.00s
1-s2.0-S2666683925000264-main.pdf,SKIPPED,EXISTS,0.00s
1-s2.0-S2950629825000013-main.pdf,SKIPPED,EXISTS,0.00s
1.Alexis DZOKOM 20513.pdf,SKIPPED,EXISTS,0.00s
10.1007@s11069-019-03638-9.pdf,SKIPPED,EXISTS,0.00s
10.1007@s40808-019-00641-8.pdf,SKIPPED,EXISTS,0.00s
10.1016@j.rse.2008.03.018.pdf,SKIPPED,EXISTS,0.00s
10.1515_geo-2020-0325.pdf,SKIPPED,EXISTS,0.00s
10.21923-jesd.982868-1925180.pdf,SKIPPED,EXISTS,0.00s
10.2478_jlecol-2023-0011.pdf,SKIPPED,EXISTS,0.00s
10.2478_johh-2022-0002.pdf,SKIPPED,EXISTS,0.00s
10.2478_mgr-2013-0005.pdf,SKIPPED,EXISTS,0.00s
10.pdf,SKIPPED,EXISTS,0.00s
10.30897-ijegeo.794723-1289664.pdf,SKIPPED,EXISTS,0.00s
10.3934_environsci.2025004.pdf,SKIPPED,EXISTS,0.00s
10.26833-ijeg.412348-481602.pdf,SKIPPED,EXISTS,0.00s
100010_1_online.pdf,SKIPPED,EXISTS,0.00s
100051G.pdf,SKIPPED,EXISTS,0.00s
102published_book.pdf,SKIPPED,EXISTS,0.00s
1034-Article Text-1513-1-10-20230929.pdf,SKIPPED,EXISTS,0.00s
107830P.pdf,SKIPPED,EXISTS,0.00s
10_ApplicationofArtificialNeuralNetworks – копія.pdf,SKIPPED,EXISTS,0.00s
10_ApplicationofArtificialNeuralNetworks.pdf,SKIPPED,EXISTS,0.00s
10_strapazan.pdf,SKIPPED,EXISTS,0.00s
11.pdf,SKIPPED,EXISTS,0.00s
1124-9390_32_4_2024_451-462.pdf,SKIPPED,EXISTS,0.00s
1149-Article Text-2053-1-10-20220809.pdf,SKIPPED,EXISTS,0.00s
1159244.pdf,SKIPPED,EXISTS,0.00s
117641-WP-v3-ZM-ClimateRisk-Hydro-Appendices-PUBLIC.pdf,SKIPPED,EXISTS,0.00s
11_Buksha_138-145.pdf,SKIPPED,EXISTS,0.00s
120482-WP-P156643-PUBLIC-108p-WBFloodReportOct.pdf,SKIPPED,EXISTS,0.00s
12286613.pdf,SKIPPED,EXISTS,0.00s
13DeterminationofMeanVelocityandDischarge – копія.pdf,SKIPPED,EXISTS,0.00s
13DeterminationofMeanVelocityandDischarge.pdf,SKIPPED,EXISTS,0.00s
13_14.pdf,SKIPPED,EXISTS,0.00s
13_AK-8-4-25ImpactsofClimateVariabilityonHydrologicalExtremes-DroughtsandFloodsinaChangingClimate.pdf,SKIPPED,EXISTS,0.00s
14-EQ35-2-Ghouri+et+al_149-159.pdf,SKIPPED,EXISTS,0.00s
14844-24642-1-SM.pdf,SKIPPED,EXISTS,0.00s
14856-1-27736-1-10-20150813.pdf,SKIPPED,EXISTS,0.00s
14IJAERS-DEC-2017-18-ForecastingofSuspendedSediment1 – копія.pdf,SKIPPED,EXISTS,0.00s
14IJAERS-DEC-2017-18-ForecastingofSuspendedSediment1.pdf,SKIPPED,EXISTS,0.00s
151239.pdf,SKIPPED,EXISTS,0.00s
15566.06-17-30-361-10-H04_Hipsey_2013_v6CORR.pdf,SKIPPED,EXISTS,0.00s
1584.pdf,SKIPPED,EXISTS,0.00s
"16,1603+VTM+__compressed-1.pdf",SKIPPED,EXISTS,0.00s
16_3_17.pdf,SKIPPED,EXISTS,0.00s
16_Daide_Beht_EEET_2022_1.pdf,SKIPPED,EXISTS,0.00s
16_RS_Object_Based.pdf,SKIPPED,EXISTS,0.00s
1706_1566915685.pdf,SKIPPED,EXISTS,0.00s
173-ResearchInstrument-673-1-10-20231016.pdf,SKIPPED,EXISTS,0.00s
173940.pdf,SKIPPED,EXISTS,0.00s
17783-ArticleText-74399-1-10-20231011.pdf,SKIPPED,EXISTS,0.00s
1807.pdf,SKIPPED,EXISTS,0.00s
180_farahmand-2015.pdf,SKIPPED,EXISTS,0.00s
18144.pdf,SKIPPED,EXISTS,0.00s
184-Article Text-530-1-10-20200117.pdf,SKIPPED,EXISTS,0.00s
1911.00103.pdf,SKIPPED,EXISTS,0.00s
191393_doc.pdf,SKIPPED,EXISTS,0.00s
198-Article Text-323-3-10-20200427.pdf,SKIPPED,EXISTS,0.00s
199939045.pdf,SKIPPED,EXISTS,0.00s
1Deo44423 – копія.pdf,SKIPPED,EXISTS,0.00s
1Deo44423.pdf,SKIPPED,EXISTS,0.00s
1a3623bea4d485d259e1312b76e797c952fa.pdf,SKIPPED,EXISTS,0.00s
1ac12c5c-efa4-46cb-97a6-99cfebd0f283.pdf,SKIPPED,EXISTS,0.00s
2-50-1600669173-24IJASRAUG202024.pdf,SKIPPED,EXISTS,0.00s
2-nagraj-patil-runoff-prediction-e3-session.pdf,SKIPPED,EXISTS,0.00s
2000-TokarMarkus.pdf,SKIPPED,EXISTS,0.00s
2006.11555.pdf,SKIPPED,EXISTS,0.00s
2006Paper11.pdf,SKIPPED,EXISTS,0.00s
2010-WEEINK-MASTER.pdf,SKIPPED,EXISTS,0.00s
20100032014.pdf,SKIPPED,EXISTS,0.00s
20110007292.pdf,SKIPPED,EXISTS,0.00s
2011_ImpactofhumanactivityonstreamflowintheHuaiheRiverBasinChina-analysisandsimulation.pdf,SKIPPED,EXISTS,0.00s
2012133636.pdf,SKIPPED,EXISTS,0.00s
2013-JHE-EffectsofVegetationCoveronHydrologicalProcessesinalargebasin.pdf,SKIPPED,EXISTS,0.00s
20140009993.pdf,SKIPPED,EXISTS,0.00s
20170321_Xie.pdf,SKIPPED,EXISTS,0.00s
20170712_Morning.pdf,SKIPPED,EXISTS,0.00s
2018-front-matter.pdf,SKIPPED,EXISTS,0.00s
20190926TUM-CRBM_paper-TUC-2019_reviewed_Final.pdf,SKIPPED,EXISTS,0.00s
2020-front-matter.pdf,SKIPPED,EXISTS,0.00s
2021.12.23-HYDRO-Paper.pdf,SKIPPED,EXISTS,0.00s
2023GRL-Wang-ChangesInHumanFloodDistance.pdf,SKIPPED,EXISTS,0.00s
2023Warachowska_et_al_JFRM.pdf,SKIPPED,EXISTS,0.00s
20537312.pdf,SKIPPED,EXISTS,0.00s
21042.pdf,SKIPPED,EXISTS,0.00s
2193-2697-3-11.pdf,SKIPPED,EXISTS,0.00s
219_xxxviii-part7a.pdf,SKIPPED,EXISTS,0.00s
22.pdf,SKIPPED,EXISTS,0.00s
220503maket-5-15.pdf,SKIPPED,EXISTS,0.00s
222.pdf,SKIPPED,EXISTS,0.00s
2220-5318-1-SM.pdf,SKIPPED,EXISTS,0.00s
2354.pdf,SKIPPED,EXISTS,0.00s
236412618.pdf,SKIPPED,EXISTS,0.00s
2379.pdf,SKIPPED,EXISTS,0.00s
23_reference.pdf,SKIPPED,EXISTS,0.00s
2401.17759v4.pdf,SKIPPED,EXISTS,0.00s
2402-4438-2-PB.pdf,SKIPPED,EXISTS,0.00s
2511.pdf,SKIPPED,EXISTS,0.00s
26459823.pdf,SKIPPED,EXISTS,0.00s
268-633-1-SM.pdf,SKIPPED,EXISTS,0.00s
2D-HEC-RAS_Modeling_of_Flood_Wave_Propagation_in_a.pdf,SKIPPED,EXISTS,0.00s
2_★sms19_2611_20191220最終.pdf,SKIPPED,EXISTS,0.00s
2df741c2-ee9c-44f1-84f8-5d57e4ae2102.pdf,SKIPPED,EXISTS,0.00s
30.pdf,SKIPPED,EXISTS,0.00s
30531-110581-1-PB.pdf,SKIPPED,EXISTS,0.00s
32f22ccc-d5d4-4d64-afb7-dc07ce860c02.pdf,SKIPPED,EXISTS,0.00s
3341105.3374023.pdf,SKIPPED,EXISTS,0.00s
33449963.pdf,SKIPPED,EXISTS,0.00s
33703_actionplanweb14.06cs1.pdf,SKIPPED,EXISTS,0.00s
34eec009-cc32-445f-9ed4-d3857d805b3e.pdf,SKIPPED,EXISTS,0.00s
35469147.pdf,SKIPPED,EXISTS,0.00s
36-53-Shevchuk-017.pdf,SKIPPED,EXISTS,0.00s
371-Article Text-634-2-10-20240104.pdf,SKIPPED,EXISTS,0.00s
3744743.pdf,SKIPPED,EXISTS,0.00s
37750757.pdf,SKIPPED,EXISTS,0.00s
37773492.pdf,SKIPPED,EXISTS,0.00s
3_disaster_risk_resilience.pdf,SKIPPED,EXISTS,0.00s
4039-Article Text-22695-1-10-20250404.pdf,SKIPPED,EXISTS,0.00s
415-Текст статті-1440-1-10-20180925-1.pdf,SKIPPED,EXISTS,0.00s
415-Текст статті-1440-1-10-20180925.pdf,SKIPPED,EXISTS,0.00s
4165-Article Text-24107-1-10-20250605.pdf,SKIPPED,EXISTS,0.00s
43766ce9-dbf4-4a8a-9578-8b7dea439ffd.pdf,SKIPPED,EXISTS,0.00s
48253_1.pdf,SKIPPED,EXISTS,0.00s
4_Kon.pdf,SKIPPED,EXISTS,0.00s
4ddc1005a9b58ecaff94006c2188dc80da32.pdf,SKIPPED,EXISTS,0.00s
4e8ce6e3c5153970dd2101069163199ec993.pdf,SKIPPED,EXISTS,0.00s
4jan.pdf,SKIPPED,EXISTS,0.00s
50-58-3719-Ansori-July-2023-107 (2).pdf,SKIPPED,EXISTS,0.00s
50-58-3719-Ansori-July-2023-107.pdf,SKIPPED,EXISTS,0.00s
5173984.pdf,SKIPPED,EXISTS,0.00s
52631699.pdf,SKIPPED,EXISTS,0.00s
52752108.pdf,SKIPPED,EXISTS,0.00s
52752374.pdf,SKIPPED,EXISTS,0.00s
52755656.pdf,SKIPPED,EXISTS,0.00s
52755846.pdf,SKIPPED,EXISTS,0.00s
537754032.pdf,SKIPPED,EXISTS,0.00s
53b4a7d946d5da787dddd52eb2df91bb2b9e.pdf,SKIPPED,EXISTS,0.00s
54cb18_eb676847ee5a468aa34df4e6184b8139.pdf,SKIPPED,EXISTS,0.00s
55808192.pdf,SKIPPED,EXISTS,0.00s
5743cdbc79b05.pdf,SKIPPED,EXISTS,0.00s
6-3-19-699.pdf,SKIPPED,EXISTS,0.00s
6-JWC-D-21-00072.pdf,SKIPPED,EXISTS,0.00s
61008633.pdf,SKIPPED,EXISTS,0.00s
61010883.pdf,SKIPPED,EXISTS,0.00s
6695-ArticleText-22735-1-10-20210429.pdf,SKIPPED,EXISTS,0.00s
67b40ee905e06.pdf,SKIPPED,EXISTS,0.00s
686258.pdf,SKIPPED,EXISTS,0.00s
6_FloodForecastingANNFuzzy_JournalofHydrolEngg_Mukerjietal_2009.pdf,SKIPPED,EXISTS,0.00s
6_Kon.pdf,SKIPPED,EXISTS,0.00s
707-Article Text-1819-2-10-20211104.pdf,SKIPPED,EXISTS,0.00s
70738-439555-1-PB.pdf,SKIPPED,EXISTS,0.00s
712.pdf,SKIPPED,EXISTS,0.00s
73f35743675976fd2d8023e3559e67e9e61b.pdf,SKIPPED,EXISTS,0.00s
77b768dc7dd066a685b9ef643192888d.pdf,SKIPPED,EXISTS,0.00s
7_Runoff Analysis using Satellite Data for Regional Flood Assessment - Spatial and Time Series Bias Correction of Satellite Data -.pdf,SKIPPED,EXISTS,0.00s
7_Sina_Alaghmand__Rozi_bin_Abdullah__Ismail_Abustan__Esmaeil_Kordi_&_Behdokht_Vosoogh_OK_FINAL.pdf,SKIPPED,EXISTS,0.00s
803-2719-1-PB.pdf,SKIPPED,EXISTS,0.00s
807-Article Text-1272-1-10-20210717.pdf,SKIPPED,EXISTS,0.00s
86409ab675880095ebeec5902ac5bde1c512.pdf,SKIPPED,EXISTS,0.00s
9-1-509-578.pdf,SKIPPED,EXISTS,0.00s
94_2016-005.pdf,SKIPPED,EXISTS,0.00s
962acf9ce1d0d611d5889a42774455089239.pdf,SKIPPED,EXISTS,0.00s
978-3-030-73569-2.pdf,SKIPPED,EXISTS,0.00s
978-3-031-04129-7.pdf,SKIPPED,EXISTS,0.00s
978-3-031-39675-5.pdf,SKIPPED,EXISTS,0.00s
978-3-89958-758-6.volltext.frei.pdf,SKIPPED,EXISTS,0.00s
9833207.pdf,SKIPPED,EXISTS,0.00s
A GIS-based Hydrologic Model for Flood Prediction and Watershed Management ( PDFDrive ).pdf,SKIPPED,EXISTS,0.00s
A Stormwater Management Model for California Polytechnic State Un.pdf,SKIPPED,EXISTS,0.00s
A Tool for Modeling Phosphate Loading from Hydrologic Runoff using Multi-Criteria Analysis and ( PDFDrive ).pdf,SKIPPED,EXISTS,0.00s
A Tool for Modeling Phosphate Loading from Hydrologic Runoff using Multi-Criteria Analysis and ... ( PDFDrive ).pdf,SKIPPED,EXISTS,0.00s
A flood knowledge-constrained large language model interactable with GIS  enhancing public risk perception of floods.pdf,SKIPPED,EXISTS,0.00s
A hybrid approach for enhanced flood prediction and assessment  Leveraging physical models  deep learning and satellite remote sensing.pdf,SKIPPED,EXISTS,0.00s
A modeling approach for operational flash flood forecasting for small-scale watersheds in central ( PDFDrive ).pdf,SKIPPED,EXISTS,0.00s
A particle-set distributed hydrological model for the dynamic simulation of surface runoff ( PDFDrive ).pdf,SKIPPED,EXISTS,0.00s
A systematic analysis of remote sensing and geographic information system applications for flood disaster risk management.pdf,SKIPPED,EXISTS,0.00s
A wavelet-neural network hybrid modelling approach for estimating and predicting river monthly flows.pdf,SKIPPED,EXISTS,0.00s
A-Deep-Learning-Based-Classifier-for-Remote-Sensing-Images.pdf,SKIPPED,EXISTS,0.00s
A-Framework-on-Fast-Mapping-of-Urban-Flood-Based-on-a-Multi-Objective-Random-Forest-Model.pdf,SKIPPED,EXISTS,0.00s
A-comparative-technical-study-for-estimating-seeped-water-f_2023_Ain-Shams-E.pdf,SKIPPED,EXISTS,0.00s
A-flood-expert-system-using-machine-learning-and-IoT-warning-detection-and-prediction.pdf,SKIPPED,EXISTS,0.00s
A-framework-for-using-event-evolutionary-graphs-to-rapidly-assess-the-vulnerability-of-urban.pdf,SKIPPED,EXISTS,0.00s
A-hybrid-novel-framework-for-flood-disaster-risk-control-in-developing-countries-based-on.pdf,SKIPPED,EXISTS,0.00s
A-smart-sustainable-system-for-flood-damage-management-with-the-application-of-artificial.pdf,SKIPPED,EXISTS,0.00s
ACE_FP_AKAY_BADUNA_YANMAZ.pdf,SKIPPED,EXISTS,0.00s
AI-Powered_Digital_Twin_Framework_for_Land_Use_Change_in_Disaster_Affected_Regions.pdf,SKIPPED,EXISTS,0.00s
AJCC_2015051815491169.pdf,SKIPPED,EXISTS,0.00s
AMAZON_river.pdf,SKIPPED,EXISTS,0.00s
APPLICABILLITY_OF_THE_HEC_HMS_MODEL_IN_A.pdf,SKIPPED,EXISTS,0.00s
ASCEHY.1943-7900_PAPER.pdf,SKIPPED,EXISTS,0.00s
A_Critical_Review_of_Hydrological_Modeli.pdf,SKIPPED,EXISTS,0.00s
A_Dilemma_between_Flood_and_Drought_Management_Cas.pdf,SKIPPED,EXISTS,0.00s
A_Framework_to_Assess_Remote_Sensing_Algorithms_for_Satellite-Based_Flood_Index_Insurance.pdf,SKIPPED,EXISTS,0.00s
A_Global_ETCCDI-Based_Precipitation_Climatology_fr.pdf,SKIPPED,EXISTS,0.00s
A_Model_for_Land_Cover_Ecological_State_Assessment_of_Southern_Ukraine_Based_on_Remote_Data_for_Analyzing_the_Consequences_of_the_Kakhovka_Reservoir_Shallowing.pdf,SKIPPED,EXISTS,0.00s
A_Multi-Input_Convolutional_Neural_Networks_Model_.pdf,SKIPPED,EXISTS,0.00s
A_Neural_Network_Based_Rainfall_Forecast.pdf,SKIPPED,EXISTS,0.00s
A_Novel_Approach_for_Gaussian_Mixture_Model_Clustering_Based_on_Soft_Computing_Method.pdf,SKIPPED,EXISTS,0.00s
A_Rainfall_Model_Based_on_a_Geographically_Weighte.pdf,SKIPPED,EXISTS,0.00s
A_Review_on_Rainfall_Prediction_using_Ma.pdf,SKIPPED,EXISTS,0.00s
A_combined_hydrological_and_hydraulic_modelling_ap.pdf,SKIPPED,EXISTS,0.00s
A_comparative_analysis_of_training_metho (1).pdf,SKIPPED,EXISTS,0.00s
A_comparative_analysis_of_training_metho.pdf,SKIPPED,EXISTS,0.00s
A_comparative_study_of_landslide_susceptibility_ma.pdf,SKIPPED,EXISTS,0.00s
A_comparison_between_artificial_neural_n.pdf,SKIPPED,EXISTS,0.00s
A_comparison_of_artificial_neural_networks_for_pre.pdf,SKIPPED,EXISTS,0.00s
A_conceptual_modeling_of_ecological_grey.pdf,SKIPPED,EXISTS,0.00s
A_coupled_hydrodynamic_HEC-RAS_2D_and_water_qualit.pdf,SKIPPED,EXISTS,0.00s
A_deep_learning_technique_based_flood_propagation_.pdf,SKIPPED,EXISTS,0.00s
A_first_assessment_of_the_effect_of_storm_climate_.pdf,SKIPPED,EXISTS,0.00s
A_historical_flash_flood_chronology_for_Britain.pdf,SKIPPED,EXISTS,0.00s
A_neural_network_approach_for_prediction.pdf,SKIPPED,EXISTS,0.00s
A_new_multi-criteria_framework_to_identify_optimal.pdf,SKIPPED,EXISTS,0.00s
A_novel_approach_for_determining_integrated_water_.pdf,SKIPPED,EXISTS,0.00s
A_novel_hybrid_GIS_-based_multi-criteria_decision-.pdf,SKIPPED,EXISTS,0.00s
A_novel_hybrid_neural_network_based_on_c.pdf,SKIPPED,EXISTS,0.00s
A_novel_simulation-optimization_strategy_for_stoch.pdf,SKIPPED,EXISTS,0.00s
A_numerical_coupled_atmospheric-hydrologic_modelin.pdf,SKIPPED,EXISTS,0.00s
A_rainfall_prediction_model_using_artifi.pdf,SKIPPED,EXISTS,0.00s
A_rainfall_runoff_model_using_artificial.pdf,SKIPPED,EXISTS,0.00s
A_runoff_map_based_on_numerically_simulated_precip.pdf,SKIPPED,EXISTS,0.00s
A_standardised_inventory_for_New_Zealands_stopban.pdf,SKIPPED,EXISTS,0.00s
A_study_of_optimal_model_lag_and_spatial.pdf,SKIPPED,EXISTS,0.00s
Accuracy_evaluation_of_two_high-resolution_satelli.pdf,SKIPPED,EXISTS,0.00s
Adapting the SCS Method for Estimating Runoff in Shallow Water Ta.pdf,SKIPPED,EXISTS,0.00s
Adaptive_Predicting_of_Weather_Forecasti.pdf,SKIPPED,EXISTS,0.00s
Adesina-Interagencydeploymentofasharedlowcostfloodmonitoringsystem.pdf,SKIPPED,EXISTS,0.00s
Adilah_2019_IOP_Conf._Ser.__Earth_Environ._Sci._244_012014.pdf,SKIPPED,EXISTS,0.00s
Adjustment Computations_ Spatial Data Analysis ( PDFDrive ).pdf,SKIPPED,EXISTS,0.00s
AdoptingSentinel-1SARDataforFloodMappingACaseStudyofBornoStateNortheasternNigeria.pdf,SKIPPED,EXISTS,0.00s
Advanced_Hydro-Informatic_Modeling_Through_Feedforward_Neural_Network_Federated_Learning_and_Explainable_AI_for_Enhancing_Flood_Prediction.pdf,SKIPPED,EXISTS,0.00s
"Advances in Photogrammetry, Remote Sensing and Spatial Information Sciences_ 2008 ISPRS Congress Book (International Society for Photogrammetry and Remote Sensing (Isprs.pdf",SKIPPED,EXISTS,0.00s
"Advances in Remote Sensing and Geo Informatics Applications_ Proceedings of the 1st Springer Conference of the Arabian Journal of Geosciences (CAJG-1), Tunisia 2018 ( PD.pdf",SKIPPED,EXISTS,0.00s
AdvancesinRemoteSensingandGeoInforIndusBasinGroundwater.pdf,SKIPPED,EXISTS,0.00s
Afloodforecastingneuralnetworkmodelwithgeneticalgorithm.pdf,SKIPPED,EXISTS,0.00s
Agashua_2023_IOP_Conf._Ser.__Earth_Environ._Sci._1178_012022.pdf,SKIPPED,EXISTS,0.00s
Agent-based_simulator_of_dynamic_flood-people_inte.pdf,SKIPPED,EXISTS,0.00s
Ahmadi_2025_Environ._Res._Commun._7_065031.pdf,SKIPPED,EXISTS,0.00s
Alleviation-of-the-transients-induced-in-large-photovol_2023_Ain-Shams-Engin.pdf,SKIPPED,EXISTS,0.00s
Alrammahi_2022_IOP_Conf._Ser.__Earth_Environ._Sci._1120_012007.pdf,SKIPPED,EXISTS,0.00s
American_Journal_of_Engineering_Research.pdf,SKIPPED,EXISTS,0.00s
An Examination of Distributed Hydrologic Modeling Methods as Comp.pdf,SKIPPED,EXISTS,0.00s
An artificial neural network approach to rainfall-runoff modelling.pdf,SKIPPED,EXISTS,0.00s
An_Artificial_Neural_Network_Model_for_R.pdf,SKIPPED,EXISTS,0.00s
An_Investigation_of_Artificial_Neural_N.pdf,SKIPPED,EXISTS,0.00s
Analisis_Debit_Rencana_Tukad_Unda_Bagian_Hilir_Men.pdf,SKIPPED,EXISTS,0.00s
Analysis Of Semi-Distributed And Global Hydrological Models In Th.pdf,SKIPPED,EXISTS,0.00s
Analysis of the riverbed backscattered signal registered by ADCPs in different bedload transport conditions   field application.pdf,SKIPPED,EXISTS,0.00s
Analysis_of_flood_impacts_on_masonry_structures_an.pdf,SKIPPED,EXISTS,0.00s
Ann NY Acad Sci - 2024 - Rosenzweig - NPCC4  Climate change and New York City s flood risk.pdf,SKIPPED,EXISTS,0.00s
Ann_Back_Propagation_For_Forecasting_And.pdf,SKIPPED,EXISTS,0.00s
Ansori_2023_IOP_Conf._Ser.__Earth_Environ._Sci._1276_012034.pdf,SKIPPED,EXISTS,0.00s
Appendix D Rainfall-runoff model summaries ( PDFDrive ).pdf,SKIPPED,EXISTS,0.00s
Application of Physically Based Semi-Distributed Hec-Hms Model fo.pdf,SKIPPED,EXISTS,0.00s
Application of Satellite-Based Precipitation Estimates to Rainfall-Runoff Modelling in a Data-Scarce ( PDFDrive ).pdf,SKIPPED,EXISTS,0.00s
Application of an Artificial Neural Network in Reactor Thermohydraulic Problem  Prediction of Critical Heat Flux.pdf,SKIPPED,EXISTS,0.00s
Application of satellite remote sensing imagery to bridge scour e.pdf,SKIPPED,EXISTS,0.00s
Application_of_ANN_for_the_Hydrological.pdf,SKIPPED,EXISTS,0.00s
Application_of_Arc-GIS_HEC-GeoHMS_and_HEC-HMS_in_a.pdf,SKIPPED,EXISTS,0.00s
Application_of_Artificial_Neural_Networks_ANNs_for.pdf,SKIPPED,EXISTS,0.00s
Application_of_HEC-HMS_modelling_on_River_Stor (1).pdf,SKIPPED,EXISTS,0.00s
Application_of_HEC-HMS_modelling_on_River_Stor.pdf,SKIPPED,EXISTS,0.00s
Application_of_HEC_HMS_RAS_and_GIS_Tools.pdf,SKIPPED,EXISTS,0.00s
Application_of_Standard_Models_and_Artif.pdf,SKIPPED,EXISTS,0.00s
Application_of_artificial_neural_network.pdf,SKIPPED,EXISTS,0.00s
Application_of_remote_sensing_and_Geogra.pdf,SKIPPED,EXISTS,0.00s
Application_of_the_HEC_HMS_model_for_run.pdf,SKIPPED,EXISTS,0.00s
ApplicationofSoilConservationServiceCurveNumberMethodforRunoffEstimationinSebouWatershedMorocco.pdf,SKIPPED,EXISTS,0.00s
Applications of TRMM-based Multi-satellite Precipitation ( PDFDrive ).pdf,SKIPPED,EXISTS,0.00s
Applied_methodology_based_on_HEC-HMS_for_reservoir.pdf,SKIPPED,EXISTS,0.00s
Armain_2021_IOP_Conf._Ser.__Earth_Environ._Sci._646_012046.pdf,SKIPPED,EXISTS,0.00s
Art. 5 Rev-5.pdf,SKIPPED,EXISTS,0.00s
ArticleFloodHazardMapping_IJTE.pdf,SKIPPED,EXISTS,0.00s
Article_18_Calibration_Verification_and.pdf,SKIPPED,EXISTS,0.00s
Artificial neural network approach to flood forecasting in the River Arno.pdf,SKIPPED,EXISTS,0.00s
Artificial neural networks and high and low flows in various climate regimes.pdf,SKIPPED,EXISTS,0.00s
Artificial neural networks as rainfall-runoff models.pdf,SKIPPED,EXISTS,0.00s
Artificial neural networks for sheet sediment transport.pdf,SKIPPED,EXISTS,0.00s
ArtificialNeuralNetworkModelforRainfall-Runoff.pdf,SKIPPED,EXISTS,0.00s
Artificial_Neural_Network_Methods_Applie.pdf,SKIPPED,EXISTS,0.00s
Artificial_Neural_Network_Model_for_Prediction_of_.pdf,SKIPPED,EXISTS,0.00s
Artificial_Neural_Network_Model_for_Rain.pdf,SKIPPED,EXISTS,0.00s
Artificial_Neural_Network_Modeling_for_R.pdf,SKIPPED,EXISTS,0.00s
Artificial_Neural_Network_Modeling_of_Ra.pdf,SKIPPED,EXISTS,0.00s
Artificial_Neural_Network_Modelling_of_F.pdf,SKIPPED,EXISTS,0.00s
Artificial_Neural_Network_Models_for_Rai.pdf,SKIPPED,EXISTS,0.00s
Artificial_Neural_Network_based_Weather.pdf,SKIPPED,EXISTS,0.00s
Artificial_Neural_Network_for_Daily_Wate.pdf,SKIPPED,EXISTS,0.00s
Artificial_Neural_Networks_Based_Daily_R.pdf,SKIPPED,EXISTS,0.00s
Artificial_neural_network_application_in.pdf,SKIPPED,EXISTS,0.00s
Artificial_neural_network_for_precipitat.pdf,SKIPPED,EXISTS,0.00s
Artificial_neural_network_technique_for.pdf,SKIPPED,EXISTS,0.00s
Artificial_neural_networks_for_estimatin.pdf,SKIPPED,EXISTS,0.00s
Asadietal.pdf,SKIPPED,EXISTS,0.00s
Ashenafi_dissertation_2014_online.pdf,SKIPPED,EXISTS,0.00s
AshikIqbal_EffectivenessofDEMsforFloodModeling_jfr3.12937.pdf,SKIPPED,EXISTS,0.00s
Assessing_Greek_small_and_medium-sized_enterprises.pdf,SKIPPED,EXISTS,0.00s
Assessment of interfacial turbulence treatment models for free surface flows.pdf,SKIPPED,EXISTS,0.00s
Assessment_and_prediction_of_flood_hazards_using_s.pdf,SKIPPED,EXISTS,0.00s
Assessment_of_Satellite_and_Radar_Quantitative_Pre.pdf,SKIPPED,EXISTS,0.00s
Assessment_of_Stream_Hydrological_Respon.pdf,SKIPPED,EXISTS,0.00s
Assessment_of_climate_change_impact_on_hydro-clima.pdf,SKIPPED,EXISTS,0.00s
Assessment_of_rainfall-runoff_process_using_Arc-GI.pdf,SKIPPED,EXISTS,0.00s
"Atmospheric and Space Flight Dynamics_ Modeling and Simulation with MATLAB® and Simulink® (Modeling and Simulation in Science, Engineering and Technology) ( PDFDrive ).pdf",SKIPPED,EXISTS,0.00s
Automatic_identification_of_buildings_vulnerable_t.pdf,SKIPPED,EXISTS,0.00s
AutomatingHECRASandLinkingwithParticleSwarm.pdf,SKIPPED,EXISTS,0.00s
Aysa Hanfare thesis.pdf,SKIPPED,EXISTS,0.00s
Ayumi_2023_IOP_Conf._Ser.__Earth_Environ._Sci._1233_012055.pdf,SKIPPED,EXISTS,0.00s
Azizetal_SERRA_offprint.pdf,SKIPPED,EXISTS,0.00s
BLT.23.290243.pdf,SKIPPED,EXISTS,0.00s
Backpropagation_Method_to_Predict_Rainfa.pdf,SKIPPED,EXISTS,0.00s
Basarudin_2014_IOP_Conf._Ser.__Earth_Environ._Sci._18_012084.pdf,SKIPPED,EXISTS,0.00s
Baynes_23430.pdf,SKIPPED,EXISTS,0.00s
Beck_2016-2.pdf,SKIPPED,EXISTS,0.00s
BenKhlifa-Mosbahi2021_Article_ModelingOfRainfall-runoffProce.pdf,SKIPPED,EXISTS,0.00s
Besaw_2010_Journal_of_Hydrology.pdf,SKIPPED,EXISTS,0.00s
Best practice in coastal flood forecasting (PDF 4.71 MB) ( PDFDrive ).pdf,SKIPPED,EXISTS,0.00s
Beyond-flood-hazard-Mapping-the-loss-probability-of-pedestrians-to-improve-risk-estimation.pdf,SKIPPED,EXISTS,0.00s
BookChapter.ID_63857_6x9.pdf,SKIPPED,EXISTS,0.00s
BookofAbstractANASIGG.pdf,SKIPPED,EXISTS,0.00s
C529.pdf,SKIPPED,EXISTS,0.00s
CALIBRATION_ANALYSIS_OF_RAIN_DISCHARGE_MODELING_IN.pdf,SKIPPED,EXISTS,0.00s
COMPARATIVE_ANALYSIS_OF_THE_PERFORMANCE.pdf,SKIPPED,EXISTS,0.00s
Cahyono_2021_IOP_Conf._Ser.__Earth_Environ._Sci._794_012057.pdf,SKIPPED,EXISTS,0.00s
Calibration and Validation of a Regional Climate Model for Pan-Ar.pdf,SKIPPED,EXISTS,0.00s
Can_Satellite_Precipitation_Products_Estimate_Prob.pdf,SKIPPED,EXISTS,0.00s
Can_hydrological_models_benefit_from_using_global_.pdf,SKIPPED,EXISTS,0.00s
Cannon_GPM_2017_Accepted.pdf,SKIPPED,EXISTS,0.00s
Carbon-emission-estimation-at-the-urban-functional-zone-scale-Integrating-multi-source-data.pdf,SKIPPED,EXISTS,0.00s
Cascade_correlation_artificial_neural_ne.pdf,SKIPPED,EXISTS,0.00s
Catani_et_al_2005_Landslides.pdf,SKIPPED,EXISTS,0.00s
Changes_in_flooding_in_the_alpine_catchments_of_th.pdf,SKIPPED,EXISTS,0.00s
Chapter_Springer.pdf,SKIPPED,EXISTS,0.00s
Charlier-HESS-2009_{9B3527A3-2C15-4FA7-843F-A81113233371}.pdf,SKIPPED,EXISTS,0.00s
Check dam layout optimization on the stream network for flood mitigation  surrogate modelling with uncertainty handling.pdf,SKIPPED,EXISTS,0.00s
Ciurte.pdf,SKIPPED,EXISTS,0.00s
Ciurte1.pdf,SKIPPED,EXISTS,0.00s
Climate-change-and-flood-vulnerability-and-community-resilience.pdf,SKIPPED,EXISTS,0.00s
Climate_change_allowances_non-stationarity_and_flo.pdf,SKIPPED,EXISTS,0.00s
Climate_change_impacts_on_flood_peaks_in_Britain_f.pdf,SKIPPED,EXISTS,0.00s
CompStudyHydrology.pdf,SKIPPED,EXISTS,0.00s
Comparative_Performance_Evaluation_of_HEC-HMS_and_.pdf,SKIPPED,EXISTS,0.00s
Comparative_analysis_of_neural_network_t.pdf,SKIPPED,EXISTS,0.00s
Comparative_analysis_of_routed_flood_frequency_for.pdf,SKIPPED,EXISTS,0.00s
Comparative_study_among_different_neural.pdf,SKIPPED,EXISTS,0.00s
Comparing 2D capabilities of HEC-RAS and LISFLOOD-FP on complex topography.pdf,SKIPPED,EXISTS,0.00s
Comparing the Effectiveness of Rain Barrels and Detention Ponds o.pdf,SKIPPED,EXISTS,0.00s
Comparison_of_Different_Analyzing_Techni.pdf,SKIPPED,EXISTS,0.00s
Comparison_of_Rainfall-Runoff_Simulation_between_S.pdf,SKIPPED,EXISTS,0.00s
Comparison_of_different_objective_weighting_method.pdf,SKIPPED,EXISTS,0.00s
Comparison_of_genetic_programming_and_HEC-HMS_as_a.pdf,SKIPPED,EXISTS,0.00s
Comparison_of_neural_network_configurati.pdf,SKIPPED,EXISTS,0.00s
Comparison_of_several_flood_forecasting.pdf,SKIPPED,EXISTS,0.00s
ComparisonofSWATandHECHMSmodelperformanceinsimulatingcatchmentrunoff.pdf,SKIPPED,EXISTS,0.00s
Computer aided Civil Eng - 2024 - Nofal - Community‐level post‐hazard functionality methodology for buildings exposed to.pdf,SKIPPED,EXISTS,0.00s
Conformable-double-Sumudu-transformations-an-efficient-ap_2023_Ain-Shams-Eng.pdf,SKIPPED,EXISTS,0.00s
ConnectionofPrivateRemoteSensingMarketwith.pdf,SKIPPED,EXISTS,0.00s
Continuous_Soil_Moisture_Accounting_in_t.pdf,SKIPPED,EXISTS,0.00s
Country-wide_flood_exposure_analysis_using_Sentine.pdf,SKIPPED,EXISTS,0.00s
Coupling_a_land_surface_model_with_a_hydrodynamic_.pdf,SKIPPED,EXISTS,0.00s
Critical_flows_in_semi-alluvial_channels_during_ex.pdf,SKIPPED,EXISTS,0.00s
Cullmann2006.pdf,SKIPPED,EXISTS,0.00s
Customising_flood_damage_functions_to_estimate_the.pdf,SKIPPED,EXISTS,0.00s
D8C460F38071.pdf,SKIPPED,EXISTS,0.00s
DEVELOPMENTOFINUNDATIONMAPFORHYPOTHETICALASADAMBREAKUSINGHEC-RASANDARCGIS.pdf,SKIPPED,EXISTS,0.00s
DEVELOPMENT_OF_HYDROLOGICAL_MODELLING_USING_HEC-HM.pdf,SKIPPED,EXISTS,0.00s
Dahl_SedHyd2023_RainOnSnow.pdf,SKIPPED,EXISTS,0.00s
Daily_streamflow_forecasting_using_artif.pdf,SKIPPED,EXISTS,0.00s
DamBreachModeling.pdf,SKIPPED,EXISTS,0.00s
Data quality and uncertainty issues in flood prediction  a systematic review.pdf,SKIPPED,EXISTS,0.00s
Data-driven-typhoon-case-retrieval-method-based-on-spatiotemporal-trajectory-similarity-and.pdf,SKIPPED,EXISTS,0.00s
Data_Mining_Based_on_Neural_Networks_for.pdf,SKIPPED,EXISTS,0.00s
DeepSAR Flood Mapper  global flood mapping on google earth engine cloud platform using MLP deep learning model with Sentinel-1 SAR imagery and HAND to.pdf,SKIPPED,EXISTS,0.00s
DeepSARFlood-Rapid-and-automated-SAR-based-flood-inundation-mapping-using-vision-transformer.pdf,SKIPPED,EXISTS,0.00s
Delineasi_DAS_dan_Elemen_Model_Hidrologi_Menggunak.pdf,SKIPPED,EXISTS,0.00s
Delineation_of_flood-prone_areas_in_cliffed_coasta.pdf,SKIPPED,EXISTS,0.00s
Depression threshold control proxy to improve HEC-HMS modeling of depression-dominated watersheds.pdf,SKIPPED,EXISTS,0.00s
Depth-damage_curves_for_rail_rapid_transit_infrast.pdf,SKIPPED,EXISTS,0.00s
Desensitised flood risk perception to extensive disasters in a marginalised urban kampong in Indonesia.pdf,SKIPPED,EXISTS,0.00s
Designing_a_Multistage_Flood_Control_Cha.pdf,SKIPPED,EXISTS,0.00s
Determination_and_application_of_the_wei.pdf,SKIPPED,EXISTS,0.00s
DeterminationofFloodRiskUsingHEC-RASCaseStudyLowerSakaryaRiverTurkey.pdf,SKIPPED,EXISTS,0.00s
Developing_a_GIS_and_SEA_based_Methodolo.pdf,FAIL,HTTP_500,11.48s
Development of a novel hybrid multi-boosting neural network model for spatial prediction of urban flood.pdf,SKIPPED,EXISTS,0.00s
Development_and_Analysis_of_Artificial_N.pdf,SKIPPED,EXISTS,0.00s
Development_of_Feature_Based_Artificial.pdf,SKIPPED,EXISTS,0.00s
Development_of_a_new_rainfall-triggering_index_of_.pdf,SKIPPED,EXISTS,0.00s
Development_of_an_ANN_Based_Model_for_Fo.pdf,SKIPPED,EXISTS,0.00s
Discharge_prediction_of_circular_and_rec.pdf,SKIPPED,EXISTS,0.00s
Dissertation_Latt.pdf,SKIPPED,EXISTS,0.00s
Distributed storage modeling in Soap Creek for flood control and.pdf,SKIPPED,EXISTS,0.00s
Documento_completo.pdf-PDFA.pdf,SKIPPED,EXISTS,0.00s
Downward model development of the soil moisture accounting loss m.pdf,SKIPPED,EXISTS,0.00s
Drake2009JournalofHydrology.pdf,SKIPPED,EXISTS,0.00s
Duration_Rainfall_Forecasting_Modeling_T.pdf,SKIPPED,EXISTS,0.00s
EJSR_130_1_04_finale.pdf,SKIPPED,EXISTS,0.00s
EL-TN-10-3.pdf,SKIPPED,EXISTS,0.00s
ERDC-TN-EMRRP-EBA-08.pdf,SKIPPED,EXISTS,0.00s
EWRI_2019_CE572_rainfall_Runoff_modelling.pdf,SKIPPED,EXISTS,0.00s
EXHIBIT A #3013EURIZON_Prof. Osypov.pdf,SKIPPED,EXISTS,0.00s
Early_Recognition_of_Rainfall_to_Plan_an.pdf,SKIPPED,EXISTS,0.00s
Earth s Future - 2023 - Gleick - Rivers and Water Systems as Weapons and Casualties of the Russia‐Ukraine War.pdf,SKIPPED,EXISTS,0.00s
Earth s Future - 2025 - Chuphal - Multi‐Day Extreme Precipitation Caused Major Floods in India During Summer Monsoon of.pdf,SKIPPED,EXISTS,0.00s
"Ecological Safety and Balanced Use of Resources,_Vol._16,_No._1,_2025-76-88.pdf",SKIPPED,EXISTS,0.00s
Ecological_Assessment_and_Operational_Ef.pdf,SKIPPED,EXISTS,0.00s
Effect_of_climate_change_and_urbanization_on_flood.pdf,SKIPPED,EXISTS,0.00s
Effectiveness_of_an_adaptive_flood_management_stra.pdf,SKIPPED,EXISTS,0.00s
Effects of tributary floodplain on confluence hydrodynamics.pdf,SKIPPED,EXISTS,0.00s
Effects_of_floods_on_infrastructure_users_in_Kenya.pdf,SKIPPED,EXISTS,0.00s
Effects_of_relative_submergence_and_bed_slope_on_s.pdf,SKIPPED,EXISTS,0.00s
EmployingDigitalElevationModelDEMforFloodplainmappingwithapplicationsofHEC-HMSHEC-RASandArcGISAReview.pdf,SKIPPED,EXISTS,0.00s
Enea_et.al-JEPE_2018.pdf,SKIPPED,EXISTS,0.00s
Enhanced_Surface_Water_Flood_Forecasts_User-led_De.pdf,SKIPPED,EXISTS,0.00s
Enhancement-of-PV-performance-by-using-hybrid-TLB_2023_Ain-Shams-Engineering.pdf,SKIPPED,EXISTS,0.00s
Enhancing flood susceptibility mapping in Meghna River basin by introducing ensemble Naive Bayes with stacking algorithms.pdf,SKIPPED,EXISTS,0.00s
Enriching_flood_risk_analyses_with_distributions_o.pdf,SKIPPED,EXISTS,0.00s
Entropy-measures-of-Y-junction-based-nanostru_2023_Ain-Shams-Engineering-Jou.pdf,SKIPPED,EXISTS,0.00s
Eryani_2021_IOP_Conf._Ser.__Earth_Environ._Sci._930_012040.pdf,SKIPPED,EXISTS,0.00s
Estefania Carmen Aroca Jimenez.pdf,SKIPPED,EXISTS,0.00s
Estimating-elements-susceptible-to-urban-flooding-using-multisource-data-and-machine-learning.pdf,SKIPPED,EXISTS,0.00s
Estimation  forecasting and extrapolation of river flows by artificial neural networks.pdf,SKIPPED,EXISTS,0.00s
Estimation of hydrogeological parameters using physically based hydrological modelling and lithology data in ungauged creek catchments of southern Tai.pdf,SKIPPED,EXISTS,0.00s
Estimation_of_Bed_Shear_Stress_in_Shallow_Transiti.pdf,SKIPPED,EXISTS,0.00s
Estimation_of_Friction_Factor_in_Pipe_Flow_Using_A.pdf,SKIPPED,EXISTS,0.00s
Estimation_of_extreme_rainfall_quantiles_at_ungaug.pdf,SKIPPED,EXISTS,0.00s
Estimation_of_flood_risk_exposure_with_c.pdf,SKIPPED,EXISTS,0.00s
Evaluating the performance of HBV  HEC-HMS and ANN models in simulating streamflow for a data scarce high-humid tropical catchment in Tanzania.pdf,SKIPPED,EXISTS,0.00s
Evaluating_learning_spaces_in_flood_risk_managemen.pdf,SKIPPED,EXISTS,0.00s
Evaluating_targeted_heuristics_for_vulnerability_a.pdf,SKIPPED,EXISTS,0.00s
Evaluation_of_HEC_HMS_and_WEPP_for_simul.pdf,SKIPPED,EXISTS,0.00s
Evaluation_of_Land_Development_Impact_on.pdf,SKIPPED,EXISTS,0.00s
Evaluation_of_evacuation_difficulty_of_urban_resid.pdf,SKIPPED,EXISTS,0.00s
Evaluation_of_prediction_capability_of_t.pdf,SKIPPED,EXISTS,0.00s
Evaluation_of_satellite_precipitation_products_usi.pdf,SKIPPED,EXISTS,0.00s
Evaluation_of_the_implications_of_ice-jam_flood_mi.pdf,SKIPPED,EXISTS,0.00s
Ewme-ICE1998.pdf,SKIPPED,EXISTS,0.00s
ExperimentalandNumericalModellingofWaterWavesinSewerNetworksDuringSewer_SurfaceFlowInteractionUsingaCoupledODE-SWEsolver-JOURNALFLOODRISKMANAGEMENT.pdf,SKIPPED,EXISTS,0.00s
ExperimentalstudiesandmodeldevelopmentofflowoverArchedLabyrinthWeirsusingGMDHmethod.pdf,SKIPPED,EXISTS,0.00s
Exploring_the_role_of_the_long_short-term_memory_m.pdf,SKIPPED,EXISTS,0.00s
Extreme_flood_reconstruction_by_using_th.pdf,SKIPPED,EXISTS,0.00s
FINAL_PUBLISHED_on_Line_8-7-14.pdf,SKIPPED,EXISTS,0.00s
FLOODrisk2020_fullpaper_Guta.pdf,SKIPPED,EXISTS,0.00s
FOSS4G-IndiaA4-format-2015_HydroTool.pdf,SKIPPED,EXISTS,0.00s
Falaschietal2009t.pdf,SKIPPED,EXISTS,0.00s
Farakid_Ubaid_Kazim_Al-Masoudi_2021_J._Phys.__Conf._Ser._1818_012001.pdf,SKIPPED,EXISTS,0.00s
Fatihah_Nor_Azlan_Shah_2022_IOP_Conf._Ser.__Earth_Environ._Sci._1022_012070.pdf,SKIPPED,EXISTS,0.00s
Fernando - Combined Sewer Overflow.pdf,SKIPPED,EXISTS,0.00s
Flood Forecasting Using Artificial Neural Networks in Black-Box a.pdf,SKIPPED,EXISTS,0.00s
Flood Frequence Analysis of Big Akaki River.pdf,SKIPPED,EXISTS,0.00s
"Flood Hydrograph Modelıng Studıes By Usıng Gıs And Hec-Hms For Dakar, Senegal.pdf",SKIPPED,EXISTS,0.00s
Flood Modeling of Jemo  River Catchment of Addis Ababa City.pdf,SKIPPED,EXISTS,0.00s
Flood hazard analysis and risk assessment using remote sensing  GIS  and AHP techniques  a case study of the Gidabo Watershed  main Ethiopian Rift  Et.pdf,SKIPPED,EXISTS,0.00s
Flood hazards in an urbanizing watershed in Riyadh  Saudi Arabia.pdf,SKIPPED,EXISTS,0.00s
Flood modelling using the distributed event-based SCS-LR model in the Mediterranean Real Collobrier catchment (1).pdf,SKIPPED,EXISTS,0.00s
Flood modelling using the distributed event-based SCS-LR model in the Mediterranean Real Collobrier catchment.pdf,SKIPPED,EXISTS,0.00s
Flood risk and shelter suitability mapping using geospatial technique for sustainable urban flood management  a case study in Palembang city  South Su.pdf,SKIPPED,EXISTS,0.00s
Flood risk modelling by the synergistic approach of machine learning and best-worst method in Indus Kohistan  Western Himalaya.pdf,SKIPPED,EXISTS,0.00s
Flood susceptibility mapping in the Yom River Basin  Thailand  stacking ensemble learning using multi-year flood inventory data.pdf,SKIPPED,EXISTS,0.00s
Flood susceptibility mapping using supervised machine learning models  insights into predictors  significance and models  performance.pdf,SKIPPED,EXISTS,0.00s
Flood-After-Fire_California-Toolkit_September-2020-2.pdf,SKIPPED,EXISTS,0.00s
Flood-landslides-forest-fire-and-earthquake-susceptibility-maps-using-machine-learning-techniques.pdf,SKIPPED,EXISTS,0.00s
Flood-potential-mapping-by-integrating-the-bivariate-statistics-multi-criteria-decision-making.pdf,SKIPPED,EXISTS,0.00s
Flood-susceptibility-assessment-of-the-Agartala-Urban-Watershed-India-using-Machine-Learning.pdf,SKIPPED,EXISTS,0.00s
Flood-susceptible-prediction-through-the-use-of-geospatial-variables-and-machine-learning.pdf,SKIPPED,EXISTS,0.00s
FloodEstimation.pdf,SKIPPED,EXISTS,0.00s
FloodModeling05.pdf,SKIPPED,EXISTS,0.00s
FloodModellingandInundationMappingofMeenachilRiverUsingHEC-RASandHEC-HMSSoftware.pdf,SKIPPED,EXISTS,0.00s
FloodNet-Lite_A_Lightweight_Deep_Learning_for_Flood_Mapping_Using_Remote_Sensing_Data_With_Optimized_UNet_and_Edge_Deployment_Approach_in_6G.pdf,SKIPPED,EXISTS,0.00s
Flood_Analysis_Using_HEC-RAS_and_HEC-HMS_A_Case_St.pdf,SKIPPED,EXISTS,0.00s
Flood_Early_Warning_and_Risk_Modelling.pdf,SKIPPED,EXISTS,0.00s
Flood_Extent_Mapping_An_Integrated_Method_Using_Deep_Learning_and_Region_Growing_Using_UAV_Optical_Data.pdf,SKIPPED,EXISTS,0.00s
Flood_Extent_Mapping_in_the_Caprivi_Floodplain_Using_Sentinel-1_Time_Series.pdf,SKIPPED,EXISTS,0.00s
Flood_Forecasting_for_Klang_River_at_Kuala_Lumpur_.pdf,SKIPPED,EXISTS,0.00s
Flood_Prediction_Model_using_Artificial_Neural_Net.pdf,SKIPPED,EXISTS,0.00s
Flood_extent_delineation_using_Sentinel.pdf,SKIPPED,EXISTS,0.00s
Flood_forecasting_methods_for_a_semi-arid_and_semi.pdf,SKIPPED,EXISTS,0.00s
Flood_frequency_analysis_of_Manas_River_Basin_in_C.pdf,SKIPPED,EXISTS,0.00s
Flood_hazard_modelling_and_risk_assessment_in_the_Nadi_River_Basin_Fiji_using_GIS_and_MCDA.pdf,SKIPPED,EXISTS,0.00s
Flood_modelling_of_Air_Bengkulu_Watershed_Indonesi.pdf,SKIPPED,EXISTS,0.00s
Flood_modelling_using_Artificial_Neural.pdf,SKIPPED,EXISTS,0.00s
Flood_risk_and_residential_real-estate_prices_Evid.pdf,SKIPPED,EXISTS,0.00s
Flood_risk_management_and_governance_A_bibliometri.pdf,SKIPPED,EXISTS,0.00s
Flood_risk_research_for_improving_flood_risk_outco.pdf,SKIPPED,EXISTS,0.00s
Flood_susceptibility_assessment_for_ungauged_sites.pdf,SKIPPED,EXISTS,0.00s
Flood_water_level_modelling_and_predicti.pdf,SKIPPED,EXISTS,0.00s
Flooded area detection and mapping from Sentinel-1 imagery. Complementary approaches and comparative performance evaluation.pdf,SKIPPED,EXISTS,0.00s
Flooded_and_Irrigation_Area_Monitoring_After_the_Kakhovka_Dam_Disaster_Based_on_Machine_Learning_and_Satellite_Data.pdf,SKIPPED,EXISTS,0.00s
Flooding_time_nomograph_for_urban_river_flood_pred.pdf,SKIPPED,EXISTS,0.00s
Floodinundationmapping_Cauvery.pdf,SKIPPED,EXISTS,0.00s
Floods_Impact_on_Cities_Critical_Infrastructure_A_Case_Study_on_Dubai.pdf,SKIPPED,EXISTS,0.00s
Flow_Discharge_Determination_In_Straight.pdf,SKIPPED,EXISTS,0.00s
Forecasting_Rainfall_Distribution_Using.pdf,SKIPPED,EXISTS,0.00s
Forecasting_reservoir_water_level_based.pdf,SKIPPED,EXISTS,0.00s
Formulae_of_Sediment_Transport_in_Steady_Flows_Par (1).pdf,SKIPPED,EXISTS,0.00s
Formulae_of_Sediment_Transport_in_Steady_Flows_Par.pdf,SKIPPED,EXISTS,0.00s
Formulae_of_Sediment_Transport_in_Unsteady_Flows_P.pdf,SKIPPED,EXISTS,0.00s
Fractal_Characteristic_Analysis_of_Watershed_as_Va.pdf,SKIPPED,EXISTS,0.00s
FrontPageAMIWRE-2021.pdf,SKIPPED,EXISTS,0.00s
Full Thesis (1).pdf,SKIPPED,EXISTS,0.00s
Full Thesis (2).pdf,SKIPPED,EXISTS,0.00s
Full Thesis.pdf,SKIPPED,EXISTS,0.00s
Full_Length_Research_Article_ASSESSMENT.pdf,SKIPPED,EXISTS,0.00s
GEP_2025 Winter_Vol 35_Issue 4_Pages 1-18.pdf,SKIPPED,EXISTS,0.00s
GIS_hydrological_models_for_managing_wat.pdf,SKIPPED,EXISTS,0.00s
GJESM_Volume 5_Issue 1_Pages 1-16.pdf,SKIPPED,EXISTS,0.00s
GJESM_Volume 5_Issue 2_Pages 139-154.pdf,SKIPPED,EXISTS,0.00s
GJESM_Volume 5_Issue 4_Pages 399-414.pdf,SKIPPED,EXISTS,0.00s
GMDH-type_neural_network_approach_for_modeling_the_discharge_coefficient_of.pdf,SKIPPED,EXISTS,0.00s
GSchoener_Impervious_AcceptedManuscript.pdf,SKIPPED,EXISTS,0.00s
Gao_2018_IOP_Conf._Ser.__Earth_Environ._Sci._178_012002.pdf,SKIPPED,EXISTS,0.00s
General shallow water equations  GSWEs .pdf,SKIPPED,EXISTS,0.00s
GeoHealth - 2025 - Sairam - Health‐Related Quality of Life and Everyday Functioning in the Flood‐Affected Population in.pdf,SKIPPED,EXISTS,0.00s
GeoTerrace-2023-012.pdf,SKIPPED,EXISTS,0.00s
GeoTerrace-2023-025.pdf,SKIPPED,EXISTS,0.00s
GeoTerrace-2023-052.pdf,SKIPPED,EXISTS,0.00s
GeoTerrace-2023-071.pdf,SKIPPED,EXISTS,0.00s
GeoTerrace-2023-105.pdf,SKIPPED,EXISTS,0.00s
Geographic Information System and Remote Sensing Applications in Flood Hazards Management A Review.pdf,SKIPPED,EXISTS,0.00s
Geohazards_Rasgharib2.pdf,SKIPPED,EXISTS,0.00s
Geoinformation-mapping-of.pdf,SKIPPED,EXISTS,0.00s
Geophysical Research Letters - 2025 - Petry - Changes in Flood Magnitude and Frequency Projected for Vulnerable Regions and.pdf,SKIPPED,EXISTS,0.00s
Geophysical Research Letters - 2025 - Simoes‐Sousa - The May 2024 Flood Disaster in Southern Brazil  Causes  Impacts  and.pdf,SKIPPED,EXISTS,0.00s
Geospatial_Flood_Inundation_Modelling_an.pdf,SKIPPED,EXISTS,0.00s
Geoterrace-2022-064.pdf,SKIPPED,EXISTS,0.00s
Geoterrace-2022-066.pdf,SKIPPED,EXISTS,0.00s
Gessang_2020_IOP_Conf._Ser.__Mater._Sci._Eng._930_012080.pdf,SKIPPED,EXISTS,0.00s
Going_home_for_tea_and_medals_How_members_of_the_f.pdf,SKIPPED,EXISTS,0.00s
Gorbachova_263.pdf,SKIPPED,EXISTS,0.00s
"Grimaldos Mojica, Manuel Alejandro - 2014.pdf",SKIPPED,EXISTS,0.00s
Grimm_ndsu_0157D_12211.pdf,SKIPPED,EXISTS,0.00s
Gunawan_2021_IOP_Conf._Ser.__Earth_Environ._Sci._871_012033.pdf,SKIPPED,EXISTS,0.00s
Gunawan_2021_IOP_Conf._Ser.__Mater._Sci._Eng._1173_012021.pdf,SKIPPED,EXISTS,0.00s
HEC-HMS_based_rainfall-runoff_model_for_Punpun_riv.pdf,SKIPPED,EXISTS,0.00s
HYDROLOGICAL_AND_HYDROGEOLOGICAL_CONSEQUENCES_.pdf,SKIPPED,EXISTS,0.00s
Hanan_2020_IOP_Conf._Ser.__Earth_Environ._Sci._426_012019.pdf,SKIPPED,EXISTS,0.00s
Handayani_2023_IOP_Conf._Ser.__Earth_Environ._Sci._1134_012017.pdf,SKIPPED,EXISTS,0.00s
Haris_2016_IOP_Conf._Ser.__Earth_Environ._Sci._32_012022.pdf,SKIPPED,EXISTS,0.00s
Hassan_2023_IOP_Conf._Ser.__Earth_Environ._Sci._1135_012021.pdf,SKIPPED,EXISTS,0.00s
Heterogeneous_Data_Fusion_Methods_for_Di.pdf,SKIPPED,EXISTS,0.00s
Heterogeneous_Dynamic_Graph_Convolutional_Networks_for_Enhanced_Spatiotemporal_Flood_Forecasting_by_Remote_Sensing.pdf,SKIPPED,EXISTS,0.00s
Dependence of annual runoff coefficient.pdf,FAIL,HTTP_500,14.81s
Hilletal.2023.pdf,SKIPPED,EXISTS,0.00s
HimalDoc2016_Hydrological-Response-and-Reservoir-Operation-Strategy-under-Climate-Change-A-Case-Study-of-Simly-Dam-By-Zubair-Hafeez.pdf,SKIPPED,EXISTS,0.00s
HimalDoc2018_Hydrological_Response_to_Climate_Change.pdf,SKIPPED,EXISTS,0.00s
Hu_2019_IOP_Conf._Ser.__Earth_Environ._Sci._267_032050.pdf,SKIPPED,EXISTS,0.00s
Huang_2019_IOP_Conf._Ser.__Earth_Environ._Sci._344_012117.pdf,SKIPPED,EXISTS,0.00s
Humphreyetal2016JoHHybridANNRG.pdf,SKIPPED,EXISTS,0.00s
Characterising the regional growth of o.pdf,FAIL,HTTP_500,18.12s
Hydroecological_approach_for_determining.pdf,SKIPPED,EXISTS,0.00s
Hydrologic_Data_Exploration_and_River_Fl.pdf,SKIPPED,EXISTS,0.00s
Hydrologic_modeling_of_the_Aliakmon_River_in_Greec.pdf,SKIPPED,EXISTS,0.00s
Hydrological Impact of Beaver Habitat Restoration in the Milwauke.pdf,SKIPPED,EXISTS,0.00s
Hydrological assessment of proposed reservoirs in the Sonora River Basin  Mexico  under historical and future climate scenarios.pdf,SKIPPED,EXISTS,0.00s
Hydrological_Analysis_by_Artificial_Neur.pdf,SKIPPED,EXISTS,0.00s
Hydrological_Analysis_with_Respect_to_Sp.pdf,SKIPPED,EXISTS,0.00s
Hydrological_Modelling_Studies_of_Paravar_River_Ba.pdf,SKIPPED,EXISTS,0.00s
Hydrological_Models_and_Artificial_Neura.pdf,SKIPPED,EXISTS,0.00s
Hydrological_and_Hydrodynamic_Modeling_for_Flash_F.pdf,SKIPPED,EXISTS,0.00s
Hydrological_forecast_in_Macae_river_bas.pdf,SKIPPED,EXISTS,0.00s
HydrologicalmodellingofBhagirathiRiverbasinusingHECHMS.pdf,SKIPPED,EXISTS,0.00s
ICTERI-2015-CEUR-WS-Volume.pdf,SKIPPED,EXISTS,0.00s
IJH-03-00209.pdf,SKIPPED,EXISTS,0.00s
IJH-06-00296.pdf,SKIPPED,EXISTS,0.00s
IJIAS-14-268-04.pdf,SKIPPED,EXISTS,0.00s
IJIAS-18-203-18.pdf,SKIPPED,EXISTS,0.00s
IJITK03-2.pdf,SKIPPED,EXISTS,0.00s
IOSR_Journal_of_Engineering_IOSR_JEN_Vol.pdf,SKIPPED,EXISTS,0.00s
IRJET_A_Review_on_Rainfall_Prediction_us.pdf,SKIPPED,EXISTS,0.00s
IRJMETS312000668802.pdf,SKIPPED,EXISTS,0.00s
ITM-2016.pdf,SKIPPED,EXISTS,0.00s
Ibrahim-Bathis-Rainfall-runoffmodelling.pdf,SKIPPED,EXISTS,0.00s
Identification_of_flood-prone_areas_with_GeoFlood_.pdf,SKIPPED,EXISTS,0.00s
Identification_of_floodwater_source_areas_in_Nepal.pdf,SKIPPED,EXISTS,0.00s
Identification_of_physical_processes_inh.pdf,SKIPPED,EXISTS,0.00s
Identifying_critical_risk_factors_and_responses_of.pdf,SKIPPED,EXISTS,0.00s
Identifying_tree_characteristics_to_determine_the_.pdf,SKIPPED,EXISTS,0.00s
Ikhwanudin_2020_J._Phys.__Conf._Ser._1625_012041.pdf,SKIPPED,EXISTS,0.00s
Impact_Assessment_of_Flood_Events_Based_on_Multisource_Satellite_Remote_Sensing_The_Case_of_Kahovka_Dam.pdf,SKIPPED,EXISTS,0.00s
Impact_of_hydraulic_model_resolution_and_loss_of_l.pdf,SKIPPED,EXISTS,0.00s
Improving neural network for flood forecasting using radar data on the Upper Ping River.pdf,SKIPPED,EXISTS,0.00s
High-resolution modelling of the grass .pdf,FAIL,HTTP_500,12.30s
Improving_Flood_Forecasts_capability_of_Taihang_Pi.pdf,SKIPPED,EXISTS,0.00s
Improving_flash_flood_risk_assessment_using_a_simp.pdf,SKIPPED,EXISTS,0.00s
Improving_hydrological_climate_impact_assessments_.pdf,SKIPPED,EXISTS,0.00s
Improving_representation_of_collective_memory_in_s.pdf,SKIPPED,EXISTS,0.00s
Increasing_Prediction_Accuracy_with_the.pdf,SKIPPED,EXISTS,0.00s
Indrawan_2018_J._Phys.__Conf._Ser._978_012036.pdf,SKIPPED,EXISTS,0.00s
Inflow_Forecast_of_Iranamadu_Reservoir_S.pdf,SKIPPED,EXISTS,0.00s
InfluenceAnalysisofPeakRateFactor.pdf,SKIPPED,EXISTS,0.00s
InfluenceDataSources.pdf,SKIPPED,EXISTS,0.00s
Influenceofverticalmotiononinitiationofsedimentmovement.pdf,SKIPPED,EXISTS,0.00s
Integrated-Sensor-Networking-for-Estimating-Ground-Water-Potential-in-Scanty-Rainfall-Region.pdf,SKIPPED,EXISTS,0.00s
Integrated_approach_to_model_decomposed.pdf,SKIPPED,EXISTS,0.00s
Integrated_flood_management_based_on_Hazard_Analys.pdf,SKIPPED,EXISTS,0.00s
Integration_of_catastrophe_and_entropy_theories_fo.pdf,SKIPPED,EXISTS,0.00s
Intelligent_Prediction_of_Flood_Disaster_Risk_Levels_Based_on_Knowledge_Graph_and_Graph_Neural_Networks.pdf,SKIPPED,EXISTS,0.00s
Inter_comparison_between_retrospective_e.pdf,SKIPPED,EXISTS,0.00s
Hydro_Paper_Review_2021.pdf,FAIL,HTTP_500,11.73s
InternationalConferenceonInnovativeAdvancementinEngineeringandTechnologyIAET-2020.pdf,SKIPPED,EXISTS,0.00s
International_Conference_on_Technologies.pdf,SKIPPED,EXISTS,0.00s
Investigating Instabilities with HEC-RAS Unsteady Flow Modeling f.pdf,SKIPPED,EXISTS,0.00s
Investigationofflowresistanceinsmoothopenchannelsu.pdf,SKIPPED,EXISTS,0.00s
Is_flood_mitigation_funding_distributed_equitably_.pdf,SKIPPED,EXISTS,0.00s
J Flood Risk Management - 2019 - Stoleriu - Improving flood risk map accuracy using high‐density LiDAR data and the HEC‐RAS.pdf,SKIPPED,EXISTS,0.00s
J Flood Risk Management - 2020 - Ahmadlou - Flood susceptibility mapping and assessment using a novel deep learning model.pdf,SKIPPED,EXISTS,0.00s
J Flood Risk Management - 2020 - Dash - Identification and validation of potential flood hazard area using GIS‐based.pdf,SKIPPED,EXISTS,0.00s
J Flood Risk Management - 2020 - Guo - Data‐driven flood emulation  Speeding up urban flood predictions by deep.pdf,SKIPPED,EXISTS,0.00s
J Flood Risk Management - 2022 - Arash - The assessment for selection and correction of RS‐based DEMs and 1D and 2D HEC‐RAS.pdf,SKIPPED,EXISTS,0.00s
J Flood Risk Management - 2024 - Hamidifar - Using multi‐criteria decision‐making methods in prioritizing structural flood.pdf,SKIPPED,EXISTS,0.00s
J Flood Risk Management - 2024 - Kurugama - A comparative spatial analysis of flood susceptibility mapping using boosting.pdf,SKIPPED,EXISTS,0.00s
J Flood Risk Management - 2024 - Paauw - Recognition of differences in the capacity to deal with floods A cross‐country.pdf,SKIPPED,EXISTS,0.00s
J Flood Risk Management - 2024 - Waleed - Advancing flood susceptibility prediction  A comparative assessment and.pdf,SKIPPED,EXISTS,0.00s
J Flood Risk Management - 2024 - Wiering - Recognising floods  recognising people  Flood risk management in riverfront.pdf,SKIPPED,EXISTS,0.00s
J Flood Risk Management - 2024 - Wüthrich - Field survey assessment of flood loads and related building damage from the.pdf,SKIPPED,EXISTS,0.00s
J Flood Risk Management - 2025 - Diop - Flood Frequency Analysis in West Africa.pdf,SKIPPED,EXISTS,0.00s
J Flood Risk Management - 2025 - Giovannini - Evaluating the Impacts of Riparian Plants on Flood Hazard Within Vegetated.pdf,SKIPPED,EXISTS,0.00s
J Flood Risk Management - 2025 - Pala - Urban Flood Exposure and Vulnerability  Insights From Pendik District of Istanbul.pdf,SKIPPED,EXISTS,0.00s
J Flood Risk Management - 2025 - Simonovic - Local Scale Current and Projected Future Total Flood Hazard Mapping for Canada.pdf,SKIPPED,EXISTS,0.00s
J Flood Risk Management - 2025 - Sun - Impact of Spatial Distribution Methods for Rainfall on Flash Floods Modelling Using.pdf,SKIPPED,EXISTS,0.00s
JFloodRiskManagement-2022-Elshamy-PhysicallybasedcoldregionsriverfloodpredictionindatasparseregionsThe.pdf,SKIPPED,EXISTS,0.00s
JFloodRiskManagement-2022-MelndezE28090Landaverde-DesignandevaluationofacommunityandimpactE28090basedsiteE28090specific.pdf,SKIPPED,EXISTS,0.00s
JFloodRiskManagement-2023-Arnal-TowardsacoherentfloodforecastingframeworkforCanadaLocaltoglobal.pdf,SKIPPED,EXISTS,0.00s
JFloodRiskManagement-2023-Chahinian-EvaluationofanearlyfloodwarningsysteminBamakoMaliLessonslearned.pdf,SKIPPED,EXISTS,0.00s
JFloodRiskManagement-2023-Dasgupta-Connectinghydrologicalmodellingandforecastingfromglobaltolocalscales.pdf,SKIPPED,EXISTS,0.00s
JFloodRiskManagement-2023-Davis-FloodvulnerabilityandriskassessmentofhistoricurbanareasVulnerability.pdf,SKIPPED,EXISTS,0.00s
JFloodRiskManagement-2023-Heijer-AssetmanagementofflooddefencesasacoproductionAnanalysisofcooperationinclappendix.pdf,SKIPPED,EXISTS,0.00s
JFloodRiskManagement-2023-Heijer-Seriousgamingforbettercooperationinflooddefenceassetmanagementinclappendix.pdf,SKIPPED,EXISTS,0.00s
JFloodRiskManagement-2023-Huynh-Estimatingdiseaseburdenofrotavirusinfloodwaterthroughtrafficintheurban1.pdf,SKIPPED,EXISTS,0.00s
JFloodRiskManagement-2023-Iliadis.pdf,SKIPPED,EXISTS,0.00s
JFloodRiskManagement-2023-Jacob-Usingthetheoryofplannedbehaviortoidentifykeybeliefsunderlying.pdf,SKIPPED,EXISTS,0.00s
JFloodRiskManagement-2023-Jesna-Impactofcrosssectionalorientationinonedimensionalhydrodynamicmodelingon1.pdf,SKIPPED,EXISTS,0.00s
JFloodRiskManagement-2023-Kiptum-Advancingoperationalfloodforecastingearlywarningandriskmanagementwith.pdf,SKIPPED,EXISTS,0.00s
JFloodRiskManagement-2023-Koers-PluggingtheholesIdentifyingpotentialavenuesandlimitationsforfurthering.pdf,SKIPPED,EXISTS,0.00s
JFloodRiskManagement-2023-MelndezE28090Landaverde-Auserexperienceevaluationofamobileapplicationfor.pdf,SKIPPED,EXISTS,0.00s
JFloodRiskManagement-2023-Miller-Manageddiversionleadtimeeffectsonfloodresponseinatidalfreshwaterriver.pdf,SKIPPED,EXISTS,0.00s
JFloodRiskManagement-2023-Paulik-Evaluatingthespatialapplicationofmultivariableflooddamagemodels.pdf,SKIPPED,EXISTS,0.00s
JFloodRiskManagement-2023-Schotten-CriticalinfrastructurenetworkmodellingforfloodriskanalysesApproachand.pdf,SKIPPED,EXISTS,0.00s
JFloodRiskManagement-2023-Vojtek-Riverinefloodpotentialassessmentusingmetaheuristichybridmachinelearning.pdf,SKIPPED,EXISTS,0.00s
JFloodRiskManagement-2023-Zhuang-TheevaluationanddownscalingcalibrationofIMERGprecipitationproductsat.pdf,SKIPPED,EXISTS,0.00s
JGC-10129_1735868788467.pdf,SKIPPED,EXISTS,0.00s
JGR Atmospheres - 2024 - Wang - Increasing Occurrence of Sudden Turns From Drought to Flood Over China.pdf,SKIPPED,EXISTS,0.00s
JGR Oceans - 2025 - McKeon - Compound Minor Floods and the Role of Discharge in the Delaware River Estuary.pdf,SKIPPED,EXISTS,0.00s
JHE2003Sediment (1).pdf,SKIPPED,EXISTS,0.00s
JHE2003Sediment.pdf,SKIPPED,EXISTS,0.00s
JHE2004Velocity.pdf,SKIPPED,EXISTS,0.00s
JHR2005RIVER.pdf,SKIPPED,EXISTS,0.00s
JHR2005Shear.pdf,SKIPPED,EXISTS,0.00s
JHR2005VELOCITY.pdf,SKIPPED,EXISTS,0.00s
JHS_Volume 2_Issue 2_Pages 62-73.pdf,SKIPPED,EXISTS,0.00s
JREE_Volume 8_Issue 3_Pages 75-85.pdf,SKIPPED,EXISTS,0.00s
JRUSD_22+2.pdf,SKIPPED,EXISTS,0.00s
JWLD_44_2020_Obasi et al.pdf,SKIPPED,EXISTS,0.00s
JWRHE10163-20160902-165849-3161-46826.pdf,SKIPPED,EXISTS,0.00s
Jiang_2025_Environ._Res._Lett._20_014006.pdf,SKIPPED,EXISTS,0.00s
Journal.pdf,SKIPPED,EXISTS,0.00s
JournalEASREngineeringandAppliedScienceResearch_Vol49No5Sept-Okt2022.pdf,SKIPPED,EXISTS,0.00s
KJAT-Pascual.pdf,SKIPPED,EXISTS,0.00s
Kadaryanti_2021_IOP_Conf._Ser.__Mater._Sci._Eng._1087_012035.pdf,SKIPPED,EXISTS,0.00s
Kastali2021_Article_Auto-calibrationOfHEC-HMSModel.pdf,SKIPPED,EXISTS,0.00s
KerinI_PhD2020_Partial.pdf,SKIPPED,EXISTS,0.00s
Kholiq_2023_IOP_Conf._Ser.__Earth_Environ._Sci._1127_012011.pdf,SKIPPED,EXISTS,0.00s
KishanlalDarjiHydro2020Proceedings.pdf,SKIPPED,EXISTS,0.00s
Knowledge-Driven_Flood_Intelligent_Monitoring_KDFIM_Method_Analyzing_the_Kakhovka_Dam_Destruction_Incident.pdf,SKIPPED,EXISTS,0.00s
KumarPandey-2014-ModelingSuspendedSedimentUsingArtificialNeuralNetworksandTRMM-3B42Version7RainfallDataset.pdf,SKIPPED,EXISTS,0.00s
L-2021-09-01.pdf,SKIPPED,EXISTS,0.00s
L-2021-09-28.pdf,SKIPPED,EXISTS,0.00s
L-G-0000013085-0002346516.pdf,SKIPPED,EXISTS,0.00s
LakeMorphometryandHydrologicalModelingofBegnasLakeandRupaLakeWatersheds.pdf,SKIPPED,EXISTS,0.00s
Landscapepredictorsofcohosalmon2013.pdf,SKIPPED,EXISTS,0.00s
Landslide_susceptibility_assessment_and.pdf,SKIPPED,EXISTS,0.00s
Lemenkova_BulgariaSofia2015.pdf,SKIPPED,EXISTS,0.00s
LiDAR_DEM_Data_for_Flood_Mapping_and_Ass.pdf,SKIPPED,EXISTS,0.00s
Liliana_Carreras_Flores.pdf,SKIPPED,EXISTS,0.00s
Linear and nonlinear frequency-domain modelling of oscillatory flow over submerged canopies.pdf,SKIPPED,EXISTS,0.00s
Localising-vulnerability-assessment-to-urban-floods-A-comparative-analysis-of-top-down-and.pdf,SKIPPED,EXISTS,0.00s
LossmethodsinHEC-HMSmodelforstreamflowProjectionunderclimatechange.pdf,SKIPPED,EXISTS,0.00s
MASTER THESIS Final_ETCHE Ulrich.pdf,SKIPPED,EXISTS,0.00s
MATUS-THESIS-2018.pdf,SKIPPED,EXISTS,0.00s
MMFlood_A_Multimodal_Dataset_for_Flood_Delineation_From_Satellite_Imagery.pdf,SKIPPED,EXISTS,0.00s
MMS_2015_3_15.pdf,SKIPPED,EXISTS,0.00s
MT_Gisele Icyimpaye.pdf,SKIPPED,EXISTS,0.00s
MT_Pascal Kwisanga.pdf,SKIPPED,EXISTS,0.00s
Machine-learning-based-optimization-of-flood-susceptibility-mapping-in-semi-arid-zone.pdf,SKIPPED,EXISTS,0.00s
Machine-learning_and_HEC-RAS.pdf,SKIPPED,EXISTS,0.00s
Managing_flood_risks_in_a_changing_climate.pdf,SKIPPED,EXISTS,0.00s
Managing_residual_flood_risk_behind_levees_Compari.pdf,SKIPPED,EXISTS,0.00s
ManualdeHECHMS-HECRAS-IBERSAGAGISconQGIS.pdf,SKIPPED,EXISTS,0.00s
Manuscript_Revised.pdf,SKIPPED,EXISTS,0.00s
Mapping-and-assessing-spatial-extent-of-floods-from-multitemporal-synthetic-aperture-radar.pdf,SKIPPED,EXISTS,0.00s
Mapping_Water_Bodies_and_Wetlands_from_M.pdf,SKIPPED,EXISTS,0.00s
Mapping_the_risk_zoning_of_storm_flood_disaster_ba.pdf,SKIPPED,EXISTS,0.00s
Marhendi_2020_IOP_Conf._Ser.__Mater._Sci._Eng._771_012044.pdf,SKIPPED,EXISTS,0.00s
Matanó_2024_Environ._Res._Lett._19_064048.pdf,SKIPPED,EXISTS,0.00s
Mauri_PhD_revised.pdf,SKIPPED,EXISTS,0.00s
Measuring_community_flood_resilience_and_associate.pdf,SKIPPED,EXISTS,0.00s
Measuring_the_economic_benefits_of_advanced_techno.pdf,SKIPPED,EXISTS,0.00s
Improving satellite-based global rainfa.pdf,FAIL,HTTP_500,19.10s
Metamodel-based design of alluvial channels at incipient motion subjected to seepage.pdf,SKIPPED,EXISTS,0.00s
Mistry_2022_IOP_Conf._Ser.__Earth_Environ._Sci._1086_012036.pdf,SKIPPED,EXISTS,0.00s
Mitigating_flood_risk_using_low-cost_sensors_and_c.pdf,SKIPPED,EXISTS,0.00s
Model trees as an alternative to neural networks in rainfall runoff modelling.pdf,SKIPPED,EXISTS,0.00s
Modeling the flow of Hall Creek Humboldt County California usin.pdf,SKIPPED,EXISTS,0.00s
Modeling_of_Rainfall_Runoff_Correlations.pdf,SKIPPED,EXISTS,0.00s
Modeling_studies_with_HEC-HMS_and_runoff_scenarios.pdf,SKIPPED,EXISTS,0.00s
Modelling flood-prone area and vulnerability using integration of multi-criteria analysis and HAND model in the Ogun River Basin  Nigeria.pdf,SKIPPED,EXISTS,0.00s
Modelling_Rainfall_Runoff_Relations_Usin.pdf,SKIPPED,EXISTS,0.00s
Modelling_and_prediction_of_rainfall_usi.pdf,SKIPPED,EXISTS,0.00s
Modelling_the_behaviour_of_corporations_during_the.pdf,SKIPPED,EXISTS,0.00s
Modelling_the_effectiveness_of_land-based_natural_.pdf,SKIPPED,EXISTS,0.00s
Modellingeconomicrisktosealevelriseandstormsatthecoastalmargin.pdf,SKIPPED,EXISTS,0.00s
ModifiedPulsMethodManuallyandHECHMSSimulation.pdf,SKIPPED,EXISTS,0.00s
Mon-22-029.pdf,SKIPPED,EXISTS,0.00s
Mon-22-179.pdf,SKIPPED,EXISTS,0.00s
Mon23-115.pdf,SKIPPED,EXISTS,0.00s
Mon23-129.pdf,SKIPPED,EXISTS,0.00s
Mon23-147.pdf,SKIPPED,EXISTS,0.00s
Mon23-170.pdf,SKIPPED,EXISTS,0.00s
Mon23-245.pdf,SKIPPED,EXISTS,0.00s
Mon25-172.pdf,SKIPPED,EXISTS,0.00s
Mon25-210.pdf,SKIPPED,EXISTS,0.00s
Monitoring2020_60.pdf,SKIPPED,EXISTS,0.00s
Monitoring2020_94.pdf,SKIPPED,EXISTS,0.00s
Monthly_Predicted_Flow_Values_of_the_San.pdf,SKIPPED,EXISTS,0.00s
Monthly_Rainfall_Prediction_Using_the_Ba.pdf,SKIPPED,EXISTS,0.00s
Monthly_rainfall_prediction_based_on_art.pdf,SKIPPED,EXISTS,0.00s
Mooyaart2023-Economicoptimizationofcoastalflooddefencesystemsincludingstormsurge.pdf,SKIPPED,EXISTS,0.00s
Multi-criteria-analysis-based-mapping-of-the-cyclone-induced-pluvial-flooding-in-coastal-areas-of-India.pdf,SKIPPED,EXISTS,0.00s
Multi-step-ahead neural networks for flood forecasting.pdf,SKIPPED,EXISTS,0.00s
Multi-step-ahead_flood_forecasting_using_an_improv.pdf,SKIPPED,EXISTS,0.00s
Multicriterial_analysis_used_for_the_optimisation_.pdf,SKIPPED,EXISTS,0.00s
Multitemporal_Scale_Hydrograph_Predictio.pdf,SKIPPED,EXISTS,0.00s
NA_weathering-the-storm-sectoral-economic-and-inflationary-effects-of-floods-and-the-role-of-adaptation.pdf,SKIPPED,EXISTS,0.00s
NEJMsr2402457.pdf,SKIPPED,EXISTS,0.00s
NZTNPU_2015_3-4_44.pdf,SKIPPED,EXISTS,0.00s
Natural_flood_management_lag_time_and_catchment_sc.pdf,SKIPPED,EXISTS,0.00s
Neural_network_model_for_discharge_and_w.pdf,SKIPPED,EXISTS,0.00s
Novrima_2023_IOP_Conf._Ser.__Earth_Environ._Sci._1173_012043 (1).pdf,SKIPPED,EXISTS,0.00s
Novrima_2023_IOP_Conf._Ser.__Earth_Environ._Sci._1173_012043.pdf,SKIPPED,EXISTS,0.00s
Npundgi_2012_263_15.pdf,SKIPPED,EXISTS,0.00s
Nugroho_2019_IOP_Conf._Ser.__Earth_Environ._Sci._328_012041.pdf,SKIPPED,EXISTS,0.00s
Numerical investigation of air demand by the free surface tunnel flows By WANGRU WEI  JUN DENG and WEILIN XU  J. Hydraulic Res. 59 1   2021  158--165 .pdf,SKIPPED,EXISTS,0.00s
Numerical validation of novel scaling laws for air water flows including compressibility and heat transfer.pdf,SKIPPED,EXISTS,0.00s
Nvchnu_2014_724-725_24.pdf,SKIPPED,EXISTS,0.00s
On application of empirical mode decomposition for turbulence analysis in open-channel flows.pdf,SKIPPED,EXISTS,0.00s
OnaBasinFloodRiskpaperElsevierpdf.pdf,SKIPPED,EXISTS,0.00s
Oraya_2023_IOP_Conf._Ser.__Earth_Environ._Sci._1184_012014.pdf,SKIPPED,EXISTS,0.00s
Othman_2021_IOP_Conf._Ser.__Mater._Sci._Eng._1092_012028.pdf,SKIPPED,EXISTS,0.00s
P25-MO67-DaoNguyenKhoi_rev.pdf,SKIPPED,EXISTS,0.00s
P9.pdf,SKIPPED,EXISTS,0.00s
PAJES_25_8_949_955 (1).pdf,SKIPPED,EXISTS,0.00s
PAJES_25_8_949_955.pdf,SKIPPED,EXISTS,0.00s
PDF6 2893.pdf,SKIPPED,EXISTS,0.00s
PEMODELAN_HIDROLOGI_DENGAN_HEC-HMS_DI_SUB-DAS_KARA.pdf,SKIPPED,EXISTS,0.00s
PID30.pdf,SKIPPED,EXISTS,0.00s
PIIS2405844022003632.pdf,SKIPPED,EXISTS,0.00s
PIIS2405844025025095 (1).pdf,SKIPPED,EXISTS,0.00s
PIIS2405844025025095.pdf,SKIPPED,EXISTS,0.00s
PIIS2590332225001319.pdf,SKIPPED,EXISTS,0.00s
PaperHEC-HMS.pdf,SKIPPED,EXISTS,0.00s
Paper_22_Mujtba_StreamflowresponsetoprojectedclimatechangesintheNorthwesternUpperIndusBasinbasedonregionalclimatemodelRegCM4.3simulation.pdf,SKIPPED,EXISTS,0.00s
Pastoral_communitys_vulnerability_under_extreme_f.pdf,SKIPPED,EXISTS,0.00s
Pazharska.pdf,SKIPPED,EXISTS,0.00s
People_not_just_places_Expanding_physical_and_soci.pdf,SKIPPED,EXISTS,0.00s
Performance_Analysis_of_Multilayer_Perce.pdf,SKIPPED,EXISTS,0.00s
Performance_Evaluation_of_Artificial_Neu.pdf,SKIPPED,EXISTS,0.00s
Performance_of_neural_networks_in_foreca.pdf,SKIPPED,EXISTS,0.00s
PhDThesisofMeshachIleanwaALFA-P14EGWR9002.pdf,SKIPPED,EXISTS,0.00s
PhD_Dissertation_Manoj_Apr14-2014.pdf,SKIPPED,EXISTS,0.00s
Pham2022_Article_FloodVulnerabilityAndBuildings.pdf,SKIPPED,EXISTS,0.00s
Physical_representation_of_hillslope_leaky_barrier.pdf,SKIPPED,EXISTS,0.00s
Physical_vulnerability_assessment_to_flash_floods_.pdf,SKIPPED,EXISTS,0.00s
Pluvial_Flood_Risk_Assessment_in_Urban_Areas_A_Cas.pdf,SKIPPED,EXISTS,0.00s
Poster_HelderGuta.pdf,SKIPPED,EXISTS,0.00s
Potential_impacts_of_failure_of_the_Grand_Ethiopia.pdf,SKIPPED,EXISTS,0.00s
PradhanLee-Landslides2010.pdf,SKIPPED,EXISTS,0.00s
Precipitation_runoff_simulation_for_a_Hi.pdf,SKIPPED,EXISTS,0.00s
Predicting CSOs depth with ANNs_preproof.pdf,SKIPPED,EXISTS,0.00s
Predicting_Water_Levels_at_Kainji_Dam_Us.pdf,SKIPPED,EXISTS,0.00s
Prediction_of_Rainfall_in_India_using_Ar (1).pdf,SKIPPED,EXISTS,0.00s
Prediction_of_Rainfall_in_India_using_Ar.pdf,SKIPPED,EXISTS,0.00s
Prediction_of_monthly_discharge_volume_b.pdf,SKIPPED,EXISTS,0.00s
Prediction_of_rainfall_based_on_weather.pdf,SKIPPED,EXISTS,0.00s
Predictive_simulation_of_concurrent_debris_flows_H.pdf,SKIPPED,EXISTS,0.00s
Preliminary_Study_on_Flood_Simulation_using_the_HE.pdf,SKIPPED,EXISTS,0.00s
Intercomparison of joint bias correctio.pdf,FAIL,HTTP_500,15.12s
Probable_maximum_flood_inundation_modeli.pdf,SKIPPED,EXISTS,0.00s
ProceedingsSWARM_FINAL-pages-42-47.pdf,SKIPPED,EXISTS,0.00s
Prosephyingthestreamflowandperpetrating.pdf,SKIPPED,EXISTS,0.00s
Puno_GIS_Based_Flood_Hazard_Mapping_in_G.pdf,SKIPPED,EXISTS,0.00s
Quantifying_hydraulic_roughness_in_a_riparian_fore (1).pdf,SKIPPED,EXISTS,0.00s
Quantifying_hydraulic_roughness_in_a_riparian_fore.pdf,SKIPPED,EXISTS,0.00s
Quantitative_flood_forecasting_using_multisensor_d.pdf,SKIPPED,EXISTS,0.00s
Quantitative_flood_hazard_assessment_methods_A_rev (1).pdf,SKIPPED,EXISTS,0.00s
Quantitative_flood_hazard_assessment_methods_A_rev.pdf,SKIPPED,EXISTS,0.00s
RBFNN_versus_FFNN_for_daily_river_flow_f.pdf,SKIPPED,EXISTS,0.00s
RESCUE_A_geomorphology-based_hydrologic-hydraulic_.pdf,SKIPPED,EXISTS,0.00s
RJME+V1.1(2023)+Heri+Solehudin+Naskah+10.pdf,SKIPPED,EXISTS,0.00s
Rainfall runoff  flood inundation and sensitivity analysis of the 2014 Pakistan flood in the Jhelum and Chenab river basin.pdf,SKIPPED,EXISTS,0.00s
Rainfall runoff inundation analysis of the 2010 Pakistan flood in the Kabul River basin.pdf,SKIPPED,EXISTS,0.00s
Rainfall-Runoff_Modeling_Using_the_HEC-HMS_Model_f.pdf,SKIPPED,EXISTS,0.00s
Rainfall-runoffmodelingusingHEC-HMSmodelforMekiriverwatershedriftvalleybasinEthiopia-1-s2.0-S1464343X22002953-main.pdf,SKIPPED,EXISTS,0.00s
Rainfall_Forecasting_Using_Backpropagati.pdf,SKIPPED,EXISTS,0.00s
Rainfall_Forecasting_Using_Neural_Networ.pdf,SKIPPED,EXISTS,0.00s
Rainfall_Forecasting_Using_Various_Artif.pdf,SKIPPED,EXISTS,0.00s
Rainfall_Forecasting_with_Hourly_Surface.pdf,SKIPPED,EXISTS,0.00s
Rainfall_Monthly_Prediction_Based_on_Art.pdf,SKIPPED,EXISTS,0.00s
Rainfall_Runoff_Analysis_of_Daman_Ganga.pdf,SKIPPED,EXISTS,0.00s
Rainfall_Runoff_Modeling_Using_Artificia (2).pdf,SKIPPED,EXISTS,0.00s
Rainfall_Runoff_Modeling_Using_Artificia.pdf,SKIPPED,EXISTS,0.00s
Rainfall_Runoff_Modeling_using_Artificia (1).pdf,SKIPPED,EXISTS,0.00s
Rainfall_Runoff_Modelling_Using_Artifici.pdf,SKIPPED,EXISTS,0.00s
Rainfall_Runoff_modeling_of_Small_Waters.pdf,SKIPPED,EXISTS,0.00s
Rainfall_forecasting_an_artificial_neura.pdf,SKIPPED,EXISTS,0.00s
Rainfall_forecasting_by_relevant_attribu.pdf,SKIPPED,EXISTS,0.00s
Rainfall_modeling_using_Artificial_Neura.pdf,SKIPPED,EXISTS,0.00s
Rainfall_prediction_using_artificial_neu.pdf,SKIPPED,EXISTS,0.00s
Rainfall_river_discharge_modelling_for_f.pdf,SKIPPED,EXISTS,0.00s
Rainfall_runoff_Prediction_Based_on_Arti.pdf,SKIPPED,EXISTS,0.00s
Rainfall_runoff_modelling_using_artifici (1).pdf,SKIPPED,EXISTS,0.00s
Rapid_risk-based_levee_design_framework_for_greate.pdf,SKIPPED,EXISTS,0.00s
RazaviKaramouz2007_WI_AdaptiveNeuralNetworksforFloodRoutinginRiverSystems.pdf,SKIPPED,EXISTS,0.00s
Reach_the_bottom_plant_cover_of_the_form.pdf,SKIPPED,EXISTS,0.00s
Recent advances and future challenges in urban pluvial flood modelling.pdf,SKIPPED,EXISTS,0.00s
Reconstructing_the_peak_flow_of_historical_flood_e.pdf,SKIPPED,EXISTS,0.00s
Reducing_flood_risk_by_effective_use_of_flood-peak.pdf,SKIPPED,EXISTS,0.00s
RegioFEM_-_Informing_future-oriented_flood_risk_ma.pdf,SKIPPED,EXISTS,0.00s
Regional_floodplain_evaluation_matrix-Applying_a_f.pdf,SKIPPED,EXISTS,0.00s
Reig_Estelle_MScA_2020.pdf,SKIPPED,EXISTS,0.00s
Remote Sensing Geology ( PDFDrive ).pdf,SKIPPED,EXISTS,0.00s
Remote Sensing and Image Interpretation   ( PDFDrive ).pdf,SKIPPED,EXISTS,0.00s
atmosphere-14-01196-v2.pdf,SUCCESS,FULL,58.30s
atmosphere-14-01209-v2.pdf,SUCCESS,FULL,55.36s
atmosphere-15-00120-v2.pdf,SKIPPED,EXISTS,0.00s
atmosphere-14-01301.pdf,SUCCESS,FULL,55.15s
azu_etd_15167_sip1_m.pdf,SKIPPED,EXISTS,0.00s
b257d309d07cef19db9ecef2c9c3f849cba0.pdf,SKIPPED,EXISTS,0.00s
bams-BAMS-D-19-0319.1.pdf,SKIPPED,EXISTS,0.00s
bams-BAMS-D-20-0279.1-1.pdf,SKIPPED,EXISTS,0.00s
bams-bams-d-17-0309.1.pdf,SKIPPED,EXISTS,0.00s
bams-bams-d-19-0001.1.pdf,SKIPPED,EXISTS,0.00s
bams-bams-d-19-0143.1.pdf,SKIPPED,EXISTS,0.00s
banda_hydrological modelling_2022.pdf,SKIPPED,EXISTS,0.00s
bcwr_rsoq_packet.pdf,SKIPPED,EXISTS,0.00s
behavsci-14-00074-v2.pdf,SKIPPED,EXISTS,0.00s
bfec42525fd333d646a68543c5e33e15ac87.pdf,SKIPPED,EXISTS,0.00s
bijeesh2020.pdf,SKIPPED,EXISTS,0.00s
borah2018.pdf,SKIPPED,EXISTS,0.00s
brivio2002.pdf,SKIPPED,EXISTS,0.00s
c05467cc0bca43d1ff68ea7d5e6ed0eee5dd.pdf,SKIPPED,EXISTS,0.00s
climate-05-00009.pdf,SKIPPED,EXISTS,0.00s
climate-05-00032-s001.pdf,SKIPPED,EXISTS,0.00s
climate-05-00032-v2.pdf,SKIPPED,EXISTS,0.00s
climate-11-00226.pdf,SKIPPED,EXISTS,0.00s
atmosphere-14-01197-v2.pdf,SUCCESS,FULL,56.98s
Merging dual-polarization X-band radar .pdf,FAIL,HTTP_500,19.58s
Remote Sensing for Ecology and Conservation_ A Handbook of Techniques (Techniques in Ecology and Conservation) ( PDFDrive ).pdf,SKIPPED,EXISTS,0.00s
"Remote Sensing for Geoscientists_ Image Analysis and Integration, Third Edition ( PDFDrive ).pdf",SKIPPED,EXISTS,0.00s
Remotely Sensed Land Use Data and Watershed Hydrologic Change.pdf,SKIPPED,EXISTS,0.00s
Resilience_of_art_cities_to_flood_risk_A_quantitat.pdf,SKIPPED,EXISTS,0.00s
Review on algorithms of dealing with depressions in grid DEM.pdf,SKIPPED,EXISTS,0.00s
ReviewPaperforfloodplainmappingwithapplicationsofHEC-HMSHEC-RASandArcGISsoftwaresARemoteSensingandGISApproach.pdf,SKIPPED,EXISTS,0.00s
Reviews of Geophysics - 2009 - Schumann - Progress in integration of remote sensing derived flood extent and stage data and.pdf,SKIPPED,EXISTS,0.00s
Reviews of Geophysics - 2023 - Jafarzadegan - Recent Advances and New Frontiers in Riverine and Coastal Flood Modeling.pdf,SKIPPED,EXISTS,0.00s
Reviews_of_Geophysics_2018_Huang_Detecting_Extracting_and_Monitoring.pdf,SKIPPED,EXISTS,0.00s
Risk-Mapping-in-Managing-Flood-Vulnerability-in-Disaster-Management.pdf,SKIPPED,EXISTS,0.00s
Risk_assessment_of_multireservoir_joint_flood_cont.pdf,SKIPPED,EXISTS,0.00s
River_Discharges_Forecasting_In_Northern.pdf,SKIPPED,EXISTS,0.00s
River_Inundation_and_Hazard_Mapping_a_Ca.pdf,SKIPPED,EXISTS,0.00s
River_Water_Level_Prediction_Modelling_u.pdf,SKIPPED,EXISTS,0.00s
River_flow_forecasting_using_artificial.pdf,SKIPPED,EXISTS,0.00s
River_flow_modelling_for_flood_predictio.pdf,SKIPPED,EXISTS,0.00s
Riverow_forecast_for_reservoir_managemen.pdf,SKIPPED,EXISTS,0.00s
Robo_2019_IOP_Conf._Ser.__Earth_Environ._Sci._325_012009.pdf,SKIPPED,EXISTS,0.00s
Robust_Disaster_Impact_Assessment_With_Synthetic_Control_Modeling_Framework_and_Daily_Nighttime_Light_Time_Series_Images.pdf,SKIPPED,EXISTS,0.00s
Romali_2018_IOP_Conf._Ser.__Mater._Sci._Eng._318_012029.pdf,SKIPPED,EXISTS,0.00s
Runoff_forecasting_by_artificial_neural.pdf,SKIPPED,EXISTS,0.00s
RunoffmodellingusingHECHMSforRuralwatershed.pdf,SKIPPED,EXISTS,0.00s
Rusli_2023_IOP_Conf._Ser.__Earth_Environ._Sci._1160_012027.pdf,SKIPPED,EXISTS,0.00s
Ryan_2020_IOP_Conf._Ser.__Earth_Environ._Sci._491_012005.pdf,SKIPPED,EXISTS,0.00s
SJASR-2-254.pdf,SKIPPED,EXISTS,0.00s
STURM-Flood  a curated dataset for deep learning-based flood extent mapping leveraging Sentinel-1 and Sentinel-2 imagery.pdf,SKIPPED,EXISTS,0.00s
Sahib_Liu_McDougall_SV.pdf,SKIPPED,EXISTS,0.00s
Sandstone-groundwater-salinization-modelling-using-physicoc_2023_Ain-Shams-E.pdf,SKIPPED,EXISTS,0.00s
Sangam Shrestha.pdf,SKIPPED,EXISTS,0.00s
Satellite-based assessment of the August 2018 flood in parts of Kerala  India.pdf,SKIPPED,EXISTS,0.00s
Seasonal_Rainfall_Prediction_in_Lagos_Ni.pdf,SKIPPED,EXISTS,0.00s
Self-stated_recovery_from_flooding_Empirical_resul.pdf,SKIPPED,EXISTS,0.00s
Sensitivity_analysis_of_the_flash_flood_hazard_by_.pdf,SKIPPED,EXISTS,0.00s
Sentinel-1-Based_Water_and_Flood_Mapping_Benchmarking_Convolutional_Neural_Networks_Against_an_Operational_Rule-Based_Processing_Chain.pdf,SKIPPED,EXISTS,0.00s
Sentinel-1_remote_sensing_data_and_Hydrologic_Engi.pdf,SKIPPED,EXISTS,0.00s
Service-oriented infrastructure for flood mapping using optical and SAR satellite data.pdf,SKIPPED,EXISTS,0.00s
Setiawan_2022_IOP_Conf._Ser.__Earth_Environ._Sci._1109_012070.pdf,SKIPPED,EXISTS,0.00s
Short term river flood forecasting with neural networks.pdf,SKIPPED,EXISTS,0.00s
Short_term_water_level_prediction_using.pdf,SKIPPED,EXISTS,0.00s
Shyam_CCWaterResourcesinBagmati_TAAC_2013.pdf,SKIPPED,EXISTS,0.00s
SiegEtAl2023_jfr3-12889.pdf,SKIPPED,EXISTS,0.00s
Simulation of laminar to transitional wakes past cylinders with a discontinuous Galerkin inviscid shallow water model.pdf,SKIPPED,EXISTS,0.00s
Simulation_of_Poyang_Lake_water_levels_and_outflow.pdf,SKIPPED,EXISTS,0.00s
Simulation_of_runoff_in_Baitarani_basin_using_comp.pdf,SKIPPED,EXISTS,0.00s
Simulation_of_the_impacts_of_land_use_ch.pdf,SKIPPED,EXISTS,0.00s
Simulation_of_the_rainfall-runoff_relationship_usi.pdf,SKIPPED,EXISTS,0.00s
Simulationofflashfloodpeaksinasmallandsteepcatchmentusingrainongrid_JFloodRiskManagement-2023-Godara.pdf,SKIPPED,EXISTS,0.00s
SocialinnovationsanddriversinfloodearlywarningsystemsAcommunitybasedTransboundaryEarlyWarningSystem.pdf,SKIPPED,EXISTS,0.00s
Spatial_Prediction_of_Monthly_Precipitat.pdf,SKIPPED,EXISTS,0.00s
Spatial_targeting_of_nature-based_solutions_for_fl.pdf,SKIPPED,EXISTS,0.00s
Spontaneousvolunteersandtheflooddisaster2021inGermany.pdf,SKIPPED,EXISTS,0.00s
Stable_Robust_Adaptive_Controller_and_Observer_Des.pdf,SKIPPED,EXISTS,0.00s
Study_of_Modeling_Method_Selection_in_Flood_Discha.pdf,SKIPPED,EXISTS,0.00s
Suitability of HEC-RAS for Flood Forecasting.pdf,SKIPPED,EXISTS,0.00s
SurfaceRunoffSimulationUsingHEC-HMSApplication.pdf,SKIPPED,EXISTS,0.00s
Surface_runoff_hydrograph_derivation_using_a_dynam.pdf,SKIPPED,EXISTS,0.00s
Survey_of_Neural_Network_Models_and_Algo.pdf,SKIPPED,EXISTS,0.00s
Survey_on_Rainfall_Prediction_using_Arti.pdf,SKIPPED,EXISTS,0.00s
Susetyo_2022_IOP_Conf._Ser.__Earth_Environ._Sci._998_012001.pdf,SKIPPED,EXISTS,0.00s
Suspended_Sediment_Load_Prediction_of_Ri.pdf,SKIPPED,EXISTS,0.00s
Sustainable Development - 2023 - Koshy - Community resilience implications for institutional response under uncertainty .pdf,SKIPPED,EXISTS,0.00s
Sustainable_development_and_flood_risk_management.pdf,SKIPPED,EXISTS,0.00s
Sustaining Environmental Flows in Southern New England Rivers_ Ef.pdf,SKIPPED,EXISTS,0.00s
T03-07-01_v4_2_P29.pdf,SKIPPED,EXISTS,0.00s
TA-FING-IC-144058-2014.pdf,SKIPPED,EXISTS,0.00s
TCEIA.MS.ID.000136.pdf,SKIPPED,EXISTS,0.00s
TH4196-1.pdf,SKIPPED,EXISTS,0.00s
Tailings_storage_facilities_flood_exposure_assessm.pdf,SKIPPED,EXISTS,0.00s
Targeting_property_flood_resilience_in_flood_risk_.pdf,SKIPPED,EXISTS,0.00s
Tarigan_2016_IOP_Conf._Ser.__Earth_Environ._Sci._31_012030.pdf,SKIPPED,EXISTS,0.00s
Tessisaftercorection3.pdf,SKIPPED,EXISTS,0.00s
The Plant Journal - 2024 - Renziehausen - Against all floods   plant adaptation to flooding stress and combined abiotic.pdf,SKIPPED,EXISTS,0.00s
The cascading effects of climate change on children  extreme floods  family mobility and child well-being in Amazonia.pdf,SKIPPED,EXISTS,0.00s
Probabilistic forecasting of rainfall response in a Danish stormwater tunnel.pdf,FAIL,HTTP_500,19.46s
The impact of earth fissures on flood hazard extent for the Northern part of the Qaa Jahran Basin  Dhamar  Yemen.pdf,SKIPPED,EXISTS,0.00s
The-interaction-of-topographic-slope-with-various-geo-environmental-flood-causing-factors.pdf,SKIPPED,EXISTS,0.00s
TheApplicationofHEC-HMSandHEC-RASMathematicalModelsforStudyofFloodMitigationinCha-UatNakhonSiThammarat.pdf,SKIPPED,EXISTS,0.00s
TheHEC-HMShydrologicalmodelperformanceintherainfall-runoffprocesssimulationfortheupstreamwatershedsofGonbadIran.pdf,SKIPPED,EXISTS,0.00s
The_Application_and_Applicability_of_HEC-HMS_Model.pdf,SKIPPED,EXISTS,0.00s
The_Effect_of_Predicting_Discharge_Coeff.pdf,SKIPPED,EXISTS,0.00s
The_Flood_Resilience_Rose_A_management_tool_to_p.pdf,SKIPPED,EXISTS,0.00s
The_Improvement_of_Synthetic_Unit_Hydrograph_Perfo (1).pdf,SKIPPED,EXISTS,0.00s
The_Improvement_of_Synthetic_Unit_Hydrograph_Perfo.pdf,SKIPPED,EXISTS,0.00s
The_effect_of_heterogeneities_and_small_cavities_o.pdf,SKIPPED,EXISTS,0.00s
The_growing_strength_of_the_Journal_of_Flood_Risk.pdf,SKIPPED,EXISTS,0.00s
The_importance_of_public_risk_perception_for_the_e.pdf,SKIPPED,EXISTS,0.00s
The_normative_dimensions_of_flood_risk_management_.pdf,SKIPPED,EXISTS,0.00s
The_prediction_of_moisture_through_the_u.pdf,SKIPPED,EXISTS,0.00s
The_progression_of_flood_risk_in_southern_Alberta_.pdf,SKIPPED,EXISTS,0.00s
Thesisfinaldraft_SagarKumarTamang.pdf,SKIPPED,EXISTS,0.00s
ThesisonFlood.pdf,SKIPPED,EXISTS,0.00s
Time_series_data_mining_in_rainfall_fore.pdf,SKIPPED,EXISTS,0.00s
Timoth Mkilima.pdf,SKIPPED,EXISTS,0.00s
TonlSapFloodplain-Copy6.pdf,SKIPPED,EXISTS,0.00s
Toward_an_improved_estimation_of_flood_frequency_s.pdf,SKIPPED,EXISTS,0.00s
Towards a set of agrosystem-specific cropland mapping methods to address the global cropland diversity.pdf,SKIPPED,EXISTS,0.00s
Towards a socio-ecological system understanding of urban flood risk and barriers to climate change adaptation using causal loop diagrams.pdf,SKIPPED,EXISTS,0.00s
Towards-Knowledge-Driven-Automatic-Service-Composition-for-Wildfire-Prediction.pdf,SKIPPED,EXISTS,0.00s
Towards_Operational_Flood_Monitoring_in_Flanders_Using_Sentinel-1.pdf,SKIPPED,EXISTS,0.00s
Trade-offs_and_synergies_in_managing_coastal_flood.pdf,SKIPPED,EXISTS,0.00s
Transposing_flood_risk_from_extreme_rainfall_event.pdf,SKIPPED,EXISTS,0.00s
Tsunami_run-up_along_the_Zihuatanejo_region_Mexica.pdf,SKIPPED,EXISTS,0.00s
Tunas_2023_IOP_Conf._Ser.__Earth_Environ._Sci._1157_012050.pdf,SKIPPED,EXISTS,0.00s
Two simple theoretical models for teaching wave mechanics in coastal engineering.pdf,SKIPPED,EXISTS,0.00s
UGJ_2018_2_6.pdf,SKIPPED,EXISTS,0.00s
USAMV_SP_volume_18_4_2018_page173-179.pdf,SKIPPED,EXISTS,0.00s
USING_ARTIFICIAL_NEURAL_NETWORKS_TO_ESTI.pdf,SKIPPED,EXISTS,0.00s
Uca_2018_J._Phys.__Conf._Ser._954_012030.pdf,SKIPPED,EXISTS,0.00s
Uggj_2011_9_19.pdf,SKIPPED,EXISTS,0.00s
Uggj_2012_10_15.pdf,SKIPPED,EXISTS,0.00s
Uggj_2012_10_18.pdf,SKIPPED,EXISTS,0.00s
Uggj_2013_13_16.pdf,SKIPPED,EXISTS,0.00s
Uggj_2015_16_23.pdf,SKIPPED,EXISTS,0.00s
Uggj_2017_20_12.pdf,SKIPPED,EXISTS,0.00s
Uggj_2019_24_7.pdf,SKIPPED,EXISTS,0.00s
Ukrainian Journal of Forest and Wood Science_15_1_2024_25-40.pdf,SKIPPED,EXISTS,0.00s
Uncertainties in the Assessment of Individual and Compound Floodi.pdf,SKIPPED,EXISTS,0.00s
The directional unit hydrograph model_ .pdf,FAIL,HTTP_500,42.82s
Uncertainty assessment of radar-raingau.pdf,FAIL,HTTP_500,49.39s
Unsteady_flow_analysis_using_hydrologica.pdf,SKIPPED,EXISTS,0.00s
Urban flood resilience evaluation in China  a systematic review of frameworks  methods  and limitations.pdf,SKIPPED,EXISTS,0.00s
Urban flood susceptibility assessment based on convolutional neural networks.pdf,SKIPPED,EXISTS,0.00s
Urban-flood-resilience-mapping-knowledge-trends-and-structure-through-bibliometric-analysis.pdf,SKIPPED,EXISTS,0.00s
Urban-flood-risk-assessment-using-Sentinel-1-on-the-google-earth-engine-A-case-study-in-Thai.pdf,SKIPPED,EXISTS,0.00s
Urban-flood-vulnerability-analysis-and-prediction-based-on-the-land-use-using-Deep-Neural.pdf,SKIPPED,EXISTS,0.00s
Urban_Flood_Mapping_Using_Satellite_Synthetic_Aperture_Radar_Data_A_review_of_characteristics_approaches_and_datasets.pdf,SKIPPED,EXISTS,0.00s
Urban_pluvial_flood_adaptation_Results_of_a_househ.pdf,SKIPPED,EXISTS,0.00s
Urban_storm_flood_simulation_using_improved_SWMM_b.pdf,SKIPPED,EXISTS,0.00s
VKNU_geol_2018_3_3 (1).pdf,SKIPPED,EXISTS,0.00s
VKNU_geol_2018_3_3.pdf,SKIPPED,EXISTS,0.00s
Vergnes_Decharme_Habets_2014_jgrd51730.pdf,SKIPPED,EXISTS,0.00s
ViewofComparativePerformanceEvaluationofHEC-HMSandSWATModelsinStreamFlowSimulation_theCaseofBilateandGidaboWatershedsEthiopia.pdf,SKIPPED,EXISTS,0.00s
Vodaba_2012_48_45-1.pdf,SKIPPED,EXISTS,0.00s
Vodaba_2012_48_45.pdf,SKIPPED,EXISTS,0.00s
Vodeu_2011_11_21.pdf,SKIPPED,EXISTS,0.00s
Vodeu_2011_12_21.pdf,SKIPPED,EXISTS,0.00s
Vodeu_2014_18_18.pdf,SKIPPED,EXISTS,0.00s
Vodeu_2014_18_19.pdf,SKIPPED,EXISTS,0.00s
Vodeu_2015_19_19 (1).pdf,SKIPPED,EXISTS,0.00s
Vodeu_2015_19_19.pdf,SKIPPED,EXISTS,0.00s
Vodeu_2017_21_8 (1).pdf,SKIPPED,EXISTS,0.00s
Vodeu_2017_21_8.pdf,SKIPPED,EXISTS,0.00s
Voloshyn_Melnik04.02.17_english.pdf,SKIPPED,EXISTS,0.00s
Uncertainty quantification in watershed hydrology_ Which method to use_.pdf,FAIL,HTTP_500,31.51s
biae038.pdf,FAIL,HTTP_503,157.01s
biology-14-00911-v2.pdf,FAIL,HTTP_503,158.47s
coltin2016.pdf,SKIPPED,EXISTS,0.00s
Remote Sensing and Image Interpretation ( PDFDrive ).pdf,FAIL,HTTP_503,160.79s
crystals-14-00729.pdf,FAIL,HTTP_503,13.83s
cweee_2020102015270525.pdf,SKIPPED,EXISTS,0.00s
designs-07-00117.pdf,SKIPPED,EXISTS,0.00s
detection-of-changes-in-terrestrial-ecosystems-of-ukraine-using-remote-sensing-data.pdf,SKIPPED,EXISTS,0.00s
dezso2005.pdf,SKIPPED,EXISTS,0.00s
dis_Havrys A.P..pdf,SKIPPED,EXISTS,0.00s
doc.pdf,SKIPPED,EXISTS,0.00s
document.pdf,SKIPPED,EXISTS,0.00s
WIREs Water - 2024 - Barendrecht - Exploring drought‐to‐flood interactions and dynamics  A global case review.pdf,FAIL,HTTP_503,14.40s
download.pdf,FAIL,HTTP_503,11.84s
e3sconf_wmad2021_05003.pdf,SKIPPED,EXISTS,0.00s
WIREs Water - 2024 - Zhu - A Quantitative Review of Natural Flood Management Research.pdf,FAIL,HTTP_503,11.38s
education-14-00885-v2.pdf,FAIL,HTTP_503,14.53s
WIREs Water - 2025 - Haubrock - A Holistic Catchment‐Scale Framework to Guide Flood and Drought Mitigation Towards Improved.pdf,FAIL,HTTP_503,14.26s
WIREs Climate Change - 2023 - Scussolini - Challenges in the attribution of river flood events.pdf,FAIL,HTTP_503,136.77s
Cities and Flooding_ A Guide to Integrated Urban Flood Risk ( PDFDrive ).pdf,FAIL,HTTP_500,251.23s
egusphere-2023-2890-manuscript-version3.pdf,FAIL,HTTP_503,14.11s
eint-2013ei000532.1.pdf,SKIPPED,EXISTS,0.00s
energies-13-06020-v2.pdf,SKIPPED,EXISTS,0.00s
WIREs Climate Change - 2024 - Esraz‐Ul‐Zannat - A review of nature‐based infrastructures and their effectiveness for urban.pdf,FAIL,HTTP_503,132.25s
WM2010Burst.pdf,SKIPPED,EXISTS,0.00s
WPT-EM2079 (1).pdf,SKIPPED,EXISTS,0.00s
WPT-EM2079.pdf,SKIPPED,EXISTS,0.00s
WRR2005bedformroughness (1).pdf,SKIPPED,EXISTS,0.00s
WRR2005bedformroughness.pdf,SKIPPED,EXISTS,0.00s
WRR2006Discusiona.pdf,SKIPPED,EXISTS,0.00s
Wagner_Aguiar2017.pdf,SKIPPED,EXISTS,0.00s
Wang_2018_IOP_Conf._Ser.__Earth_Environ._Sci._170_032093.pdf,SKIPPED,EXISTS,0.00s
Wardhana_2021_IOP_Conf._Ser.__Earth_Environ._Sci._930_012032.pdf,SKIPPED,EXISTS,0.00s
Water Resources Research - 1999 - Campolo - Forecasting river flow rate during low‐flow periods using neural networks.pdf,SKIPPED,EXISTS,0.00s
Water Resources Research - 1999 - Campolo - River flood forecasting with a neural network model.pdf,SKIPPED,EXISTS,0.00s
Water Resources Research - 2004 - Shu - Artificial neural network ensembles and their application in pooled flood frequency.pdf,SKIPPED,EXISTS,0.00s
Water Resources Research - 2005 - Nayak - Short‐term flood forecasting with a neurofuzzy model.pdf,SKIPPED,EXISTS,0.00s
Water Resources Research - 2012 - Neal - A subgrid channel model for simulating river hydraulics and floodplain inundation.pdf,SKIPPED,EXISTS,0.00s
WIREs Water - 2025 - Samadi - The Needs  Challenges  and Priorities for Advancing Global Flood Research.pdf,FAIL,HTTP_503,12.49s
Water Resources Research - 2016 - Schumann - Unlocking the full potential of Earth observation during the 2015 Texas flood.pdf,SKIPPED,EXISTS,0.00s
Water Resources Research - 2019 - Garousi‐Nejad - Terrain Analysis Enhancements to the Height Above Nearest Drainage Flood.pdf,SKIPPED,EXISTS,0.00s
WIREs Water - 2025 - Tolentino - Natural Flood Risk Management in Tropical Southeast Asia  Prospects in the Biodiverse.pdf,FAIL,HTTP_503,12.58s
Water Resources Research - 2020 - Tartakovsky - Physics‐Informed Deep Neural Networks for Learning Parameters and.pdf,SKIPPED,EXISTS,0.00s
energies-14-02305-v2.pdf,FAIL,HTTP_500,13.14s
energies-14-05731-v2.pdf,SKIPPED,EXISTS,0.00s
energies-17-00469.pdf,SKIPPED,EXISTS,0.00s
environments-08-00077-v2.pdf,SKIPPED,EXISTS,0.00s
environsciproc-25-00040-v2.pdf,SKIPPED,EXISTS,0.00s
environsciproc-25-00059.pdf,SKIPPED,EXISTS,0.00s
environsciproc-26-00065.pdf,SKIPPED,EXISTS,0.00s
environsciproc-26-00095.pdf,SKIPPED,EXISTS,0.00s
environsciproc-26-00110.pdf,SKIPPED,EXISTS,0.00s
environsciproc-26-00185.pdf,SKIPPED,EXISTS,0.00s
external_content.pdf,SKIPPED,EXISTS,0.00s
fayne2016.pdf,SKIPPED,EXISTS,0.00s
Water Resources Research - 2020 - McClean - Implications of Using Global Digital Elevation Models for Flood Risk Analysis.pdf,FAIL,CONNECTION_ERROR,9.88s
Water Resources Research - 2015 - Sampson - A high80�resolution global flood hazard model.pdf,FAIL,CONNECTION_ERROR,13.12s
climate-13-00060.pdf,FAIL,CONNECTION_ERROR,231.37s
feart-09-613011.pdf,SKIPPED,EXISTS,0.00s
feart-11-1332589.pdf,SKIPPED,EXISTS,0.00s
Water Resources Research - 2021 - Liu - Bare80�Earth DEM Generation in Urban Areas for Flood Inundation Simulation Using.pdf,FAIL,CONNECTION_ERROR,8.72s
Water Resources Research - 2024 - Götte - Hydrological Drought‐To‐Flood Transitions Across Different Hydroclimates in the.pdf,FAIL,CONNECTION_ERROR,9.13s
Water Resources Research - 2024 - Masafu - Satellite Video Remote Sensing for Flood Model Validation.pdf,FAIL,CONNECTION_ERROR,8.15s
fclim-7-1517837.pdf,FAIL,CONNECTION_ERROR,9.54s
fenvs-12-1476761.pdf,FAIL,CONNECTION_ERROR,8.68s
ffp-641.pdf,SKIPPED,EXISTS,0.00s
firstpublication.pdf,SKIPPED,EXISTS,0.00s
fiz_geo_2016_3_13.pdf,SKIPPED,EXISTS,0.00s
fiz_geo_2017_4_10.pdf,SKIPPED,EXISTS,0.00s
fluids-07-00267-v2.pdf,SKIPPED,EXISTS,0.00s
fluids-07-00267.pdf,SKIPPED,EXISTS,0.00s
forests-12-00553.pdf,SKIPPED,EXISTS,0.00s
Water Resources Research - 2024 - Mydlarz - FloodNet  Low‐Cost Ultrasonic Sensors for Real‐Time Measurement of Hyperlocal .pdf,FAIL,CONNECTION_ERROR,8.30s
Water Resources Research - 2024 - Wing - A 30 m Global Flood Inundation Model for Any Climate Scenario.pdf,FAIL,CONNECTION_ERROR,8.92s
Water Resources Research - 2025 - Bartlett - Physically Based Dimensionless Features for Pluvial Flood Mapping With Machine.pdf,FAIL,CONNECTION_ERROR,8.96s
fenvs-13-1567796.pdf,FAIL,CONNECTION_ERROR,8.89s
franci2016.pdf,SKIPPED,EXISTS,0.00s
frsen-04-1280654.pdf,SKIPPED,EXISTS,0.00s
Water Resources Research - 2025 - Finch - Monitoring the Large Wood Regime in a Partially Regulated Alpine River Following.pdf,FAIL,CONNECTION_ERROR,8.27s
Water Resources Research - 2025 - Yi - Quantification of the Flood Discharge Following the 2023 Kakhovka Dam Breach Using.pdf,SKIPPED,EXISTS,0.00s
Water_Sci_Technol_2016.pdf,SKIPPED,EXISTS,0.00s
Water_quality_control_in_the_river_Arno.pdf,SKIPPED,EXISTS,0.00s
Week_ahead_Rainfall_Forecasting_Using_Mu.pdf,SKIPPED,EXISTS,0.00s
Why_understanding_behaviour_matters_for_flood_risk.pdf,SKIPPED,EXISTS,0.00s
Widayati_2020_IOP_Conf._Ser.__Mater._Sci._Eng._930_012072.pdf,SKIPPED,EXISTS,0.00s
climate-12-00067.pdf,FAIL,CONNECTION_ERROR,249.74s
forests-14-01664-v3.pdf,FAIL,CONNECTION_ERROR,9.50s
fulltext.pdf,SKIPPED,EXISTS,0.00s
fulltext_Bakhtiyarikia_27_5_2012 (1).pdf,SKIPPED,EXISTS,0.00s
fulltext_Bakhtiyarikia_27_5_2012.pdf,SKIPPED,EXISTS,0.00s
Water Resources Research - 2025 - Liao - Accelerating Urban Flood Inundation Simulation Under Spatio‐Temporally Varying.pdf,FAIL,CONNECTION_ERROR,8.44s
Willingness_of_households_to_reduce_flood_risk_in_.pdf,SKIPPED,EXISTS,0.00s
Winarta_2019_IOP_Conf._Ser.__Earth_Environ._Sci._366_012036.pdf,SKIPPED,EXISTS,0.00s
Winarta_2019_IOP_Conf._Ser.__Earth_Environ._Sci._366_012037.pdf,SKIPPED,EXISTS,0.00s
WomackJ0512.pdf,SKIPPED,EXISTS,0.00s
YAHYE AHMED DAUD.pdf,SKIPPED,EXISTS,0.00s
Ynaotou_2021_IOP_Conf._Ser.__Earth_Environ._Sci._930_012082 (1).pdf,SKIPPED,EXISTS,0.00s
Ynaotou_2021_IOP_Conf._Ser.__Earth_Environ._Sci._930_012082.pdf,SKIPPED,EXISTS,0.00s
Yong12_JGR-A_TRMM-RT_HighLat.pdf,SKIPPED,EXISTS,0.00s
Zhang and Mont 2004.pdf,SKIPPED,EXISTS,0.00s
Zhang_2019_IOP_Conf._Ser.__Earth_Environ._Sci._252_052060.pdf,SKIPPED,EXISTS,0.00s
_ASCE_HE.1943-5584.0001742.pdf,SKIPPED,EXISTS,0.00s
a6de57d7b04bf143995da81ea65f8991.pdf,SKIPPED,EXISTS,0.00s
aaaenvironmentalmodellingandsoftware4.pdf,SKIPPED,EXISTS,0.00s
aali1400-A-10-42-7-705e16f.pdf,SKIPPED,EXISTS,0.00s
acceleratinganddeceleratingows.pdf,SKIPPED,EXISTS,0.00s
frwa-6-1524533.pdf,FAIL,CONNECTION_ERROR,8.30s
geohazards-03-00020-v2.pdf,SKIPPED,EXISTS,0.00s
geohazards-04-00025-v2.pdf,SKIPPED,EXISTS,0.00s
geoinf_2010_3_8.pdf,SKIPPED,EXISTS,0.00s
geosciences-09-00136-v2.pdf,SKIPPED,EXISTS,0.00s
geosciences-10-00209-v2.pdf,SKIPPED,EXISTS,0.00s
geosciences-13-00384.pdf,SKIPPED,EXISTS,0.00s
Water Resources Research - 2025 - Kang - Global Flood Projection and Socioeconomic Implications Under a Deep Learning.pdf,FAIL,CONNECTION_ERROR,9.19s
adgeo-44-23-2017.pdf,SKIPPED,EXISTS,0.00s
adgeo-9-131-2006.pdf,SKIPPED,EXISTS,0.00s
"admin, Pap 3_2010_Apr_43_2.pdf",SKIPPED,EXISTS,0.00s
"administrator,+21uoacmu.pdf",SKIPPED,EXISTS,0.00s
ae8604989946835f66f1622200802a8a2dfa.pdf,SKIPPED,EXISTS,0.00s
agriculture-10-00131-v2.pdf,SKIPPED,EXISTS,0.00s
agro-geoinformatics.2016.7577655.pdf,SKIPPED,EXISTS,0.00s
agronomy-12-01280-v2.pdf,SKIPPED,EXISTS,0.00s
WIREs Water - 2025 - Howarth - Scaling Nature‐Based Solutions for Fluvial Floods  A Worldwide Systematic Review.pdf,FAIL,CONNECTION_ERROR,56.58s
climate-13-00152-v2.pdf,FAIL,CONNECTION_ERROR,101.76s
gis_and_remote_sensing_based_land_useland_cover_change_detection.pdf,SKIPPED,EXISTS,0.00s
giustarini2013.pdf,SKIPPED,EXISTS,0.00s
glghge_2010_3_7.pdf,SKIPPED,EXISTS,0.00s
glghge_2011_3_11.pdf,SKIPPED,EXISTS,0.00s
glghge_2011_3_12.pdf,SKIPPED,EXISTS,0.00s
glghge_2011_3_21.pdf,SKIPPED,EXISTS,0.00s
glghge_2011_4_7.pdf,SKIPPED,EXISTS,0.00s
glghge_2012_2_6.pdf,SKIPPED,EXISTS,0.00s
glghge_2014_4_5.pdf,SKIPPED,EXISTS,0.00s
glghge_2016_4_5.pdf,SKIPPED,EXISTS,0.00s
glghge_2018_4_4.pdf,SKIPPED,EXISTS,0.00s
glghge_2019_3_24.pdf,SKIPPED,EXISTS,0.00s
glghge_2019_3_41.pdf,SKIPPED,EXISTS,0.00s
glghge_2019_4_3.pdf,SKIPPED,EXISTS,0.00s
gorbachova_barandich_269.pdf,SKIPPED,EXISTS,0.00s
hapuarachchi2011.pdf,SKIPPED,EXISTS,0.00s
hechms_sma.pdf,SKIPPED,EXISTS,0.00s
henry2006.pdf,SKIPPED,EXISTS,0.00s
hess-10-1-2006.pdf,SKIPPED,EXISTS,0.00s
hess-11-1373-2007.pdf,SKIPPED,EXISTS,0.00s
hess-13-1555-2009.pdf,SKIPPED,EXISTS,0.00s
hess-13-1607-2009.pdf,SKIPPED,EXISTS,0.00s
hess-18-4467-2014.pdf,SKIPPED,EXISTS,0.00s
hess-18-5289-2014.pdf,SKIPPED,EXISTS,0.00s
hess-19-3755-2015.pdf,SKIPPED,EXISTS,0.00s
hess-20-2649-2016.pdf,SKIPPED,EXISTS,0.00s
hess-2016-30.pdf,SKIPPED,EXISTS,0.00s
hess-2021-614.pdf,SKIPPED,EXISTS,0.00s
hess-22-1473-2018.pdf,SKIPPED,EXISTS,0.00s
hess-23-3057-2019.pdf,SKIPPED,EXISTS,0.00s
hess-26-4345-2022.pdf,SKIPPED,EXISTS,0.00s
hess-26-4469-2022.pdf,SKIPPED,EXISTS,0.00s
futureinternet-13-00124-v2.pdf,FAIL,CONNECTION_ERROR,8.88s
frwa-7-1514047.pdf,FAIL,CONNECTION_ERROR,9.34s
William_2024_IOP_Conf._Ser.__Earth_Environ._Sci._1285_012015.pdf,FAIL,CONNECTION_ERROR,9.58s
aies-AIES-D-23-0025.1.pdf,SKIPPED,EXISTS,0.00s
airGR.pdf,SKIPPED,EXISTS,0.00s
ajcc_2023051616091986.pdf,SKIPPED,EXISTS,0.00s
ajol-file-journals_219_articles_175995_submission_proof_175995-2605-450135-1-10-20180813.pdf,SKIPPED,EXISTS,0.00s
ajol-file-journals_483_articles_150259_submission_proof_150259-5701-394967-1-10-20170120.pdf,SKIPPED,EXISTS,0.00s
ambaw.pdf,SKIPPED,EXISTS,0.00s
amsm-amsmonographs-d-18-0019.1-2.pdf,SKIPPED,EXISTS,0.00s
an2016-pub00050434.pdf,SKIPPED,EXISTS,0.00s
agronomy-14-01611-v2.pdf,FAIL,CONNECTION_ERROR,7.78s
annurev-fluid-030121-113138.pdf,SKIPPED,EXISTS,0.00s
apme-2008jamc2127.1.pdf,SKIPPED,EXISTS,0.00s
applsci-08-01457.pdf,SKIPPED,EXISTS,0.00s
applsci-08-01558.pdf,SKIPPED,EXISTS,0.00s
applsci-08-02435.pdf,SKIPPED,EXISTS,0.00s
applsci-10-03906-v2.pdf,SKIPPED,EXISTS,0.00s
applsci-10-04885.pdf,SKIPPED,EXISTS,0.00s
applsci-10-05776-v4.pdf,SKIPPED,EXISTS,0.00s
applsci-10-06598-v2.pdf,SKIPPED,EXISTS,0.00s
applsci-10-08327-v2.pdf,SKIPPED,EXISTS,0.00s
applsci-11-04901-v2.pdf,SKIPPED,EXISTS,0.00s
geosciences-14-00204.pdf,FAIL,CONNECTION_ERROR,8.48s
adams2010.pdf,FAIL,CONNECTION_ERROR,9.23s
applsci-12-05210-v2.pdf,SKIPPED,EXISTS,0.00s
applsci-12-06264-v2.pdf,SKIPPED,EXISTS,0.00s
applsci-13-09869-v2.pdf,SKIPPED,EXISTS,0.00s
applsci-13-10454.pdf,SKIPPED,EXISTS,0.00s
applsci-13-11136-v2.pdf,SKIPPED,EXISTS,0.00s
applsci-13-11688.pdf,SKIPPED,EXISTS,0.00s
applsci-13-12147-v2.pdf,SKIPPED,EXISTS,0.00s
applsci-14-00012.pdf,SKIPPED,EXISTS,0.00s
agronomy-14-01724-v2.pdf,FAIL,CONNECTION_ERROR,8.61s
hess-28-2603-2024.pdf,FAIL,CONNECTION_ERROR,8.48s
hess-5-577-2001.pdf,SKIPPED,EXISTS,0.00s
hess-6-619-2002.pdf,SKIPPED,EXISTS,0.00s
hess-6-627-2002.pdf,SKIPPED,EXISTS,0.00s
hess-8-247-2004.pdf,SKIPPED,EXISTS,0.00s
hess-9-111-2005.pdf,SKIPPED,EXISTS,0.00s
hess-9-313-2005.pdf,SKIPPED,EXISTS,0.00s
hess1990.pdf,SKIPPED,EXISTS,0.00s
hessd-10-15375-2013.pdf,SKIPPED,EXISTS,0.00s
hessd-2-S664-2005.pdf,SKIPPED,EXISTS,0.00s
hessd-9-4747-2012.pdf,SKIPPED,EXISTS,0.00s
hess-28-1107-2024.pdf,FAIL,CONNECTION_ERROR,8.76s
hydr-1525-7541_2000_001_0005_crafit_2_0_co_2.pdf,SKIPPED,EXISTS,0.00s
hydr-1525-7541_2002_003_0267_trhoef_2_0_co_2.pdf,SKIPPED,EXISTS,0.00s
hydr-1525-7541_2002_003_0714_tuitpo_2_0_co_2.pdf,SKIPPED,EXISTS,0.00s
hydr-1525-7541_2004_005_0656_alaota_2_0_co_2.pdf,SKIPPED,EXISTS,0.00s
hydr-1525-7541_2004_005_0989_poclac_2_0_co_2.pdf,SKIPPED,EXISTS,0.00s
hydr-2007jhm858_1.pdf,SKIPPED,EXISTS,0.00s
hydr-2009jhm1072_1.pdf,SKIPPED,EXISTS,0.00s
hydr-2009jhm1077_1.pdf,SKIPPED,EXISTS,0.00s
hydr-2009jhm1105_1-1.pdf,SKIPPED,EXISTS,0.00s
hydr-2009jhm1105_1.pdf,SKIPPED,EXISTS,0.00s
hydr-2009jhm1163_1.pdf,SKIPPED,EXISTS,0.00s
hydr-2010jhm1196_1.pdf,SKIPPED,EXISTS,0.00s
hydr-2010jhm1236_1.pdf,SKIPPED,EXISTS,0.00s
hydr-2011jhm1328_1.pdf,SKIPPED,EXISTS,0.00s
hydr-2011jhm1357_1.pdf,SKIPPED,EXISTS,0.00s
hydr-2011jhm1387_1-1.pdf,SKIPPED,EXISTS,0.00s
hydr-2011jhm1387_1-2.pdf,SKIPPED,EXISTS,0.00s
hydr-2011jhm1387_1.pdf,SKIPPED,EXISTS,0.00s
hydr-2011jhm1388_1.pdf,SKIPPED,EXISTS,0.00s
hydr-JHM-D-18-0074.1.pdf,SKIPPED,EXISTS,0.00s
hydr-JHM-D-19-0171.1.pdf,SKIPPED,EXISTS,0.00s
hydr-JHM-D-19-0301.1.pdf,SKIPPED,EXISTS,0.00s
hydr-JHM-D-20-0052.1.pdf,SKIPPED,EXISTS,0.00s
hydr-JHM-D-20-0067.1.pdf,SKIPPED,EXISTS,0.00s
hydr-JHM-D-20-0082.1.pdf,SKIPPED,EXISTS,0.00s
hydr-JHM-D-20-0111.1.pdf,SKIPPED,EXISTS,0.00s
hydr-JHM-D-20-0122.1.pdf,SKIPPED,EXISTS,0.00s
hydr-JHM-D-20-0143.1.pdf,SKIPPED,EXISTS,0.00s
hydr-JHM-D-20-0161.1.pdf,SKIPPED,EXISTS,0.00s
hydr-JHM-D-20-0181.1.pdf,SKIPPED,EXISTS,0.00s
hydr-JHM-D-20-0182.1.pdf,SKIPPED,EXISTS,0.00s
hydr-JHM-D-20-0183.1.pdf,SKIPPED,EXISTS,0.00s
hydr-JHM-D-20-0189.1.pdf,SKIPPED,EXISTS,0.00s
hydr-JHM-D-20-0215.1.pdf,SKIPPED,EXISTS,0.00s
hydr-JHM-D-20-0219.1.pdf,SKIPPED,EXISTS,0.00s
hydr-JHM-D-20-0220.1.pdf,SKIPPED,EXISTS,0.00s
hydr-JHM-D-20-0228.1-1.pdf,SKIPPED,EXISTS,0.00s
hydr-JHM-D-20-0228.1.pdf,SKIPPED,EXISTS,0.00s
hydr-JHM-D-20-0240.1.pdf,SKIPPED,EXISTS,0.00s
hydr-JHM-D-20-0252.1.pdf,SKIPPED,EXISTS,0.00s
hydr-JHM-D-20-0260.1.pdf,SKIPPED,EXISTS,0.00s
hydr-JHM-D-20-0267.1-2.pdf,SKIPPED,EXISTS,0.00s
hydr-JHM-D-20-0275.1.pdf,SKIPPED,EXISTS,0.00s
hydr-JHM-D-20-0285.1.pdf,SKIPPED,EXISTS,0.00s
hydr-JHM-D-20-0296.1-1.pdf,SKIPPED,EXISTS,0.00s
hydr-JHM-D-20-0296.1.pdf,SKIPPED,EXISTS,0.00s
hydr-JHM-D-20-0302.1-1.pdf,SKIPPED,EXISTS,0.00s
hydr-JHM-D-20-0302.1.pdf,SKIPPED,EXISTS,0.00s
hydr-JHM-D-21-0019.1.pdf,SKIPPED,EXISTS,0.00s
hydr-JHM-D-21-0062.1.pdf,SKIPPED,EXISTS,0.00s
hydr-JHM-D-21-0096.1-1.pdf,SKIPPED,EXISTS,0.00s
hydr-JHM-D-21-0096.1.pdf,SKIPPED,EXISTS,0.00s
hydr-JHM-D-21-0114.1.pdf,SKIPPED,EXISTS,0.00s
hydr-JHM-D-21-0123.1.pdf,SKIPPED,EXISTS,0.00s
hydr-JHM-D-21-0130.1.pdf,SKIPPED,EXISTS,0.00s
hydr-JHM-D-21-0131.1.pdf,SKIPPED,EXISTS,0.00s
hydr-JHM-D-21-0191.1.pdf,SKIPPED,EXISTS,0.00s
hydr-JHM-D-21-0194.1.pdf,SKIPPED,EXISTS,0.00s
hydr-JHM-D-21-0200.1.pdf,SKIPPED,EXISTS,0.00s
hydr-JHM-D-21-0206.1.pdf,SKIPPED,EXISTS,0.00s
hydr-JHM-D-21-0214.1.pdf,SKIPPED,EXISTS,0.00s
hydr-JHM-D-21-0229.1.pdf,SKIPPED,EXISTS,0.00s
hydr-JHM-D-21-0245.1.pdf,SKIPPED,EXISTS,0.00s
hydr-JHM-D-22-0011.1-1.pdf,SKIPPED,EXISTS,0.00s
hydr-JHM-D-22-0011.1.pdf,SKIPPED,EXISTS,0.00s
hydr-JHM-D-22-0021.1-1.pdf,SKIPPED,EXISTS,0.00s
hydr-JHM-D-22-0021.1.pdf,SKIPPED,EXISTS,0.00s
hydr-JHM-D-22-0038.1.pdf,SKIPPED,EXISTS,0.00s
hydr-JHM-D-22-0049.1.pdf,SKIPPED,EXISTS,0.00s
hydr-JHM-D-22-0107.1.pdf,SKIPPED,EXISTS,0.00s
hydr-JHM-D-22-0111.1.pdf,SKIPPED,EXISTS,0.00s
hydr-JHM-D-22-0118.1.pdf,SKIPPED,EXISTS,0.00s
hydr-JHM-D-22-0224.1.pdf,SKIPPED,EXISTS,0.00s
hydr-JHM-D-23-0006.1.pdf,SKIPPED,EXISTS,0.00s
hydr-JHM-D-23-0018.1.pdf,SKIPPED,EXISTS,0.00s
hydr-jhm-d-10-05022_1.pdf,SKIPPED,EXISTS,0.00s
hydr-jhm-d-11-012_1.pdf,SKIPPED,EXISTS,0.00s
hydr-jhm-d-11-0147_1.pdf,SKIPPED,EXISTS,0.00s
hydr-jhm-d-11-024_1.pdf,SKIPPED,EXISTS,0.00s
hydr-jhm-d-11-035_1.pdf,SKIPPED,EXISTS,0.00s
hydr-jhm-d-11-083_1-1.pdf,SKIPPED,EXISTS,0.00s
hydr-jhm-d-11-083_1.pdf,SKIPPED,EXISTS,0.00s
hydr-jhm-d-11-087_1.pdf,SKIPPED,EXISTS,0.00s
hydr-jhm-d-12-0142_1.pdf,SKIPPED,EXISTS,0.00s
hydr-jhm-d-12-0167_1.pdf,SKIPPED,EXISTS,0.00s
hydr-jhm-d-12-0191_1.pdf,SKIPPED,EXISTS,0.00s
hydr-jhm-d-12-040_1.pdf,SKIPPED,EXISTS,0.00s
hydr-jhm-d-12-074_1.pdf,SKIPPED,EXISTS,0.00s
hydr-jhm-d-12-09_1.pdf,SKIPPED,EXISTS,0.00s
hydr-jhm-d-13-0126_1-1.pdf,SKIPPED,EXISTS,0.00s
hydr-jhm-d-13-0126_1.pdf,SKIPPED,EXISTS,0.00s
hydr-jhm-d-13-0137_1.pdf,SKIPPED,EXISTS,0.00s
hydr-jhm-d-13-0198_1.pdf,SKIPPED,EXISTS,0.00s
hydr-jhm-d-13-0202_1.pdf,SKIPPED,EXISTS,0.00s
hydr-jhm-d-13-0204_1.pdf,SKIPPED,EXISTS,0.00s
hydr-jhm-d-13-039_1.pdf,SKIPPED,EXISTS,0.00s
hydr-jhm-d-13-053_1.pdf,SKIPPED,EXISTS,0.00s
hydr-jhm-d-14-0012_1-1.pdf,SKIPPED,EXISTS,0.00s
hydr-jhm-d-14-0012_1.pdf,SKIPPED,EXISTS,0.00s
hydr-jhm-d-14-0048_1.pdf,SKIPPED,EXISTS,0.00s
hydr-jhm-d-14-0093_1.pdf,SKIPPED,EXISTS,0.00s
hydr-jhm-d-14-0116_1.pdf,SKIPPED,EXISTS,0.00s
hydr-jhm-d-14-0124_1.pdf,SKIPPED,EXISTS,0.00s
hydr-jhm-d-14-0126_1.pdf,SKIPPED,EXISTS,0.00s
hydr-jhm-d-14-0148_1.pdf,SKIPPED,EXISTS,0.00s
hydr-jhm-d-14-0156_1.pdf,SKIPPED,EXISTS,0.00s
hydr-jhm-d-14-0172_1.pdf,SKIPPED,EXISTS,0.00s
hydr-jhm-d-14-0185_1.pdf,SKIPPED,EXISTS,0.00s
hydr-jhm-d-14-0218_1.pdf,SKIPPED,EXISTS,0.00s
hydr-jhm-d-14-0227_1.pdf,SKIPPED,EXISTS,0.00s
hydr-jhm-d-15-0044_1.pdf,SKIPPED,EXISTS,0.00s
hydr-jhm-d-15-0074_1.pdf,SKIPPED,EXISTS,0.00s
hydr-jhm-d-15-0075_1.pdf,SKIPPED,EXISTS,0.00s
hydr-jhm-d-15-0114_1.pdf,SKIPPED,EXISTS,0.00s
hydr-jhm-d-15-0115_1.pdf,SKIPPED,EXISTS,0.00s
hydr-jhm-d-15-0149_1.pdf,SKIPPED,EXISTS,0.00s
hydr-jhm-d-15-0174_1.pdf,SKIPPED,EXISTS,0.00s
hydr-jhm-d-15-0195_1-1.pdf,SKIPPED,EXISTS,0.00s
hydr-jhm-d-15-0195_1.pdf,SKIPPED,EXISTS,0.00s
hydr-jhm-d-15-0212_1.pdf,SKIPPED,EXISTS,0.00s
hydr-jhm-d-15-0216_1-1.pdf,SKIPPED,EXISTS,0.00s
hydr-jhm-d-16-0071_1.pdf,SKIPPED,EXISTS,0.00s
hydr-jhm-d-16-0081_1-1.pdf,SKIPPED,EXISTS,0.00s
hydr-jhm-d-16-0082_1.pdf,SKIPPED,EXISTS,0.00s
hydr-jhm-d-16-0155_1.pdf,SKIPPED,EXISTS,0.00s
hydr-jhm-d-16-0164_1.pdf,SKIPPED,EXISTS,0.00s
hydr-jhm-d-16-0176_1.pdf,SKIPPED,EXISTS,0.00s
hydr-jhm-d-16-0218_1.pdf,SKIPPED,EXISTS,0.00s
hydr-jhm-d-16-0243_1.pdf,SKIPPED,EXISTS,0.00s
hydr-jhm-d-17-0073_1.pdf,SKIPPED,EXISTS,0.00s
hydr-jhm-d-17-0077_1.pdf,SKIPPED,EXISTS,0.00s
hydr-jhm-d-17-0089_1.pdf,SKIPPED,EXISTS,0.00s
hydr-jhm-d-17-0202_1.pdf,SKIPPED,EXISTS,0.00s
hydr-jhm-d-17-0229_1.pdf,SKIPPED,EXISTS,0.00s
hydr-jhm-d-18-0013_1.pdf,SKIPPED,EXISTS,0.00s
hydr-jhm-d-18-0038_1.pdf,SKIPPED,EXISTS,0.00s
hydr-jhm-d-18-0064_1-1.pdf,SKIPPED,EXISTS,0.00s
hydr-jhm-d-18-0064_1.pdf,SKIPPED,EXISTS,0.00s
hydr-jhm-d-18-0070_1.pdf,SKIPPED,EXISTS,0.00s
hydr-jhm-d-18-0092.1.pdf,SKIPPED,EXISTS,0.00s
hydr-jhm-d-18-0092_1.pdf,SKIPPED,EXISTS,0.00s
hydr-jhm-d-18-0119_1.pdf,SKIPPED,EXISTS,0.00s
hydr-jhm-d-18-0196_1-1.pdf,SKIPPED,EXISTS,0.00s
hydr-jhm-d-18-0196_1.pdf,SKIPPED,EXISTS,0.00s
hydr-jhm-d-18-0219_1.pdf,SKIPPED,EXISTS,0.00s
hydr-jhm-d-18-0226_1.pdf,SKIPPED,EXISTS,0.00s
hydr-jhm-d-18-0251_1.pdf,SKIPPED,EXISTS,0.00s
hydr-jhm-d-19-0019_1.pdf,SKIPPED,EXISTS,0.00s
hydr-jhm-d-19-0021_1.pdf,SKIPPED,EXISTS,0.00s
hydr-jhm-d-19-0045_1.pdf,SKIPPED,EXISTS,0.00s
hydr-jhm-d-19-0100.1.pdf,SKIPPED,EXISTS,0.00s
hydr-jhm-d-19-0105.1.pdf,SKIPPED,EXISTS,0.00s
hydr-jhm-d-19-0110_1.pdf,SKIPPED,EXISTS,0.00s
hydr-jhm-d-19-0119.1.pdf,SKIPPED,EXISTS,0.00s
hydr-jhm-d-19-0125.1.pdf,SKIPPED,EXISTS,0.00s
hydr-jhm-d-19-0169.1.pdf,SKIPPED,EXISTS,0.00s
hydr-jhm-d-19-0202.1-1.pdf,SKIPPED,EXISTS,0.00s
hydr-jhm-d-19-0202.1-2.pdf,SKIPPED,EXISTS,0.00s
hydr-jhm-d-19-0202.1.pdf,SKIPPED,EXISTS,0.00s
hydr-jhm-d-19-0209.1.pdf,SKIPPED,EXISTS,0.00s
hydr-jhm-d-19-0212.1.pdf,SKIPPED,EXISTS,0.00s
hydr-jhm-d-19-0238.1-2.pdf,SKIPPED,EXISTS,0.00s
hydr-jhm-d-20-0133.1.pdf,SKIPPED,EXISTS,0.00s
hydr-jhm482_1.pdf,SKIPPED,EXISTS,0.00s
hydr-jhm529_1.pdf,SKIPPED,EXISTS,0.00s
hydr-jhm558_1.pdf,SKIPPED,EXISTS,0.00s
hydr-jhm577_1-1.pdf,SKIPPED,EXISTS,0.00s
hydr-jhm577_1.pdf,SKIPPED,EXISTS,0.00s
hydr-jhm593_1.pdf,SKIPPED,EXISTS,0.00s
hydr-jhmD190075.pdf,SKIPPED,EXISTS,0.00s
hydr-jhmD190242.pdf,SKIPPED,EXISTS,0.00s
hydr-jhmD200014.pdf,SKIPPED,EXISTS,0.00s
hydrology-03-00018.pdf,SKIPPED,EXISTS,0.00s
hydrology-03-00019.pdf,SKIPPED,EXISTS,0.00s
hydrology-03-00023.pdf,SKIPPED,EXISTS,0.00s
hydrology-03-00034 (1).pdf,SKIPPED,EXISTS,0.00s
hydrology-03-00034.pdf,SKIPPED,EXISTS,0.00s
hydrology-04-00009 (1).pdf,SKIPPED,EXISTS,0.00s
hydrology-04-00009.pdf,SKIPPED,EXISTS,0.00s
hydrology-04-00016.pdf,SKIPPED,EXISTS,0.00s
hydrology-04-00024-v2.pdf,SKIPPED,EXISTS,0.00s
hydrology-05-00024.pdf,SKIPPED,EXISTS,0.00s
hydrology-05-00039-v2.pdf,SKIPPED,EXISTS,0.00s
hydrology-05-00044 (1).pdf,SKIPPED,EXISTS,0.00s
hydrology-05-00044 (2).pdf,SKIPPED,EXISTS,0.00s
hydrology-05-00044.pdf,SKIPPED,EXISTS,0.00s
hydrology-05-00049-v2.pdf,SKIPPED,EXISTS,0.00s
hydrology-05-00052.pdf,SKIPPED,EXISTS,0.00s
hydrology-05-00068-v2.pdf,SKIPPED,EXISTS,0.00s
hydrology-06-00021-v2 (1).pdf,SKIPPED,EXISTS,0.00s
hydrology-06-00021-v2 (2).pdf,SKIPPED,EXISTS,0.00s
hydrology-06-00021-v2.pdf,SKIPPED,EXISTS,0.00s
hydrology-06-00025.pdf,SKIPPED,EXISTS,0.00s
hydrology-06-00070-v2.pdf,SKIPPED,EXISTS,0.00s
hydrology-06-00072-v2 (1).pdf,SKIPPED,EXISTS,0.00s
hydrology-06-00072-v2.pdf,SKIPPED,EXISTS,0.00s
hydrology-06-00076-v2 (1).pdf,SKIPPED,EXISTS,0.00s
hydrology-06-00076-v2.pdf,SKIPPED,EXISTS,0.00s
hydrology-06-00077.pdf,SKIPPED,EXISTS,0.00s
hydrology-06-00082-v2 (1).pdf,SKIPPED,EXISTS,0.00s
hydrology-06-00082-v2.pdf,SKIPPED,EXISTS,0.00s
hydrology-07-00012-v2.pdf,SKIPPED,EXISTS,0.00s
hydrology-07-00014.pdf,SKIPPED,EXISTS,0.00s
hydrology-07-00026-v2.pdf,SKIPPED,EXISTS,0.00s
hydrology-07-00029.pdf,SKIPPED,EXISTS,0.00s
hydrology-07-00042-v2 (1).pdf,SKIPPED,EXISTS,0.00s
hydrology-07-00042-v2.pdf,SKIPPED,EXISTS,0.00s
hydrology-07-00044-v2.pdf,SKIPPED,EXISTS,0.00s
hydrology-07-00057-v2.pdf,SKIPPED,EXISTS,0.00s
hydrology-08-00020-v3 (1).pdf,SKIPPED,EXISTS,0.00s
hydrology-08-00020-v3.pdf,SKIPPED,EXISTS,0.00s
hydrology-08-00027-v2.pdf,SKIPPED,EXISTS,0.00s
hydrology-08-00044.pdf,SKIPPED,EXISTS,0.00s
hydrology-08-00058-v2 (1).pdf,SKIPPED,EXISTS,0.00s
hydrology-08-00058-v2.pdf,SKIPPED,EXISTS,0.00s
aneseyee2020.pdf,FAIL,CONNECTION_ERROR,8.32s
hess-28-3755-2024.pdf,FAIL,CONNECTION_ERROR,9.13s
hydrology-08-00072.pdf,SKIPPED,EXISTS,0.00s
hydrology-08-00087-v2.pdf,SKIPPED,EXISTS,0.00s
hydrology-08-00088-v2.pdf,SKIPPED,EXISTS,0.00s
hydrology-08-00089-v2.pdf,SKIPPED,EXISTS,0.00s
hydrology-08-00093.pdf,SKIPPED,EXISTS,0.00s
hydrology-08-00102.pdf,SKIPPED,EXISTS,0.00s
hydrology-08-00122.pdf,SKIPPED,EXISTS,0.00s
hydrology-08-00143.pdf,SKIPPED,EXISTS,0.00s
hydrology-08-00149-v2.pdf,SKIPPED,EXISTS,0.00s
hydrology-08-00151-v3.pdf,SKIPPED,EXISTS,0.00s
hydrology-08-00170.pdf,SKIPPED,EXISTS,0.00s
hydrology-09-00017.pdf,SKIPPED,EXISTS,0.00s
hydrology-09-00036-v2.pdf,SKIPPED,EXISTS,0.00s
hydrology-09-00038.pdf,SKIPPED,EXISTS,0.00s
hydrology-09-00039-v2.pdf,SKIPPED,EXISTS,0.00s
hydrology-09-00048-v2.pdf,SKIPPED,EXISTS,0.00s
hydrology-09-00057.pdf,SKIPPED,EXISTS,0.00s
hydrology-09-00071-v2.pdf,SKIPPED,EXISTS,0.00s
hydrology-09-00076-v2.pdf,SKIPPED,EXISTS,0.00s
hydrology-09-00088-v2.pdf,SKIPPED,EXISTS,0.00s
hydrology-09-00091.pdf,SKIPPED,EXISTS,0.00s
hydrology-09-00093.pdf,SKIPPED,EXISTS,0.00s
hydrology-09-00117.pdf,SKIPPED,EXISTS,0.00s
hydrology-09-00133-v3 (1).pdf,SKIPPED,EXISTS,0.00s
hydrology-09-00133-v3.pdf,SKIPPED,EXISTS,0.00s
hydrology-09-00147 (1).pdf,SKIPPED,EXISTS,0.00s
hydrology-09-00147.pdf,SKIPPED,EXISTS,0.00s
hydrology-09-00174-v2.pdf,SKIPPED,EXISTS,0.00s
hydrology-09-00208-v2.pdf,SKIPPED,EXISTS,0.00s
hydrology-09-00214-v2.pdf,SKIPPED,EXISTS,0.00s
hydrology-09-00223 (1).pdf,SKIPPED,EXISTS,0.00s
hydrology-09-00223.pdf,SKIPPED,EXISTS,0.00s
hydrology-10-00002-v2.pdf,SKIPPED,EXISTS,0.00s
hydrology-10-00010-v2.pdf,SKIPPED,EXISTS,0.00s
hydrology-10-00017-v2.pdf,SKIPPED,EXISTS,0.00s
hydrology-10-00068.pdf,SKIPPED,EXISTS,0.00s
hydrology-10-00091-v2 (1).pdf,SKIPPED,EXISTS,0.00s
hydrology-10-00091-v2.pdf,SKIPPED,EXISTS,0.00s
hydrology-10-00123.pdf,SKIPPED,EXISTS,0.00s
hydrology-10-00131-v2.pdf,SKIPPED,EXISTS,0.00s
hydrology-10-00141-v2.pdf,SKIPPED,EXISTS,0.00s
hydrology-10-00203.pdf,SKIPPED,EXISTS,0.00s
hydrology-10-00226.pdf,SKIPPED,EXISTS,0.00s
hydrology-10-00235-v2.pdf,SKIPPED,EXISTS,0.00s
hydrology-11-00009.pdf,SKIPPED,EXISTS,0.00s
applsci-12-03066.pdf,FAIL,CONNECTION_ERROR,8.35s
hess-29-767-2025.pdf,FAIL,CONNECTION_ERROR,8.48s
applsci-14-03391-v3.pdf,FAIL,CONNECTION_ERROR,8.14s
applsci-14-03527-v2.pdf,FAIL,CONNECTION_ERROR,8.37s
atmosphere-11-00794.pdf,SKIPPED,EXISTS,0.00s
atmosphere-13-01106.pdf,SKIPPED,EXISTS,0.00s
atmosphere-13-01348-v2.pdf,SKIPPED,EXISTS,0.00s
atmosphere-13-01544-v2.pdf,SKIPPED,EXISTS,0.00s
atmosphere-14-00182-v3.pdf,SKIPPED,EXISTS,0.00s
atmosphere-14-00351.pdf,SKIPPED,EXISTS,0.00s
atmosphere-14-00794.pdf,SKIPPED,EXISTS,0.00s
atmosphere-14-01196-v2.pdf,SKIPPED,EXISTS,0.00s
atmosphere-14-01197-v2.pdf,SKIPPED,EXISTS,0.00s
atmosphere-14-01209-v2.pdf,SKIPPED,EXISTS,0.00s
atmosphere-14-01301.pdf,SKIPPED,EXISTS,0.00s
atmosphere-15-00120-v2.pdf,SKIPPED,EXISTS,0.00s
azu_etd_15167_sip1_m.pdf,SKIPPED,EXISTS,0.00s
b257d309d07cef19db9ecef2c9c3f849cba0.pdf,SKIPPED,EXISTS,0.00s
bams-BAMS-D-19-0319.1.pdf,SKIPPED,EXISTS,0.00s
bams-BAMS-D-20-0279.1-1.pdf,SKIPPED,EXISTS,0.00s
bams-bams-d-17-0309.1.pdf,SKIPPED,EXISTS,0.00s
bams-bams-d-19-0001.1.pdf,SKIPPED,EXISTS,0.00s
bams-bams-d-19-0143.1.pdf,SKIPPED,EXISTS,0.00s
banda_hydrological modelling_2022.pdf,SKIPPED,EXISTS,0.00s
bcwr_rsoq_packet.pdf,SKIPPED,EXISTS,0.00s
behavsci-14-00074-v2.pdf,SKIPPED,EXISTS,0.00s
bfec42525fd333d646a68543c5e33e15ac87.pdf,SKIPPED,EXISTS,0.00s
huang2018.pdf,FAIL,CONNECTION_ERROR,8.80s
hydrology-08-00065-with-cover.pdf,FAIL,CONNECTION_ERROR,8.79s
hyp13726_rev_2.pdf,SKIPPED,EXISTS,0.00s
ijerph-18-01072.pdf,SKIPPED,EXISTS,0.00s
ijerph-19-16530.pdf,SKIPPED,EXISTS,0.00s
ijgi-07-00206-v2.pdf,SKIPPED,EXISTS,0.00s
ijgi-08-00534.pdf,SKIPPED,EXISTS,0.00s
ijgi-09-00244.pdf,SKIPPED,EXISTS,0.00s
ijgi-12-00053-v4.pdf,SKIPPED,EXISTS,0.00s
ijgi-12-00194-v2.pdf,SKIPPED,EXISTS,0.00s
ijgi-12-00464-v2.pdf,SKIPPED,EXISTS,0.00s
ijgi-13-00323.pdf,SKIPPED,EXISTS,0.00s
ijitk05-2.pdf,SKIPPED,EXISTS,0.00s
index (1).pdf,SKIPPED,EXISTS,0.00s
index (2).pdf,SKIPPED,EXISTS,0.00s
index.pdf,SKIPPED,EXISTS,0.00s
ioegc-9-017-90031.pdf,SKIPPED,EXISTS,0.00s
isprs-annals-IV-3-167-2018.pdf,SKIPPED,EXISTS,0.00s
isprs-annals-IV-3-W1-41-2019.pdf,SKIPPED,EXISTS,0.00s
isprs-annals-IV-5-W1-51-2017.pdf,SKIPPED,EXISTS,0.00s
isprs-annals-V-3-2020-641-2020.pdf,SKIPPED,EXISTS,0.00s
isprs-annals-V-3-2022-549-2022.pdf,SKIPPED,EXISTS,0.00s
isprs-archives-XLI-B7-757-2016.pdf,SKIPPED,EXISTS,0.00s
isprs-archives-XLII-2-W13-1927-2019 (1).pdf,SKIPPED,EXISTS,0.00s
isprs-archives-XLII-2-W13-1927-2019.pdf,SKIPPED,EXISTS,0.00s
isprs-archives-XLII-3-W4-109-2018.pdf,SKIPPED,EXISTS,0.00s
isprs-archives-XLII-3-W8-349-2019.pdf,SKIPPED,EXISTS,0.00s
isprs-archives-XLII-4-W1-315-2016.pdf,SKIPPED,EXISTS,0.00s
isprs-archives-XLII-4-W18-797-2019.pdf,SKIPPED,EXISTS,0.00s
isprs-archives-XLII-5-575-2018.pdf,SKIPPED,EXISTS,0.00s
isprs-archives-XLIII-B3-2020-1697-2020.pdf,SKIPPED,EXISTS,0.00s
isprs-archives-XLIII-B3-2020-641-2020.pdf,SKIPPED,EXISTS,0.00s
isprs-archives-XLIV-M-3-2021-37-2021.pdf,SKIPPED,EXISTS,0.00s
isprs-archives-XLVIII-3-2024-223-2024.pdf,SKIPPED,EXISTS,0.00s
isprs-archives-XLVIII-3-2024-251-2024_VERY_IMPORTANT.pdf,SKIPPED,EXISTS,0.00s
isprs-archives-XLVIII-4-W6-2022-231-2023.pdf,SKIPPED,EXISTS,0.00s
isprs-archives-XLVIII-G-2025-583-2025.pdf,SKIPPED,EXISTS,0.00s
isprsarchives-XL-7-W3-39-2015.pdf,SKIPPED,EXISTS,0.00s
isprsarchives-XL-7-W3-45-2015.pdf,SKIPPED,EXISTS,0.00s
j.envsoft.2017.01.006.pdf,SKIPPED,EXISTS,0.00s
jain2018.pdf,SKIPPED,EXISTS,0.00s
jh0250971.pdf,SKIPPED,EXISTS,0.00s
jmse-11-02290-v3.pdf,SKIPPED,EXISTS,0.00s
jmse-13-00072-v2.pdf,SKIPPED,EXISTS,0.00s
applsci-14-10019.pdf,FAIL,CONNECTION_ERROR,8.71s
bijeesh2020.pdf,SKIPPED,EXISTS,0.00s
hydrology-12-00035-v2.pdf,FAIL,CONNECTION_ERROR,9.12s
applsci-15-02520-v2.pdf,FAIL,CONNECTION_ERROR,8.72s
borah2018.pdf,SKIPPED,EXISTS,0.00s
brivio2002.pdf,SKIPPED,EXISTS,0.00s
c05467cc0bca43d1ff68ea7d5e6ed0eee5dd.pdf,SKIPPED,EXISTS,0.00s
climate-05-00009.pdf,SKIPPED,EXISTS,0.00s
climate-05-00032-s001.pdf,SKIPPED,EXISTS,0.00s
climate-05-00032-v2.pdf,SKIPPED,EXISTS,0.00s
climate-11-00226.pdf,SKIPPED,EXISTS,0.00s
hydrology-12-00090.pdf,FAIL,CONNECTION_ERROR,8.54s
applsci-15-05290.pdf,FAIL,CONNECTION_ERROR,9.16s
biae038.pdf,FAIL,CONNECTION_ERROR,8.07s
jmse-14-00753-v2.pdf,FAIL,CONNECTION_ERROR,7.82s
journal.pwat.0000269.pdf,SKIPPED,EXISTS,0.00s
joyce2014.pdf,SKIPPED,EXISTS,0.00s
jwc0123005.pdf,SKIPPED,EXISTS,0.00s
jwc0141935.pdf,SKIPPED,EXISTS,0.00s
hydrology-12-00095.pdf,FAIL,CONNECTION_ERROR,9.28s
khan2011.pdf,SKIPPED,EXISTS,0.00s
biology-14-00911-v2.pdf,FAIL,CONNECTION_ERROR,8.95s
coltin2016.pdf,SKIPPED,EXISTS,0.00s
jogh-14-04290.pdf,FAIL,CONNECTION_ERROR,8.54s
kim2019.pdf,SKIPPED,EXISTS,0.00s
klemas2015.pdf,SKIPPED,EXISTS,0.00s
kompyuternoe-modelirovanie-dozhdevogo-stoka-v-basseyne-reki-charysh-s-ispolzovaniem-programmnogo-kompleksa-hec-hms.pdf,SKIPPED,EXISTS,0.00s
ksuhsgs_2019_10_18.pdf,SKIPPED,EXISTS,0.00s
journal.pone.0315398.pdf,FAIL,CONNECTION_ERROR,7.29s
kussul2013.pdf,SKIPPED,EXISTS,0.00s
kussul2014.pdf,SKIPPED,EXISTS,0.00s
kussul2017.pdf,SKIPPED,EXISTS,0.00s
land-11-00250.pdf,SKIPPED,EXISTS,0.00s
land-11-01810-v2.pdf,SKIPPED,EXISTS,0.00s
land-12-00627-v2.pdf,SKIPPED,EXISTS,0.00s
land-12-00810-v2.pdf,SKIPPED,EXISTS,0.00s
land-12-00932.pdf,SKIPPED,EXISTS,0.00s
land-12-01514-v2.pdf,SKIPPED,EXISTS,0.00s
land-12-01743.pdf,SKIPPED,EXISTS,0.00s
land-12-01785-v2.pdf,SKIPPED,EXISTS,0.00s
land-13-00047.pdf,SKIPPED,EXISTS,0.00s
land-13-00116-v2.pdf,SKIPPED,EXISTS,0.00s
land-13-00923-v2.pdf,SKIPPED,EXISTS,0.00s
climate-12-00067.pdf,FAIL,CONNECTION_ERROR,7.96s
cweee_2020102015270525.pdf,SKIPPED,EXISTS,0.00s
designs-07-00117.pdf,SKIPPED,EXISTS,0.00s
detection-of-changes-in-terrestrial-ecosystems-of-ukraine-using-remote-sensing-data.pdf,SKIPPED,EXISTS,0.00s
dezso2005.pdf,SKIPPED,EXISTS,0.00s
dis_Havrys A.P..pdf,SKIPPED,EXISTS,0.00s
doc.pdf,SKIPPED,EXISTS,0.00s
document.pdf,SKIPPED,EXISTS,0.00s
climate-13-00060.pdf,FAIL,CONNECTION_ERROR,9.37s
e3sconf_wmad2021_05003.pdf,SKIPPED,EXISTS,0.00s
climate-13-00152-v2.pdf,FAIL,CONNECTION_ERROR,8.78s
jwc2025557.pdf,FAIL,CONNECTION_ERROR,8.05s
crystals-14-00729.pdf,FAIL,CONNECTION_ERROR,7.89s
eint-2013ei000532.1.pdf,SKIPPED,EXISTS,0.00s
energies-13-06020-v2.pdf,SKIPPED,EXISTS,0.00s
kumar2017.pdf,FAIL,CONNECTION_ERROR,8.07s
kiaf029.pdf,FAIL,CONNECTION_ERROR,8.80s
land-14-00621-v2.pdf,FAIL,CONNECTION_ERROR,9.03s
download.pdf,FAIL,CONNECTION_ERROR,9.02s
energies-14-05731-v2.pdf,SKIPPED,EXISTS,0.00s
energies-17-00469.pdf,SKIPPED,EXISTS,0.00s
environments-08-00077-v2.pdf,SKIPPED,EXISTS,0.00s
environsciproc-25-00040-v2.pdf,SKIPPED,EXISTS,0.00s
environsciproc-25-00059.pdf,SKIPPED,EXISTS,0.00s
environsciproc-26-00065.pdf,SKIPPED,EXISTS,0.00s
environsciproc-26-00095.pdf,SKIPPED,EXISTS,0.00s
environsciproc-26-00110.pdf,SKIPPED,EXISTS,0.00s
environsciproc-26-00185.pdf,SKIPPED,EXISTS,0.00s
external_content.pdf,SKIPPED,EXISTS,0.00s
fayne2016.pdf,SKIPPED,EXISTS,0.00s
education-14-00885-v2.pdf,FAIL,CONNECTION_ERROR,8.56s
feart-09-613011.pdf,SKIPPED,EXISTS,0.00s
feart-11-1332589.pdf,SKIPPED,EXISTS,0.00s
egusphere-2023-2890-manuscript-version3.pdf,FAIL,CONNECTION_ERROR,7.57s
energies-14-02305-v2.pdf,FAIL,CONNECTION_ERROR,7.28s
ffp-641.pdf,SKIPPED,EXISTS,0.00s
firstpublication.pdf,SKIPPED,EXISTS,0.00s
fiz_geo_2016_3_13.pdf,SKIPPED,EXISTS,0.00s
fiz_geo_2017_4_10.pdf,SKIPPED,EXISTS,0.00s
fluids-07-00267-v2.pdf,SKIPPED,EXISTS,0.00s
fluids-07-00267.pdf,SKIPPED,EXISTS,0.00s
forests-12-00553.pdf,SKIPPED,EXISTS,0.00s
land-14-00658.pdf,FAIL,CONNECTION_ERROR,9.23s
land-14-01543.pdf,FAIL,CONNECTION_ERROR,8.75s
liang2020.pdf,SKIPPED,EXISTS,0.00s
limnetica-30-2-p-169.pdf,SKIPPED,EXISTS,0.00s
lin2016.pdf,SKIPPED,EXISTS,0.00s
liquids-02-00010 (1).pdf,SKIPPED,EXISTS,0.00s
liquids-02-00010.pdf,SKIPPED,EXISTS,0.00s
lopez2020.pdf,SKIPPED,EXISTS,0.00s
land-14-01625-v4.pdf,FAIL,CONNECTION_ERROR,9.08s
maggioni2018.pdf,SKIPPED,EXISTS,0.00s
mathematics-11-00795.pdf,SKIPPED,EXISTS,0.00s
fclim-7-1517837.pdf,FAIL,CONNECTION_ERROR,8.30s
franci2016.pdf,SKIPPED,EXISTS,0.00s
frsen-04-1280654.pdf,SKIPPED,EXISTS,0.00s
land-14-01652-v2.pdf,FAIL,CONNECTION_ERROR,9.27s
fenvs-12-1476761.pdf,FAIL,CONNECTION_ERROR,7.98s
fenvs-13-1567796.pdf,FAIL,CONNECTION_ERROR,8.25s
fulltext.pdf,SKIPPED,EXISTS,0.00s
fulltext_Bakhtiyarikia_27_5_2012 (1).pdf,SKIPPED,EXISTS,0.00s
fulltext_Bakhtiyarikia_27_5_2012.pdf,SKIPPED,EXISTS,0.00s
forests-14-01664-v3.pdf,FAIL,CONNECTION_ERROR,7.33s
geohazards-03-00020-v2.pdf,SKIPPED,EXISTS,0.00s
geohazards-04-00025-v2.pdf,SKIPPED,EXISTS,0.00s
geoinf_2010_3_8.pdf,SKIPPED,EXISTS,0.00s
geosciences-09-00136-v2.pdf,SKIPPED,EXISTS,0.00s
geosciences-10-00209-v2.pdf,SKIPPED,EXISTS,0.00s
geosciences-13-00384.pdf,SKIPPED,EXISTS,0.00s
land-14-01672.pdf,FAIL,CONNECTION_ERROR,8.10s
model_hec_ras_0001.pdf,SKIPPED,EXISTS,0.00s
model_hec_ras_0002.pdf,SKIPPED,EXISTS,0.00s
model_hec_ras_0003.pdf,SKIPPED,EXISTS,0.00s
model_hec_ras_0004.pdf,SKIPPED,EXISTS,0.00s
model_hec_ras_0005.pdf,SKIPPED,EXISTS,0.00s
model_hec_ras_0006.pdf,SKIPPED,EXISTS,0.00s
model_hec_ras_0007.pdf,SKIPPED,EXISTS,0.00s
model_hec_ras_0008.pdf,SKIPPED,EXISTS,0.00s
model_hec_ras_0009.pdf,SKIPPED,EXISTS,0.00s
model_hec_ras_0011.pdf,SKIPPED,EXISTS,0.00s
model_hec_ras_0014.pdf,SKIPPED,EXISTS,0.00s
model_hec_ras_0015.pdf,SKIPPED,EXISTS,0.00s
model_hec_ras_0016.pdf,SKIPPED,EXISTS,0.00s
model_hec_ras_0017.pdf,SKIPPED,EXISTS,0.00s
model_hec_ras_0018.pdf,SKIPPED,EXISTS,0.00s
model_hec_ras_0020.pdf,SKIPPED,EXISTS,0.00s
model_hec_ras_0021.pdf,SKIPPED,EXISTS,0.00s
model_hec_ras_0022.pdf,SKIPPED,EXISTS,0.00s
model_hec_ras_0023.pdf,SKIPPED,EXISTS,0.00s
model_hec_ras_0025.pdf,SKIPPED,EXISTS,0.00s
model_hec_ras_0026.pdf,SKIPPED,EXISTS,0.00s
model_hec_ras_0028.pdf,SKIPPED,EXISTS,0.00s
model_hec_ras_0030.pdf,SKIPPED,EXISTS,0.00s
model_hec_ras_0031.pdf,SKIPPED,EXISTS,0.00s
model_hec_ras_0032.pdf,SKIPPED,EXISTS,0.00s
model_hec_ras_0036.pdf,SKIPPED,EXISTS,0.00s
model_hec_ras_0041.pdf,SKIPPED,EXISTS,0.00s
model_hec_ras_0043.pdf,SKIPPED,EXISTS,0.00s
model_hec_ras_0044.pdf,SKIPPED,EXISTS,0.00s
model_hec_ras_0045.pdf,SKIPPED,EXISTS,0.00s
model_hec_ras_0048.pdf,SKIPPED,EXISTS,0.00s
model_hec_ras_0049.pdf,SKIPPED,EXISTS,0.00s
model_hec_ras_0050.pdf,SKIPPED,EXISTS,0.00s
model_hec_ras_0051.pdf,SKIPPED,EXISTS,0.00s
model_hec_ras_0053.pdf,SKIPPED,EXISTS,0.00s
model_hec_ras_0054.pdf,SKIPPED,EXISTS,0.00s
model_hec_ras_0055.pdf,SKIPPED,EXISTS,0.00s
model_hec_ras_0056.pdf,SKIPPED,EXISTS,0.00s
model_hec_ras_0057.pdf,SKIPPED,EXISTS,0.00s
model_hec_ras_0058.pdf,SKIPPED,EXISTS,0.00s
model_hec_ras_0065.pdf,SKIPPED,EXISTS,0.00s
model_hec_ras_0066.pdf,SKIPPED,EXISTS,0.00s
model_hec_ras_0069.pdf,SKIPPED,EXISTS,0.00s
model_hec_ras_0071.pdf,SKIPPED,EXISTS,0.00s
model_hec_ras_0072.pdf,SKIPPED,EXISTS,0.00s
model_hec_ras_0075.pdf,SKIPPED,EXISTS,0.00s
model_hec_ras_0076.pdf,SKIPPED,EXISTS,0.00s
model_hec_ras_0077.pdf,SKIPPED,EXISTS,0.00s
model_hec_ras_0078.pdf,SKIPPED,EXISTS,0.00s
model_hec_ras_0079.pdf,SKIPPED,EXISTS,0.00s
model_hec_ras_0080.pdf,SKIPPED,EXISTS,0.00s
model_hec_ras_0082.pdf,SKIPPED,EXISTS,0.00s
model_hec_ras_0083.pdf,SKIPPED,EXISTS,0.00s
model_hec_ras_0084.pdf,SKIPPED,EXISTS,0.00s
model_hec_ras_0085.pdf,SKIPPED,EXISTS,0.00s
model_hec_ras_0087.pdf,SKIPPED,EXISTS,0.00s
model_hec_ras_0088.pdf,SKIPPED,EXISTS,0.00s
model_hec_ras_0089.pdf,SKIPPED,EXISTS,0.00s
model_hec_ras_0090.pdf,SKIPPED,EXISTS,0.00s
model_hec_ras_0091.pdf,SKIPPED,EXISTS,0.00s
model_hec_ras_0092.pdf,SKIPPED,EXISTS,0.00s
model_hec_ras_0094.pdf,SKIPPED,EXISTS,0.00s
model_hec_ras_0096.pdf,SKIPPED,EXISTS,0.00s
model_hec_ras_0097.pdf,SKIPPED,EXISTS,0.00s
model_hec_ras_0098.pdf,SKIPPED,EXISTS,0.00s
model_hec_ras_0103.pdf,SKIPPED,EXISTS,0.00s
model_hec_ras_0104.pdf,SKIPPED,EXISTS,0.00s
model_hec_ras_0105.pdf,SKIPPED,EXISTS,0.00s
model_hec_ras_0106.pdf,SKIPPED,EXISTS,0.00s
model_hec_ras_0108.pdf,SKIPPED,EXISTS,0.00s
model_hec_ras_0109.pdf,SKIPPED,EXISTS,0.00s
model_hec_ras_0113.pdf,SKIPPED,EXISTS,0.00s
model_hec_ras_0114.pdf,SKIPPED,EXISTS,0.00s
model_hec_ras_0115.pdf,SKIPPED,EXISTS,0.00s
model_hec_ras_0116.pdf,SKIPPED,EXISTS,0.00s
model_hec_ras_0118.pdf,SKIPPED,EXISTS,0.00s
model_hec_ras_0119.pdf,SKIPPED,EXISTS,0.00s
model_hec_ras_0122.pdf,SKIPPED,EXISTS,0.00s
model_hec_ras_0124.pdf,SKIPPED,EXISTS,0.00s
model_hec_ras_0125.pdf,SKIPPED,EXISTS,0.00s
model_hec_ras_0126.pdf,SKIPPED,EXISTS,0.00s
model_hec_ras_0128.pdf,SKIPPED,EXISTS,0.00s
model_hec_ras_0129.pdf,SKIPPED,EXISTS,0.00s
model_hec_ras_0131.pdf,SKIPPED,EXISTS,0.00s
model_hec_ras_0133.pdf,SKIPPED,EXISTS,0.00s
model_hec_ras_0134.pdf,SKIPPED,EXISTS,0.00s
model_hec_ras_0135.pdf,SKIPPED,EXISTS,0.00s
model_hec_ras_0141.pdf,SKIPPED,EXISTS,0.00s
model_hec_ras_0142.pdf,SKIPPED,EXISTS,0.00s
model_hec_ras_0143.pdf,SKIPPED,EXISTS,0.00s
model_hec_ras_0147.pdf,SKIPPED,EXISTS,0.00s
model_hec_ras_0148.pdf,SKIPPED,EXISTS,0.00s
model_hec_ras_0149.pdf,SKIPPED,EXISTS,0.00s
model_hec_ras_0150.pdf,SKIPPED,EXISTS,0.00s
model_hec_ras_0153.pdf,SKIPPED,EXISTS,0.00s
model_hec_ras_0154.pdf,SKIPPED,EXISTS,0.00s
model_hec_ras_0158.pdf,SKIPPED,EXISTS,0.00s
model_hec_ras_0165.pdf,SKIPPED,EXISTS,0.00s
model_hec_ras_0166.pdf,SKIPPED,EXISTS,0.00s
model_hec_ras_0169.pdf,SKIPPED,EXISTS,0.00s
model_hec_ras_0170.pdf,SKIPPED,EXISTS,0.00s
model_hec_ras_0171.pdf,SKIPPED,EXISTS,0.00s
model_hec_ras_0172.pdf,SKIPPED,EXISTS,0.00s
model_hec_ras_0173.pdf,SKIPPED,EXISTS,0.00s
model_hec_ras_0174.pdf,SKIPPED,EXISTS,0.00s
model_hec_ras_0175.pdf,SKIPPED,EXISTS,0.00s
model_hec_ras_0176.pdf,SKIPPED,EXISTS,0.00s
model_hec_ras_0178.pdf,SKIPPED,EXISTS,0.00s
model_hec_ras_0179.pdf,SKIPPED,EXISTS,0.00s
model_hec_ras_0180.pdf,SKIPPED,EXISTS,0.00s
model_hec_ras_0181.pdf,SKIPPED,EXISTS,0.00s
model_hec_ras_0182.pdf,SKIPPED,EXISTS,0.00s
model_hec_ras_0183.pdf,SKIPPED,EXISTS,0.00s
model_hec_ras_0184.pdf,SKIPPED,EXISTS,0.00s
model_hec_ras_0185.pdf,SKIPPED,EXISTS,0.00s
model_hec_ras_0186.pdf,SKIPPED,EXISTS,0.00s
model_hec_ras_0187.pdf,SKIPPED,EXISTS,0.00s
model_hec_ras_0188.pdf,SKIPPED,EXISTS,0.00s
model_hec_ras_0189.pdf,SKIPPED,EXISTS,0.00s
model_hec_ras_0192.pdf,SKIPPED,EXISTS,0.00s
model_hec_ras_0193.pdf,SKIPPED,EXISTS,0.00s
model_hec_ras_0194.pdf,SKIPPED,EXISTS,0.00s
model_hec_ras_0195.pdf,SKIPPED,EXISTS,0.00s
model_hec_ras_0196.pdf,SKIPPED,EXISTS,0.00s
model_hec_ras_0197.pdf,SKIPPED,EXISTS,0.00s
model_hec_ras_0201.pdf,SKIPPED,EXISTS,0.00s
model_hec_ras_0205.pdf,SKIPPED,EXISTS,0.00s
model_hec_ras_0206.pdf,SKIPPED,EXISTS,0.00s
model_hec_ras_0207.pdf,SKIPPED,EXISTS,0.00s
model_hec_ras_0208.pdf,SKIPPED,EXISTS,0.00s
model_hec_ras_0212.pdf,SKIPPED,EXISTS,0.00s
model_hec_ras_0215.pdf,SKIPPED,EXISTS,0.00s
model_hec_ras_0217.pdf,SKIPPED,EXISTS,0.00s
model_hec_ras_0219.pdf,SKIPPED,EXISTS,0.00s
model_hec_ras_0222.pdf,SKIPPED,EXISTS,0.00s
model_hec_ras_0223.pdf,SKIPPED,EXISTS,0.00s
model_hec_ras_0225.pdf,SKIPPED,EXISTS,0.00s
model_hec_ras_0227.pdf,SKIPPED,EXISTS,0.00s
model_hec_ras_0228.pdf,SKIPPED,EXISTS,0.00s
model_hec_ras_0229.pdf,SKIPPED,EXISTS,0.00s
model_hec_ras_0231.pdf,SKIPPED,EXISTS,0.00s
model_hec_ras_0233.pdf,SKIPPED,EXISTS,0.00s
model_hec_ras_0234.pdf,SKIPPED,EXISTS,0.00s
model_hec_ras_0235.pdf,SKIPPED,EXISTS,0.00s
model_hec_ras_0241.pdf,SKIPPED,EXISTS,0.00s
model_hec_ras_0242.pdf,SKIPPED,EXISTS,0.00s
model_hec_ras_0243.pdf,SKIPPED,EXISTS,0.00s
model_hec_ras_0245.pdf,SKIPPED,EXISTS,0.00s
model_hec_ras_0246.pdf,SKIPPED,EXISTS,0.00s
model_hec_ras_0247.pdf,SKIPPED,EXISTS,0.00s
model_hec_ras_0248.pdf,SKIPPED,EXISTS,0.00s
model_hec_ras_0249.pdf,SKIPPED,EXISTS,0.00s
model_hec_ras_0251.pdf,SKIPPED,EXISTS,0.00s
model_hec_ras_0253.pdf,SKIPPED,EXISTS,0.00s
model_hec_ras_0255.pdf,SKIPPED,EXISTS,0.00s
model_hec_ras_0258.pdf,SKIPPED,EXISTS,0.00s
model_hec_ras_0259.pdf,SKIPPED,EXISTS,0.00s
model_hec_ras_0260.pdf,SKIPPED,EXISTS,0.00s
model_hec_ras_0261.pdf,SKIPPED,EXISTS,0.00s
model_hec_ras_0262.pdf,SKIPPED,EXISTS,0.00s
model_hec_ras_0265.pdf,SKIPPED,EXISTS,0.00s
model_hec_ras_0266.pdf,SKIPPED,EXISTS,0.00s
model_hec_ras_0267.pdf,SKIPPED,EXISTS,0.00s
model_hec_ras_0268.pdf,SKIPPED,EXISTS,0.00s
model_hec_ras_0269.pdf,SKIPPED,EXISTS,0.00s
model_hec_ras_0270.pdf,SKIPPED,EXISTS,0.00s
model_hec_ras_0272.pdf,SKIPPED,EXISTS,0.00s
model_hec_ras_0277.pdf,SKIPPED,EXISTS,0.00s
model_hec_ras_0282.pdf,SKIPPED,EXISTS,0.00s
model_hec_ras_0283.pdf,SKIPPED,EXISTS,0.00s
model_hec_ras_0284.pdf,SKIPPED,EXISTS,0.00s
model_hec_ras_0285.pdf,SKIPPED,EXISTS,0.00s
model_hec_ras_0286.pdf,SKIPPED,EXISTS,0.00s
model_hec_ras_0287.pdf,SKIPPED,EXISTS,0.00s
model_hec_ras_0289.pdf,SKIPPED,EXISTS,0.00s
model_hec_ras_0290.pdf,SKIPPED,EXISTS,0.00s
model_hec_ras_0291.pdf,SKIPPED,EXISTS,0.00s
model_hec_ras_0292.pdf,SKIPPED,EXISTS,0.00s
model_hec_ras_0293.pdf,SKIPPED,EXISTS,0.00s
model_hec_ras_0295.pdf,SKIPPED,EXISTS,0.00s
model_hec_ras_0296.pdf,SKIPPED,EXISTS,0.00s
model_hec_ras_0300.pdf,SKIPPED,EXISTS,0.00s
model_hec_ras_0301.pdf,SKIPPED,EXISTS,0.00s
model_hec_ras_0302.pdf,SKIPPED,EXISTS,0.00s
model_hec_ras_0303.pdf,SKIPPED,EXISTS,0.00s
model_hec_ras_0304.pdf,SKIPPED,EXISTS,0.00s
model_hec_ras_0305.pdf,SKIPPED,EXISTS,0.00s
model_hec_ras_0306.pdf,SKIPPED,EXISTS,0.00s
model_hec_ras_0307.pdf,SKIPPED,EXISTS,0.00s
model_hec_ras_0308.pdf,SKIPPED,EXISTS,0.00s
model_hec_ras_0309.pdf,SKIPPED,EXISTS,0.00s
model_hec_ras_0310.pdf,SKIPPED,EXISTS,0.00s
model_hec_ras_0312.pdf,SKIPPED,EXISTS,0.00s
model_hec_ras_0313.pdf,SKIPPED,EXISTS,0.00s
model_hec_ras_0314.pdf,SKIPPED,EXISTS,0.00s
model_hec_ras_0315.pdf,SKIPPED,EXISTS,0.00s
model_hec_ras_0319.pdf,SKIPPED,EXISTS,0.00s
model_hec_ras_0320.pdf,SKIPPED,EXISTS,0.00s
model_hec_ras_0321.pdf,SKIPPED,EXISTS,0.00s
model_hec_ras_0322.pdf,SKIPPED,EXISTS,0.00s
model_hec_ras_0323.pdf,SKIPPED,EXISTS,0.00s
model_hec_ras_0324.pdf,SKIPPED,EXISTS,0.00s
model_hec_ras_0325.pdf,SKIPPED,EXISTS,0.00s
model_hec_ras_0326.pdf,SKIPPED,EXISTS,0.00s
model_hec_ras_0327.pdf,SKIPPED,EXISTS,0.00s
model_hec_ras_0328.pdf,SKIPPED,EXISTS,0.00s
model_hec_ras_0330.pdf,SKIPPED,EXISTS,0.00s
model_hec_ras_0332.pdf,SKIPPED,EXISTS,0.00s
model_hec_ras_0335.pdf,SKIPPED,EXISTS,0.00s
model_hec_ras_0336.pdf,SKIPPED,EXISTS,0.00s
model_hec_ras_0337.pdf,SKIPPED,EXISTS,0.00s
model_hec_ras_0340.pdf,SKIPPED,EXISTS,0.00s
model_hec_ras_0341.pdf,SKIPPED,EXISTS,0.00s
model_hec_ras_0342.pdf,SKIPPED,EXISTS,0.00s
model_hec_ras_0343.pdf,SKIPPED,EXISTS,0.00s
model_hec_ras_0345.pdf,SKIPPED,EXISTS,0.00s
model_hec_ras_0346.pdf,SKIPPED,EXISTS,0.00s
model_hec_ras_0347.pdf,SKIPPED,EXISTS,0.00s
model_hec_ras_0348.pdf,SKIPPED,EXISTS,0.00s
model_hec_ras_0351.pdf,SKIPPED,EXISTS,0.00s
model_hec_ras_0352.pdf,SKIPPED,EXISTS,0.00s
model_hec_ras_0353.pdf,SKIPPED,EXISTS,0.00s
model_hec_ras_0355.pdf,SKIPPED,EXISTS,0.00s
model_hec_ras_0357.pdf,SKIPPED,EXISTS,0.00s
model_hec_ras_0359.pdf,SKIPPED,EXISTS,0.00s
model_hec_ras_0361.pdf,SKIPPED,EXISTS,0.00s
model_hec_ras_0362.pdf,SKIPPED,EXISTS,0.00s
model_hec_ras_0364.pdf,SKIPPED,EXISTS,0.00s
model_hec_ras_0365.pdf,SKIPPED,EXISTS,0.00s
model_hec_ras_0366.pdf,SKIPPED,EXISTS,0.00s
model_hec_ras_0368.pdf,SKIPPED,EXISTS,0.00s
model_hec_ras_0369.pdf,SKIPPED,EXISTS,0.00s
model_hec_ras_0372.pdf,SKIPPED,EXISTS,0.00s
model_hec_ras_0376.pdf,SKIPPED,EXISTS,0.00s
model_hec_ras_0378.pdf,SKIPPED,EXISTS,0.00s
model_hec_ras_0379.pdf,SKIPPED,EXISTS,0.00s
model_hec_ras_0380.pdf,SKIPPED,EXISTS,0.00s
model_hec_ras_0381.pdf,SKIPPED,EXISTS,0.00s
model_hec_ras_0383.pdf,SKIPPED,EXISTS,0.00s
model_hec_ras_0386.pdf,SKIPPED,EXISTS,0.00s
model_hec_ras_0387.pdf,SKIPPED,EXISTS,0.00s
model_hec_ras_0392.pdf,SKIPPED,EXISTS,0.00s
model_hec_ras_0395.pdf,SKIPPED,EXISTS,0.00s
model_hec_ras_0397.pdf,SKIPPED,EXISTS,0.00s
model_hec_ras_0398.pdf,SKIPPED,EXISTS,0.00s
model_hec_ras_0399.pdf,SKIPPED,EXISTS,0.00s
model_hec_ras_0400.pdf,SKIPPED,EXISTS,0.00s
model_hec_ras_0404.pdf,SKIPPED,EXISTS,0.00s
model_hec_ras_0405.pdf,SKIPPED,EXISTS,0.00s
model_hec_ras_0406.pdf,SKIPPED,EXISTS,0.00s
model_hec_ras_0407.pdf,SKIPPED,EXISTS,0.00s
model_hec_ras_0411.pdf,SKIPPED,EXISTS,0.00s
model_hec_ras_0412.pdf,SKIPPED,EXISTS,0.00s
model_hec_ras_0413.pdf,SKIPPED,EXISTS,0.00s
model_hec_ras_0414.pdf,SKIPPED,EXISTS,0.00s
model_hec_ras_0415.pdf,SKIPPED,EXISTS,0.00s
model_hec_ras_0419.pdf,SKIPPED,EXISTS,0.00s
model_hec_ras_0420.pdf,SKIPPED,EXISTS,0.00s
model_hec_ras_0421.pdf,SKIPPED,EXISTS,0.00s
model_hec_ras_0422.pdf,SKIPPED,EXISTS,0.00s
model_hec_ras_0423.pdf,SKIPPED,EXISTS,0.00s
model_hec_ras_0424.pdf,SKIPPED,EXISTS,0.00s
model_hec_ras_0425.pdf,SKIPPED,EXISTS,0.00s
model_hec_ras_0426.pdf,SKIPPED,EXISTS,0.00s
model_hec_ras_0427.pdf,SKIPPED,EXISTS,0.00s
model_hec_ras_0429.pdf,SKIPPED,EXISTS,0.00s
model_hec_ras_0430.pdf,SKIPPED,EXISTS,0.00s
model_hec_ras_0432.pdf,SKIPPED,EXISTS,0.00s
model_hec_ras_0433.pdf,SKIPPED,EXISTS,0.00s
model_hec_ras_0434.pdf,SKIPPED,EXISTS,0.00s
model_hec_ras_0435.pdf,SKIPPED,EXISTS,0.00s
model_hec_ras_0436.pdf,SKIPPED,EXISTS,0.00s
model_hec_ras_0438.pdf,SKIPPED,EXISTS,0.00s
model_hec_ras_0439.pdf,SKIPPED,EXISTS,0.00s
model_hec_ras_0440.pdf,SKIPPED,EXISTS,0.00s
model_hec_ras_0441.pdf,SKIPPED,EXISTS,0.00s
model_hec_ras_0442.pdf,SKIPPED,EXISTS,0.00s
model_hec_ras_0443.pdf,SKIPPED,EXISTS,0.00s
model_hec_ras_0444.pdf,SKIPPED,EXISTS,0.00s
model_hec_ras_0445.pdf,SKIPPED,EXISTS,0.00s
model_hec_ras_0447.pdf,SKIPPED,EXISTS,0.00s
model_hec_ras_0452.pdf,SKIPPED,EXISTS,0.00s
model_hec_ras_0456.pdf,SKIPPED,EXISTS,0.00s
model_hec_ras_0457.pdf,SKIPPED,EXISTS,0.00s
model_hec_ras_0459.pdf,SKIPPED,EXISTS,0.00s
model_hec_ras_0460.pdf,SKIPPED,EXISTS,0.00s
model_hec_ras_0461.pdf,SKIPPED,EXISTS,0.00s
model_hec_ras_0462.pdf,SKIPPED,EXISTS,0.00s
model_hec_ras_0463.pdf,SKIPPED,EXISTS,0.00s
model_hec_ras_0464.pdf,SKIPPED,EXISTS,0.00s
model_hec_ras_0465.pdf,SKIPPED,EXISTS,0.00s
model_hec_ras_0468.pdf,SKIPPED,EXISTS,0.00s
model_hec_ras_0469.pdf,SKIPPED,EXISTS,0.00s
model_hec_ras_0470.pdf,SKIPPED,EXISTS,0.00s
model_hec_ras_0471.pdf,SKIPPED,EXISTS,0.00s
model_hec_ras_0472.pdf,SKIPPED,EXISTS,0.00s
model_hec_ras_0473.pdf,SKIPPED,EXISTS,0.00s
model_hec_ras_0476.pdf,SKIPPED,EXISTS,0.00s
model_hec_ras_0480.pdf,SKIPPED,EXISTS,0.00s
model_hec_ras_0482.pdf,SKIPPED,EXISTS,0.00s
model_hec_ras_0483.pdf,SKIPPED,EXISTS,0.00s
model_hec_ras_0487.pdf,SKIPPED,EXISTS,0.00s
model_hec_ras_0489.pdf,SKIPPED,EXISTS,0.00s
model_hec_ras_0490.pdf,SKIPPED,EXISTS,0.00s
model_hec_ras_0491.pdf,SKIPPED,EXISTS,0.00s
model_hec_ras_0493.pdf,SKIPPED,EXISTS,0.00s
model_hec_ras_0495.pdf,SKIPPED,EXISTS,0.00s
model_hec_ras_0496.pdf,SKIPPED,EXISTS,0.00s
model_hec_ras_0500.pdf,SKIPPED,EXISTS,0.00s
model_hec_ras_0502.pdf,SKIPPED,EXISTS,0.00s
model_hec_ras_0503.pdf,SKIPPED,EXISTS,0.00s
model_hec_ras_0504.pdf,SKIPPED,EXISTS,0.00s
model_hec_ras_0507.pdf,SKIPPED,EXISTS,0.00s
model_hec_ras_0509.pdf,SKIPPED,EXISTS,0.00s
model_hec_ras_0510.pdf,SKIPPED,EXISTS,0.00s
model_hec_ras_0512.pdf,SKIPPED,EXISTS,0.00s
model_hec_ras_0519.pdf,SKIPPED,EXISTS,0.00s
model_hec_ras_0520.pdf,SKIPPED,EXISTS,0.00s
model_hec_ras_0521.pdf,SKIPPED,EXISTS,0.00s
model_hec_ras_0522.pdf,SKIPPED,EXISTS,0.00s
model_hec_ras_0523.pdf,SKIPPED,EXISTS,0.00s
model_hec_ras_0524.pdf,SKIPPED,EXISTS,0.00s
model_hec_ras_0525.pdf,SKIPPED,EXISTS,0.00s
model_hec_ras_0529.pdf,SKIPPED,EXISTS,0.00s
model_hec_ras_0531.pdf,SKIPPED,EXISTS,0.00s
model_hec_ras_0533.pdf,SKIPPED,EXISTS,0.00s
model_hec_ras_0535.pdf,SKIPPED,EXISTS,0.00s
model_hec_ras_0536.pdf,SKIPPED,EXISTS,0.00s
model_hec_ras_0537.pdf,SKIPPED,EXISTS,0.00s
model_hec_ras_0538.pdf,SKIPPED,EXISTS,0.00s
model_hec_ras_0539.pdf,SKIPPED,EXISTS,0.00s
model_hec_ras_0542.pdf,SKIPPED,EXISTS,0.00s
model_hec_ras_0543.pdf,SKIPPED,EXISTS,0.00s
model_hec_ras_0547.pdf,SKIPPED,EXISTS,0.00s
model_hec_ras_0549.pdf,SKIPPED,EXISTS,0.00s
model_hec_ras_0552.pdf,SKIPPED,EXISTS,0.00s
model_hec_ras_0554.pdf,SKIPPED,EXISTS,0.00s
model_hec_ras_0555.pdf,SKIPPED,EXISTS,0.00s
model_hec_ras_0558.pdf,SKIPPED,EXISTS,0.00s
model_hec_ras_0561.pdf,SKIPPED,EXISTS,0.00s
model_hec_ras_0562.pdf,SKIPPED,EXISTS,0.00s
model_hec_ras_0563.pdf,SKIPPED,EXISTS,0.00s
model_hec_ras_0564.pdf,SKIPPED,EXISTS,0.00s
model_hec_ras_0566.pdf,SKIPPED,EXISTS,0.00s
model_hec_ras_0569.pdf,SKIPPED,EXISTS,0.00s
model_hec_ras_0570.pdf,SKIPPED,EXISTS,0.00s
model_hec_ras_0574.pdf,SKIPPED,EXISTS,0.00s
model_hec_ras_0575.pdf,SKIPPED,EXISTS,0.00s
model_hec_ras_0577.pdf,SKIPPED,EXISTS,0.00s
model_hec_ras_0579.pdf,SKIPPED,EXISTS,0.00s
model_hec_ras_0580.pdf,SKIPPED,EXISTS,0.00s
model_hec_ras_0582.pdf,SKIPPED,EXISTS,0.00s
model_hec_ras_0584.pdf,SKIPPED,EXISTS,0.00s
model_hec_ras_0586.pdf,SKIPPED,EXISTS,0.00s
model_hec_ras_0595.pdf,SKIPPED,EXISTS,0.00s
model_hec_ras_0596.pdf,SKIPPED,EXISTS,0.00s
model_hec_ras_0598.pdf,SKIPPED,EXISTS,0.00s
model_hec_ras_0599.pdf,SKIPPED,EXISTS,0.00s
model_hec_ras_0601.pdf,SKIPPED,EXISTS,0.00s
model_hec_ras_0602.pdf,SKIPPED,EXISTS,0.00s
model_hec_ras_0603.pdf,SKIPPED,EXISTS,0.00s
model_hec_ras_0607.pdf,SKIPPED,EXISTS,0.00s
model_hec_ras_0608.pdf,SKIPPED,EXISTS,0.00s
model_hec_ras_0609.pdf,SKIPPED,EXISTS,0.00s
model_hec_ras_0610.pdf,SKIPPED,EXISTS,0.00s
model_hec_ras_0612.pdf,SKIPPED,EXISTS,0.00s
model_hec_ras_0613.pdf,SKIPPED,EXISTS,0.00s
model_hec_ras_0615.pdf,SKIPPED,EXISTS,0.00s
model_hec_ras_0618.pdf,SKIPPED,EXISTS,0.00s
model_hec_ras_0628.pdf,SKIPPED,EXISTS,0.00s
model_hec_ras_0629.pdf,SKIPPED,EXISTS,0.00s
model_hec_ras_0631.pdf,SKIPPED,EXISTS,0.00s
model_hec_ras_0632.pdf,SKIPPED,EXISTS,0.00s
model_hec_ras_0636.pdf,SKIPPED,EXISTS,0.00s
model_hec_ras_0637.pdf,SKIPPED,EXISTS,0.00s
model_hec_ras_0640.pdf,SKIPPED,EXISTS,0.00s
model_hec_ras_0641.pdf,SKIPPED,EXISTS,0.00s
model_hec_ras_0645.pdf,SKIPPED,EXISTS,0.00s
model_hec_ras_0646.pdf,SKIPPED,EXISTS,0.00s
model_hec_ras_0647.pdf,SKIPPED,EXISTS,0.00s
model_hec_ras_0648.pdf,SKIPPED,EXISTS,0.00s
model_hec_ras_0649.pdf,SKIPPED,EXISTS,0.00s
model_hec_ras_0652.pdf,SKIPPED,EXISTS,0.00s
model_hec_ras_0654.pdf,SKIPPED,EXISTS,0.00s
model_hec_ras_0655.pdf,SKIPPED,EXISTS,0.00s
model_hec_ras_0656.pdf,SKIPPED,EXISTS,0.00s
model_hec_ras_0658.pdf,SKIPPED,EXISTS,0.00s
model_hec_ras_0659.pdf,SKIPPED,EXISTS,0.00s
model_hec_ras_0660.pdf,SKIPPED,EXISTS,0.00s
model_hec_ras_0661.pdf,SKIPPED,EXISTS,0.00s
model_hec_ras_0662.pdf,SKIPPED,EXISTS,0.00s
model_hec_ras_0663.pdf,SKIPPED,EXISTS,0.00s
model_hec_ras_0664.pdf,SKIPPED,EXISTS,0.00s
model_hec_ras_0665.pdf,SKIPPED,EXISTS,0.00s
model_hec_ras_0666.pdf,SKIPPED,EXISTS,0.00s
model_hec_ras_0668.pdf,SKIPPED,EXISTS,0.00s
model_hec_ras_0669.pdf,SKIPPED,EXISTS,0.00s
model_hec_ras_0670.pdf,SKIPPED,EXISTS,0.00s
model_hec_ras_0674.pdf,SKIPPED,EXISTS,0.00s
model_hec_ras_0675.pdf,SKIPPED,EXISTS,0.00s
model_hec_ras_0676.pdf,SKIPPED,EXISTS,0.00s
model_hec_ras_0677.pdf,SKIPPED,EXISTS,0.00s
model_hec_ras_0678.pdf,SKIPPED,EXISTS,0.00s
model_hec_ras_0679.pdf,SKIPPED,EXISTS,0.00s
model_hec_ras_0680.pdf,SKIPPED,EXISTS,0.00s
model_hec_ras_0681.pdf,SKIPPED,EXISTS,0.00s
model_hec_ras_0682.pdf,SKIPPED,EXISTS,0.00s
model_hec_ras_0684.pdf,SKIPPED,EXISTS,0.00s
model_hec_ras_0685.pdf,SKIPPED,EXISTS,0.00s
model_hec_ras_0686.pdf,SKIPPED,EXISTS,0.00s
model_hec_ras_0687.pdf,SKIPPED,EXISTS,0.00s
model_hec_ras_0688.pdf,SKIPPED,EXISTS,0.00s
model_hec_ras_0689.pdf,SKIPPED,EXISTS,0.00s
model_hec_ras_0690.pdf,SKIPPED,EXISTS,0.00s
model_hec_ras_0691.pdf,SKIPPED,EXISTS,0.00s
model_hec_ras_0692.pdf,SKIPPED,EXISTS,0.00s
model_hec_ras_0693.pdf,SKIPPED,EXISTS,0.00s
model_hec_ras_0694.pdf,SKIPPED,EXISTS,0.00s
model_hec_ras_0695.pdf,SKIPPED,EXISTS,0.00s
model_hec_ras_0696.pdf,SKIPPED,EXISTS,0.00s
model_hec_ras_0697.pdf,SKIPPED,EXISTS,0.00s
model_hec_ras_0698.pdf,SKIPPED,EXISTS,0.00s
model_hec_ras_0699.pdf,SKIPPED,EXISTS,0.00s
model_hec_ras_0700.pdf,SKIPPED,EXISTS,0.00s
model_hec_ras_0701.pdf,SKIPPED,EXISTS,0.00s
model_hec_ras_0702.pdf,SKIPPED,EXISTS,0.00s
model_hec_ras_0703.pdf,SKIPPED,EXISTS,0.00s
model_hec_ras_0704.pdf,SKIPPED,EXISTS,0.00s
model_hec_ras_0705.pdf,SKIPPED,EXISTS,0.00s
model_hec_ras_0706.pdf,SKIPPED,EXISTS,0.00s
model_hec_ras_0707.pdf,SKIPPED,EXISTS,0.00s
model_hec_ras_0708.pdf,SKIPPED,EXISTS,0.00s
model_hec_ras_0709.pdf,SKIPPED,EXISTS,0.00s
model_hec_ras_0710.pdf,SKIPPED,EXISTS,0.00s
model_hec_ras_0711.pdf,SKIPPED,EXISTS,0.00s
model_hec_ras_0712.pdf,SKIPPED,EXISTS,0.00s
model_hec_ras_0713.pdf,SKIPPED,EXISTS,0.00s
model_hec_ras_0714.pdf,SKIPPED,EXISTS,0.00s
model_hec_ras_0715.pdf,SKIPPED,EXISTS,0.00s
model_hec_ras_0716.pdf,SKIPPED,EXISTS,0.00s
model_hec_ras_0717.pdf,SKIPPED,EXISTS,0.00s
model_hec_ras_0718.pdf,SKIPPED,EXISTS,0.00s
model_hec_ras_0719.pdf,SKIPPED,EXISTS,0.00s
model_hec_ras_0720.pdf,SKIPPED,EXISTS,0.00s
model_hec_ras_0721.pdf,SKIPPED,EXISTS,0.00s
model_hec_ras_0722.pdf,SKIPPED,EXISTS,0.00s
model_hec_ras_0723.pdf,SKIPPED,EXISTS,0.00s
model_hec_ras_0724.pdf,SKIPPED,EXISTS,0.00s
model_hec_ras_0725.pdf,SKIPPED,EXISTS,0.00s
model_hec_ras_0726.pdf,SKIPPED,EXISTS,0.00s
model_hec_ras_0727.pdf,SKIPPED,EXISTS,0.00s
model_hec_ras_0728.pdf,SKIPPED,EXISTS,0.00s
model_hec_ras_0729.pdf,SKIPPED,EXISTS,0.00s
model_hec_ras_0730.pdf,SKIPPED,EXISTS,0.00s
model_hec_ras_0731.pdf,SKIPPED,EXISTS,0.00s
model_hec_ras_0732.pdf,SKIPPED,EXISTS,0.00s
model_hec_ras_0733.pdf,SKIPPED,EXISTS,0.00s
model_hec_ras_0734.pdf,SKIPPED,EXISTS,0.00s
model_hec_ras_0735.pdf,SKIPPED,EXISTS,0.00s
model_hec_ras_0736.pdf,SKIPPED,EXISTS,0.00s
model_hec_ras_0737.pdf,SKIPPED,EXISTS,0.00s
model_hec_ras_0738.pdf,SKIPPED,EXISTS,0.00s
model_hec_ras_0739.pdf,SKIPPED,EXISTS,0.00s
model_hec_ras_0740.pdf,SKIPPED,EXISTS,0.00s
model_hec_ras_0741.pdf,SKIPPED,EXISTS,0.00s
model_hec_ras_0742.pdf,SKIPPED,EXISTS,0.00s
model_hec_ras_0743.pdf,SKIPPED,EXISTS,0.00s
model_hec_ras_0744.pdf,SKIPPED,EXISTS,0.00s
model_hec_ras_0745.pdf,SKIPPED,EXISTS,0.00s
model_hec_ras_0746.pdf,SKIPPED,EXISTS,0.00s
model_hec_ras_0747.pdf,SKIPPED,EXISTS,0.00s
model_hec_ras_0748.pdf,SKIPPED,EXISTS,0.00s
model_hec_ras_0749.pdf,SKIPPED,EXISTS,0.00s
model_hec_ras_0750.pdf,SKIPPED,EXISTS,0.00s
model_hec_ras_0751.pdf,SKIPPED,EXISTS,0.00s
model_hec_ras_0752.pdf,SKIPPED,EXISTS,0.00s
model_hec_ras_0753.pdf,SKIPPED,EXISTS,0.00s
model_hec_ras_0754.pdf,SKIPPED,EXISTS,0.00s
model_hec_ras_0755.pdf,SKIPPED,EXISTS,0.00s
model_hec_ras_0756.pdf,SKIPPED,EXISTS,0.00s
model_hec_ras_0757.pdf,SKIPPED,EXISTS,0.00s
model_hec_ras_0758.pdf,SKIPPED,EXISTS,0.00s
model_hec_ras_0759.pdf,SKIPPED,EXISTS,0.00s
model_hec_ras_0760.pdf,SKIPPED,EXISTS,0.00s
model_hec_ras_0761.pdf,SKIPPED,EXISTS,0.00s
model_hec_ras_0762.pdf,SKIPPED,EXISTS,0.00s
model_hec_ras_0763.pdf,SKIPPED,EXISTS,0.00s
model_hec_ras_0764.pdf,SKIPPED,EXISTS,0.00s
model_hec_ras_0765.pdf,SKIPPED,EXISTS,0.00s
model_hec_ras_0766.pdf,SKIPPED,EXISTS,0.00s
model_hec_ras_0767.pdf,SKIPPED,EXISTS,0.00s
model_hec_ras_0768.pdf,SKIPPED,EXISTS,0.00s
model_hec_ras_0769.pdf,SKIPPED,EXISTS,0.00s
model_hec_ras_0770.pdf,SKIPPED,EXISTS,0.00s
model_hec_ras_0771.pdf,SKIPPED,EXISTS,0.00s
model_hec_ras_0772.pdf,SKIPPED,EXISTS,0.00s
model_hec_ras_0773.pdf,SKIPPED,EXISTS,0.00s
model_hec_ras_0774.pdf,SKIPPED,EXISTS,0.00s
model_hec_ras_0775.pdf,SKIPPED,EXISTS,0.00s
model_hec_ras_0776.pdf,SKIPPED,EXISTS,0.00s
model_hec_ras_0777.pdf,SKIPPED,EXISTS,0.00s
model_hec_ras_0778.pdf,SKIPPED,EXISTS,0.00s
model_hec_ras_0779.pdf,SKIPPED,EXISTS,0.00s
model_hec_ras_0780.pdf,SKIPPED,EXISTS,0.00s
model_hec_ras_0781.pdf,SKIPPED,EXISTS,0.00s
model_hec_ras_0782.pdf,SKIPPED,EXISTS,0.00s
model_hec_ras_0783.pdf,SKIPPED,EXISTS,0.00s
model_hec_ras_0784.pdf,SKIPPED,EXISTS,0.00s
model_hec_ras_0785.pdf,SKIPPED,EXISTS,0.00s
model_hec_ras_0786.pdf,SKIPPED,EXISTS,0.00s
model_hec_ras_0787.pdf,SKIPPED,EXISTS,0.00s
model_hec_ras_0788.pdf,SKIPPED,EXISTS,0.00s
model_hec_ras_0789.pdf,SKIPPED,EXISTS,0.00s
model_hec_ras_0790.pdf,SKIPPED,EXISTS,0.00s
model_hec_ras_0791.pdf,SKIPPED,EXISTS,0.00s
model_hec_ras_0792.pdf,SKIPPED,EXISTS,0.00s
model_hec_ras_0793.pdf,SKIPPED,EXISTS,0.00s
model_hec_ras_0794.pdf,SKIPPED,EXISTS,0.00s
model_hec_ras_0795.pdf,SKIPPED,EXISTS,0.00s
model_hec_ras_0796.pdf,SKIPPED,EXISTS,0.00s
model_hec_ras_0797.pdf,SKIPPED,EXISTS,0.00s
model_hec_ras_0798.pdf,SKIPPED,EXISTS,0.00s
model_hec_ras_0799.pdf,SKIPPED,EXISTS,0.00s
model_hec_ras_0800.pdf,SKIPPED,EXISTS,0.00s
model_hec_ras_0801.pdf,SKIPPED,EXISTS,0.00s
model_hec_ras_0802.pdf,SKIPPED,EXISTS,0.00s
model_hec_ras_0803.pdf,SKIPPED,EXISTS,0.00s
model_hec_ras_0804.pdf,SKIPPED,EXISTS,0.00s
model_hec_ras_0805.pdf,SKIPPED,EXISTS,0.00s
model_hec_ras_0806.pdf,SKIPPED,EXISTS,0.00s
model_hec_ras_0807.pdf,SKIPPED,EXISTS,0.00s
model_hec_ras_0808.pdf,SKIPPED,EXISTS,0.00s
model_hec_ras_0809.pdf,SKIPPED,EXISTS,0.00s
model_hec_ras_0810.pdf,SKIPPED,EXISTS,0.00s
model_hec_ras_0811.pdf,SKIPPED,EXISTS,0.00s
model_hec_ras_0812.pdf,SKIPPED,EXISTS,0.00s
model_hec_ras_0813.pdf,SKIPPED,EXISTS,0.00s
model_hec_ras_0814.pdf,SKIPPED,EXISTS,0.00s
model_hec_ras_0815.pdf,SKIPPED,EXISTS,0.00s
model_hec_ras_0816.pdf,SKIPPED,EXISTS,0.00s
model_hec_ras_0817.pdf,SKIPPED,EXISTS,0.00s
model_hec_ras_0818.pdf,SKIPPED,EXISTS,0.00s
model_hec_ras_0819.pdf,SKIPPED,EXISTS,0.00s
model_hec_ras_0820.pdf,SKIPPED,EXISTS,0.00s
model_hec_ras_0821.pdf,SKIPPED,EXISTS,0.00s
model_hec_ras_0822.pdf,SKIPPED,EXISTS,0.00s
model_hec_ras_0823.pdf,SKIPPED,EXISTS,0.00s
model_hec_ras_0824.pdf,SKIPPED,EXISTS,0.00s
model_hec_ras_0825.pdf,SKIPPED,EXISTS,0.00s
model_hec_ras_0826.pdf,SKIPPED,EXISTS,0.00s
model_hec_ras_0827.pdf,SKIPPED,EXISTS,0.00s
model_hec_ras_0828.pdf,SKIPPED,EXISTS,0.00s
model_hec_ras_0829.pdf,SKIPPED,EXISTS,0.00s
model_hec_ras_0830.pdf,SKIPPED,EXISTS,0.00s
model_hec_ras_0831.pdf,SKIPPED,EXISTS,0.00s
model_hec_ras_0832.pdf,SKIPPED,EXISTS,0.00s
model_hec_ras_0833.pdf,SKIPPED,EXISTS,0.00s
model_hec_ras_0834.pdf,SKIPPED,EXISTS,0.00s
model_hec_ras_0835.pdf,SKIPPED,EXISTS,0.00s
model_hec_ras_0836.pdf,SKIPPED,EXISTS,0.00s
model_hec_ras_0837.pdf,SKIPPED,EXISTS,0.00s
luo2021.pdf,FAIL,CONNECTION_ERROR,8.10s
model_hec_ras_0839.pdf,SKIPPED,EXISTS,0.00s
model_hec_ras_0840.pdf,SKIPPED,EXISTS,0.00s
model_hec_ras_0841.pdf,SKIPPED,EXISTS,0.00s
model_hec_ras_0842.pdf,SKIPPED,EXISTS,0.00s
model_hec_ras_0843.pdf,SKIPPED,EXISTS,0.00s
model_hec_ras_0844.pdf,SKIPPED,EXISTS,0.00s
model_hec_ras_0845.pdf,SKIPPED,EXISTS,0.00s
model_hec_ras_0846.pdf,SKIPPED,EXISTS,0.00s
model_hec_ras_0847.pdf,SKIPPED,EXISTS,0.00s
model_hec_ras_0848.pdf,SKIPPED,EXISTS,0.00s
model_hec_ras_0849.pdf,SKIPPED,EXISTS,0.00s
model_hec_ras_0850.pdf,SKIPPED,EXISTS,0.00s
model_hec_ras_0851.pdf,SKIPPED,EXISTS,0.00s
model_hec_ras_0852.pdf,SKIPPED,EXISTS,0.00s
model_hec_ras_0853.pdf,SKIPPED,EXISTS,0.00s
model_hec_ras_0854.pdf,SKIPPED,EXISTS,0.00s
model_hec_ras_0855.pdf,SKIPPED,EXISTS,0.00s
model_hec_ras_0856.pdf,SKIPPED,EXISTS,0.00s
model_hec_ras_0857.pdf,SKIPPED,EXISTS,0.00s
model_hec_ras_0858.pdf,SKIPPED,EXISTS,0.00s
model_hec_ras_0859.pdf,SKIPPED,EXISTS,0.00s
model_hec_ras_0860.pdf,SKIPPED,EXISTS,0.00s
model_hec_ras_0861.pdf,SKIPPED,EXISTS,0.00s
model_hec_ras_0862.pdf,SKIPPED,EXISTS,0.00s
model_hec_ras_0863.pdf,SKIPPED,EXISTS,0.00s
model_hec_ras_0864.pdf,SKIPPED,EXISTS,0.00s
model_hec_ras_0865.pdf,SKIPPED,EXISTS,0.00s
model_hec_ras_0866.pdf,SKIPPED,EXISTS,0.00s
model_hec_ras_0867.pdf,SKIPPED,EXISTS,0.00s
model_hec_ras_0868.pdf,SKIPPED,EXISTS,0.00s
model_hec_ras_0869.pdf,SKIPPED,EXISTS,0.00s
model_hec_ras_0870.pdf,SKIPPED,EXISTS,0.00s
model_hec_ras_0871.pdf,SKIPPED,EXISTS,0.00s
model_hec_ras_0872.pdf,SKIPPED,EXISTS,0.00s
model_hec_ras_0873.pdf,SKIPPED,EXISTS,0.00s
model_hec_ras_0874.pdf,SKIPPED,EXISTS,0.00s
model_hec_ras_0875.pdf,SKIPPED,EXISTS,0.00s
model_hec_ras_0876.pdf,SKIPPED,EXISTS,0.00s
model_hec_ras_0877.pdf,SKIPPED,EXISTS,0.00s
model_hec_ras_0878.pdf,SKIPPED,EXISTS,0.00s
model_hec_ras_0879.pdf,SKIPPED,EXISTS,0.00s
model_hec_ras_0880.pdf,SKIPPED,EXISTS,0.00s
model_hec_ras_0881.pdf,SKIPPED,EXISTS,0.00s
model_hec_ras_0882.pdf,SKIPPED,EXISTS,0.00s
model_hec_ras_0883.pdf,SKIPPED,EXISTS,0.00s
model_hec_ras_0884.pdf,SKIPPED,EXISTS,0.00s
model_hec_ras_0885.pdf,SKIPPED,EXISTS,0.00s
model_hec_ras_0886.pdf,SKIPPED,EXISTS,0.00s
model_hec_ras_0887.pdf,SKIPPED,EXISTS,0.00s
model_hec_ras_0888.pdf,SKIPPED,EXISTS,0.00s
model_hec_ras_0889.pdf,SKIPPED,EXISTS,0.00s
model_hec_ras_0890.pdf,SKIPPED,EXISTS,0.00s
model_hec_ras_0891.pdf,SKIPPED,EXISTS,0.00s
model_hec_ras_0892.pdf,SKIPPED,EXISTS,0.00s
model_hec_ras_0893.pdf,SKIPPED,EXISTS,0.00s
model_hec_ras_0894.pdf,SKIPPED,EXISTS,0.00s
model_hec_ras_0895.pdf,SKIPPED,EXISTS,0.00s
model_hec_ras_0896.pdf,SKIPPED,EXISTS,0.00s
model_hec_ras_0897.pdf,SKIPPED,EXISTS,0.00s
model_hec_ras_0898.pdf,SKIPPED,EXISTS,0.00s
model_hec_ras_0899.pdf,SKIPPED,EXISTS,0.00s
model_hec_ras_0900.pdf,SKIPPED,EXISTS,0.00s
model_hec_ras_0901.pdf,SKIPPED,EXISTS,0.00s
model_hec_ras_0902.pdf,SKIPPED,EXISTS,0.00s
model_hec_ras_0903.pdf,SKIPPED,EXISTS,0.00s
model_hec_ras_0904.pdf,SKIPPED,EXISTS,0.00s
model_hec_ras_0905.pdf,SKIPPED,EXISTS,0.00s
model_hec_ras_0906.pdf,SKIPPED,EXISTS,0.00s
model_hec_ras_0907.pdf,SKIPPED,EXISTS,0.00s
model_hec_ras_0908.pdf,SKIPPED,EXISTS,0.00s
model_hec_ras_0909.pdf,SKIPPED,EXISTS,0.00s
model_hec_ras_0910.pdf,SKIPPED,EXISTS,0.00s
model_hec_ras_0911.pdf,SKIPPED,EXISTS,0.00s
model_hec_ras_0912.pdf,SKIPPED,EXISTS,0.00s
model_hec_ras_0913.pdf,SKIPPED,EXISTS,0.00s
model_hec_ras_0914.pdf,SKIPPED,EXISTS,0.00s
model_hec_ras_0915.pdf,SKIPPED,EXISTS,0.00s
model_hec_ras_0916.pdf,SKIPPED,EXISTS,0.00s
model_hec_ras_0917.pdf,SKIPPED,EXISTS,0.00s
model_hec_ras_0918.pdf,SKIPPED,EXISTS,0.00s
model_hec_ras_0919.pdf,SKIPPED,EXISTS,0.00s
model_hec_ras_0920.pdf,SKIPPED,EXISTS,0.00s
model_hec_ras_0921.pdf,SKIPPED,EXISTS,0.00s
model_hec_ras_0922.pdf,SKIPPED,EXISTS,0.00s
model_hec_ras_0923.pdf,SKIPPED,EXISTS,0.00s
model_hec_ras_0924.pdf,SKIPPED,EXISTS,0.00s
model_hec_ras_0925.pdf,SKIPPED,EXISTS,0.00s
model_hec_ras_0926.pdf,SKIPPED,EXISTS,0.00s
model_hec_ras_0927.pdf,SKIPPED,EXISTS,0.00s
model_hec_ras_0928.pdf,SKIPPED,EXISTS,0.00s
model_hec_ras_0929.pdf,SKIPPED,EXISTS,0.00s
model_hec_ras_0930.pdf,SKIPPED,EXISTS,0.00s
model_hec_ras_0931.pdf,SKIPPED,EXISTS,0.00s
model_hec_ras_0932.pdf,SKIPPED,EXISTS,0.00s
model_hec_ras_0933.pdf,SKIPPED,EXISTS,0.00s
model_hec_ras_0934.pdf,SKIPPED,EXISTS,0.00s
model_hec_ras_0935.pdf,SKIPPED,EXISTS,0.00s
model_hec_ras_0936.pdf,SKIPPED,EXISTS,0.00s
model_hec_ras_0937.pdf,SKIPPED,EXISTS,0.00s
model_hec_ras_0938.pdf,SKIPPED,EXISTS,0.00s
model_hec_ras_0939.pdf,SKIPPED,EXISTS,0.00s
model_hec_ras_0940.pdf,SKIPPED,EXISTS,0.00s
model_hec_ras_0941.pdf,SKIPPED,EXISTS,0.00s
model_hec_ras_0942.pdf,SKIPPED,EXISTS,0.00s
model_hec_ras_0943.pdf,SKIPPED,EXISTS,0.00s
model_hec_ras_0944.pdf,SKIPPED,EXISTS,0.00s
model_hec_ras_0945.pdf,SKIPPED,EXISTS,0.00s
model_hec_ras_0946.pdf,SKIPPED,EXISTS,0.00s
model_hec_ras_0947.pdf,SKIPPED,EXISTS,0.00s
model_hec_ras_0948.pdf,SKIPPED,EXISTS,0.00s
model_hec_ras_0949.pdf,SKIPPED,EXISTS,0.00s
model_hec_ras_0950.pdf,SKIPPED,EXISTS,0.00s
model_hec_ras_0951.pdf,SKIPPED,EXISTS,0.00s
model_hec_ras_0952.pdf,SKIPPED,EXISTS,0.00s
model_hec_ras_0953.pdf,SKIPPED,EXISTS,0.00s
model_hec_ras_0954.pdf,SKIPPED,EXISTS,0.00s
model_hec_ras_0955.pdf,SKIPPED,EXISTS,0.00s
model_hec_ras_0956.pdf,SKIPPED,EXISTS,0.00s
model_hec_ras_0957.pdf,SKIPPED,EXISTS,0.00s
model_hec_ras_0958.pdf,SKIPPED,EXISTS,0.00s
model_hec_ras_0959.pdf,SKIPPED,EXISTS,0.00s
model_hec_ras_0960.pdf,SKIPPED,EXISTS,0.00s
model_hec_ras_0961.pdf,SKIPPED,EXISTS,0.00s
model_hec_ras_0962.pdf,SKIPPED,EXISTS,0.00s
model_hec_ras_0963.pdf,SKIPPED,EXISTS,0.00s
model_hec_ras_0964.pdf,SKIPPED,EXISTS,0.00s
model_hec_ras_0965.pdf,SKIPPED,EXISTS,0.00s
model_hec_ras_0966.pdf,SKIPPED,EXISTS,0.00s
model_hec_ras_0967.pdf,SKIPPED,EXISTS,0.00s
model_hec_ras_0968.pdf,SKIPPED,EXISTS,0.00s
model_hec_ras_0969.pdf,SKIPPED,EXISTS,0.00s
model_hec_ras_0970.pdf,SKIPPED,EXISTS,0.00s
model_hec_ras_0971.pdf,SKIPPED,EXISTS,0.00s
model_hec_ras_0972.pdf,SKIPPED,EXISTS,0.00s
model_hec_ras_0973.pdf,SKIPPED,EXISTS,0.00s
model_hec_ras_0974.pdf,SKIPPED,EXISTS,0.00s
model_hec_ras_0975.pdf,SKIPPED,EXISTS,0.00s
model_hec_ras_0976.pdf,SKIPPED,EXISTS,0.00s
model_hec_ras_0977.pdf,SKIPPED,EXISTS,0.00s
model_hec_ras_0978.pdf,SKIPPED,EXISTS,0.00s
model_hec_ras_0979.pdf,SKIPPED,EXISTS,0.00s
model_hec_ras_0980.pdf,SKIPPED,EXISTS,0.00s
model_hec_ras_0981.pdf,SKIPPED,EXISTS,0.00s
model_hec_ras_0982.pdf,SKIPPED,EXISTS,0.00s
model_hec_ras_0983.pdf,SKIPPED,EXISTS,0.00s
model_hec_ras_0984.pdf,SKIPPED,EXISTS,0.00s
model_hec_ras_0985.pdf,SKIPPED,EXISTS,0.00s
model_hec_ras_0986.pdf,SKIPPED,EXISTS,0.00s
model_hec_ras_0987.pdf,SKIPPED,EXISTS,0.00s
model_hec_ras_0988.pdf,SKIPPED,EXISTS,0.00s
model_hec_ras_0989.pdf,SKIPPED,EXISTS,0.00s
model_hec_ras_0990.pdf,SKIPPED,EXISTS,0.00s
model_hec_ras_0991.pdf,SKIPPED,EXISTS,0.00s
model_hec_ras_0992.pdf,SKIPPED,EXISTS,0.00s
model_hec_ras_0993.pdf,SKIPPED,EXISTS,0.00s
model_hec_ras_0994.pdf,SKIPPED,EXISTS,0.00s
model_hec_ras_0995.pdf,SKIPPED,EXISTS,0.00s
model_hec_ras_0996.pdf,SKIPPED,EXISTS,0.00s
model_hec_ras_0997.pdf,SKIPPED,EXISTS,0.00s
model_hec_ras_0998.pdf,SKIPPED,EXISTS,0.00s
model_hec_ras_0999.pdf,SKIPPED,EXISTS,0.00s
model_hec_ras_1000.pdf,SKIPPED,EXISTS,0.00s
model_hec_ras_1001.pdf,SKIPPED,EXISTS,0.00s
model_hec_ras_1002.pdf,SKIPPED,EXISTS,0.00s
model_hec_ras_1003.pdf,SKIPPED,EXISTS,0.00s
model_hec_ras_1004.pdf,SKIPPED,EXISTS,0.00s
model_hec_ras_1005.pdf,SKIPPED,EXISTS,0.00s
model_hec_ras_1006.pdf,SKIPPED,EXISTS,0.00s
model_hec_ras_1007.pdf,SKIPPED,EXISTS,0.00s
model_hec_ras_1008.pdf,SKIPPED,EXISTS,0.00s
model_hec_ras_1009.pdf,SKIPPED,EXISTS,0.00s
model_hec_ras_1010.pdf,SKIPPED,EXISTS,0.00s
model_hec_ras_1011.pdf,SKIPPED,EXISTS,0.00s
model_hec_ras_1012.pdf,SKIPPED,EXISTS,0.00s
model_hec_ras_1013.pdf,SKIPPED,EXISTS,0.00s
model_hec_ras_1014.pdf,SKIPPED,EXISTS,0.00s
model_hec_ras_1015.pdf,SKIPPED,EXISTS,0.00s
model_hec_ras_1016.pdf,SKIPPED,EXISTS,0.00s
model_hec_ras_1017.pdf,SKIPPED,EXISTS,0.00s
model_hec_ras_1018.pdf,SKIPPED,EXISTS,0.00s
model_hec_ras_1019.pdf,SKIPPED,EXISTS,0.00s
model_hec_ras_1020.pdf,SKIPPED,EXISTS,0.00s
model_hec_ras_1021.pdf,SKIPPED,EXISTS,0.00s
model_hec_ras_1022.pdf,SKIPPED,EXISTS,0.00s
model_hec_ras_1023.pdf,SKIPPED,EXISTS,0.00s
model_hec_ras_1024.pdf,SKIPPED,EXISTS,0.00s
model_hec_ras_1025.pdf,SKIPPED,EXISTS,0.00s
model_hec_ras_1026.pdf,SKIPPED,EXISTS,0.00s
model_hec_ras_1027.pdf,SKIPPED,EXISTS,0.00s
model_hec_ras_1028.pdf,SKIPPED,EXISTS,0.00s
model_hec_ras_1029.pdf,SKIPPED,EXISTS,0.00s
model_hec_ras_1030.pdf,SKIPPED,EXISTS,0.00s
model_hec_ras_1031.pdf,SKIPPED,EXISTS,0.00s
model_hec_ras_1032.pdf,SKIPPED,EXISTS,0.00s
model_hec_ras_1033.pdf,SKIPPED,EXISTS,0.00s
model_hec_ras_1034.pdf,SKIPPED,EXISTS,0.00s
model_hec_ras_1035.pdf,SKIPPED,EXISTS,0.00s
model_hec_ras_1036.pdf,SKIPPED,EXISTS,0.00s
model_hec_ras_1037.pdf,SKIPPED,EXISTS,0.00s
model_hec_ras_1038.pdf,SKIPPED,EXISTS,0.00s
model_hec_ras_1039.pdf,SKIPPED,EXISTS,0.00s
model_hec_ras_1040.pdf,SKIPPED,EXISTS,0.00s
model_hec_ras_1041.pdf,SKIPPED,EXISTS,0.00s
model_hec_ras_1042.pdf,SKIPPED,EXISTS,0.00s
model_hec_ras_1043.pdf,SKIPPED,EXISTS,0.00s
model_hec_ras_1044.pdf,SKIPPED,EXISTS,0.00s
model_hec_ras_1045.pdf,SKIPPED,EXISTS,0.00s
model_hec_ras_1046.pdf,SKIPPED,EXISTS,0.00s
model_hec_ras_1047.pdf,SKIPPED,EXISTS,0.00s
model_hec_ras_1048.pdf,SKIPPED,EXISTS,0.00s
model_hec_ras_1049.pdf,SKIPPED,EXISTS,0.00s
model_hec_ras_1050.pdf,SKIPPED,EXISTS,0.00s
model_hec_ras_1051.pdf,SKIPPED,EXISTS,0.00s
model_hec_ras_1052.pdf,SKIPPED,EXISTS,0.00s
model_hec_ras_1053.pdf,SKIPPED,EXISTS,0.00s
model_hec_ras_1054.pdf,SKIPPED,EXISTS,0.00s
model_hec_ras_1055.pdf,SKIPPED,EXISTS,0.00s
model_hec_ras_1056.pdf,SKIPPED,EXISTS,0.00s
model_hec_ras_1057.pdf,SKIPPED,EXISTS,0.00s
model_hec_ras_1058.pdf,SKIPPED,EXISTS,0.00s
model_hec_ras_1059.pdf,SKIPPED,EXISTS,0.00s
model_hec_ras_1060.pdf,SKIPPED,EXISTS,0.00s
model_hec_ras_1061.pdf,SKIPPED,EXISTS,0.00s
model_hec_ras_1062.pdf,SKIPPED,EXISTS,0.00s
model_hec_ras_1063.pdf,SKIPPED,EXISTS,0.00s
model_hec_ras_1064.pdf,SKIPPED,EXISTS,0.00s
model_hec_ras_1065.pdf,SKIPPED,EXISTS,0.00s
model_hec_ras_1066.pdf,SKIPPED,EXISTS,0.00s
model_hec_ras_1067.pdf,SKIPPED,EXISTS,0.00s
model_hec_ras_1068.pdf,SKIPPED,EXISTS,0.00s
model_hec_ras_1069.pdf,SKIPPED,EXISTS,0.00s
model_hec_ras_1070.pdf,SKIPPED,EXISTS,0.00s
model_hec_ras_1071.pdf,SKIPPED,EXISTS,0.00s
model_hec_ras_1072.pdf,SKIPPED,EXISTS,0.00s
model_hec_ras_1073.pdf,SKIPPED,EXISTS,0.00s
model_hec_ras_1074.pdf,SKIPPED,EXISTS,0.00s
model_hec_ras_1075.pdf,SKIPPED,EXISTS,0.00s
model_hec_ras_1076.pdf,SKIPPED,EXISTS,0.00s
model_hec_ras_1077.pdf,SKIPPED,EXISTS,0.00s
model_hec_ras_1078.pdf,SKIPPED,EXISTS,0.00s
model_hec_ras_1079.pdf,SKIPPED,EXISTS,0.00s
model_hec_ras_1080.pdf,SKIPPED,EXISTS,0.00s
model_hec_ras_1081.pdf,SKIPPED,EXISTS,0.00s
model_hec_ras_1082.pdf,SKIPPED,EXISTS,0.00s
model_hec_ras_1083.pdf,SKIPPED,EXISTS,0.00s
model_hec_ras_1084.pdf,SKIPPED,EXISTS,0.00s
model_hec_ras_1085.pdf,SKIPPED,EXISTS,0.00s
model_hec_ras_1086.pdf,SKIPPED,EXISTS,0.00s
model_hec_ras_1087.pdf,SKIPPED,EXISTS,0.00s
model_hec_ras_1088.pdf,SKIPPED,EXISTS,0.00s
model_hec_ras_1089.pdf,SKIPPED,EXISTS,0.00s
model_hec_ras_1090.pdf,SKIPPED,EXISTS,0.00s
model_hec_ras_1091.pdf,SKIPPED,EXISTS,0.00s
model_hec_ras_1092.pdf,SKIPPED,EXISTS,0.00s
model_hec_ras_1093.pdf,SKIPPED,EXISTS,0.00s
model_hec_ras_1094.pdf,SKIPPED,EXISTS,0.00s
model_hec_ras_1095.pdf,SKIPPED,EXISTS,0.00s
model_hec_ras_1096.pdf,SKIPPED,EXISTS,0.00s
model_hec_ras_1097.pdf,SKIPPED,EXISTS,0.00s
model_hec_ras_1098.pdf,SKIPPED,EXISTS,0.00s
model_hec_ras_1099.pdf,SKIPPED,EXISTS,0.00s
model_hec_ras_1100.pdf,SKIPPED,EXISTS,0.00s
model_hec_ras_1101.pdf,SKIPPED,EXISTS,0.00s
model_hec_ras_1102.pdf,SKIPPED,EXISTS,0.00s
model_hec_ras_1103.pdf,SKIPPED,EXISTS,0.00s
model_hec_ras_1104.pdf,SKIPPED,EXISTS,0.00s
model_hec_ras_1105.pdf,SKIPPED,EXISTS,0.00s
model_hec_ras_1106.pdf,SKIPPED,EXISTS,0.00s
model_hec_ras_1107.pdf,SKIPPED,EXISTS,0.00s
model_hec_ras_1108.pdf,SKIPPED,EXISTS,0.00s
model_hec_ras_1109.pdf,SKIPPED,EXISTS,0.00s
model_hec_ras_1110.pdf,SKIPPED,EXISTS,0.00s
model_hec_ras_1111.pdf,SKIPPED,EXISTS,0.00s
model_hec_ras_1112.pdf,SKIPPED,EXISTS,0.00s
model_hec_ras_1113.pdf,SKIPPED,EXISTS,0.00s
model_hec_ras_1114.pdf,SKIPPED,EXISTS,0.00s
model_hec_ras_1115.pdf,SKIPPED,EXISTS,0.00s
model_hec_ras_1116.pdf,SKIPPED,EXISTS,0.00s
model_hec_ras_1117.pdf,SKIPPED,EXISTS,0.00s
model_hec_ras_1118.pdf,SKIPPED,EXISTS,0.00s
model_hec_ras_1119.pdf,SKIPPED,EXISTS,0.00s
model_hec_ras_1120.pdf,SKIPPED,EXISTS,0.00s
model_hec_ras_1121.pdf,SKIPPED,EXISTS,0.00s
model_hec_ras_1122.pdf,SKIPPED,EXISTS,0.00s
model_hec_ras_1123.pdf,SKIPPED,EXISTS,0.00s
model_hec_ras_1124.pdf,SKIPPED,EXISTS,0.00s
model_hec_ras_1125.pdf,SKIPPED,EXISTS,0.00s
model_hec_ras_1126.pdf,SKIPPED,EXISTS,0.00s
model_hec_ras_1127.pdf,SKIPPED,EXISTS,0.00s
model_hec_ras_1128.pdf,SKIPPED,EXISTS,0.00s
model_hec_ras_1129.pdf,SKIPPED,EXISTS,0.00s
model_hec_ras_1130.pdf,SKIPPED,EXISTS,0.00s
model_hec_ras_1131.pdf,SKIPPED,EXISTS,0.00s
model_hec_ras_1132.pdf,SKIPPED,EXISTS,0.00s
model_hec_ras_1133.pdf,SKIPPED,EXISTS,0.00s
model_hec_ras_1134.pdf,SKIPPED,EXISTS,0.00s
model_hec_ras_1135.pdf,SKIPPED,EXISTS,0.00s
model_hec_ras_1136.pdf,SKIPPED,EXISTS,0.00s
model_hec_ras_1137.pdf,SKIPPED,EXISTS,0.00s
model_hec_ras_1138.pdf,SKIPPED,EXISTS,0.00s
model_hec_ras_1139.pdf,SKIPPED,EXISTS,0.00s
model_hec_ras_1140.pdf,SKIPPED,EXISTS,0.00s
model_hec_ras_1141.pdf,SKIPPED,EXISTS,0.00s
model_hec_ras_1142.pdf,SKIPPED,EXISTS,0.00s
model_hec_ras_1143.pdf,SKIPPED,EXISTS,0.00s
model_hec_ras_1144.pdf,SKIPPED,EXISTS,0.00s
model_hec_ras_1145.pdf,SKIPPED,EXISTS,0.00s
model_hec_ras_1146.pdf,SKIPPED,EXISTS,0.00s
model_hec_ras_1147.pdf,SKIPPED,EXISTS,0.00s
model_hec_ras_1148.pdf,SKIPPED,EXISTS,0.00s
model_hec_ras_1149.pdf,SKIPPED,EXISTS,0.00s
model_hec_ras_1150.pdf,SKIPPED,EXISTS,0.00s
model_hec_ras_1151.pdf,SKIPPED,EXISTS,0.00s
model_hec_ras_1152.pdf,SKIPPED,EXISTS,0.00s
model_hec_ras_1153.pdf,SKIPPED,EXISTS,0.00s
model_hec_ras_1154.pdf,SKIPPED,EXISTS,0.00s
model_hec_ras_1155.pdf,SKIPPED,EXISTS,0.00s
model_hec_ras_1156.pdf,SKIPPED,EXISTS,0.00s
model_hec_ras_1157.pdf,SKIPPED,EXISTS,0.00s
model_hec_ras_1158.pdf,SKIPPED,EXISTS,0.00s
model_hec_ras_1159.pdf,SKIPPED,EXISTS,0.00s
model_hec_ras_1160.pdf,SKIPPED,EXISTS,0.00s
model_hec_ras_1161.pdf,SKIPPED,EXISTS,0.00s
model_hec_ras_1162.pdf,SKIPPED,EXISTS,0.00s
model_hec_ras_1163.pdf,SKIPPED,EXISTS,0.00s
model_hec_ras_1164.pdf,SKIPPED,EXISTS,0.00s
model_hec_ras_1165.pdf,SKIPPED,EXISTS,0.00s
model_hec_ras_1166.pdf,SKIPPED,EXISTS,0.00s
model_hec_ras_1167.pdf,SKIPPED,EXISTS,0.00s
model_hec_ras_1168.pdf,SKIPPED,EXISTS,0.00s
model_hec_ras_1169.pdf,SKIPPED,EXISTS,0.00s
model_hec_ras_1170.pdf,SKIPPED,EXISTS,0.00s
model_hec_ras_1171.pdf,SKIPPED,EXISTS,0.00s
model_hec_ras_1172.pdf,SKIPPED,EXISTS,0.00s
model_hec_ras_1173.pdf,SKIPPED,EXISTS,0.00s
model_hec_ras_1174.pdf,SKIPPED,EXISTS,0.00s
model_hec_ras_1175.pdf,SKIPPED,EXISTS,0.00s
model_hec_ras_1176.pdf,SKIPPED,EXISTS,0.00s
model_hec_ras_1177.pdf,SKIPPED,EXISTS,0.00s
model_hec_ras_1178.pdf,SKIPPED,EXISTS,0.00s
model_hec_ras_1179.pdf,SKIPPED,EXISTS,0.00s
model_hec_ras_1180.pdf,SKIPPED,EXISTS,0.00s
model_hec_ras_1181.pdf,SKIPPED,EXISTS,0.00s
model_hec_ras_1182.pdf,SKIPPED,EXISTS,0.00s
model_hec_ras_1183.pdf,SKIPPED,EXISTS,0.00s
model_hec_ras_1184.pdf,SKIPPED,EXISTS,0.00s
model_hec_ras_1185.pdf,SKIPPED,EXISTS,0.00s
model_hec_ras_1186.pdf,SKIPPED,EXISTS,0.00s
model_hec_ras_1187.pdf,SKIPPED,EXISTS,0.00s
model_hec_ras_1188.pdf,SKIPPED,EXISTS,0.00s
model_hec_ras_1189.pdf,SKIPPED,EXISTS,0.00s
model_hec_ras_1190.pdf,SKIPPED,EXISTS,0.00s
model_hec_ras_1191.pdf,SKIPPED,EXISTS,0.00s
model_hec_ras_1192.pdf,SKIPPED,EXISTS,0.00s
model_hec_ras_1193.pdf,SKIPPED,EXISTS,0.00s
model_hec_ras_1194.pdf,SKIPPED,EXISTS,0.00s
model_hec_ras_1195.pdf,SKIPPED,EXISTS,0.00s
model_hec_ras_1196.pdf,SKIPPED,EXISTS,0.00s
model_hec_ras_1197.pdf,SKIPPED,EXISTS,0.00s
model_hec_ras_1198.pdf,SKIPPED,EXISTS,0.00s
model_hec_ras_1199.pdf,SKIPPED,EXISTS,0.00s
model_hec_ras_1200.pdf,SKIPPED,EXISTS,0.00s
model_hec_ras_1201.pdf,SKIPPED,EXISTS,0.00s
model_hec_ras_1202.pdf,SKIPPED,EXISTS,0.00s
model_hec_ras_1203.pdf,SKIPPED,EXISTS,0.00s
model_hec_ras_1204.pdf,SKIPPED,EXISTS,0.00s
model_hec_ras_1205.pdf,SKIPPED,EXISTS,0.00s
model_hec_ras_1206.pdf,SKIPPED,EXISTS,0.00s
model_hec_ras_1207.pdf,SKIPPED,EXISTS,0.00s
model_hec_ras_1208.pdf,SKIPPED,EXISTS,0.00s
model_hec_ras_1209.pdf,SKIPPED,EXISTS,0.00s
model_hec_ras_1210.pdf,SKIPPED,EXISTS,0.00s
model_hec_ras_1211.pdf,SKIPPED,EXISTS,0.00s
model_hec_ras_1212.pdf,SKIPPED,EXISTS,0.00s
model_hec_ras_1213.pdf,SKIPPED,EXISTS,0.00s
model_hec_ras_1214.pdf,SKIPPED,EXISTS,0.00s
model_hec_ras_1215.pdf,SKIPPED,EXISTS,0.00s
model_hec_ras_1216.pdf,SKIPPED,EXISTS,0.00s
model_hec_ras_1217.pdf,SKIPPED,EXISTS,0.00s
model_hec_ras_1218.pdf,SKIPPED,EXISTS,0.00s
model_hec_ras_1219.pdf,SKIPPED,EXISTS,0.00s
model_hec_ras_1220.pdf,SKIPPED,EXISTS,0.00s
model_hec_ras_1221.pdf,SKIPPED,EXISTS,0.00s
model_hec_ras_1222.pdf,SKIPPED,EXISTS,0.00s
model_hec_ras_1223.pdf,SKIPPED,EXISTS,0.00s
model_hec_ras_1224.pdf,SKIPPED,EXISTS,0.00s
model_hec_ras_1225.pdf,SKIPPED,EXISTS,0.00s
model_hec_ras_1226.pdf,SKIPPED,EXISTS,0.00s
model_hec_ras_1227.pdf,SKIPPED,EXISTS,0.00s
model_hec_ras_1228.pdf,SKIPPED,EXISTS,0.00s
model_hec_ras_1229.pdf,SKIPPED,EXISTS,0.00s
model_hec_ras_1230.pdf,SKIPPED,EXISTS,0.00s
model_hec_ras_1231.pdf,SKIPPED,EXISTS,0.00s
mathematics-14-01356.pdf,FAIL,CONNECTION_ERROR,8.24s
model_hec_ras_1233.pdf,SKIPPED,EXISTS,0.00s
model_hec_ras_1234.pdf,SKIPPED,EXISTS,0.00s
model_hec_ras_1235.pdf,SKIPPED,EXISTS,0.00s
model_hec_ras_1236.pdf,SKIPPED,EXISTS,0.00s
model_hec_ras_1237.pdf,SKIPPED,EXISTS,0.00s
model_hec_ras_1238.pdf,SKIPPED,EXISTS,0.00s
model_hec_ras_1239.pdf,SKIPPED,EXISTS,0.00s
model_hec_ras_1240.pdf,SKIPPED,EXISTS,0.00s
model_hec_ras_1241.pdf,SKIPPED,EXISTS,0.00s
model_hec_ras_1242.pdf,SKIPPED,EXISTS,0.00s
model_hec_ras_1243.pdf,SKIPPED,EXISTS,0.00s
model_hec_ras_1244.pdf,SKIPPED,EXISTS,0.00s
model_hec_ras_1245.pdf,SKIPPED,EXISTS,0.00s
model_hec_ras_1246.pdf,SKIPPED,EXISTS,0.00s
model_hec_ras_1247.pdf,SKIPPED,EXISTS,0.00s
model_hec_ras_1248.pdf,SKIPPED,EXISTS,0.00s
model_hec_ras_1249.pdf,SKIPPED,EXISTS,0.00s
model_hec_ras_1250.pdf,SKIPPED,EXISTS,0.00s
model_hec_ras_1251.pdf,SKIPPED,EXISTS,0.00s
model_hec_ras_1252.pdf,SKIPPED,EXISTS,0.00s
model_hec_ras_1253.pdf,SKIPPED,EXISTS,0.00s
model_hec_ras_1254.pdf,SKIPPED,EXISTS,0.00s
model_hec_ras_1255.pdf,SKIPPED,EXISTS,0.00s
model_hec_ras_1256.pdf,SKIPPED,EXISTS,0.00s
model_hec_ras_1257.pdf,SKIPPED,EXISTS,0.00s
model_hec_ras_1258.pdf,SKIPPED,EXISTS,0.00s
model_hec_ras_1259.pdf,SKIPPED,EXISTS,0.00s
model_hec_ras_1260.pdf,SKIPPED,EXISTS,0.00s
model_hec_ras_1261.pdf,SKIPPED,EXISTS,0.00s
model_hec_ras_1262.pdf,SKIPPED,EXISTS,0.00s
model_hec_ras_1263.pdf,SKIPPED,EXISTS,0.00s
model_hec_ras_1264.pdf,SKIPPED,EXISTS,0.00s
model_hec_ras_1265.pdf,SKIPPED,EXISTS,0.00s
model_hec_ras_1266.pdf,SKIPPED,EXISTS,0.00s
model_hec_ras_1267.pdf,SKIPPED,EXISTS,0.00s
model_hec_ras_1268.pdf,SKIPPED,EXISTS,0.00s
model_hec_ras_1269.pdf,SKIPPED,EXISTS,0.00s
model_hec_ras_1270.pdf,SKIPPED,EXISTS,0.00s
model_hec_ras_1271.pdf,SKIPPED,EXISTS,0.00s
model_hec_ras_1272.pdf,SKIPPED,EXISTS,0.00s
model_hec_ras_1273.pdf,SKIPPED,EXISTS,0.00s
model_hec_ras_1274.pdf,SKIPPED,EXISTS,0.00s
model_hec_ras_1275.pdf,SKIPPED,EXISTS,0.00s
model_hec_ras_1276.pdf,SKIPPED,EXISTS,0.00s
model_hec_ras_1277.pdf,SKIPPED,EXISTS,0.00s
model_hec_ras_1278.pdf,SKIPPED,EXISTS,0.00s
model_hec_ras_1279.pdf,SKIPPED,EXISTS,0.00s
model_hec_ras_1280.pdf,SKIPPED,EXISTS,0.00s
model_hec_ras_1281.pdf,SKIPPED,EXISTS,0.00s
model_hec_ras_1282.pdf,SKIPPED,EXISTS,0.00s
model_hec_ras_1283.pdf,SKIPPED,EXISTS,0.00s
model_hec_ras_1284.pdf,SKIPPED,EXISTS,0.00s
model_hec_ras_1285.pdf,SKIPPED,EXISTS,0.00s
model_hec_ras_1286.pdf,SKIPPED,EXISTS,0.00s
model_hec_ras_1287.pdf,SKIPPED,EXISTS,0.00s
model_hec_ras_1288.pdf,SKIPPED,EXISTS,0.00s
model_hec_ras_1289.pdf,SKIPPED,EXISTS,0.00s
model_hec_ras_1290.pdf,SKIPPED,EXISTS,0.00s
model_hec_ras_1291.pdf,SKIPPED,EXISTS,0.00s
model_hec_ras_1292.pdf,SKIPPED,EXISTS,0.00s
model_hec_ras_1293.pdf,SKIPPED,EXISTS,0.00s
model_hec_ras_1294.pdf,SKIPPED,EXISTS,0.00s
model_hec_ras_1295.pdf,SKIPPED,EXISTS,0.00s
model_hec_ras_1296.pdf,SKIPPED,EXISTS,0.00s
model_hec_ras_1297.pdf,SKIPPED,EXISTS,0.00s
model_hec_ras_1298.pdf,SKIPPED,EXISTS,0.00s
model_hec_ras_1299.pdf,SKIPPED,EXISTS,0.00s
model_hec_ras_1300.pdf,SKIPPED,EXISTS,0.00s
model_hec_ras_1301.pdf,SKIPPED,EXISTS,0.00s
model_hec_ras_1302.pdf,SKIPPED,EXISTS,0.00s
model_hec_ras_1303.pdf,SKIPPED,EXISTS,0.00s
model_hec_ras_1304.pdf,SKIPPED,EXISTS,0.00s
model_hec_ras_1305.pdf,SKIPPED,EXISTS,0.00s
model_hec_ras_1306.pdf,SKIPPED,EXISTS,0.00s
model_hec_ras_1307.pdf,SKIPPED,EXISTS,0.00s
model_hec_ras_1308.pdf,SKIPPED,EXISTS,0.00s
model_hec_ras_1309.pdf,SKIPPED,EXISTS,0.00s
model_hec_ras_1310.pdf,SKIPPED,EXISTS,0.00s
model_hec_ras_1311.pdf,SKIPPED,EXISTS,0.00s
model_hec_ras_1312.pdf,SKIPPED,EXISTS,0.00s
model_hec_ras_1313.pdf,SKIPPED,EXISTS,0.00s
model_hec_ras_1314.pdf,SKIPPED,EXISTS,0.00s
model_hec_ras_1315.pdf,SKIPPED,EXISTS,0.00s
model_hec_ras_1316.pdf,SKIPPED,EXISTS,0.00s
model_hec_ras_1317.pdf,SKIPPED,EXISTS,0.00s
model_hec_ras_1318.pdf,SKIPPED,EXISTS,0.00s
model_hec_ras_1319.pdf,SKIPPED,EXISTS,0.00s
model_hec_ras_1320.pdf,SKIPPED,EXISTS,0.00s
model_hec_ras_1321.pdf,SKIPPED,EXISTS,0.00s
model_hec_ras_1322.pdf,SKIPPED,EXISTS,0.00s
model_hec_ras_1323.pdf,SKIPPED,EXISTS,0.00s
model_hec_ras_1324.pdf,SKIPPED,EXISTS,0.00s
model_hec_ras_1325.pdf,SKIPPED,EXISTS,0.00s
model_hec_ras_1326.pdf,SKIPPED,EXISTS,0.00s
model_hec_ras_1327.pdf,SKIPPED,EXISTS,0.00s
model_hec_ras_1328.pdf,SKIPPED,EXISTS,0.00s
model_hec_ras_1329.pdf,SKIPPED,EXISTS,0.00s
model_hec_ras_1330.pdf,SKIPPED,EXISTS,0.00s
model_hec_ras_1331.pdf,SKIPPED,EXISTS,0.00s
model_hec_ras_1332.pdf,SKIPPED,EXISTS,0.00s
model_hec_ras_1333.pdf,SKIPPED,EXISTS,0.00s
model_hec_ras_1334.pdf,SKIPPED,EXISTS,0.00s
model_hec_ras_1335.pdf,SKIPPED,EXISTS,0.00s
model_hec_ras_1336.pdf,SKIPPED,EXISTS,0.00s
model_hec_ras_1337.pdf,SKIPPED,EXISTS,0.00s
model_hec_ras_1338.pdf,SKIPPED,EXISTS,0.00s
model_hec_ras_1339.pdf,SKIPPED,EXISTS,0.00s
model_hec_ras_1340.pdf,SKIPPED,EXISTS,0.00s
model_hec_ras_1341.pdf,SKIPPED,EXISTS,0.00s
model_hec_ras_1342.pdf,SKIPPED,EXISTS,0.00s
model_hec_ras_1343.pdf,SKIPPED,EXISTS,0.00s
model_hec_ras_1344.pdf,SKIPPED,EXISTS,0.00s
model_hec_ras_1345.pdf,SKIPPED,EXISTS,0.00s
model_hec_ras_1346.pdf,SKIPPED,EXISTS,0.00s
model_hec_ras_1347.pdf,SKIPPED,EXISTS,0.00s
model_hec_ras_1348.pdf,SKIPPED,EXISTS,0.00s
model_hec_ras_1349.pdf,SKIPPED,EXISTS,0.00s
model_hec_ras_1350.pdf,SKIPPED,EXISTS,0.00s
model_hec_ras_1351.pdf,SKIPPED,EXISTS,0.00s
model_hec_ras_1352.pdf,SKIPPED,EXISTS,0.00s
model_hec_ras_1353.pdf,SKIPPED,EXISTS,0.00s
model_hec_ras_1354.pdf,SKIPPED,EXISTS,0.00s
model_hec_ras_1355.pdf,SKIPPED,EXISTS,0.00s
model_hec_ras_1356.pdf,SKIPPED,EXISTS,0.00s
model_hec_ras_1357.pdf,SKIPPED,EXISTS,0.00s
model_hec_ras_1358.pdf,SKIPPED,EXISTS,0.00s
model_hec_ras_1359.pdf,SKIPPED,EXISTS,0.00s
model_hec_ras_1360.pdf,SKIPPED,EXISTS,0.00s
model_hec_ras_1361.pdf,SKIPPED,EXISTS,0.00s
model_hec_ras_1362.pdf,SKIPPED,EXISTS,0.00s
model_hec_ras_1363.pdf,SKIPPED,EXISTS,0.00s
model_hec_ras_1364.pdf,SKIPPED,EXISTS,0.00s
model_hec_ras_1365.pdf,SKIPPED,EXISTS,0.00s
model_hec_ras_1366.pdf,SKIPPED,EXISTS,0.00s
model_hec_ras_1367.pdf,SKIPPED,EXISTS,0.00s
model_hec_ras_1368.pdf,SKIPPED,EXISTS,0.00s
model_hec_ras_1369.pdf,SKIPPED,EXISTS,0.00s
model_hec_ras_1370.pdf,SKIPPED,EXISTS,0.00s
model_hec_ras_1371.pdf,SKIPPED,EXISTS,0.00s
model_hec_ras_1372.pdf,SKIPPED,EXISTS,0.00s
model_hec_ras_1373.pdf,SKIPPED,EXISTS,0.00s
model_hec_ras_1374.pdf,SKIPPED,EXISTS,0.00s
model_hec_ras_1375.pdf,SKIPPED,EXISTS,0.00s
model_hec_ras_1376.pdf,SKIPPED,EXISTS,0.00s
model_hec_ras_1377.pdf,SKIPPED,EXISTS,0.00s
model_hec_ras_1378.pdf,SKIPPED,EXISTS,0.00s
model_hec_ras_1379.pdf,SKIPPED,EXISTS,0.00s
model_hec_ras_1380.pdf,SKIPPED,EXISTS,0.00s
model_hec_ras_1381.pdf,SKIPPED,EXISTS,0.00s
model_hec_ras_1382.pdf,SKIPPED,EXISTS,0.00s
model_hec_ras_1383.pdf,SKIPPED,EXISTS,0.00s
model_hec_ras_1384.pdf,SKIPPED,EXISTS,0.00s
model_hec_ras_1385.pdf,SKIPPED,EXISTS,0.00s
model_hec_ras_1386.pdf,SKIPPED,EXISTS,0.00s
model_hec_ras_1387.pdf,SKIPPED,EXISTS,0.00s
model_hec_ras_1388.pdf,SKIPPED,EXISTS,0.00s
model_hec_ras_1389.pdf,SKIPPED,EXISTS,0.00s
model_hec_ras_1390.pdf,SKIPPED,EXISTS,0.00s
model_hec_ras_1391.pdf,SKIPPED,EXISTS,0.00s
model_hec_ras_1392.pdf,SKIPPED,EXISTS,0.00s
model_hec_ras_1393.pdf,SKIPPED,EXISTS,0.00s
model_hec_ras_1394.pdf,SKIPPED,EXISTS,0.00s
model_hec_ras_1395.pdf,SKIPPED,EXISTS,0.00s
model_hec_ras_1396.pdf,SKIPPED,EXISTS,0.00s
model_hec_ras_1397.pdf,SKIPPED,EXISTS,0.00s
model_hec_ras_1398.pdf,SKIPPED,EXISTS,0.00s
model_hec_ras_1399.pdf,SKIPPED,EXISTS,0.00s
model_hec_ras_1400.pdf,SKIPPED,EXISTS,0.00s
model_hec_ras_1401.pdf,SKIPPED,EXISTS,0.00s
model_hec_ras_1402.pdf,SKIPPED,EXISTS,0.00s
model_hec_ras_1403.pdf,SKIPPED,EXISTS,0.00s
model_hec_ras_1404.pdf,SKIPPED,EXISTS,0.00s
model_hec_ras_1405.pdf,SKIPPED,EXISTS,0.00s
model_hec_ras_1406.pdf,SKIPPED,EXISTS,0.00s
model_hec_ras_1407.pdf,SKIPPED,EXISTS,0.00s
model_hec_ras_1408.pdf,SKIPPED,EXISTS,0.00s
model_hec_ras_1409.pdf,SKIPPED,EXISTS,0.00s
model_hec_ras_1410.pdf,SKIPPED,EXISTS,0.00s
model_hec_ras_1411.pdf,SKIPPED,EXISTS,0.00s
model_hec_ras_1412.pdf,SKIPPED,EXISTS,0.00s
model_hec_ras_1413.pdf,SKIPPED,EXISTS,0.00s
model_hec_ras_1414.pdf,SKIPPED,EXISTS,0.00s
model_hec_ras_1415.pdf,SKIPPED,EXISTS,0.00s
model_hec_ras_1416.pdf,SKIPPED,EXISTS,0.00s
model_hec_ras_1417.pdf,SKIPPED,EXISTS,0.00s
model_hec_ras_1418.pdf,SKIPPED,EXISTS,0.00s
model_hec_ras_1419.pdf,SKIPPED,EXISTS,0.00s
model_hec_ras_1422.pdf,SKIPPED,EXISTS,0.00s
model_hec_ras_1423.pdf,SKIPPED,EXISTS,0.00s
model_hec_ras_1424.pdf,SKIPPED,EXISTS,0.00s
model_hec_ras_1425.pdf,SKIPPED,EXISTS,0.00s
model_hec_ras_1426.pdf,SKIPPED,EXISTS,0.00s
model_hec_ras_1427.pdf,SKIPPED,EXISTS,0.00s
model_hec_ras_1428.pdf,SKIPPED,EXISTS,0.00s
model_hec_ras_1429.pdf,SKIPPED,EXISTS,0.00s
model_hec_ras_1430.pdf,SKIPPED,EXISTS,0.00s
model_hec_ras_1431.pdf,SKIPPED,EXISTS,0.00s
model_hec_ras_1434.pdf,SKIPPED,EXISTS,0.00s
model_hec_ras_1436.pdf,SKIPPED,EXISTS,0.00s
model_hec_ras_1437.pdf,SKIPPED,EXISTS,0.00s
model_hec_ras_1439.pdf,SKIPPED,EXISTS,0.00s
model_hec_ras_1441.pdf,SKIPPED,EXISTS,0.00s
model_hec_ras_1442.pdf,SKIPPED,EXISTS,0.00s
model_hec_ras_1443.pdf,SKIPPED,EXISTS,0.00s
model_hec_ras_1444.pdf,SKIPPED,EXISTS,0.00s
model_hec_ras_1446.pdf,SKIPPED,EXISTS,0.00s
model_hec_ras_1447.pdf,SKIPPED,EXISTS,0.00s
model_hec_ras_1449.pdf,SKIPPED,EXISTS,0.00s
model_hec_ras_1452.pdf,SKIPPED,EXISTS,0.00s
model_hec_ras_1453.pdf,SKIPPED,EXISTS,0.00s
model_hec_ras_1456.pdf,SKIPPED,EXISTS,0.00s
model_hec_ras_1457.pdf,SKIPPED,EXISTS,0.00s
model_hec_ras_1464.pdf,SKIPPED,EXISTS,0.00s
model_hec_ras_1465.pdf,SKIPPED,EXISTS,0.00s
model_hec_ras_1468.pdf,SKIPPED,EXISTS,0.00s
model_hec_ras_1469.pdf,SKIPPED,EXISTS,0.00s
model_hec_ras_1473.pdf,SKIPPED,EXISTS,0.00s
model_hec_ras_1474.pdf,SKIPPED,EXISTS,0.00s
model_hec_ras_1475.pdf,SKIPPED,EXISTS,0.00s
model_hec_ras_1477.pdf,SKIPPED,EXISTS,0.00s
model_hec_ras_1478.pdf,SKIPPED,EXISTS,0.00s
model_hec_ras_1479.pdf,SKIPPED,EXISTS,0.00s
model_hec_ras_1480.pdf,SKIPPED,EXISTS,0.00s
model_hec_ras_1483.pdf,SKIPPED,EXISTS,0.00s
model_hec_ras_1485.pdf,SKIPPED,EXISTS,0.00s
model_hec_ras_1486.pdf,SKIPPED,EXISTS,0.00s
model_hec_ras_1491.pdf,SKIPPED,EXISTS,0.00s
model_hec_ras_1492.pdf,SKIPPED,EXISTS,0.00s
moharrami2021.pdf,SKIPPED,EXISTS,0.00s
frwa-6-1524533.pdf,FAIL,CONNECTION_ERROR,8.23s
gis_and_remote_sensing_based_land_useland_cover_change_detection.pdf,SKIPPED,EXISTS,0.00s
giustarini2013.pdf,SKIPPED,EXISTS,0.00s
glghge_2010_3_7.pdf,SKIPPED,EXISTS,0.00s
glghge_2011_3_11.pdf,SKIPPED,EXISTS,0.00s
glghge_2011_3_12.pdf,SKIPPED,EXISTS,0.00s
glghge_2011_3_21.pdf,SKIPPED,EXISTS,0.00s
glghge_2011_4_7.pdf,SKIPPED,EXISTS,0.00s
glghge_2012_2_6.pdf,SKIPPED,EXISTS,0.00s
glghge_2014_4_5.pdf,SKIPPED,EXISTS,0.00s
glghge_2016_4_5.pdf,SKIPPED,EXISTS,0.00s
glghge_2018_4_4.pdf,SKIPPED,EXISTS,0.00s
glghge_2019_3_24.pdf,SKIPPED,EXISTS,0.00s
glghge_2019_3_41.pdf,SKIPPED,EXISTS,0.00s
glghge_2019_4_3.pdf,SKIPPED,EXISTS,0.00s
gorbachova_barandich_269.pdf,SKIPPED,EXISTS,0.00s
hapuarachchi2011.pdf,SKIPPED,EXISTS,0.00s
hechms_sma.pdf,SKIPPED,EXISTS,0.00s
henry2006.pdf,SKIPPED,EXISTS,0.00s
hess-10-1-2006.pdf,SKIPPED,EXISTS,0.00s
hess-11-1373-2007.pdf,SKIPPED,EXISTS,0.00s
hess-13-1555-2009.pdf,SKIPPED,EXISTS,0.00s
hess-13-1607-2009.pdf,SKIPPED,EXISTS,0.00s
hess-18-4467-2014.pdf,SKIPPED,EXISTS,0.00s
hess-18-5289-2014.pdf,SKIPPED,EXISTS,0.00s
hess-19-3755-2015.pdf,SKIPPED,EXISTS,0.00s
hess-20-2649-2016.pdf,SKIPPED,EXISTS,0.00s
hess-2016-30.pdf,SKIPPED,EXISTS,0.00s
hess-2021-614.pdf,SKIPPED,EXISTS,0.00s
hess-22-1473-2018.pdf,SKIPPED,EXISTS,0.00s
hess-23-3057-2019.pdf,SKIPPED,EXISTS,0.00s
hess-26-4345-2022.pdf,SKIPPED,EXISTS,0.00s
hess-26-4469-2022.pdf,SKIPPED,EXISTS,0.00s
mathematics-14-01383-v2.pdf,FAIL,CONNECTION_ERROR,8.93s
mq23568.pdf,SKIPPED,EXISTS,0.00s
nacar-sinan-2018.pdf,SKIPPED,EXISTS,0.00s
naresh15-04-2023.pdf,SKIPPED,EXISTS,0.00s
neuro-fuzzy-flood-forecast.pdf,SKIPPED,EXISTS,0.00s
new.pdf,SKIPPED,EXISTS,0.00s
nhess-17-1541-2017.pdf,SKIPPED,EXISTS,0.00s
nhess-2020-297.pdf,SKIPPED,EXISTS,0.00s
nhess-22-2473-2022.pdf,SKIPPED,EXISTS,0.00s
frwa-7-1514047.pdf,FAIL,CONNECTION_ERROR,8.35s
futureinternet-13-00124-v2.pdf,FAIL,CONNECTION_ERROR,7.75s
geosciences-14-00204.pdf,FAIL,CONNECTION_ERROR,8.85s
model_hec_ras_0838.pdf,FAIL,CONNECTION_ERROR,8.81s
model_hec_ras_1232.pdf,FAIL,CONNECTION_ERROR,8.36s
mokhtar2018.pdf,FAIL,CONNECTION_ERROR,9.14s
hess-28-1107-2024.pdf,FAIL,CONNECTION_ERROR,8.45s
hess-5-577-2001.pdf,SKIPPED,EXISTS,0.00s
hess-6-619-2002.pdf,SKIPPED,EXISTS,0.00s
hess-6-627-2002.pdf,SKIPPED,EXISTS,0.00s
hess-8-247-2004.pdf,SKIPPED,EXISTS,0.00s
hess-9-111-2005.pdf,SKIPPED,EXISTS,0.00s
hess-9-313-2005.pdf,SKIPPED,EXISTS,0.00s
hess1990.pdf,SKIPPED,EXISTS,0.00s
hessd-10-15375-2013.pdf,SKIPPED,EXISTS,0.00s
hessd-2-S664-2005.pdf,SKIPPED,EXISTS,0.00s
hessd-9-4747-2012.pdf,SKIPPED,EXISTS,0.00s
nhess-24-2633-2024.pdf,FAIL,CONNECTION_ERROR,8.52s
hess-28-2603-2024.pdf,FAIL,CONNECTION_ERROR,7.90s
hydr-1525-7541_2000_001_0005_crafit_2_0_co_2.pdf,SKIPPED,EXISTS,0.00s
hydr-1525-7541_2002_003_0267_trhoef_2_0_co_2.pdf,SKIPPED,EXISTS,0.00s
hydr-1525-7541_2002_003_0714_tuitpo_2_0_co_2.pdf,SKIPPED,EXISTS,0.00s
hydr-1525-7541_2004_005_0656_alaota_2_0_co_2.pdf,SKIPPED,EXISTS,0.00s
hydr-1525-7541_2004_005_0989_poclac_2_0_co_2.pdf,SKIPPED,EXISTS,0.00s
hydr-2007jhm858_1.pdf,SKIPPED,EXISTS,0.00s
hydr-2009jhm1072_1.pdf,SKIPPED,EXISTS,0.00s
hydr-2009jhm1077_1.pdf,SKIPPED,EXISTS,0.00s
hydr-2009jhm1105_1-1.pdf,SKIPPED,EXISTS,0.00s
hydr-2009jhm1105_1.pdf,SKIPPED,EXISTS,0.00s
hydr-2009jhm1163_1.pdf,SKIPPED,EXISTS,0.00s
hydr-2010jhm1196_1.pdf,SKIPPED,EXISTS,0.00s
hydr-2010jhm1236_1.pdf,SKIPPED,EXISTS,0.00s
hydr-2011jhm1328_1.pdf,SKIPPED,EXISTS,0.00s
hydr-2011jhm1357_1.pdf,SKIPPED,EXISTS,0.00s
hydr-2011jhm1387_1-1.pdf,SKIPPED,EXISTS,0.00s
hydr-2011jhm1387_1-2.pdf,SKIPPED,EXISTS,0.00s
hydr-2011jhm1387_1.pdf,SKIPPED,EXISTS,0.00s
hydr-2011jhm1388_1.pdf,SKIPPED,EXISTS,0.00s
hydr-JHM-D-18-0074.1.pdf,SKIPPED,EXISTS,0.00s
hydr-JHM-D-19-0171.1.pdf,SKIPPED,EXISTS,0.00s
hydr-JHM-D-19-0301.1.pdf,SKIPPED,EXISTS,0.00s
hydr-JHM-D-20-0052.1.pdf,SKIPPED,EXISTS,0.00s
hydr-JHM-D-20-0067.1.pdf,SKIPPED,EXISTS,0.00s
hydr-JHM-D-20-0082.1.pdf,SKIPPED,EXISTS,0.00s
hydr-JHM-D-20-0111.1.pdf,SKIPPED,EXISTS,0.00s
hydr-JHM-D-20-0122.1.pdf,SKIPPED,EXISTS,0.00s
hydr-JHM-D-20-0143.1.pdf,SKIPPED,EXISTS,0.00s
hydr-JHM-D-20-0161.1.pdf,SKIPPED,EXISTS,0.00s
hydr-JHM-D-20-0181.1.pdf,SKIPPED,EXISTS,0.00s
hydr-JHM-D-20-0182.1.pdf,SKIPPED,EXISTS,0.00s
hydr-JHM-D-20-0183.1.pdf,SKIPPED,EXISTS,0.00s
hydr-JHM-D-20-0189.1.pdf,SKIPPED,EXISTS,0.00s
hydr-JHM-D-20-0215.1.pdf,SKIPPED,EXISTS,0.00s
hydr-JHM-D-20-0219.1.pdf,SKIPPED,EXISTS,0.00s
hydr-JHM-D-20-0220.1.pdf,SKIPPED,EXISTS,0.00s
hydr-JHM-D-20-0228.1-1.pdf,SKIPPED,EXISTS,0.00s
hydr-JHM-D-20-0228.1.pdf,SKIPPED,EXISTS,0.00s
hydr-JHM-D-20-0240.1.pdf,SKIPPED,EXISTS,0.00s
hydr-JHM-D-20-0252.1.pdf,SKIPPED,EXISTS,0.00s
hydr-JHM-D-20-0260.1.pdf,SKIPPED,EXISTS,0.00s
hydr-JHM-D-20-0267.1-2.pdf,SKIPPED,EXISTS,0.00s
hydr-JHM-D-20-0275.1.pdf,SKIPPED,EXISTS,0.00s
hydr-JHM-D-20-0285.1.pdf,SKIPPED,EXISTS,0.00s
hydr-JHM-D-20-0296.1-1.pdf,SKIPPED,EXISTS,0.00s
hydr-JHM-D-20-0296.1.pdf,SKIPPED,EXISTS,0.00s
hydr-JHM-D-20-0302.1-1.pdf,SKIPPED,EXISTS,0.00s
hydr-JHM-D-20-0302.1.pdf,SKIPPED,EXISTS,0.00s
hydr-JHM-D-21-0019.1.pdf,SKIPPED,EXISTS,0.00s
hydr-JHM-D-21-0062.1.pdf,SKIPPED,EXISTS,0.00s
hydr-JHM-D-21-0096.1-1.pdf,SKIPPED,EXISTS,0.00s
hydr-JHM-D-21-0096.1.pdf,SKIPPED,EXISTS,0.00s
hydr-JHM-D-21-0114.1.pdf,SKIPPED,EXISTS,0.00s
hydr-JHM-D-21-0123.1.pdf,SKIPPED,EXISTS,0.00s
hydr-JHM-D-21-0130.1.pdf,SKIPPED,EXISTS,0.00s
hydr-JHM-D-21-0131.1.pdf,SKIPPED,EXISTS,0.00s
hydr-JHM-D-21-0191.1.pdf,SKIPPED,EXISTS,0.00s
hydr-JHM-D-21-0194.1.pdf,SKIPPED,EXISTS,0.00s
hydr-JHM-D-21-0200.1.pdf,SKIPPED,EXISTS,0.00s
hydr-JHM-D-21-0206.1.pdf,SKIPPED,EXISTS,0.00s
hydr-JHM-D-21-0214.1.pdf,SKIPPED,EXISTS,0.00s
hydr-JHM-D-21-0229.1.pdf,SKIPPED,EXISTS,0.00s
hydr-JHM-D-21-0245.1.pdf,SKIPPED,EXISTS,0.00s
hydr-JHM-D-22-0011.1-1.pdf,SKIPPED,EXISTS,0.00s
hydr-JHM-D-22-0011.1.pdf,SKIPPED,EXISTS,0.00s
hydr-JHM-D-22-0021.1-1.pdf,SKIPPED,EXISTS,0.00s
hydr-JHM-D-22-0021.1.pdf,SKIPPED,EXISTS,0.00s
hydr-JHM-D-22-0038.1.pdf,SKIPPED,EXISTS,0.00s
hydr-JHM-D-22-0049.1.pdf,SKIPPED,EXISTS,0.00s
hydr-JHM-D-22-0107.1.pdf,SKIPPED,EXISTS,0.00s
hydr-JHM-D-22-0111.1.pdf,SKIPPED,EXISTS,0.00s
hydr-JHM-D-22-0118.1.pdf,SKIPPED,EXISTS,0.00s
hydr-JHM-D-22-0224.1.pdf,SKIPPED,EXISTS,0.00s
hydr-JHM-D-23-0006.1.pdf,SKIPPED,EXISTS,0.00s
hydr-JHM-D-23-0018.1.pdf,SKIPPED,EXISTS,0.00s
hydr-jhm-d-10-05022_1.pdf,SKIPPED,EXISTS,0.00s
hydr-jhm-d-11-012_1.pdf,SKIPPED,EXISTS,0.00s
hydr-jhm-d-11-0147_1.pdf,SKIPPED,EXISTS,0.00s
hydr-jhm-d-11-024_1.pdf,SKIPPED,EXISTS,0.00s
hydr-jhm-d-11-035_1.pdf,SKIPPED,EXISTS,0.00s
hydr-jhm-d-11-083_1-1.pdf,SKIPPED,EXISTS,0.00s
hydr-jhm-d-11-083_1.pdf,SKIPPED,EXISTS,0.00s
hydr-jhm-d-11-087_1.pdf,SKIPPED,EXISTS,0.00s
hydr-jhm-d-12-0142_1.pdf,SKIPPED,EXISTS,0.00s
hydr-jhm-d-12-0167_1.pdf,SKIPPED,EXISTS,0.00s
hydr-jhm-d-12-0191_1.pdf,SKIPPED,EXISTS,0.00s
hydr-jhm-d-12-040_1.pdf,SKIPPED,EXISTS,0.00s
hydr-jhm-d-12-074_1.pdf,SKIPPED,EXISTS,0.00s
hydr-jhm-d-12-09_1.pdf,SKIPPED,EXISTS,0.00s
hydr-jhm-d-13-0126_1-1.pdf,SKIPPED,EXISTS,0.00s
hydr-jhm-d-13-0126_1.pdf,SKIPPED,EXISTS,0.00s
hydr-jhm-d-13-0137_1.pdf,SKIPPED,EXISTS,0.00s
hydr-jhm-d-13-0198_1.pdf,SKIPPED,EXISTS,0.00s
hydr-jhm-d-13-0202_1.pdf,SKIPPED,EXISTS,0.00s
hydr-jhm-d-13-0204_1.pdf,SKIPPED,EXISTS,0.00s
hydr-jhm-d-13-039_1.pdf,SKIPPED,EXISTS,0.00s
hydr-jhm-d-13-053_1.pdf,SKIPPED,EXISTS,0.00s
hydr-jhm-d-14-0012_1-1.pdf,SKIPPED,EXISTS,0.00s
hydr-jhm-d-14-0012_1.pdf,SKIPPED,EXISTS,0.00s
hydr-jhm-d-14-0048_1.pdf,SKIPPED,EXISTS,0.00s
hydr-jhm-d-14-0093_1.pdf,SKIPPED,EXISTS,0.00s
hydr-jhm-d-14-0116_1.pdf,SKIPPED,EXISTS,0.00s
hydr-jhm-d-14-0124_1.pdf,SKIPPED,EXISTS,0.00s
hydr-jhm-d-14-0126_1.pdf,SKIPPED,EXISTS,0.00s
hydr-jhm-d-14-0148_1.pdf,SKIPPED,EXISTS,0.00s
hydr-jhm-d-14-0156_1.pdf,SKIPPED,EXISTS,0.00s
hydr-jhm-d-14-0172_1.pdf,SKIPPED,EXISTS,0.00s
hydr-jhm-d-14-0185_1.pdf,SKIPPED,EXISTS,0.00s
hydr-jhm-d-14-0218_1.pdf,SKIPPED,EXISTS,0.00s
hydr-jhm-d-14-0227_1.pdf,SKIPPED,EXISTS,0.00s
hydr-jhm-d-15-0044_1.pdf,SKIPPED,EXISTS,0.00s
hydr-jhm-d-15-0074_1.pdf,SKIPPED,EXISTS,0.00s
hydr-jhm-d-15-0075_1.pdf,SKIPPED,EXISTS,0.00s
hydr-jhm-d-15-0114_1.pdf,SKIPPED,EXISTS,0.00s
hydr-jhm-d-15-0115_1.pdf,SKIPPED,EXISTS,0.00s
hydr-jhm-d-15-0149_1.pdf,SKIPPED,EXISTS,0.00s
hydr-jhm-d-15-0174_1.pdf,SKIPPED,EXISTS,0.00s
hydr-jhm-d-15-0195_1-1.pdf,SKIPPED,EXISTS,0.00s
hydr-jhm-d-15-0195_1.pdf,SKIPPED,EXISTS,0.00s
hydr-jhm-d-15-0212_1.pdf,SKIPPED,EXISTS,0.00s
hydr-jhm-d-15-0216_1-1.pdf,SKIPPED,EXISTS,0.00s
hydr-jhm-d-16-0071_1.pdf,SKIPPED,EXISTS,0.00s
hydr-jhm-d-16-0081_1-1.pdf,SKIPPED,EXISTS,0.00s
hydr-jhm-d-16-0082_1.pdf,SKIPPED,EXISTS,0.00s
hydr-jhm-d-16-0155_1.pdf,SKIPPED,EXISTS,0.00s
hydr-jhm-d-16-0164_1.pdf,SKIPPED,EXISTS,0.00s
hydr-jhm-d-16-0176_1.pdf,SKIPPED,EXISTS,0.00s
hydr-jhm-d-16-0218_1.pdf,SKIPPED,EXISTS,0.00s
hydr-jhm-d-16-0243_1.pdf,SKIPPED,EXISTS,0.00s
hydr-jhm-d-17-0073_1.pdf,SKIPPED,EXISTS,0.00s
hydr-jhm-d-17-0077_1.pdf,SKIPPED,EXISTS,0.00s
hydr-jhm-d-17-0089_1.pdf,SKIPPED,EXISTS,0.00s
hydr-jhm-d-17-0202_1.pdf,SKIPPED,EXISTS,0.00s
hydr-jhm-d-17-0229_1.pdf,SKIPPED,EXISTS,0.00s
hydr-jhm-d-18-0013_1.pdf,SKIPPED,EXISTS,0.00s
hydr-jhm-d-18-0038_1.pdf,SKIPPED,EXISTS,0.00s
hydr-jhm-d-18-0064_1-1.pdf,SKIPPED,EXISTS,0.00s
hydr-jhm-d-18-0064_1.pdf,SKIPPED,EXISTS,0.00s
hydr-jhm-d-18-0070_1.pdf,SKIPPED,EXISTS,0.00s
hydr-jhm-d-18-0092.1.pdf,SKIPPED,EXISTS,0.00s
hydr-jhm-d-18-0092_1.pdf,SKIPPED,EXISTS,0.00s
hydr-jhm-d-18-0119_1.pdf,SKIPPED,EXISTS,0.00s
hydr-jhm-d-18-0196_1-1.pdf,SKIPPED,EXISTS,0.00s
hydr-jhm-d-18-0196_1.pdf,SKIPPED,EXISTS,0.00s
hydr-jhm-d-18-0219_1.pdf,SKIPPED,EXISTS,0.00s
hydr-jhm-d-18-0226_1.pdf,SKIPPED,EXISTS,0.00s
hydr-jhm-d-18-0251_1.pdf,SKIPPED,EXISTS,0.00s
hydr-jhm-d-19-0019_1.pdf,SKIPPED,EXISTS,0.00s
hydr-jhm-d-19-0021_1.pdf,SKIPPED,EXISTS,0.00s
hydr-jhm-d-19-0045_1.pdf,SKIPPED,EXISTS,0.00s
hydr-jhm-d-19-0100.1.pdf,SKIPPED,EXISTS,0.00s
hydr-jhm-d-19-0105.1.pdf,SKIPPED,EXISTS,0.00s
hydr-jhm-d-19-0110_1.pdf,SKIPPED,EXISTS,0.00s
hydr-jhm-d-19-0119.1.pdf,SKIPPED,EXISTS,0.00s
hydr-jhm-d-19-0125.1.pdf,SKIPPED,EXISTS,0.00s
hydr-jhm-d-19-0169.1.pdf,SKIPPED,EXISTS,0.00s
hydr-jhm-d-19-0202.1-1.pdf,SKIPPED,EXISTS,0.00s
hydr-jhm-d-19-0202.1-2.pdf,SKIPPED,EXISTS,0.00s
hydr-jhm-d-19-0202.1.pdf,SKIPPED,EXISTS,0.00s
hydr-jhm-d-19-0209.1.pdf,SKIPPED,EXISTS,0.00s
hydr-jhm-d-19-0212.1.pdf,SKIPPED,EXISTS,0.00s
hydr-jhm-d-19-0238.1-2.pdf,SKIPPED,EXISTS,0.00s
hydr-jhm-d-20-0133.1.pdf,SKIPPED,EXISTS,0.00s
hydr-jhm482_1.pdf,SKIPPED,EXISTS,0.00s
hydr-jhm529_1.pdf,SKIPPED,EXISTS,0.00s
hydr-jhm558_1.pdf,SKIPPED,EXISTS,0.00s
hydr-jhm577_1-1.pdf,SKIPPED,EXISTS,0.00s
hydr-jhm577_1.pdf,SKIPPED,EXISTS,0.00s
hydr-jhm593_1.pdf,SKIPPED,EXISTS,0.00s
hydr-jhmD190075.pdf,SKIPPED,EXISTS,0.00s
hydr-jhmD190242.pdf,SKIPPED,EXISTS,0.00s
hydr-jhmD200014.pdf,SKIPPED,EXISTS,0.00s
hydrology-03-00018.pdf,SKIPPED,EXISTS,0.00s
hydrology-03-00019.pdf,SKIPPED,EXISTS,0.00s
hydrology-03-00023.pdf,SKIPPED,EXISTS,0.00s
hydrology-03-00034 (1).pdf,SKIPPED,EXISTS,0.00s
hydrology-03-00034.pdf,SKIPPED,EXISTS,0.00s
hydrology-04-00009 (1).pdf,SKIPPED,EXISTS,0.00s
hydrology-04-00009.pdf,SKIPPED,EXISTS,0.00s
hydrology-04-00016.pdf,SKIPPED,EXISTS,0.00s
hydrology-04-00024-v2.pdf,SKIPPED,EXISTS,0.00s
hydrology-05-00024.pdf,SKIPPED,EXISTS,0.00s
hydrology-05-00039-v2.pdf,SKIPPED,EXISTS,0.00s
hydrology-05-00044 (1).pdf,SKIPPED,EXISTS,0.00s
hydrology-05-00044 (2).pdf,SKIPPED,EXISTS,0.00s
hydrology-05-00044.pdf,SKIPPED,EXISTS,0.00s
hydrology-05-00049-v2.pdf,SKIPPED,EXISTS,0.00s
hydrology-05-00052.pdf,SKIPPED,EXISTS,0.00s
hydrology-05-00068-v2.pdf,SKIPPED,EXISTS,0.00s
hydrology-06-00021-v2 (1).pdf,SKIPPED,EXISTS,0.00s
hydrology-06-00021-v2 (2).pdf,SKIPPED,EXISTS,0.00s
hydrology-06-00021-v2.pdf,SKIPPED,EXISTS,0.00s
hydrology-06-00025.pdf,SKIPPED,EXISTS,0.00s
hydrology-06-00070-v2.pdf,SKIPPED,EXISTS,0.00s
hydrology-06-00072-v2 (1).pdf,SKIPPED,EXISTS,0.00s
hydrology-06-00072-v2.pdf,SKIPPED,EXISTS,0.00s
hydrology-06-00076-v2 (1).pdf,SKIPPED,EXISTS,0.00s
hydrology-06-00076-v2.pdf,SKIPPED,EXISTS,0.00s
hydrology-06-00077.pdf,SKIPPED,EXISTS,0.00s
hydrology-06-00082-v2 (1).pdf,SKIPPED,EXISTS,0.00s
hydrology-06-00082-v2.pdf,SKIPPED,EXISTS,0.00s
hydrology-07-00012-v2.pdf,SKIPPED,EXISTS,0.00s
hydrology-07-00014.pdf,SKIPPED,EXISTS,0.00s
hydrology-07-00026-v2.pdf,SKIPPED,EXISTS,0.00s
hydrology-07-00029.pdf,SKIPPED,EXISTS,0.00s
hydrology-07-00042-v2 (1).pdf,SKIPPED,EXISTS,0.00s
hydrology-07-00042-v2.pdf,SKIPPED,EXISTS,0.00s
hydrology-07-00044-v2.pdf,SKIPPED,EXISTS,0.00s
hydrology-07-00057-v2.pdf,SKIPPED,EXISTS,0.00s
hydrology-08-00020-v3 (1).pdf,SKIPPED,EXISTS,0.00s
hydrology-08-00020-v3.pdf,SKIPPED,EXISTS,0.00s
hydrology-08-00027-v2.pdf,SKIPPED,EXISTS,0.00s
hydrology-08-00044.pdf,SKIPPED,EXISTS,0.00s
hydrology-08-00058-v2 (1).pdf,SKIPPED,EXISTS,0.00s
hydrology-08-00058-v2.pdf,SKIPPED,EXISTS,0.00s
hess-28-3755-2024.pdf,FAIL,CONNECTION_ERROR,8.54s
hydrology-08-00072.pdf,SKIPPED,EXISTS,0.00s
hydrology-08-00087-v2.pdf,SKIPPED,EXISTS,0.00s
hydrology-08-00088-v2.pdf,SKIPPED,EXISTS,0.00s
hydrology-08-00089-v2.pdf,SKIPPED,EXISTS,0.00s
hydrology-08-00093.pdf,SKIPPED,EXISTS,0.00s
hydrology-08-00102.pdf,SKIPPED,EXISTS,0.00s
hydrology-08-00122.pdf,SKIPPED,EXISTS,0.00s
hydrology-08-00143.pdf,SKIPPED,EXISTS,0.00s
hydrology-08-00149-v2.pdf,SKIPPED,EXISTS,0.00s
hydrology-08-00151-v3.pdf,SKIPPED,EXISTS,0.00s
hydrology-08-00170.pdf,SKIPPED,EXISTS,0.00s
hydrology-09-00017.pdf,SKIPPED,EXISTS,0.00s
hydrology-09-00036-v2.pdf,SKIPPED,EXISTS,0.00s
hydrology-09-00038.pdf,SKIPPED,EXISTS,0.00s
hydrology-09-00039-v2.pdf,SKIPPED,EXISTS,0.00s
hydrology-09-00048-v2.pdf,SKIPPED,EXISTS,0.00s
hydrology-09-00057.pdf,SKIPPED,EXISTS,0.00s
hydrology-09-00071-v2.pdf,SKIPPED,EXISTS,0.00s
hydrology-09-00076-v2.pdf,SKIPPED,EXISTS,0.00s
hydrology-09-00088-v2.pdf,SKIPPED,EXISTS,0.00s
hydrology-09-00091.pdf,SKIPPED,EXISTS,0.00s
hydrology-09-00093.pdf,SKIPPED,EXISTS,0.00s
hydrology-09-00117.pdf,SKIPPED,EXISTS,0.00s
hydrology-09-00133-v3 (1).pdf,SKIPPED,EXISTS,0.00s
hydrology-09-00133-v3.pdf,SKIPPED,EXISTS,0.00s
hydrology-09-00147 (1).pdf,SKIPPED,EXISTS,0.00s
hydrology-09-00147.pdf,SKIPPED,EXISTS,0.00s
hydrology-09-00174-v2.pdf,SKIPPED,EXISTS,0.00s
hydrology-09-00208-v2.pdf,SKIPPED,EXISTS,0.00s
hydrology-09-00214-v2.pdf,SKIPPED,EXISTS,0.00s
hydrology-09-00223 (1).pdf,SKIPPED,EXISTS,0.00s
hydrology-09-00223.pdf,SKIPPED,EXISTS,0.00s
hydrology-10-00002-v2.pdf,SKIPPED,EXISTS,0.00s
hydrology-10-00010-v2.pdf,SKIPPED,EXISTS,0.00s
hydrology-10-00017-v2.pdf,SKIPPED,EXISTS,0.00s
hydrology-10-00068.pdf,SKIPPED,EXISTS,0.00s
hydrology-10-00091-v2 (1).pdf,SKIPPED,EXISTS,0.00s
hydrology-10-00091-v2.pdf,SKIPPED,EXISTS,0.00s
hydrology-10-00123.pdf,SKIPPED,EXISTS,0.00s
hydrology-10-00131-v2.pdf,SKIPPED,EXISTS,0.00s
hydrology-10-00141-v2.pdf,SKIPPED,EXISTS,0.00s
hydrology-10-00203.pdf,SKIPPED,EXISTS,0.00s
hydrology-10-00226.pdf,SKIPPED,EXISTS,0.00s
hydrology-10-00235-v2.pdf,SKIPPED,EXISTS,0.00s
hydrology-11-00009.pdf,SKIPPED,EXISTS,0.00s
hess-29-767-2025.pdf,FAIL,CONNECTION_ERROR,8.22s
nhess-24-2817-2024.pdf,FAIL,CONNECTION_ERROR,8.78s
nhess-25-1353-2025.pdf,FAIL,CONNECTION_ERROR,8.26s
huang2018.pdf,FAIL,CONNECTION_ERROR,8.90s
nhess-25-247-2025.pdf,FAIL,CONNECTION_ERROR,9.31s
nr.08-01-06.pasichnyketal.pdf,SKIPPED,EXISTS,0.00s
ojmh_2020102715412009.pdf,SKIPPED,EXISTS,0.00s
out (1).pdf,SKIPPED,EXISTS,0.00s
out (2).pdf,SKIPPED,EXISTS,0.00s
out.pdf,SKIPPED,EXISTS,0.00s
pagination_RSE_10791.pdf,SKIPPED,EXISTS,0.00s
pangalisharma2019.pdf,SKIPPED,EXISTS,0.00s
panteras2017.pdf,SKIPPED,EXISTS,0.00s
paper37.pdf,SKIPPED,EXISTS,0.00s
hydrology-08-00065-with-cover.pdf,FAIL,CONNECTION_ERROR,8.32s
hyp13726_rev_2.pdf,SKIPPED,EXISTS,0.00s
ijerph-18-01072.pdf,SKIPPED,EXISTS,0.00s
ijerph-19-16530.pdf,SKIPPED,EXISTS,0.00s
ijgi-07-00206-v2.pdf,SKIPPED,EXISTS,0.00s
ijgi-08-00534.pdf,SKIPPED,EXISTS,0.00s
ijgi-09-00244.pdf,SKIPPED,EXISTS,0.00s
ijgi-12-00053-v4.pdf,SKIPPED,EXISTS,0.00s
ijgi-12-00194-v2.pdf,SKIPPED,EXISTS,0.00s
ijgi-12-00464-v2.pdf,SKIPPED,EXISTS,0.00s
ijgi-13-00323.pdf,SKIPPED,EXISTS,0.00s
ijitk05-2.pdf,SKIPPED,EXISTS,0.00s
index (1).pdf,SKIPPED,EXISTS,0.00s
index (2).pdf,SKIPPED,EXISTS,0.00s
index.pdf,SKIPPED,EXISTS,0.00s
ioegc-9-017-90031.pdf,SKIPPED,EXISTS,0.00s
isprs-annals-IV-3-167-2018.pdf,SKIPPED,EXISTS,0.00s
isprs-annals-IV-3-W1-41-2019.pdf,SKIPPED,EXISTS,0.00s
isprs-annals-IV-5-W1-51-2017.pdf,SKIPPED,EXISTS,0.00s
isprs-annals-V-3-2020-641-2020.pdf,SKIPPED,EXISTS,0.00s
isprs-annals-V-3-2022-549-2022.pdf,SKIPPED,EXISTS,0.00s
isprs-archives-XLI-B7-757-2016.pdf,SKIPPED,EXISTS,0.00s
isprs-archives-XLII-2-W13-1927-2019 (1).pdf,SKIPPED,EXISTS,0.00s
isprs-archives-XLII-2-W13-1927-2019.pdf,SKIPPED,EXISTS,0.00s
isprs-archives-XLII-3-W4-109-2018.pdf,SKIPPED,EXISTS,0.00s
isprs-archives-XLII-3-W8-349-2019.pdf,SKIPPED,EXISTS,0.00s
isprs-archives-XLII-4-W1-315-2016.pdf,SKIPPED,EXISTS,0.00s
isprs-archives-XLII-4-W18-797-2019.pdf,SKIPPED,EXISTS,0.00s
isprs-archives-XLII-5-575-2018.pdf,SKIPPED,EXISTS,0.00s
isprs-archives-XLIII-B3-2020-1697-2020.pdf,SKIPPED,EXISTS,0.00s
isprs-archives-XLIII-B3-2020-641-2020.pdf,SKIPPED,EXISTS,0.00s
isprs-archives-XLIV-M-3-2021-37-2021.pdf,SKIPPED,EXISTS,0.00s
isprs-archives-XLVIII-3-2024-223-2024.pdf,SKIPPED,EXISTS,0.00s
isprs-archives-XLVIII-3-2024-251-2024_VERY_IMPORTANT.pdf,SKIPPED,EXISTS,0.00s
isprs-archives-XLVIII-4-W6-2022-231-2023.pdf,SKIPPED,EXISTS,0.00s
isprs-archives-XLVIII-G-2025-583-2025.pdf,SKIPPED,EXISTS,0.00s
isprsarchives-XL-7-W3-39-2015.pdf,SKIPPED,EXISTS,0.00s
isprsarchives-XL-7-W3-45-2015.pdf,SKIPPED,EXISTS,0.00s
j.envsoft.2017.01.006.pdf,SKIPPED,EXISTS,0.00s
jain2018.pdf,SKIPPED,EXISTS,0.00s
jh0250971.pdf,SKIPPED,EXISTS,0.00s
jmse-11-02290-v3.pdf,SKIPPED,EXISTS,0.00s
jmse-13-00072-v2.pdf,SKIPPED,EXISTS,0.00s
nhess-25-3161-2025.pdf,FAIL,CONNECTION_ERROR,9.67s
hydrology-12-00035-v2.pdf,FAIL,CONNECTION_ERROR,8.38s
hydrology-12-00090.pdf,FAIL,CONNECTION_ERROR,9.23s
nhess-25-335-2025.pdf,FAIL,CONNECTION_ERROR,8.19s
preprints201802.0043.v1.pdf,SKIPPED,EXISTS,0.00s
preprints201807.0624.v1.pdf,SKIPPED,EXISTS,0.00s
proceedings-02-00644.pdf,SKIPPED,EXISTS,0.00s
proceedings-07-00007-v2.pdf,SKIPPED,EXISTS,0.00s
proceedings-07-00008-v2.pdf,SKIPPED,EXISTS,0.00s
proceedings-07-00011-v2.pdf,SKIPPED,EXISTS,0.00s
proceedings-07-00021-v2.pdf,SKIPPED,EXISTS,0.00s
proceedings-48-00006-v2.pdf,SKIPPED,EXISTS,0.00s
nobre2011.pdf,FAIL,CONNECTION_ERROR,8.09s
jmse-14-00753-v2.pdf,FAIL,CONNECTION_ERROR,7.99s
journal.pwat.0000269.pdf,SKIPPED,EXISTS,0.00s
joyce2014.pdf,SKIPPED,EXISTS,0.00s
jwc0123005.pdf,SKIPPED,EXISTS,0.00s
jwc0141935.pdf,SKIPPED,EXISTS,0.00s
hydrology-12-00095.pdf,FAIL,CONNECTION_ERROR,8.82s
khan2011.pdf,SKIPPED,EXISTS,0.00s
pappenberger2005.pdf,FAIL,CONNECTION_ERROR,8.66s
phrs-46-1608297.pdf,FAIL,CONNECTION_ERROR,8.30s
refice2017.pdf,SKIPPED,EXISTS,0.00s
rehman2019.pdf,SKIPPED,EXISTS,0.00s
remotesensing-03-01067.pdf,SKIPPED,EXISTS,0.00s
remotesensing-05-00687-v2.pdf,SKIPPED,EXISTS,0.00s
remotesensing-06-04870.pdf,SKIPPED,EXISTS,0.00s
remotesensing-06-05279.pdf,SKIPPED,EXISTS,0.00s
remotesensing-07-07615.pdf,SKIPPED,EXISTS,0.00s
remotesensing-07-14200-v2.pdf,SKIPPED,EXISTS,0.00s
remotesensing-07-15702.pdf,SKIPPED,EXISTS,0.00s
remotesensing-08-00311.pdf,SKIPPED,EXISTS,0.00s
remotesensing-08-00348.pdf,SKIPPED,EXISTS,0.00s
remotesensing-08-00456-v2.pdf,SKIPPED,EXISTS,0.00s
remotesensing-08-00547.pdf,SKIPPED,EXISTS,0.00s
remotesensing-08-00608.pdf,SKIPPED,EXISTS,0.00s
remotesensing-08-00625.pdf,SKIPPED,EXISTS,0.00s
remotesensing-08-00655.pdf,SKIPPED,EXISTS,0.00s
remotesensing-08-00899.pdf,SKIPPED,EXISTS,0.00s
remotesensing-09-00086.pdf,SKIPPED,EXISTS,0.00s
remotesensing-09-00174-v2.pdf,SKIPPED,EXISTS,0.00s
remotesensing-09-00313-v2.pdf,SKIPPED,EXISTS,0.00s
remotesensing-09-00593.pdf,SKIPPED,EXISTS,0.00s
remotesensing-09-00781 (1).pdf,SKIPPED,EXISTS,0.00s
remotesensing-09-00781 (2).pdf,SKIPPED,EXISTS,0.00s
remotesensing-09-00781.pdf,SKIPPED,EXISTS,0.00s
remotesensing-10-00030-v2.pdf,SKIPPED,EXISTS,0.00s
remotesensing-10-00034.pdf,SKIPPED,EXISTS,0.00s
remotesensing-10-00041.pdf,SKIPPED,EXISTS,0.00s
remotesensing-10-00078-v2.pdf,SKIPPED,EXISTS,0.00s
remotesensing-10-00217-v2.pdf,SKIPPED,EXISTS,0.00s
remotesensing-10-00292-v2.pdf,SKIPPED,EXISTS,0.00s
remotesensing-10-00583.pdf,SKIPPED,EXISTS,0.00s
remotesensing-10-00642.pdf,SKIPPED,EXISTS,0.00s
remotesensing-10-00780.pdf,SKIPPED,EXISTS,0.00s
remotesensing-10-00840-v3.pdf,SKIPPED,EXISTS,0.00s
remotesensing-10-00939.pdf,SKIPPED,EXISTS,0.00s
remotesensing-10-01023.pdf,SKIPPED,EXISTS,0.00s
remotesensing-10-01230.pdf,SKIPPED,EXISTS,0.00s
remotesensing-10-01316-v2.pdf,SKIPPED,EXISTS,0.00s
remotesensing-10-01673-v2.pdf,SKIPPED,EXISTS,0.00s
remotesensing-10-01828.pdf,SKIPPED,EXISTS,0.00s
remotesensing-11-00107.pdf,SKIPPED,EXISTS,0.00s
remotesensing-11-00255.pdf,SKIPPED,EXISTS,0.00s
remotesensing-11-00501.pdf,SKIPPED,EXISTS,0.00s
remotesensing-11-00760.pdf,SKIPPED,EXISTS,0.00s
remotesensing-11-00879.pdf,SKIPPED,EXISTS,0.00s
remotesensing-11-00915-v2.pdf,SKIPPED,EXISTS,0.00s
remotesensing-11-01280.pdf,SKIPPED,EXISTS,0.00s
remotesensing-11-01581-v2.pdf,SKIPPED,EXISTS,0.00s
remotesensing-11-01778-v3.pdf,SKIPPED,EXISTS,0.00s
remotesensing-11-02331-v2.pdf,SKIPPED,EXISTS,0.00s
remotesensing-11-02463.pdf,SKIPPED,EXISTS,0.00s
remotesensing-11-02470-v2.pdf,SKIPPED,EXISTS,0.00s
remotesensing-11-02492-v2.pdf,SKIPPED,EXISTS,0.00s
remotesensing-11-02555-v2.pdf,SKIPPED,EXISTS,0.00s
remotesensing-11-02557-v2.pdf,SKIPPED,EXISTS,0.00s
remotesensing-11-02804-v2.pdf,SKIPPED,EXISTS,0.00s
remotesensing-12-00106-v3.pdf,SKIPPED,EXISTS,0.00s
remotesensing-12-00187-v2.pdf,SKIPPED,EXISTS,0.00s
remotesensing-12-00252-v2.pdf,SKIPPED,EXISTS,0.00s
remotesensing-12-00428-v2.pdf,SKIPPED,EXISTS,0.00s
remotesensing-12-00643-v2.pdf,SKIPPED,EXISTS,0.00s
remotesensing-12-01302-v2.pdf,SKIPPED,EXISTS,0.00s
remotesensing-12-01422.pdf,SKIPPED,EXISTS,0.00s
remotesensing-12-01709-v3.pdf,SKIPPED,EXISTS,0.00s
remotesensing-12-02073-v2.pdf,SKIPPED,EXISTS,0.00s
remotesensing-12-02190.pdf,SKIPPED,EXISTS,0.00s
remotesensing-12-02235-v2.pdf,SKIPPED,EXISTS,0.00s
remotesensing-12-02236-v2.pdf,SKIPPED,EXISTS,0.00s
remotesensing-12-02532-v2.pdf,SKIPPED,EXISTS,0.00s
remotesensing-12-02688.pdf,SKIPPED,EXISTS,0.00s
remotesensing-12-03550.pdf,SKIPPED,EXISTS,0.00s
remotesensing-12-03611.pdf,SKIPPED,EXISTS,0.00s
remotesensing-12-03624-v2.pdf,SKIPPED,EXISTS,0.00s
remotesensing-12-03980-v2.pdf,SKIPPED,EXISTS,0.00s
remotesensing-13-00262-v4.pdf,SKIPPED,EXISTS,0.00s
remotesensing-13-00351-v3.pdf,SKIPPED,EXISTS,0.00s
remotesensing-13-01384-v2.pdf,SKIPPED,EXISTS,0.00s
remotesensing-13-02114-v2.pdf,SKIPPED,EXISTS,0.00s
remotesensing-13-02638-v4.pdf,SKIPPED,EXISTS,0.00s
remotesensing-13-03916-v2.pdf,SKIPPED,EXISTS,0.00s
remotesensing-13-04511-v2.pdf,SKIPPED,EXISTS,0.00s
remotesensing-13-04934-v2.pdf,SKIPPED,EXISTS,0.00s
remotesensing-13-05083-v2.pdf,SKIPPED,EXISTS,0.00s
remotesensing-13-05147-v2.pdf,SKIPPED,EXISTS,0.00s
remotesensing-14-00115.pdf,SKIPPED,EXISTS,0.00s
remotesensing-14-00246.pdf,SKIPPED,EXISTS,0.00s
jogh-14-04290.pdf,FAIL,CONNECTION_ERROR,8.62s
kim2019.pdf,SKIPPED,EXISTS,0.00s
klemas2015.pdf,SKIPPED,EXISTS,0.00s
kompyuternoe-modelirovanie-dozhdevogo-stoka-v-basseyne-reki-charysh-s-ispolzovaniem-programmnogo-kompleksa-hec-hms.pdf,SKIPPED,EXISTS,0.00s
ksuhsgs_2019_10_18.pdf,SKIPPED,EXISTS,0.00s
journal.pone.0315398.pdf,FAIL,CONNECTION_ERROR,8.41s
kussul2013.pdf,SKIPPED,EXISTS,0.00s
kussul2014.pdf,SKIPPED,EXISTS,0.00s
kussul2017.pdf,SKIPPED,EXISTS,0.00s
land-11-00250.pdf,SKIPPED,EXISTS,0.00s
land-11-01810-v2.pdf,SKIPPED,EXISTS,0.00s
land-12-00627-v2.pdf,SKIPPED,EXISTS,0.00s
land-12-00810-v2.pdf,SKIPPED,EXISTS,0.00s
land-12-00932.pdf,SKIPPED,EXISTS,0.00s
land-12-01514-v2.pdf,SKIPPED,EXISTS,0.00s
land-12-01743.pdf,SKIPPED,EXISTS,0.00s
land-12-01785-v2.pdf,SKIPPED,EXISTS,0.00s
land-13-00047.pdf,SKIPPED,EXISTS,0.00s
land-13-00116-v2.pdf,SKIPPED,EXISTS,0.00s
land-13-00923-v2.pdf,SKIPPED,EXISTS,0.00s
processes-14-01303-v2.pdf,FAIL,CONNECTION_ERROR,7.54s
prusty2022.pdf,FAIL,CONNECTION_ERROR,8.60s
jwc2025557.pdf,FAIL,CONNECTION_ERROR,8.66s
public-health-and-health-systems-responsiveness-during-the-2022-floods-in-pakistan-what-needs-to-be-done.pdf,FAIL,CONNECTION_ERROR,8.45s
kiaf029.pdf,FAIL,CONNECTION_ERROR,9.09s
remotesensing-14-01214-v2.pdf,FAIL,CONNECTION_ERROR,8.21s
remotesensing-14-02481-v2.pdf,SKIPPED,EXISTS,0.00s
remotesensing-14-03140.pdf,SKIPPED,EXISTS,0.00s
remotesensing-14-03673-v2.pdf,SKIPPED,EXISTS,0.00s
remotesensing-14-03838-v2.pdf,SKIPPED,EXISTS,0.00s
remotesensing-14-04273.pdf,SKIPPED,EXISTS,0.00s
remotesensing-14-04518.pdf,SKIPPED,EXISTS,0.00s
remotesensing-14-05008-v2.pdf,SKIPPED,EXISTS,0.00s
remotesensing-14-05505-v2.pdf,SKIPPED,EXISTS,0.00s
remotesensing-14-05721-v2.pdf,SKIPPED,EXISTS,0.00s
remotesensing-14-06005-v3.pdf,SKIPPED,EXISTS,0.00s
remotesensing-14-06239.pdf,SKIPPED,EXISTS,0.00s
remotesensing-15-01071-v2.pdf,SKIPPED,EXISTS,0.00s
remotesensing-15-01102-v2.pdf,SKIPPED,EXISTS,0.00s
remotesensing-15-01200.pdf,SKIPPED,EXISTS,0.00s
remotesensing-15-01922.pdf,SKIPPED,EXISTS,0.00s
remotesensing-15-03009-v2.pdf,SKIPPED,EXISTS,0.00s
remotesensing-15-03991.pdf,SKIPPED,EXISTS,0.00s
remotesensing-15-05037.pdf,SKIPPED,EXISTS,0.00s
remotesensing-15-05075.pdf,SKIPPED,EXISTS,0.00s
remotesensing-15-05139-v2.pdf,SKIPPED,EXISTS,0.00s
remotesensing-15-05226.pdf,SKIPPED,EXISTS,0.00s
remotesensing-15-05247.pdf,SKIPPED,EXISTS,0.00s
remotesensing-15-05379.pdf,SKIPPED,EXISTS,0.00s
remotesensing-15-05702.pdf,SKIPPED,EXISTS,0.00s
remotesensing-16-00294.pdf,SKIPPED,EXISTS,0.00s
kumar2017.pdf,FAIL,CONNECTION_ERROR,8.38s
remotesensing-14-01832.pdf,FAIL,CONNECTION_ERROR,8.90s
remotesensing-16-00336.pdf,SKIPPED,EXISTS,0.00s
remotesensing-16-00350-v2.pdf,SKIPPED,EXISTS,0.00s
remotesensing-16-00512.pdf,SKIPPED,EXISTS,0.00s
remotesensing-16-00656-v2.pdf,SKIPPED,EXISTS,0.00s
remotesensing-16-00858.pdf,SKIPPED,EXISTS,0.00s
remotesensing-16-02193.pdf,SKIPPED,EXISTS,0.00s
land-14-00621-v2.pdf,FAIL,CONNECTION_ERROR,9.55s
remotesensing-14-01875-v2.pdf,FAIL,CONNECTION_ERROR,8.59s
remotesensing-16-04437-v3.pdf,SKIPPED,EXISTS,0.00s
land-14-00658.pdf,FAIL,CONNECTION_ERROR,8.56s
remotesensing-14-01928.pdf,FAIL,CONNECTION_ERROR,8.94s
remotesensing-17-00524.pdf,SKIPPED,EXISTS,0.00s
land-14-01625-v4.pdf,FAIL,CONNECTION_ERROR,8.03s
liang2020.pdf,SKIPPED,EXISTS,0.00s
limnetica-30-2-p-169.pdf,SKIPPED,EXISTS,0.00s
lin2016.pdf,SKIPPED,EXISTS,0.00s
liquids-02-00010 (1).pdf,SKIPPED,EXISTS,0.00s
liquids-02-00010.pdf,SKIPPED,EXISTS,0.00s
lopez2020.pdf,SKIPPED,EXISTS,0.00s
land-14-01543.pdf,FAIL,CONNECTION_ERROR,9.07s
maggioni2018.pdf,SKIPPED,EXISTS,0.00s
mathematics-11-00795.pdf,SKIPPED,EXISTS,0.00s
remotesensing-16-00320.pdf,FAIL,CONNECTION_ERROR,9.15s
land-14-01652-v2.pdf,FAIL,CONNECTION_ERROR,7.94s
remotesensing-16-03105-v2.pdf,FAIL,CONNECTION_ERROR,8.29s
remotesensing-17-00375.pdf,FAIL,CONNECTION_ERROR,8.44s
land-14-01672.pdf,FAIL,CONNECTION_ERROR,7.90s
model_hec_ras_0001.pdf,SKIPPED,EXISTS,0.00s
model_hec_ras_0002.pdf,SKIPPED,EXISTS,0.00s
model_hec_ras_0003.pdf,SKIPPED,EXISTS,0.00s
model_hec_ras_0004.pdf,SKIPPED,EXISTS,0.00s
model_hec_ras_0005.pdf,SKIPPED,EXISTS,0.00s
model_hec_ras_0006.pdf,SKIPPED,EXISTS,0.00s
model_hec_ras_0007.pdf,SKIPPED,EXISTS,0.00s
model_hec_ras_0008.pdf,SKIPPED,EXISTS,0.00s
model_hec_ras_0009.pdf,SKIPPED,EXISTS,0.00s
model_hec_ras_0011.pdf,SKIPPED,EXISTS,0.00s
model_hec_ras_0014.pdf,SKIPPED,EXISTS,0.00s
model_hec_ras_0015.pdf,SKIPPED,EXISTS,0.00s
model_hec_ras_0016.pdf,SKIPPED,EXISTS,0.00s
model_hec_ras_0017.pdf,SKIPPED,EXISTS,0.00s
model_hec_ras_0018.pdf,SKIPPED,EXISTS,0.00s
model_hec_ras_0020.pdf,SKIPPED,EXISTS,0.00s
model_hec_ras_0021.pdf,SKIPPED,EXISTS,0.00s
model_hec_ras_0022.pdf,SKIPPED,EXISTS,0.00s
model_hec_ras_0023.pdf,SKIPPED,EXISTS,0.00s
model_hec_ras_0025.pdf,SKIPPED,EXISTS,0.00s
model_hec_ras_0026.pdf,SKIPPED,EXISTS,0.00s
model_hec_ras_0028.pdf,SKIPPED,EXISTS,0.00s
model_hec_ras_0030.pdf,SKIPPED,EXISTS,0.00s
model_hec_ras_0031.pdf,SKIPPED,EXISTS,0.00s
model_hec_ras_0032.pdf,SKIPPED,EXISTS,0.00s
model_hec_ras_0036.pdf,SKIPPED,EXISTS,0.00s
model_hec_ras_0041.pdf,SKIPPED,EXISTS,0.00s
model_hec_ras_0043.pdf,SKIPPED,EXISTS,0.00s
model_hec_ras_0044.pdf,SKIPPED,EXISTS,0.00s
model_hec_ras_0045.pdf,SKIPPED,EXISTS,0.00s
model_hec_ras_0048.pdf,SKIPPED,EXISTS,0.00s
model_hec_ras_0049.pdf,SKIPPED,EXISTS,0.00s
model_hec_ras_0050.pdf,SKIPPED,EXISTS,0.00s
model_hec_ras_0051.pdf,SKIPPED,EXISTS,0.00s
model_hec_ras_0053.pdf,SKIPPED,EXISTS,0.00s
model_hec_ras_0054.pdf,SKIPPED,EXISTS,0.00s
model_hec_ras_0055.pdf,SKIPPED,EXISTS,0.00s
model_hec_ras_0056.pdf,SKIPPED,EXISTS,0.00s
model_hec_ras_0057.pdf,SKIPPED,EXISTS,0.00s
model_hec_ras_0058.pdf,SKIPPED,EXISTS,0.00s
model_hec_ras_0065.pdf,SKIPPED,EXISTS,0.00s
model_hec_ras_0066.pdf,SKIPPED,EXISTS,0.00s
model_hec_ras_0069.pdf,SKIPPED,EXISTS,0.00s
model_hec_ras_0071.pdf,SKIPPED,EXISTS,0.00s
model_hec_ras_0072.pdf,SKIPPED,EXISTS,0.00s
model_hec_ras_0075.pdf,SKIPPED,EXISTS,0.00s
model_hec_ras_0076.pdf,SKIPPED,EXISTS,0.00s
model_hec_ras_0077.pdf,SKIPPED,EXISTS,0.00s
model_hec_ras_0078.pdf,SKIPPED,EXISTS,0.00s
model_hec_ras_0079.pdf,SKIPPED,EXISTS,0.00s
model_hec_ras_0080.pdf,SKIPPED,EXISTS,0.00s
model_hec_ras_0082.pdf,SKIPPED,EXISTS,0.00s
model_hec_ras_0083.pdf,SKIPPED,EXISTS,0.00s
model_hec_ras_0084.pdf,SKIPPED,EXISTS,0.00s
model_hec_ras_0085.pdf,SKIPPED,EXISTS,0.00s
model_hec_ras_0087.pdf,SKIPPED,EXISTS,0.00s
model_hec_ras_0088.pdf,SKIPPED,EXISTS,0.00s
model_hec_ras_0089.pdf,SKIPPED,EXISTS,0.00s
model_hec_ras_0090.pdf,SKIPPED,EXISTS,0.00s
model_hec_ras_0091.pdf,SKIPPED,EXISTS,0.00s
model_hec_ras_0092.pdf,SKIPPED,EXISTS,0.00s
model_hec_ras_0094.pdf,SKIPPED,EXISTS,0.00s
model_hec_ras_0096.pdf,SKIPPED,EXISTS,0.00s
model_hec_ras_0097.pdf,SKIPPED,EXISTS,0.00s
model_hec_ras_0098.pdf,SKIPPED,EXISTS,0.00s
model_hec_ras_0103.pdf,SKIPPED,EXISTS,0.00s
model_hec_ras_0104.pdf,SKIPPED,EXISTS,0.00s
model_hec_ras_0105.pdf,SKIPPED,EXISTS,0.00s
model_hec_ras_0106.pdf,SKIPPED,EXISTS,0.00s
model_hec_ras_0108.pdf,SKIPPED,EXISTS,0.00s
model_hec_ras_0109.pdf,SKIPPED,EXISTS,0.00s
model_hec_ras_0113.pdf,SKIPPED,EXISTS,0.00s
model_hec_ras_0114.pdf,SKIPPED,EXISTS,0.00s
model_hec_ras_0115.pdf,SKIPPED,EXISTS,0.00s
model_hec_ras_0116.pdf,SKIPPED,EXISTS,0.00s
model_hec_ras_0118.pdf,SKIPPED,EXISTS,0.00s
model_hec_ras_0119.pdf,SKIPPED,EXISTS,0.00s
model_hec_ras_0122.pdf,SKIPPED,EXISTS,0.00s
model_hec_ras_0124.pdf,SKIPPED,EXISTS,0.00s
model_hec_ras_0125.pdf,SKIPPED,EXISTS,0.00s
model_hec_ras_0126.pdf,SKIPPED,EXISTS,0.00s
model_hec_ras_0128.pdf,SKIPPED,EXISTS,0.00s
model_hec_ras_0129.pdf,SKIPPED,EXISTS,0.00s
model_hec_ras_0131.pdf,SKIPPED,EXISTS,0.00s
model_hec_ras_0133.pdf,SKIPPED,EXISTS,0.00s
model_hec_ras_0134.pdf,SKIPPED,EXISTS,0.00s
model_hec_ras_0135.pdf,SKIPPED,EXISTS,0.00s
model_hec_ras_0141.pdf,SKIPPED,EXISTS,0.00s
model_hec_ras_0142.pdf,SKIPPED,EXISTS,0.00s
model_hec_ras_0143.pdf,SKIPPED,EXISTS,0.00s
model_hec_ras_0147.pdf,SKIPPED,EXISTS,0.00s
model_hec_ras_0148.pdf,SKIPPED,EXISTS,0.00s
model_hec_ras_0149.pdf,SKIPPED,EXISTS,0.00s
model_hec_ras_0150.pdf,SKIPPED,EXISTS,0.00s
model_hec_ras_0153.pdf,SKIPPED,EXISTS,0.00s
model_hec_ras_0154.pdf,SKIPPED,EXISTS,0.00s
model_hec_ras_0158.pdf,SKIPPED,EXISTS,0.00s
model_hec_ras_0165.pdf,SKIPPED,EXISTS,0.00s
model_hec_ras_0166.pdf,SKIPPED,EXISTS,0.00s
model_hec_ras_0169.pdf,SKIPPED,EXISTS,0.00s
model_hec_ras_0170.pdf,SKIPPED,EXISTS,0.00s
model_hec_ras_0171.pdf,SKIPPED,EXISTS,0.00s
model_hec_ras_0172.pdf,SKIPPED,EXISTS,0.00s
model_hec_ras_0173.pdf,SKIPPED,EXISTS,0.00s
model_hec_ras_0174.pdf,SKIPPED,EXISTS,0.00s
model_hec_ras_0175.pdf,SKIPPED,EXISTS,0.00s
model_hec_ras_0176.pdf,SKIPPED,EXISTS,0.00s
model_hec_ras_0178.pdf,SKIPPED,EXISTS,0.00s
model_hec_ras_0179.pdf,SKIPPED,EXISTS,0.00s
model_hec_ras_0180.pdf,SKIPPED,EXISTS,0.00s
model_hec_ras_0181.pdf,SKIPPED,EXISTS,0.00s
model_hec_ras_0182.pdf,SKIPPED,EXISTS,0.00s
model_hec_ras_0183.pdf,SKIPPED,EXISTS,0.00s
model_hec_ras_0184.pdf,SKIPPED,EXISTS,0.00s
model_hec_ras_0185.pdf,SKIPPED,EXISTS,0.00s
model_hec_ras_0186.pdf,SKIPPED,EXISTS,0.00s
model_hec_ras_0187.pdf,SKIPPED,EXISTS,0.00s
model_hec_ras_0188.pdf,SKIPPED,EXISTS,0.00s
model_hec_ras_0189.pdf,SKIPPED,EXISTS,0.00s
model_hec_ras_0192.pdf,SKIPPED,EXISTS,0.00s
model_hec_ras_0193.pdf,SKIPPED,EXISTS,0.00s
model_hec_ras_0194.pdf,SKIPPED,EXISTS,0.00s
model_hec_ras_0195.pdf,SKIPPED,EXISTS,0.00s
model_hec_ras_0196.pdf,SKIPPED,EXISTS,0.00s
model_hec_ras_0197.pdf,SKIPPED,EXISTS,0.00s
model_hec_ras_0201.pdf,SKIPPED,EXISTS,0.00s
model_hec_ras_0205.pdf,SKIPPED,EXISTS,0.00s
model_hec_ras_0206.pdf,SKIPPED,EXISTS,0.00s
model_hec_ras_0207.pdf,SKIPPED,EXISTS,0.00s
model_hec_ras_0208.pdf,SKIPPED,EXISTS,0.00s
model_hec_ras_0212.pdf,SKIPPED,EXISTS,0.00s
model_hec_ras_0215.pdf,SKIPPED,EXISTS,0.00s
model_hec_ras_0217.pdf,SKIPPED,EXISTS,0.00s
model_hec_ras_0219.pdf,SKIPPED,EXISTS,0.00s
model_hec_ras_0222.pdf,SKIPPED,EXISTS,0.00s
model_hec_ras_0223.pdf,SKIPPED,EXISTS,0.00s
model_hec_ras_0225.pdf,SKIPPED,EXISTS,0.00s
model_hec_ras_0227.pdf,SKIPPED,EXISTS,0.00s
model_hec_ras_0228.pdf,SKIPPED,EXISTS,0.00s
model_hec_ras_0229.pdf,SKIPPED,EXISTS,0.00s
model_hec_ras_0231.pdf,SKIPPED,EXISTS,0.00s
model_hec_ras_0233.pdf,SKIPPED,EXISTS,0.00s
model_hec_ras_0234.pdf,SKIPPED,EXISTS,0.00s
model_hec_ras_0235.pdf,SKIPPED,EXISTS,0.00s
model_hec_ras_0241.pdf,SKIPPED,EXISTS,0.00s
model_hec_ras_0242.pdf,SKIPPED,EXISTS,0.00s
model_hec_ras_0243.pdf,SKIPPED,EXISTS,0.00s
model_hec_ras_0245.pdf,SKIPPED,EXISTS,0.00s
model_hec_ras_0246.pdf,SKIPPED,EXISTS,0.00s
model_hec_ras_0247.pdf,SKIPPED,EXISTS,0.00s
model_hec_ras_0248.pdf,SKIPPED,EXISTS,0.00s
model_hec_ras_0249.pdf,SKIPPED,EXISTS,0.00s
model_hec_ras_0251.pdf,SKIPPED,EXISTS,0.00s
model_hec_ras_0253.pdf,SKIPPED,EXISTS,0.00s
model_hec_ras_0255.pdf,SKIPPED,EXISTS,0.00s
model_hec_ras_0258.pdf,SKIPPED,EXISTS,0.00s
model_hec_ras_0259.pdf,SKIPPED,EXISTS,0.00s
model_hec_ras_0260.pdf,SKIPPED,EXISTS,0.00s
model_hec_ras_0261.pdf,SKIPPED,EXISTS,0.00s
model_hec_ras_0262.pdf,SKIPPED,EXISTS,0.00s
model_hec_ras_0265.pdf,SKIPPED,EXISTS,0.00s
model_hec_ras_0266.pdf,SKIPPED,EXISTS,0.00s
model_hec_ras_0267.pdf,SKIPPED,EXISTS,0.00s
model_hec_ras_0268.pdf,SKIPPED,EXISTS,0.00s
model_hec_ras_0269.pdf,SKIPPED,EXISTS,0.00s
model_hec_ras_0270.pdf,SKIPPED,EXISTS,0.00s
model_hec_ras_0272.pdf,SKIPPED,EXISTS,0.00s
model_hec_ras_0277.pdf,SKIPPED,EXISTS,0.00s
model_hec_ras_0282.pdf,SKIPPED,EXISTS,0.00s
model_hec_ras_0283.pdf,SKIPPED,EXISTS,0.00s
model_hec_ras_0284.pdf,SKIPPED,EXISTS,0.00s
model_hec_ras_0285.pdf,SKIPPED,EXISTS,0.00s
model_hec_ras_0286.pdf,SKIPPED,EXISTS,0.00s
model_hec_ras_0287.pdf,SKIPPED,EXISTS,0.00s
model_hec_ras_0289.pdf,SKIPPED,EXISTS,0.00s
model_hec_ras_0290.pdf,SKIPPED,EXISTS,0.00s
model_hec_ras_0291.pdf,SKIPPED,EXISTS,0.00s
model_hec_ras_0292.pdf,SKIPPED,EXISTS,0.00s
model_hec_ras_0293.pdf,SKIPPED,EXISTS,0.00s
model_hec_ras_0295.pdf,SKIPPED,EXISTS,0.00s
model_hec_ras_0296.pdf,SKIPPED,EXISTS,0.00s
model_hec_ras_0300.pdf,SKIPPED,EXISTS,0.00s
model_hec_ras_0301.pdf,SKIPPED,EXISTS,0.00s
model_hec_ras_0302.pdf,SKIPPED,EXISTS,0.00s
model_hec_ras_0303.pdf,SKIPPED,EXISTS,0.00s
model_hec_ras_0304.pdf,SKIPPED,EXISTS,0.00s
model_hec_ras_0305.pdf,SKIPPED,EXISTS,0.00s
model_hec_ras_0306.pdf,SKIPPED,EXISTS,0.00s
model_hec_ras_0307.pdf,SKIPPED,EXISTS,0.00s
model_hec_ras_0308.pdf,SKIPPED,EXISTS,0.00s
model_hec_ras_0309.pdf,SKIPPED,EXISTS,0.00s
model_hec_ras_0310.pdf,SKIPPED,EXISTS,0.00s
model_hec_ras_0312.pdf,SKIPPED,EXISTS,0.00s
model_hec_ras_0313.pdf,SKIPPED,EXISTS,0.00s
model_hec_ras_0314.pdf,SKIPPED,EXISTS,0.00s
model_hec_ras_0315.pdf,SKIPPED,EXISTS,0.00s
model_hec_ras_0319.pdf,SKIPPED,EXISTS,0.00s
model_hec_ras_0320.pdf,SKIPPED,EXISTS,0.00s
model_hec_ras_0321.pdf,SKIPPED,EXISTS,0.00s
model_hec_ras_0322.pdf,SKIPPED,EXISTS,0.00s
model_hec_ras_0323.pdf,SKIPPED,EXISTS,0.00s
model_hec_ras_0324.pdf,SKIPPED,EXISTS,0.00s
model_hec_ras_0325.pdf,SKIPPED,EXISTS,0.00s
model_hec_ras_0326.pdf,SKIPPED,EXISTS,0.00s
model_hec_ras_0327.pdf,SKIPPED,EXISTS,0.00s
model_hec_ras_0328.pdf,SKIPPED,EXISTS,0.00s
model_hec_ras_0330.pdf,SKIPPED,EXISTS,0.00s
model_hec_ras_0332.pdf,SKIPPED,EXISTS,0.00s
model_hec_ras_0335.pdf,SKIPPED,EXISTS,0.00s
model_hec_ras_0336.pdf,SKIPPED,EXISTS,0.00s
model_hec_ras_0337.pdf,SKIPPED,EXISTS,0.00s
model_hec_ras_0340.pdf,SKIPPED,EXISTS,0.00s
model_hec_ras_0341.pdf,SKIPPED,EXISTS,0.00s
model_hec_ras_0342.pdf,SKIPPED,EXISTS,0.00s
model_hec_ras_0343.pdf,SKIPPED,EXISTS,0.00s
model_hec_ras_0345.pdf,SKIPPED,EXISTS,0.00s
model_hec_ras_0346.pdf,SKIPPED,EXISTS,0.00s
model_hec_ras_0347.pdf,SKIPPED,EXISTS,0.00s
model_hec_ras_0348.pdf,SKIPPED,EXISTS,0.00s
model_hec_ras_0351.pdf,SKIPPED,EXISTS,0.00s
model_hec_ras_0352.pdf,SKIPPED,EXISTS,0.00s
model_hec_ras_0353.pdf,SKIPPED,EXISTS,0.00s
model_hec_ras_0355.pdf,SKIPPED,EXISTS,0.00s
model_hec_ras_0357.pdf,SKIPPED,EXISTS,0.00s
model_hec_ras_0359.pdf,SKIPPED,EXISTS,0.00s
model_hec_ras_0361.pdf,SKIPPED,EXISTS,0.00s
model_hec_ras_0362.pdf,SKIPPED,EXISTS,0.00s
model_hec_ras_0364.pdf,SKIPPED,EXISTS,0.00s
model_hec_ras_0365.pdf,SKIPPED,EXISTS,0.00s
model_hec_ras_0366.pdf,SKIPPED,EXISTS,0.00s
model_hec_ras_0368.pdf,SKIPPED,EXISTS,0.00s
model_hec_ras_0369.pdf,SKIPPED,EXISTS,0.00s
model_hec_ras_0372.pdf,SKIPPED,EXISTS,0.00s
model_hec_ras_0376.pdf,SKIPPED,EXISTS,0.00s
model_hec_ras_0378.pdf,SKIPPED,EXISTS,0.00s
model_hec_ras_0379.pdf,SKIPPED,EXISTS,0.00s
model_hec_ras_0380.pdf,SKIPPED,EXISTS,0.00s
model_hec_ras_0381.pdf,SKIPPED,EXISTS,0.00s
model_hec_ras_0383.pdf,SKIPPED,EXISTS,0.00s
model_hec_ras_0386.pdf,SKIPPED,EXISTS,0.00s
model_hec_ras_0387.pdf,SKIPPED,EXISTS,0.00s
model_hec_ras_0392.pdf,SKIPPED,EXISTS,0.00s
model_hec_ras_0395.pdf,SKIPPED,EXISTS,0.00s
model_hec_ras_0397.pdf,SKIPPED,EXISTS,0.00s
model_hec_ras_0398.pdf,SKIPPED,EXISTS,0.00s
model_hec_ras_0399.pdf,SKIPPED,EXISTS,0.00s
model_hec_ras_0400.pdf,SKIPPED,EXISTS,0.00s
model_hec_ras_0404.pdf,SKIPPED,EXISTS,0.00s
model_hec_ras_0405.pdf,SKIPPED,EXISTS,0.00s
model_hec_ras_0406.pdf,SKIPPED,EXISTS,0.00s
model_hec_ras_0407.pdf,SKIPPED,EXISTS,0.00s
model_hec_ras_0411.pdf,SKIPPED,EXISTS,0.00s
model_hec_ras_0412.pdf,SKIPPED,EXISTS,0.00s
model_hec_ras_0413.pdf,SKIPPED,EXISTS,0.00s
model_hec_ras_0414.pdf,SKIPPED,EXISTS,0.00s
model_hec_ras_0415.pdf,SKIPPED,EXISTS,0.00s
model_hec_ras_0419.pdf,SKIPPED,EXISTS,0.00s
model_hec_ras_0420.pdf,SKIPPED,EXISTS,0.00s
model_hec_ras_0421.pdf,SKIPPED,EXISTS,0.00s
model_hec_ras_0422.pdf,SKIPPED,EXISTS,0.00s
model_hec_ras_0423.pdf,SKIPPED,EXISTS,0.00s
model_hec_ras_0424.pdf,SKIPPED,EXISTS,0.00s
model_hec_ras_0425.pdf,SKIPPED,EXISTS,0.00s
model_hec_ras_0426.pdf,SKIPPED,EXISTS,0.00s
model_hec_ras_0427.pdf,SKIPPED,EXISTS,0.00s
model_hec_ras_0429.pdf,SKIPPED,EXISTS,0.00s
model_hec_ras_0430.pdf,SKIPPED,EXISTS,0.00s
model_hec_ras_0432.pdf,SKIPPED,EXISTS,0.00s
model_hec_ras_0433.pdf,SKIPPED,EXISTS,0.00s
model_hec_ras_0434.pdf,SKIPPED,EXISTS,0.00s
model_hec_ras_0435.pdf,SKIPPED,EXISTS,0.00s
model_hec_ras_0436.pdf,SKIPPED,EXISTS,0.00s
model_hec_ras_0438.pdf,SKIPPED,EXISTS,0.00s
model_hec_ras_0439.pdf,SKIPPED,EXISTS,0.00s
model_hec_ras_0440.pdf,SKIPPED,EXISTS,0.00s
model_hec_ras_0441.pdf,SKIPPED,EXISTS,0.00s
model_hec_ras_0442.pdf,SKIPPED,EXISTS,0.00s
model_hec_ras_0443.pdf,SKIPPED,EXISTS,0.00s
model_hec_ras_0444.pdf,SKIPPED,EXISTS,0.00s
model_hec_ras_0445.pdf,SKIPPED,EXISTS,0.00s
model_hec_ras_0447.pdf,SKIPPED,EXISTS,0.00s
model_hec_ras_0452.pdf,SKIPPED,EXISTS,0.00s
model_hec_ras_0456.pdf,SKIPPED,EXISTS,0.00s
model_hec_ras_0457.pdf,SKIPPED,EXISTS,0.00s
model_hec_ras_0459.pdf,SKIPPED,EXISTS,0.00s
model_hec_ras_0460.pdf,SKIPPED,EXISTS,0.00s
model_hec_ras_0461.pdf,SKIPPED,EXISTS,0.00s
model_hec_ras_0462.pdf,SKIPPED,EXISTS,0.00s
model_hec_ras_0463.pdf,SKIPPED,EXISTS,0.00s
model_hec_ras_0464.pdf,SKIPPED,EXISTS,0.00s
model_hec_ras_0465.pdf,SKIPPED,EXISTS,0.00s
model_hec_ras_0468.pdf,SKIPPED,EXISTS,0.00s
model_hec_ras_0469.pdf,SKIPPED,EXISTS,0.00s
model_hec_ras_0470.pdf,SKIPPED,EXISTS,0.00s
model_hec_ras_0471.pdf,SKIPPED,EXISTS,0.00s
model_hec_ras_0472.pdf,SKIPPED,EXISTS,0.00s
model_hec_ras_0473.pdf,SKIPPED,EXISTS,0.00s
model_hec_ras_0476.pdf,SKIPPED,EXISTS,0.00s
model_hec_ras_0480.pdf,SKIPPED,EXISTS,0.00s
model_hec_ras_0482.pdf,SKIPPED,EXISTS,0.00s
model_hec_ras_0483.pdf,SKIPPED,EXISTS,0.00s
model_hec_ras_0487.pdf,SKIPPED,EXISTS,0.00s
model_hec_ras_0489.pdf,SKIPPED,EXISTS,0.00s
model_hec_ras_0490.pdf,SKIPPED,EXISTS,0.00s
model_hec_ras_0491.pdf,SKIPPED,EXISTS,0.00s
model_hec_ras_0493.pdf,SKIPPED,EXISTS,0.00s
model_hec_ras_0495.pdf,SKIPPED,EXISTS,0.00s
model_hec_ras_0496.pdf,SKIPPED,EXISTS,0.00s
model_hec_ras_0500.pdf,SKIPPED,EXISTS,0.00s
model_hec_ras_0502.pdf,SKIPPED,EXISTS,0.00s
model_hec_ras_0503.pdf,SKIPPED,EXISTS,0.00s
model_hec_ras_0504.pdf,SKIPPED,EXISTS,0.00s
model_hec_ras_0507.pdf,SKIPPED,EXISTS,0.00s
model_hec_ras_0509.pdf,SKIPPED,EXISTS,0.00s
model_hec_ras_0510.pdf,SKIPPED,EXISTS,0.00s
model_hec_ras_0512.pdf,SKIPPED,EXISTS,0.00s
model_hec_ras_0519.pdf,SKIPPED,EXISTS,0.00s
model_hec_ras_0520.pdf,SKIPPED,EXISTS,0.00s
model_hec_ras_0521.pdf,SKIPPED,EXISTS,0.00s
model_hec_ras_0522.pdf,SKIPPED,EXISTS,0.00s
model_hec_ras_0523.pdf,SKIPPED,EXISTS,0.00s
model_hec_ras_0524.pdf,SKIPPED,EXISTS,0.00s
model_hec_ras_0525.pdf,SKIPPED,EXISTS,0.00s
model_hec_ras_0529.pdf,SKIPPED,EXISTS,0.00s
model_hec_ras_0531.pdf,SKIPPED,EXISTS,0.00s
model_hec_ras_0533.pdf,SKIPPED,EXISTS,0.00s
model_hec_ras_0535.pdf,SKIPPED,EXISTS,0.00s
model_hec_ras_0536.pdf,SKIPPED,EXISTS,0.00s
model_hec_ras_0537.pdf,SKIPPED,EXISTS,0.00s
model_hec_ras_0538.pdf,SKIPPED,EXISTS,0.00s
model_hec_ras_0539.pdf,SKIPPED,EXISTS,0.00s
model_hec_ras_0542.pdf,SKIPPED,EXISTS,0.00s
model_hec_ras_0543.pdf,SKIPPED,EXISTS,0.00s
model_hec_ras_0547.pdf,SKIPPED,EXISTS,0.00s
model_hec_ras_0549.pdf,SKIPPED,EXISTS,0.00s
model_hec_ras_0552.pdf,SKIPPED,EXISTS,0.00s
model_hec_ras_0554.pdf,SKIPPED,EXISTS,0.00s
model_hec_ras_0555.pdf,SKIPPED,EXISTS,0.00s
model_hec_ras_0558.pdf,SKIPPED,EXISTS,0.00s
model_hec_ras_0561.pdf,SKIPPED,EXISTS,0.00s
model_hec_ras_0562.pdf,SKIPPED,EXISTS,0.00s
model_hec_ras_0563.pdf,SKIPPED,EXISTS,0.00s
model_hec_ras_0564.pdf,SKIPPED,EXISTS,0.00s
model_hec_ras_0566.pdf,SKIPPED,EXISTS,0.00s
model_hec_ras_0569.pdf,SKIPPED,EXISTS,0.00s
model_hec_ras_0570.pdf,SKIPPED,EXISTS,0.00s
model_hec_ras_0574.pdf,SKIPPED,EXISTS,0.00s
model_hec_ras_0575.pdf,SKIPPED,EXISTS,0.00s
model_hec_ras_0577.pdf,SKIPPED,EXISTS,0.00s
model_hec_ras_0579.pdf,SKIPPED,EXISTS,0.00s
model_hec_ras_0580.pdf,SKIPPED,EXISTS,0.00s
model_hec_ras_0582.pdf,SKIPPED,EXISTS,0.00s
model_hec_ras_0584.pdf,SKIPPED,EXISTS,0.00s
model_hec_ras_0586.pdf,SKIPPED,EXISTS,0.00s
model_hec_ras_0595.pdf,SKIPPED,EXISTS,0.00s
model_hec_ras_0596.pdf,SKIPPED,EXISTS,0.00s
model_hec_ras_0598.pdf,SKIPPED,EXISTS,0.00s
model_hec_ras_0599.pdf,SKIPPED,EXISTS,0.00s
model_hec_ras_0601.pdf,SKIPPED,EXISTS,0.00s
model_hec_ras_0602.pdf,SKIPPED,EXISTS,0.00s
model_hec_ras_0603.pdf,SKIPPED,EXISTS,0.00s
model_hec_ras_0607.pdf,SKIPPED,EXISTS,0.00s
model_hec_ras_0608.pdf,SKIPPED,EXISTS,0.00s
model_hec_ras_0609.pdf,SKIPPED,EXISTS,0.00s
model_hec_ras_0610.pdf,SKIPPED,EXISTS,0.00s
model_hec_ras_0612.pdf,SKIPPED,EXISTS,0.00s
model_hec_ras_0613.pdf,SKIPPED,EXISTS,0.00s
model_hec_ras_0615.pdf,SKIPPED,EXISTS,0.00s
model_hec_ras_0618.pdf,SKIPPED,EXISTS,0.00s
model_hec_ras_0628.pdf,SKIPPED,EXISTS,0.00s
model_hec_ras_0629.pdf,SKIPPED,EXISTS,0.00s
model_hec_ras_0631.pdf,SKIPPED,EXISTS,0.00s
model_hec_ras_0632.pdf,SKIPPED,EXISTS,0.00s
model_hec_ras_0636.pdf,SKIPPED,EXISTS,0.00s
model_hec_ras_0637.pdf,SKIPPED,EXISTS,0.00s
model_hec_ras_0640.pdf,SKIPPED,EXISTS,0.00s
model_hec_ras_0641.pdf,SKIPPED,EXISTS,0.00s
model_hec_ras_0645.pdf,SKIPPED,EXISTS,0.00s
model_hec_ras_0646.pdf,SKIPPED,EXISTS,0.00s
model_hec_ras_0647.pdf,SKIPPED,EXISTS,0.00s
model_hec_ras_0648.pdf,SKIPPED,EXISTS,0.00s
model_hec_ras_0649.pdf,SKIPPED,EXISTS,0.00s
model_hec_ras_0652.pdf,SKIPPED,EXISTS,0.00s
model_hec_ras_0654.pdf,SKIPPED,EXISTS,0.00s
model_hec_ras_0655.pdf,SKIPPED,EXISTS,0.00s
model_hec_ras_0656.pdf,SKIPPED,EXISTS,0.00s
model_hec_ras_0658.pdf,SKIPPED,EXISTS,0.00s
model_hec_ras_0659.pdf,SKIPPED,EXISTS,0.00s
model_hec_ras_0660.pdf,SKIPPED,EXISTS,0.00s
model_hec_ras_0661.pdf,SKIPPED,EXISTS,0.00s
model_hec_ras_0662.pdf,SKIPPED,EXISTS,0.00s
model_hec_ras_0663.pdf,SKIPPED,EXISTS,0.00s
model_hec_ras_0664.pdf,SKIPPED,EXISTS,0.00s
model_hec_ras_0665.pdf,SKIPPED,EXISTS,0.00s
model_hec_ras_0666.pdf,SKIPPED,EXISTS,0.00s
model_hec_ras_0668.pdf,SKIPPED,EXISTS,0.00s
model_hec_ras_0669.pdf,SKIPPED,EXISTS,0.00s
model_hec_ras_0670.pdf,SKIPPED,EXISTS,0.00s
model_hec_ras_0674.pdf,SKIPPED,EXISTS,0.00s
model_hec_ras_0675.pdf,SKIPPED,EXISTS,0.00s
model_hec_ras_0676.pdf,SKIPPED,EXISTS,0.00s
model_hec_ras_0677.pdf,SKIPPED,EXISTS,0.00s
model_hec_ras_0678.pdf,SKIPPED,EXISTS,0.00s
model_hec_ras_0679.pdf,SKIPPED,EXISTS,0.00s
model_hec_ras_0680.pdf,SKIPPED,EXISTS,0.00s
model_hec_ras_0681.pdf,SKIPPED,EXISTS,0.00s
model_hec_ras_0682.pdf,SKIPPED,EXISTS,0.00s
model_hec_ras_0684.pdf,SKIPPED,EXISTS,0.00s
model_hec_ras_0685.pdf,SKIPPED,EXISTS,0.00s
model_hec_ras_0686.pdf,SKIPPED,EXISTS,0.00s
model_hec_ras_0687.pdf,SKIPPED,EXISTS,0.00s
model_hec_ras_0688.pdf,SKIPPED,EXISTS,0.00s
model_hec_ras_0689.pdf,SKIPPED,EXISTS,0.00s
model_hec_ras_0690.pdf,SKIPPED,EXISTS,0.00s
model_hec_ras_0691.pdf,SKIPPED,EXISTS,0.00s
model_hec_ras_0692.pdf,SKIPPED,EXISTS,0.00s
model_hec_ras_0693.pdf,SKIPPED,EXISTS,0.00s
model_hec_ras_0694.pdf,SKIPPED,EXISTS,0.00s
model_hec_ras_0695.pdf,SKIPPED,EXISTS,0.00s
model_hec_ras_0696.pdf,SKIPPED,EXISTS,0.00s
model_hec_ras_0697.pdf,SKIPPED,EXISTS,0.00s
model_hec_ras_0698.pdf,SKIPPED,EXISTS,0.00s
model_hec_ras_0699.pdf,SKIPPED,EXISTS,0.00s
model_hec_ras_0700.pdf,SKIPPED,EXISTS,0.00s
model_hec_ras_0701.pdf,SKIPPED,EXISTS,0.00s
model_hec_ras_0702.pdf,SKIPPED,EXISTS,0.00s
model_hec_ras_0703.pdf,SKIPPED,EXISTS,0.00s
model_hec_ras_0704.pdf,SKIPPED,EXISTS,0.00s
model_hec_ras_0705.pdf,SKIPPED,EXISTS,0.00s
model_hec_ras_0706.pdf,SKIPPED,EXISTS,0.00s
model_hec_ras_0707.pdf,SKIPPED,EXISTS,0.00s
model_hec_ras_0708.pdf,SKIPPED,EXISTS,0.00s
model_hec_ras_0709.pdf,SKIPPED,EXISTS,0.00s
model_hec_ras_0710.pdf,SKIPPED,EXISTS,0.00s
model_hec_ras_0711.pdf,SKIPPED,EXISTS,0.00s
model_hec_ras_0712.pdf,SKIPPED,EXISTS,0.00s
model_hec_ras_0713.pdf,SKIPPED,EXISTS,0.00s
model_hec_ras_0714.pdf,SKIPPED,EXISTS,0.00s
model_hec_ras_0715.pdf,SKIPPED,EXISTS,0.00s
model_hec_ras_0716.pdf,SKIPPED,EXISTS,0.00s
model_hec_ras_0717.pdf,SKIPPED,EXISTS,0.00s
model_hec_ras_0718.pdf,SKIPPED,EXISTS,0.00s
model_hec_ras_0719.pdf,SKIPPED,EXISTS,0.00s
model_hec_ras_0720.pdf,SKIPPED,EXISTS,0.00s
model_hec_ras_0721.pdf,SKIPPED,EXISTS,0.00s
model_hec_ras_0722.pdf,SKIPPED,EXISTS,0.00s
model_hec_ras_0723.pdf,SKIPPED,EXISTS,0.00s
model_hec_ras_0724.pdf,SKIPPED,EXISTS,0.00s
model_hec_ras_0725.pdf,SKIPPED,EXISTS,0.00s
model_hec_ras_0726.pdf,SKIPPED,EXISTS,0.00s
model_hec_ras_0727.pdf,SKIPPED,EXISTS,0.00s
model_hec_ras_0728.pdf,SKIPPED,EXISTS,0.00s
model_hec_ras_0729.pdf,SKIPPED,EXISTS,0.00s
model_hec_ras_0730.pdf,SKIPPED,EXISTS,0.00s
model_hec_ras_0731.pdf,SKIPPED,EXISTS,0.00s
model_hec_ras_0732.pdf,SKIPPED,EXISTS,0.00s
model_hec_ras_0733.pdf,SKIPPED,EXISTS,0.00s
model_hec_ras_0734.pdf,SKIPPED,EXISTS,0.00s
model_hec_ras_0735.pdf,SKIPPED,EXISTS,0.00s
model_hec_ras_0736.pdf,SKIPPED,EXISTS,0.00s
model_hec_ras_0737.pdf,SKIPPED,EXISTS,0.00s
model_hec_ras_0738.pdf,SKIPPED,EXISTS,0.00s
model_hec_ras_0739.pdf,SKIPPED,EXISTS,0.00s
model_hec_ras_0740.pdf,SKIPPED,EXISTS,0.00s
model_hec_ras_0741.pdf,SKIPPED,EXISTS,0.00s
model_hec_ras_0742.pdf,SKIPPED,EXISTS,0.00s
model_hec_ras_0743.pdf,SKIPPED,EXISTS,0.00s
model_hec_ras_0744.pdf,SKIPPED,EXISTS,0.00s
model_hec_ras_0745.pdf,SKIPPED,EXISTS,0.00s
model_hec_ras_0746.pdf,SKIPPED,EXISTS,0.00s
model_hec_ras_0747.pdf,SKIPPED,EXISTS,0.00s
model_hec_ras_0748.pdf,SKIPPED,EXISTS,0.00s
model_hec_ras_0749.pdf,SKIPPED,EXISTS,0.00s
model_hec_ras_0750.pdf,SKIPPED,EXISTS,0.00s
model_hec_ras_0751.pdf,SKIPPED,EXISTS,0.00s
model_hec_ras_0752.pdf,SKIPPED,EXISTS,0.00s
model_hec_ras_0753.pdf,SKIPPED,EXISTS,0.00s
model_hec_ras_0754.pdf,SKIPPED,EXISTS,0.00s
model_hec_ras_0755.pdf,SKIPPED,EXISTS,0.00s
model_hec_ras_0756.pdf,SKIPPED,EXISTS,0.00s
model_hec_ras_0757.pdf,SKIPPED,EXISTS,0.00s
model_hec_ras_0758.pdf,SKIPPED,EXISTS,0.00s
model_hec_ras_0759.pdf,SKIPPED,EXISTS,0.00s
model_hec_ras_0760.pdf,SKIPPED,EXISTS,0.00s
model_hec_ras_0761.pdf,SKIPPED,EXISTS,0.00s
model_hec_ras_0762.pdf,SKIPPED,EXISTS,0.00s
model_hec_ras_0763.pdf,SKIPPED,EXISTS,0.00s
model_hec_ras_0764.pdf,SKIPPED,EXISTS,0.00s
model_hec_ras_0765.pdf,SKIPPED,EXISTS,0.00s
model_hec_ras_0766.pdf,SKIPPED,EXISTS,0.00s
model_hec_ras_0767.pdf,SKIPPED,EXISTS,0.00s
model_hec_ras_0768.pdf,SKIPPED,EXISTS,0.00s
model_hec_ras_0769.pdf,SKIPPED,EXISTS,0.00s
model_hec_ras_0770.pdf,SKIPPED,EXISTS,0.00s
model_hec_ras_0771.pdf,SKIPPED,EXISTS,0.00s
model_hec_ras_0772.pdf,SKIPPED,EXISTS,0.00s
model_hec_ras_0773.pdf,SKIPPED,EXISTS,0.00s
model_hec_ras_0774.pdf,SKIPPED,EXISTS,0.00s
model_hec_ras_0775.pdf,SKIPPED,EXISTS,0.00s
model_hec_ras_0776.pdf,SKIPPED,EXISTS,0.00s
model_hec_ras_0777.pdf,SKIPPED,EXISTS,0.00s
model_hec_ras_0778.pdf,SKIPPED,EXISTS,0.00s
model_hec_ras_0779.pdf,SKIPPED,EXISTS,0.00s
model_hec_ras_0780.pdf,SKIPPED,EXISTS,0.00s
model_hec_ras_0781.pdf,SKIPPED,EXISTS,0.00s
model_hec_ras_0782.pdf,SKIPPED,EXISTS,0.00s
model_hec_ras_0783.pdf,SKIPPED,EXISTS,0.00s
model_hec_ras_0784.pdf,SKIPPED,EXISTS,0.00s
model_hec_ras_0785.pdf,SKIPPED,EXISTS,0.00s
model_hec_ras_0786.pdf,SKIPPED,EXISTS,0.00s
model_hec_ras_0787.pdf,SKIPPED,EXISTS,0.00s
model_hec_ras_0788.pdf,SKIPPED,EXISTS,0.00s
model_hec_ras_0789.pdf,SKIPPED,EXISTS,0.00s
model_hec_ras_0790.pdf,SKIPPED,EXISTS,0.00s
model_hec_ras_0791.pdf,SKIPPED,EXISTS,0.00s
model_hec_ras_0792.pdf,SKIPPED,EXISTS,0.00s
model_hec_ras_0793.pdf,SKIPPED,EXISTS,0.00s
model_hec_ras_0794.pdf,SKIPPED,EXISTS,0.00s
model_hec_ras_0795.pdf,SKIPPED,EXISTS,0.00s
model_hec_ras_0796.pdf,SKIPPED,EXISTS,0.00s
model_hec_ras_0797.pdf,SKIPPED,EXISTS,0.00s
model_hec_ras_0798.pdf,SKIPPED,EXISTS,0.00s
model_hec_ras_0799.pdf,SKIPPED,EXISTS,0.00s
model_hec_ras_0800.pdf,SKIPPED,EXISTS,0.00s
model_hec_ras_0801.pdf,SKIPPED,EXISTS,0.00s
model_hec_ras_0802.pdf,SKIPPED,EXISTS,0.00s
model_hec_ras_0803.pdf,SKIPPED,EXISTS,0.00s
model_hec_ras_0804.pdf,SKIPPED,EXISTS,0.00s
model_hec_ras_0805.pdf,SKIPPED,EXISTS,0.00s
model_hec_ras_0806.pdf,SKIPPED,EXISTS,0.00s
model_hec_ras_0807.pdf,SKIPPED,EXISTS,0.00s
model_hec_ras_0808.pdf,SKIPPED,EXISTS,0.00s
model_hec_ras_0809.pdf,SKIPPED,EXISTS,0.00s
model_hec_ras_0810.pdf,SKIPPED,EXISTS,0.00s
model_hec_ras_0811.pdf,SKIPPED,EXISTS,0.00s
model_hec_ras_0812.pdf,SKIPPED,EXISTS,0.00s
model_hec_ras_0813.pdf,SKIPPED,EXISTS,0.00s
model_hec_ras_0814.pdf,SKIPPED,EXISTS,0.00s
model_hec_ras_0815.pdf,SKIPPED,EXISTS,0.00s
model_hec_ras_0816.pdf,SKIPPED,EXISTS,0.00s
model_hec_ras_0817.pdf,SKIPPED,EXISTS,0.00s
model_hec_ras_0818.pdf,SKIPPED,EXISTS,0.00s
model_hec_ras_0819.pdf,SKIPPED,EXISTS,0.00s
model_hec_ras_0820.pdf,SKIPPED,EXISTS,0.00s
model_hec_ras_0821.pdf,SKIPPED,EXISTS,0.00s
model_hec_ras_0822.pdf,SKIPPED,EXISTS,0.00s
model_hec_ras_0823.pdf,SKIPPED,EXISTS,0.00s
model_hec_ras_0824.pdf,SKIPPED,EXISTS,0.00s
model_hec_ras_0825.pdf,SKIPPED,EXISTS,0.00s
model_hec_ras_0826.pdf,SKIPPED,EXISTS,0.00s
model_hec_ras_0827.pdf,SKIPPED,EXISTS,0.00s
model_hec_ras_0828.pdf,SKIPPED,EXISTS,0.00s
model_hec_ras_0829.pdf,SKIPPED,EXISTS,0.00s
model_hec_ras_0830.pdf,SKIPPED,EXISTS,0.00s
model_hec_ras_0831.pdf,SKIPPED,EXISTS,0.00s
model_hec_ras_0832.pdf,SKIPPED,EXISTS,0.00s
model_hec_ras_0833.pdf,SKIPPED,EXISTS,0.00s
model_hec_ras_0834.pdf,SKIPPED,EXISTS,0.00s
model_hec_ras_0835.pdf,SKIPPED,EXISTS,0.00s
model_hec_ras_0836.pdf,SKIPPED,EXISTS,0.00s
model_hec_ras_0837.pdf,SKIPPED,EXISTS,0.00s
remotesensing-17-00770.pdf,FAIL,CONNECTION_ERROR,7.81s
mathematics-14-01356.pdf,FAIL,CONNECTION_ERROR,8.13s
model_hec_ras_0839.pdf,SKIPPED,EXISTS,0.00s
model_hec_ras_0840.pdf,SKIPPED,EXISTS,0.00s
model_hec_ras_0841.pdf,SKIPPED,EXISTS,0.00s
model_hec_ras_0842.pdf,SKIPPED,EXISTS,0.00s
model_hec_ras_0843.pdf,SKIPPED,EXISTS,0.00s
model_hec_ras_0844.pdf,SKIPPED,EXISTS,0.00s
model_hec_ras_0845.pdf,SKIPPED,EXISTS,0.00s
model_hec_ras_0846.pdf,SKIPPED,EXISTS,0.00s
model_hec_ras_0847.pdf,SKIPPED,EXISTS,0.00s
model_hec_ras_0848.pdf,SKIPPED,EXISTS,0.00s
model_hec_ras_0849.pdf,SKIPPED,EXISTS,0.00s
model_hec_ras_0850.pdf,SKIPPED,EXISTS,0.00s
model_hec_ras_0851.pdf,SKIPPED,EXISTS,0.00s
model_hec_ras_0852.pdf,SKIPPED,EXISTS,0.00s
model_hec_ras_0853.pdf,SKIPPED,EXISTS,0.00s
model_hec_ras_0854.pdf,SKIPPED,EXISTS,0.00s
model_hec_ras_0855.pdf,SKIPPED,EXISTS,0.00s
model_hec_ras_0856.pdf,SKIPPED,EXISTS,0.00s
model_hec_ras_0857.pdf,SKIPPED,EXISTS,0.00s
model_hec_ras_0858.pdf,SKIPPED,EXISTS,0.00s
model_hec_ras_0859.pdf,SKIPPED,EXISTS,0.00s
model_hec_ras_0860.pdf,SKIPPED,EXISTS,0.00s
model_hec_ras_0861.pdf,SKIPPED,EXISTS,0.00s
model_hec_ras_0862.pdf,SKIPPED,EXISTS,0.00s
model_hec_ras_0863.pdf,SKIPPED,EXISTS,0.00s
model_hec_ras_0864.pdf,SKIPPED,EXISTS,0.00s
model_hec_ras_0865.pdf,SKIPPED,EXISTS,0.00s
model_hec_ras_0866.pdf,SKIPPED,EXISTS,0.00s
model_hec_ras_0867.pdf,SKIPPED,EXISTS,0.00s
model_hec_ras_0868.pdf,SKIPPED,EXISTS,0.00s
model_hec_ras_0869.pdf,SKIPPED,EXISTS,0.00s
model_hec_ras_0870.pdf,SKIPPED,EXISTS,0.00s
model_hec_ras_0871.pdf,SKIPPED,EXISTS,0.00s
model_hec_ras_0872.pdf,SKIPPED,EXISTS,0.00s
model_hec_ras_0873.pdf,SKIPPED,EXISTS,0.00s
model_hec_ras_0874.pdf,SKIPPED,EXISTS,0.00s
model_hec_ras_0875.pdf,SKIPPED,EXISTS,0.00s
model_hec_ras_0876.pdf,SKIPPED,EXISTS,0.00s
model_hec_ras_0877.pdf,SKIPPED,EXISTS,0.00s
model_hec_ras_0878.pdf,SKIPPED,EXISTS,0.00s
model_hec_ras_0879.pdf,SKIPPED,EXISTS,0.00s
model_hec_ras_0880.pdf,SKIPPED,EXISTS,0.00s
model_hec_ras_0881.pdf,SKIPPED,EXISTS,0.00s
model_hec_ras_0882.pdf,SKIPPED,EXISTS,0.00s
model_hec_ras_0883.pdf,SKIPPED,EXISTS,0.00s
model_hec_ras_0884.pdf,SKIPPED,EXISTS,0.00s
model_hec_ras_0885.pdf,SKIPPED,EXISTS,0.00s
model_hec_ras_0886.pdf,SKIPPED,EXISTS,0.00s
model_hec_ras_0887.pdf,SKIPPED,EXISTS,0.00s
model_hec_ras_0888.pdf,SKIPPED,EXISTS,0.00s
model_hec_ras_0889.pdf,SKIPPED,EXISTS,0.00s
model_hec_ras_0890.pdf,SKIPPED,EXISTS,0.00s
model_hec_ras_0891.pdf,SKIPPED,EXISTS,0.00s
model_hec_ras_0892.pdf,SKIPPED,EXISTS,0.00s
model_hec_ras_0893.pdf,SKIPPED,EXISTS,0.00s
model_hec_ras_0894.pdf,SKIPPED,EXISTS,0.00s
model_hec_ras_0895.pdf,SKIPPED,EXISTS,0.00s
model_hec_ras_0896.pdf,SKIPPED,EXISTS,0.00s
model_hec_ras_0897.pdf,SKIPPED,EXISTS,0.00s
model_hec_ras_0898.pdf,SKIPPED,EXISTS,0.00s
model_hec_ras_0899.pdf,SKIPPED,EXISTS,0.00s
model_hec_ras_0900.pdf,SKIPPED,EXISTS,0.00s
model_hec_ras_0901.pdf,SKIPPED,EXISTS,0.00s
model_hec_ras_0902.pdf,SKIPPED,EXISTS,0.00s
model_hec_ras_0903.pdf,SKIPPED,EXISTS,0.00s
model_hec_ras_0904.pdf,SKIPPED,EXISTS,0.00s
model_hec_ras_0905.pdf,SKIPPED,EXISTS,0.00s
model_hec_ras_0906.pdf,SKIPPED,EXISTS,0.00s
model_hec_ras_0907.pdf,SKIPPED,EXISTS,0.00s
model_hec_ras_0908.pdf,SKIPPED,EXISTS,0.00s
model_hec_ras_0909.pdf,SKIPPED,EXISTS,0.00s
model_hec_ras_0910.pdf,SKIPPED,EXISTS,0.00s
model_hec_ras_0911.pdf,SKIPPED,EXISTS,0.00s
model_hec_ras_0912.pdf,SKIPPED,EXISTS,0.00s
model_hec_ras_0913.pdf,SKIPPED,EXISTS,0.00s
model_hec_ras_0914.pdf,SKIPPED,EXISTS,0.00s
model_hec_ras_0915.pdf,SKIPPED,EXISTS,0.00s
model_hec_ras_0916.pdf,SKIPPED,EXISTS,0.00s
model_hec_ras_0917.pdf,SKIPPED,EXISTS,0.00s
model_hec_ras_0918.pdf,SKIPPED,EXISTS,0.00s
model_hec_ras_0919.pdf,SKIPPED,EXISTS,0.00s
model_hec_ras_0920.pdf,SKIPPED,EXISTS,0.00s
model_hec_ras_0921.pdf,SKIPPED,EXISTS,0.00s
model_hec_ras_0922.pdf,SKIPPED,EXISTS,0.00s
model_hec_ras_0923.pdf,SKIPPED,EXISTS,0.00s
model_hec_ras_0924.pdf,SKIPPED,EXISTS,0.00s
model_hec_ras_0925.pdf,SKIPPED,EXISTS,0.00s
model_hec_ras_0926.pdf,SKIPPED,EXISTS,0.00s
model_hec_ras_0927.pdf,SKIPPED,EXISTS,0.00s
model_hec_ras_0928.pdf,SKIPPED,EXISTS,0.00s
model_hec_ras_0929.pdf,SKIPPED,EXISTS,0.00s
model_hec_ras_0930.pdf,SKIPPED,EXISTS,0.00s
model_hec_ras_0931.pdf,SKIPPED,EXISTS,0.00s
model_hec_ras_0932.pdf,SKIPPED,EXISTS,0.00s
model_hec_ras_0933.pdf,SKIPPED,EXISTS,0.00s
model_hec_ras_0934.pdf,SKIPPED,EXISTS,0.00s
model_hec_ras_0935.pdf,SKIPPED,EXISTS,0.00s
model_hec_ras_0936.pdf,SKIPPED,EXISTS,0.00s
model_hec_ras_0937.pdf,SKIPPED,EXISTS,0.00s
model_hec_ras_0938.pdf,SKIPPED,EXISTS,0.00s
model_hec_ras_0939.pdf,SKIPPED,EXISTS,0.00s
model_hec_ras_0940.pdf,SKIPPED,EXISTS,0.00s
model_hec_ras_0941.pdf,SKIPPED,EXISTS,0.00s
model_hec_ras_0942.pdf,SKIPPED,EXISTS,0.00s
model_hec_ras_0943.pdf,SKIPPED,EXISTS,0.00s
model_hec_ras_0944.pdf,SKIPPED,EXISTS,0.00s
model_hec_ras_0945.pdf,SKIPPED,EXISTS,0.00s
model_hec_ras_0946.pdf,SKIPPED,EXISTS,0.00s
model_hec_ras_0947.pdf,SKIPPED,EXISTS,0.00s
model_hec_ras_0948.pdf,SKIPPED,EXISTS,0.00s
model_hec_ras_0949.pdf,SKIPPED,EXISTS,0.00s
model_hec_ras_0950.pdf,SKIPPED,EXISTS,0.00s
model_hec_ras_0951.pdf,SKIPPED,EXISTS,0.00s
model_hec_ras_0952.pdf,SKIPPED,EXISTS,0.00s
model_hec_ras_0953.pdf,SKIPPED,EXISTS,0.00s
model_hec_ras_0954.pdf,SKIPPED,EXISTS,0.00s
model_hec_ras_0955.pdf,SKIPPED,EXISTS,0.00s
model_hec_ras_0956.pdf,SKIPPED,EXISTS,0.00s
model_hec_ras_0957.pdf,SKIPPED,EXISTS,0.00s
model_hec_ras_0958.pdf,SKIPPED,EXISTS,0.00s
model_hec_ras_0959.pdf,SKIPPED,EXISTS,0.00s
model_hec_ras_0960.pdf,SKIPPED,EXISTS,0.00s
model_hec_ras_0961.pdf,SKIPPED,EXISTS,0.00s
model_hec_ras_0962.pdf,SKIPPED,EXISTS,0.00s
model_hec_ras_0963.pdf,SKIPPED,EXISTS,0.00s
model_hec_ras_0964.pdf,SKIPPED,EXISTS,0.00s
model_hec_ras_0965.pdf,SKIPPED,EXISTS,0.00s
model_hec_ras_0966.pdf,SKIPPED,EXISTS,0.00s
model_hec_ras_0967.pdf,SKIPPED,EXISTS,0.00s
model_hec_ras_0968.pdf,SKIPPED,EXISTS,0.00s
model_hec_ras_0969.pdf,SKIPPED,EXISTS,0.00s
model_hec_ras_0970.pdf,SKIPPED,EXISTS,0.00s
model_hec_ras_0971.pdf,SKIPPED,EXISTS,0.00s
model_hec_ras_0972.pdf,SKIPPED,EXISTS,0.00s
model_hec_ras_0973.pdf,SKIPPED,EXISTS,0.00s
model_hec_ras_0974.pdf,SKIPPED,EXISTS,0.00s
model_hec_ras_0975.pdf,SKIPPED,EXISTS,0.00s
model_hec_ras_0976.pdf,SKIPPED,EXISTS,0.00s
model_hec_ras_0977.pdf,SKIPPED,EXISTS,0.00s
model_hec_ras_0978.pdf,SKIPPED,EXISTS,0.00s
model_hec_ras_0979.pdf,SKIPPED,EXISTS,0.00s
model_hec_ras_0980.pdf,SKIPPED,EXISTS,0.00s
model_hec_ras_0981.pdf,SKIPPED,EXISTS,0.00s
model_hec_ras_0982.pdf,SKIPPED,EXISTS,0.00s
model_hec_ras_0983.pdf,SKIPPED,EXISTS,0.00s
model_hec_ras_0984.pdf,SKIPPED,EXISTS,0.00s
model_hec_ras_0985.pdf,SKIPPED,EXISTS,0.00s
model_hec_ras_0986.pdf,SKIPPED,EXISTS,0.00s
model_hec_ras_0987.pdf,SKIPPED,EXISTS,0.00s
model_hec_ras_0988.pdf,SKIPPED,EXISTS,0.00s
model_hec_ras_0989.pdf,SKIPPED,EXISTS,0.00s
model_hec_ras_0990.pdf,SKIPPED,EXISTS,0.00s
model_hec_ras_0991.pdf,SKIPPED,EXISTS,0.00s
model_hec_ras_0992.pdf,SKIPPED,EXISTS,0.00s
model_hec_ras_0993.pdf,SKIPPED,EXISTS,0.00s
model_hec_ras_0994.pdf,SKIPPED,EXISTS,0.00s
model_hec_ras_0995.pdf,SKIPPED,EXISTS,0.00s
model_hec_ras_0996.pdf,SKIPPED,EXISTS,0.00s
model_hec_ras_0997.pdf,SKIPPED,EXISTS,0.00s
model_hec_ras_0998.pdf,SKIPPED,EXISTS,0.00s
model_hec_ras_0999.pdf,SKIPPED,EXISTS,0.00s
model_hec_ras_1000.pdf,SKIPPED,EXISTS,0.00s
model_hec_ras_1001.pdf,SKIPPED,EXISTS,0.00s
model_hec_ras_1002.pdf,SKIPPED,EXISTS,0.00s
model_hec_ras_1003.pdf,SKIPPED,EXISTS,0.00s
model_hec_ras_1004.pdf,SKIPPED,EXISTS,0.00s
model_hec_ras_1005.pdf,SKIPPED,EXISTS,0.00s
model_hec_ras_1006.pdf,SKIPPED,EXISTS,0.00s
model_hec_ras_1007.pdf,SKIPPED,EXISTS,0.00s
model_hec_ras_1008.pdf,SKIPPED,EXISTS,0.00s
model_hec_ras_1009.pdf,SKIPPED,EXISTS,0.00s
model_hec_ras_1010.pdf,SKIPPED,EXISTS,0.00s
model_hec_ras_1011.pdf,SKIPPED,EXISTS,0.00s
model_hec_ras_1012.pdf,SKIPPED,EXISTS,0.00s
model_hec_ras_1013.pdf,SKIPPED,EXISTS,0.00s
model_hec_ras_1014.pdf,SKIPPED,EXISTS,0.00s
model_hec_ras_1015.pdf,SKIPPED,EXISTS,0.00s
model_hec_ras_1016.pdf,SKIPPED,EXISTS,0.00s
model_hec_ras_1017.pdf,SKIPPED,EXISTS,0.00s
model_hec_ras_1018.pdf,SKIPPED,EXISTS,0.00s
model_hec_ras_1019.pdf,SKIPPED,EXISTS,0.00s
model_hec_ras_1020.pdf,SKIPPED,EXISTS,0.00s
model_hec_ras_1021.pdf,SKIPPED,EXISTS,0.00s
model_hec_ras_1022.pdf,SKIPPED,EXISTS,0.00s
model_hec_ras_1023.pdf,SKIPPED,EXISTS,0.00s
model_hec_ras_1024.pdf,SKIPPED,EXISTS,0.00s
model_hec_ras_1025.pdf,SKIPPED,EXISTS,0.00s
model_hec_ras_1026.pdf,SKIPPED,EXISTS,0.00s
model_hec_ras_1027.pdf,SKIPPED,EXISTS,0.00s
model_hec_ras_1028.pdf,SKIPPED,EXISTS,0.00s
model_hec_ras_1029.pdf,SKIPPED,EXISTS,0.00s
model_hec_ras_1030.pdf,SKIPPED,EXISTS,0.00s
model_hec_ras_1031.pdf,SKIPPED,EXISTS,0.00s
model_hec_ras_1032.pdf,SKIPPED,EXISTS,0.00s
model_hec_ras_1033.pdf,SKIPPED,EXISTS,0.00s
model_hec_ras_1034.pdf,SKIPPED,EXISTS,0.00s
model_hec_ras_1035.pdf,SKIPPED,EXISTS,0.00s
model_hec_ras_1036.pdf,SKIPPED,EXISTS,0.00s
model_hec_ras_1037.pdf,SKIPPED,EXISTS,0.00s
model_hec_ras_1038.pdf,SKIPPED,EXISTS,0.00s
model_hec_ras_1039.pdf,SKIPPED,EXISTS,0.00s
model_hec_ras_1040.pdf,SKIPPED,EXISTS,0.00s
model_hec_ras_1041.pdf,SKIPPED,EXISTS,0.00s
model_hec_ras_1042.pdf,SKIPPED,EXISTS,0.00s
model_hec_ras_1043.pdf,SKIPPED,EXISTS,0.00s
model_hec_ras_1044.pdf,SKIPPED,EXISTS,0.00s
model_hec_ras_1045.pdf,SKIPPED,EXISTS,0.00s
model_hec_ras_1046.pdf,SKIPPED,EXISTS,0.00s
model_hec_ras_1047.pdf,SKIPPED,EXISTS,0.00s
model_hec_ras_1048.pdf,SKIPPED,EXISTS,0.00s
model_hec_ras_1049.pdf,SKIPPED,EXISTS,0.00s
model_hec_ras_1050.pdf,SKIPPED,EXISTS,0.00s
model_hec_ras_1051.pdf,SKIPPED,EXISTS,0.00s
model_hec_ras_1052.pdf,SKIPPED,EXISTS,0.00s
model_hec_ras_1053.pdf,SKIPPED,EXISTS,0.00s
model_hec_ras_1054.pdf,SKIPPED,EXISTS,0.00s
model_hec_ras_1055.pdf,SKIPPED,EXISTS,0.00s
model_hec_ras_1056.pdf,SKIPPED,EXISTS,0.00s
model_hec_ras_1057.pdf,SKIPPED,EXISTS,0.00s
model_hec_ras_1058.pdf,SKIPPED,EXISTS,0.00s
model_hec_ras_1059.pdf,SKIPPED,EXISTS,0.00s
model_hec_ras_1060.pdf,SKIPPED,EXISTS,0.00s
model_hec_ras_1061.pdf,SKIPPED,EXISTS,0.00s
model_hec_ras_1062.pdf,SKIPPED,EXISTS,0.00s
model_hec_ras_1063.pdf,SKIPPED,EXISTS,0.00s
model_hec_ras_1064.pdf,SKIPPED,EXISTS,0.00s
model_hec_ras_1065.pdf,SKIPPED,EXISTS,0.00s
model_hec_ras_1066.pdf,SKIPPED,EXISTS,0.00s
model_hec_ras_1067.pdf,SKIPPED,EXISTS,0.00s
model_hec_ras_1068.pdf,SKIPPED,EXISTS,0.00s
model_hec_ras_1069.pdf,SKIPPED,EXISTS,0.00s
model_hec_ras_1070.pdf,SKIPPED,EXISTS,0.00s
model_hec_ras_1071.pdf,SKIPPED,EXISTS,0.00s
model_hec_ras_1072.pdf,SKIPPED,EXISTS,0.00s
model_hec_ras_1073.pdf,SKIPPED,EXISTS,0.00s
model_hec_ras_1074.pdf,SKIPPED,EXISTS,0.00s
model_hec_ras_1075.pdf,SKIPPED,EXISTS,0.00s
model_hec_ras_1076.pdf,SKIPPED,EXISTS,0.00s
model_hec_ras_1077.pdf,SKIPPED,EXISTS,0.00s
model_hec_ras_1078.pdf,SKIPPED,EXISTS,0.00s
model_hec_ras_1079.pdf,SKIPPED,EXISTS,0.00s
model_hec_ras_1080.pdf,SKIPPED,EXISTS,0.00s
model_hec_ras_1081.pdf,SKIPPED,EXISTS,0.00s
model_hec_ras_1082.pdf,SKIPPED,EXISTS,0.00s
model_hec_ras_1083.pdf,SKIPPED,EXISTS,0.00s
model_hec_ras_1084.pdf,SKIPPED,EXISTS,0.00s
model_hec_ras_1085.pdf,SKIPPED,EXISTS,0.00s
model_hec_ras_1086.pdf,SKIPPED,EXISTS,0.00s
model_hec_ras_1087.pdf,SKIPPED,EXISTS,0.00s
model_hec_ras_1088.pdf,SKIPPED,EXISTS,0.00s
model_hec_ras_1089.pdf,SKIPPED,EXISTS,0.00s
model_hec_ras_1090.pdf,SKIPPED,EXISTS,0.00s
model_hec_ras_1091.pdf,SKIPPED,EXISTS,0.00s
model_hec_ras_1092.pdf,SKIPPED,EXISTS,0.00s
model_hec_ras_1093.pdf,SKIPPED,EXISTS,0.00s
model_hec_ras_1094.pdf,SKIPPED,EXISTS,0.00s
model_hec_ras_1095.pdf,SKIPPED,EXISTS,0.00s
model_hec_ras_1096.pdf,SKIPPED,EXISTS,0.00s
model_hec_ras_1097.pdf,SKIPPED,EXISTS,0.00s
model_hec_ras_1098.pdf,SKIPPED,EXISTS,0.00s
model_hec_ras_1099.pdf,SKIPPED,EXISTS,0.00s
model_hec_ras_1100.pdf,SKIPPED,EXISTS,0.00s
model_hec_ras_1101.pdf,SKIPPED,EXISTS,0.00s
model_hec_ras_1102.pdf,SKIPPED,EXISTS,0.00s
model_hec_ras_1103.pdf,SKIPPED,EXISTS,0.00s
model_hec_ras_1104.pdf,SKIPPED,EXISTS,0.00s
model_hec_ras_1105.pdf,SKIPPED,EXISTS,0.00s
model_hec_ras_1106.pdf,SKIPPED,EXISTS,0.00s
model_hec_ras_1107.pdf,SKIPPED,EXISTS,0.00s
model_hec_ras_1108.pdf,SKIPPED,EXISTS,0.00s
model_hec_ras_1109.pdf,SKIPPED,EXISTS,0.00s
model_hec_ras_1110.pdf,SKIPPED,EXISTS,0.00s
model_hec_ras_1111.pdf,SKIPPED,EXISTS,0.00s
model_hec_ras_1112.pdf,SKIPPED,EXISTS,0.00s
model_hec_ras_1113.pdf,SKIPPED,EXISTS,0.00s
model_hec_ras_1114.pdf,SKIPPED,EXISTS,0.00s
model_hec_ras_1115.pdf,SKIPPED,EXISTS,0.00s
model_hec_ras_1116.pdf,SKIPPED,EXISTS,0.00s
model_hec_ras_1117.pdf,SKIPPED,EXISTS,0.00s
model_hec_ras_1118.pdf,SKIPPED,EXISTS,0.00s
model_hec_ras_1119.pdf,SKIPPED,EXISTS,0.00s
model_hec_ras_1120.pdf,SKIPPED,EXISTS,0.00s
model_hec_ras_1121.pdf,SKIPPED,EXISTS,0.00s
model_hec_ras_1122.pdf,SKIPPED,EXISTS,0.00s
model_hec_ras_1123.pdf,SKIPPED,EXISTS,0.00s
model_hec_ras_1124.pdf,SKIPPED,EXISTS,0.00s
model_hec_ras_1125.pdf,SKIPPED,EXISTS,0.00s
model_hec_ras_1126.pdf,SKIPPED,EXISTS,0.00s
model_hec_ras_1127.pdf,SKIPPED,EXISTS,0.00s
model_hec_ras_1128.pdf,SKIPPED,EXISTS,0.00s
model_hec_ras_1129.pdf,SKIPPED,EXISTS,0.00s
model_hec_ras_1130.pdf,SKIPPED,EXISTS,0.00s
model_hec_ras_1131.pdf,SKIPPED,EXISTS,0.00s
model_hec_ras_1132.pdf,SKIPPED,EXISTS,0.00s
model_hec_ras_1133.pdf,SKIPPED,EXISTS,0.00s
model_hec_ras_1134.pdf,SKIPPED,EXISTS,0.00s
model_hec_ras_1135.pdf,SKIPPED,EXISTS,0.00s
model_hec_ras_1136.pdf,SKIPPED,EXISTS,0.00s
model_hec_ras_1137.pdf,SKIPPED,EXISTS,0.00s
model_hec_ras_1138.pdf,SKIPPED,EXISTS,0.00s
model_hec_ras_1139.pdf,SKIPPED,EXISTS,0.00s
model_hec_ras_1140.pdf,SKIPPED,EXISTS,0.00s
model_hec_ras_1141.pdf,SKIPPED,EXISTS,0.00s
model_hec_ras_1142.pdf,SKIPPED,EXISTS,0.00s
model_hec_ras_1143.pdf,SKIPPED,EXISTS,0.00s
model_hec_ras_1144.pdf,SKIPPED,EXISTS,0.00s
model_hec_ras_1145.pdf,SKIPPED,EXISTS,0.00s
model_hec_ras_1146.pdf,SKIPPED,EXISTS,0.00s
model_hec_ras_1147.pdf,SKIPPED,EXISTS,0.00s
model_hec_ras_1148.pdf,SKIPPED,EXISTS,0.00s
model_hec_ras_1149.pdf,SKIPPED,EXISTS,0.00s
model_hec_ras_1150.pdf,SKIPPED,EXISTS,0.00s
model_hec_ras_1151.pdf,SKIPPED,EXISTS,0.00s
model_hec_ras_1152.pdf,SKIPPED,EXISTS,0.00s
model_hec_ras_1153.pdf,SKIPPED,EXISTS,0.00s
model_hec_ras_1154.pdf,SKIPPED,EXISTS,0.00s
model_hec_ras_1155.pdf,SKIPPED,EXISTS,0.00s
model_hec_ras_1156.pdf,SKIPPED,EXISTS,0.00s
model_hec_ras_1157.pdf,SKIPPED,EXISTS,0.00s
model_hec_ras_1158.pdf,SKIPPED,EXISTS,0.00s
model_hec_ras_1159.pdf,SKIPPED,EXISTS,0.00s
model_hec_ras_1160.pdf,SKIPPED,EXISTS,0.00s
model_hec_ras_1161.pdf,SKIPPED,EXISTS,0.00s
model_hec_ras_1162.pdf,SKIPPED,EXISTS,0.00s
model_hec_ras_1163.pdf,SKIPPED,EXISTS,0.00s
model_hec_ras_1164.pdf,SKIPPED,EXISTS,0.00s
model_hec_ras_1165.pdf,SKIPPED,EXISTS,0.00s
model_hec_ras_1166.pdf,SKIPPED,EXISTS,0.00s
model_hec_ras_1167.pdf,SKIPPED,EXISTS,0.00s
model_hec_ras_1168.pdf,SKIPPED,EXISTS,0.00s
model_hec_ras_1169.pdf,SKIPPED,EXISTS,0.00s
model_hec_ras_1170.pdf,SKIPPED,EXISTS,0.00s
model_hec_ras_1171.pdf,SKIPPED,EXISTS,0.00s
model_hec_ras_1172.pdf,SKIPPED,EXISTS,0.00s
model_hec_ras_1173.pdf,SKIPPED,EXISTS,0.00s
model_hec_ras_1174.pdf,SKIPPED,EXISTS,0.00s
model_hec_ras_1175.pdf,SKIPPED,EXISTS,0.00s
model_hec_ras_1176.pdf,SKIPPED,EXISTS,0.00s
model_hec_ras_1177.pdf,SKIPPED,EXISTS,0.00s
model_hec_ras_1178.pdf,SKIPPED,EXISTS,0.00s
model_hec_ras_1179.pdf,SKIPPED,EXISTS,0.00s
model_hec_ras_1180.pdf,SKIPPED,EXISTS,0.00s
model_hec_ras_1181.pdf,SKIPPED,EXISTS,0.00s
model_hec_ras_1182.pdf,SKIPPED,EXISTS,0.00s
model_hec_ras_1183.pdf,SKIPPED,EXISTS,0.00s
model_hec_ras_1184.pdf,SKIPPED,EXISTS,0.00s
model_hec_ras_1185.pdf,SKIPPED,EXISTS,0.00s
model_hec_ras_1186.pdf,SKIPPED,EXISTS,0.00s
model_hec_ras_1187.pdf,SKIPPED,EXISTS,0.00s
model_hec_ras_1188.pdf,SKIPPED,EXISTS,0.00s
model_hec_ras_1189.pdf,SKIPPED,EXISTS,0.00s
model_hec_ras_1190.pdf,SKIPPED,EXISTS,0.00s
model_hec_ras_1191.pdf,SKIPPED,EXISTS,0.00s
model_hec_ras_1192.pdf,SKIPPED,EXISTS,0.00s
model_hec_ras_1193.pdf,SKIPPED,EXISTS,0.00s
model_hec_ras_1194.pdf,SKIPPED,EXISTS,0.00s
model_hec_ras_1195.pdf,SKIPPED,EXISTS,0.00s
model_hec_ras_1196.pdf,SKIPPED,EXISTS,0.00s
model_hec_ras_1197.pdf,SKIPPED,EXISTS,0.00s
model_hec_ras_1198.pdf,SKIPPED,EXISTS,0.00s
model_hec_ras_1199.pdf,SKIPPED,EXISTS,0.00s
model_hec_ras_1200.pdf,SKIPPED,EXISTS,0.00s
model_hec_ras_1201.pdf,SKIPPED,EXISTS,0.00s
model_hec_ras_1202.pdf,SKIPPED,EXISTS,0.00s
model_hec_ras_1203.pdf,SKIPPED,EXISTS,0.00s
model_hec_ras_1204.pdf,SKIPPED,EXISTS,0.00s
model_hec_ras_1205.pdf,SKIPPED,EXISTS,0.00s
model_hec_ras_1206.pdf,SKIPPED,EXISTS,0.00s
model_hec_ras_1207.pdf,SKIPPED,EXISTS,0.00s
model_hec_ras_1208.pdf,SKIPPED,EXISTS,0.00s
model_hec_ras_1209.pdf,SKIPPED,EXISTS,0.00s
model_hec_ras_1210.pdf,SKIPPED,EXISTS,0.00s
model_hec_ras_1211.pdf,SKIPPED,EXISTS,0.00s
model_hec_ras_1212.pdf,SKIPPED,EXISTS,0.00s
model_hec_ras_1213.pdf,SKIPPED,EXISTS,0.00s
model_hec_ras_1214.pdf,SKIPPED,EXISTS,0.00s
model_hec_ras_1215.pdf,SKIPPED,EXISTS,0.00s
model_hec_ras_1216.pdf,SKIPPED,EXISTS,0.00s
model_hec_ras_1217.pdf,SKIPPED,EXISTS,0.00s
model_hec_ras_1218.pdf,SKIPPED,EXISTS,0.00s
model_hec_ras_1219.pdf,SKIPPED,EXISTS,0.00s
model_hec_ras_1220.pdf,SKIPPED,EXISTS,0.00s
model_hec_ras_1221.pdf,SKIPPED,EXISTS,0.00s
model_hec_ras_1222.pdf,SKIPPED,EXISTS,0.00s
model_hec_ras_1223.pdf,SKIPPED,EXISTS,0.00s
model_hec_ras_1224.pdf,SKIPPED,EXISTS,0.00s
model_hec_ras_1225.pdf,SKIPPED,EXISTS,0.00s
model_hec_ras_1226.pdf,SKIPPED,EXISTS,0.00s
model_hec_ras_1227.pdf,SKIPPED,EXISTS,0.00s
model_hec_ras_1228.pdf,SKIPPED,EXISTS,0.00s
model_hec_ras_1229.pdf,SKIPPED,EXISTS,0.00s
model_hec_ras_1230.pdf,SKIPPED,EXISTS,0.00s
model_hec_ras_1231.pdf,SKIPPED,EXISTS,0.00s
luo2021.pdf,FAIL,CONNECTION_ERROR,8.72s
model_hec_ras_1233.pdf,SKIPPED,EXISTS,0.00s
remotesensing-17-01189.pdf,FAIL,CONNECTION_ERROR,8.11s
remotesensing-17-01869.pdf,SKIPPED,EXISTS,0.00s
remotesensing-17-01886-v2.pdf,SKIPPED,EXISTS,0.00s
remotesensing-17-02363-v2.pdf,SKIPPED,EXISTS,0.00s
remotesensing-17-02909.pdf,SKIPPED,EXISTS,0.00s
remotesensing-17-02943.pdf,SKIPPED,EXISTS,0.00s
remotesensing-17-03471-v2.pdf,SKIPPED,EXISTS,0.00s
researchbook.pdf,SKIPPED,EXISTS,0.00s
reservioroperationThe-13th-ICSBE-Version-I.pdf,SKIPPED,EXISTS,0.00s
resources-10-00014-v3.pdf,SKIPPED,EXISTS,0.00s
resources-12-00026-v2.pdf,SKIPPED,EXISTS,0.00s
rsta.2021.0141.pdf,SKIPPED,EXISTS,0.00s
model_hec_ras_1234.pdf,SKIPPED,EXISTS,0.00s
model_hec_ras_1235.pdf,SKIPPED,EXISTS,0.00s
model_hec_ras_1236.pdf,SKIPPED,EXISTS,0.00s
model_hec_ras_1237.pdf,SKIPPED,EXISTS,0.00s
model_hec_ras_1238.pdf,SKIPPED,EXISTS,0.00s
model_hec_ras_1239.pdf,SKIPPED,EXISTS,0.00s
model_hec_ras_1240.pdf,SKIPPED,EXISTS,0.00s
model_hec_ras_1241.pdf,SKIPPED,EXISTS,0.00s
model_hec_ras_1242.pdf,SKIPPED,EXISTS,0.00s
model_hec_ras_1243.pdf,SKIPPED,EXISTS,0.00s
model_hec_ras_1244.pdf,SKIPPED,EXISTS,0.00s
model_hec_ras_1245.pdf,SKIPPED,EXISTS,0.00s
model_hec_ras_1246.pdf,SKIPPED,EXISTS,0.00s
model_hec_ras_1247.pdf,SKIPPED,EXISTS,0.00s
model_hec_ras_1248.pdf,SKIPPED,EXISTS,0.00s
model_hec_ras_1249.pdf,SKIPPED,EXISTS,0.00s
model_hec_ras_1250.pdf,SKIPPED,EXISTS,0.00s
model_hec_ras_1251.pdf,SKIPPED,EXISTS,0.00s
model_hec_ras_1252.pdf,SKIPPED,EXISTS,0.00s
model_hec_ras_1253.pdf,SKIPPED,EXISTS,0.00s
model_hec_ras_1254.pdf,SKIPPED,EXISTS,0.00s
model_hec_ras_1255.pdf,SKIPPED,EXISTS,0.00s
model_hec_ras_1256.pdf,SKIPPED,EXISTS,0.00s
model_hec_ras_1257.pdf,SKIPPED,EXISTS,0.00s
model_hec_ras_1258.pdf,SKIPPED,EXISTS,0.00s
model_hec_ras_1259.pdf,SKIPPED,EXISTS,0.00s
model_hec_ras_1260.pdf,SKIPPED,EXISTS,0.00s
model_hec_ras_1261.pdf,SKIPPED,EXISTS,0.00s
model_hec_ras_1262.pdf,SKIPPED,EXISTS,0.00s
model_hec_ras_1263.pdf,SKIPPED,EXISTS,0.00s
model_hec_ras_1264.pdf,SKIPPED,EXISTS,0.00s
model_hec_ras_1265.pdf,SKIPPED,EXISTS,0.00s
model_hec_ras_1266.pdf,SKIPPED,EXISTS,0.00s
model_hec_ras_1267.pdf,SKIPPED,EXISTS,0.00s
model_hec_ras_1268.pdf,SKIPPED,EXISTS,0.00s
model_hec_ras_1269.pdf,SKIPPED,EXISTS,0.00s
model_hec_ras_1270.pdf,SKIPPED,EXISTS,0.00s
model_hec_ras_1271.pdf,SKIPPED,EXISTS,0.00s
model_hec_ras_1272.pdf,SKIPPED,EXISTS,0.00s
model_hec_ras_1273.pdf,SKIPPED,EXISTS,0.00s
model_hec_ras_1274.pdf,SKIPPED,EXISTS,0.00s
model_hec_ras_1275.pdf,SKIPPED,EXISTS,0.00s
model_hec_ras_1276.pdf,SKIPPED,EXISTS,0.00s
model_hec_ras_1277.pdf,SKIPPED,EXISTS,0.00s
model_hec_ras_1278.pdf,SKIPPED,EXISTS,0.00s
model_hec_ras_1279.pdf,SKIPPED,EXISTS,0.00s
model_hec_ras_1280.pdf,SKIPPED,EXISTS,0.00s
model_hec_ras_1281.pdf,SKIPPED,EXISTS,0.00s
model_hec_ras_1282.pdf,SKIPPED,EXISTS,0.00s
model_hec_ras_1283.pdf,SKIPPED,EXISTS,0.00s
model_hec_ras_1284.pdf,SKIPPED,EXISTS,0.00s
model_hec_ras_1285.pdf,SKIPPED,EXISTS,0.00s
model_hec_ras_1286.pdf,SKIPPED,EXISTS,0.00s
model_hec_ras_1287.pdf,SKIPPED,EXISTS,0.00s
model_hec_ras_1288.pdf,SKIPPED,EXISTS,0.00s
model_hec_ras_1289.pdf,SKIPPED,EXISTS,0.00s
model_hec_ras_1290.pdf,SKIPPED,EXISTS,0.00s
model_hec_ras_1291.pdf,SKIPPED,EXISTS,0.00s
model_hec_ras_1292.pdf,SKIPPED,EXISTS,0.00s
model_hec_ras_1293.pdf,SKIPPED,EXISTS,0.00s
model_hec_ras_1294.pdf,SKIPPED,EXISTS,0.00s
model_hec_ras_1295.pdf,SKIPPED,EXISTS,0.00s
model_hec_ras_1296.pdf,SKIPPED,EXISTS,0.00s
model_hec_ras_1297.pdf,SKIPPED,EXISTS,0.00s
model_hec_ras_1298.pdf,SKIPPED,EXISTS,0.00s
model_hec_ras_1299.pdf,SKIPPED,EXISTS,0.00s
model_hec_ras_1300.pdf,SKIPPED,EXISTS,0.00s
model_hec_ras_1301.pdf,SKIPPED,EXISTS,0.00s
model_hec_ras_1302.pdf,SKIPPED,EXISTS,0.00s
model_hec_ras_1303.pdf,SKIPPED,EXISTS,0.00s
model_hec_ras_1304.pdf,SKIPPED,EXISTS,0.00s
model_hec_ras_1305.pdf,SKIPPED,EXISTS,0.00s
model_hec_ras_1306.pdf,SKIPPED,EXISTS,0.00s
model_hec_ras_1307.pdf,SKIPPED,EXISTS,0.00s
model_hec_ras_1308.pdf,SKIPPED,EXISTS,0.00s
model_hec_ras_1309.pdf,SKIPPED,EXISTS,0.00s
model_hec_ras_1310.pdf,SKIPPED,EXISTS,0.00s
model_hec_ras_1311.pdf,SKIPPED,EXISTS,0.00s
model_hec_ras_1312.pdf,SKIPPED,EXISTS,0.00s
model_hec_ras_1313.pdf,SKIPPED,EXISTS,0.00s
model_hec_ras_1314.pdf,SKIPPED,EXISTS,0.00s
model_hec_ras_1315.pdf,SKIPPED,EXISTS,0.00s
model_hec_ras_1316.pdf,SKIPPED,EXISTS,0.00s
model_hec_ras_1317.pdf,SKIPPED,EXISTS,0.00s
model_hec_ras_1318.pdf,SKIPPED,EXISTS,0.00s
model_hec_ras_1319.pdf,SKIPPED,EXISTS,0.00s
model_hec_ras_1320.pdf,SKIPPED,EXISTS,0.00s
model_hec_ras_1321.pdf,SKIPPED,EXISTS,0.00s
model_hec_ras_1322.pdf,SKIPPED,EXISTS,0.00s
model_hec_ras_1323.pdf,SKIPPED,EXISTS,0.00s
model_hec_ras_1324.pdf,SKIPPED,EXISTS,0.00s
model_hec_ras_1325.pdf,SKIPPED,EXISTS,0.00s
model_hec_ras_1326.pdf,SKIPPED,EXISTS,0.00s
model_hec_ras_1327.pdf,SKIPPED,EXISTS,0.00s
model_hec_ras_1328.pdf,SKIPPED,EXISTS,0.00s
model_hec_ras_1329.pdf,SKIPPED,EXISTS,0.00s
model_hec_ras_1330.pdf,SKIPPED,EXISTS,0.00s
model_hec_ras_1331.pdf,SKIPPED,EXISTS,0.00s
model_hec_ras_1332.pdf,SKIPPED,EXISTS,0.00s
model_hec_ras_1333.pdf,SKIPPED,EXISTS,0.00s
model_hec_ras_1334.pdf,SKIPPED,EXISTS,0.00s
model_hec_ras_1335.pdf,SKIPPED,EXISTS,0.00s
model_hec_ras_1336.pdf,SKIPPED,EXISTS,0.00s
model_hec_ras_1337.pdf,SKIPPED,EXISTS,0.00s
model_hec_ras_1338.pdf,SKIPPED,EXISTS,0.00s
model_hec_ras_1339.pdf,SKIPPED,EXISTS,0.00s
model_hec_ras_1340.pdf,SKIPPED,EXISTS,0.00s
model_hec_ras_1341.pdf,SKIPPED,EXISTS,0.00s
model_hec_ras_1342.pdf,SKIPPED,EXISTS,0.00s
model_hec_ras_1343.pdf,SKIPPED,EXISTS,0.00s
model_hec_ras_1344.pdf,SKIPPED,EXISTS,0.00s
model_hec_ras_1345.pdf,SKIPPED,EXISTS,0.00s
model_hec_ras_1346.pdf,SKIPPED,EXISTS,0.00s
model_hec_ras_1347.pdf,SKIPPED,EXISTS,0.00s
model_hec_ras_1348.pdf,SKIPPED,EXISTS,0.00s
model_hec_ras_1349.pdf,SKIPPED,EXISTS,0.00s
model_hec_ras_1350.pdf,SKIPPED,EXISTS,0.00s
model_hec_ras_1351.pdf,SKIPPED,EXISTS,0.00s
model_hec_ras_1352.pdf,SKIPPED,EXISTS,0.00s
model_hec_ras_1353.pdf,SKIPPED,EXISTS,0.00s
model_hec_ras_1354.pdf,SKIPPED,EXISTS,0.00s
model_hec_ras_1355.pdf,SKIPPED,EXISTS,0.00s
model_hec_ras_1356.pdf,SKIPPED,EXISTS,0.00s
model_hec_ras_1357.pdf,SKIPPED,EXISTS,0.00s
model_hec_ras_1358.pdf,SKIPPED,EXISTS,0.00s
model_hec_ras_1359.pdf,SKIPPED,EXISTS,0.00s
model_hec_ras_1360.pdf,SKIPPED,EXISTS,0.00s
model_hec_ras_1361.pdf,SKIPPED,EXISTS,0.00s
model_hec_ras_1362.pdf,SKIPPED,EXISTS,0.00s
model_hec_ras_1363.pdf,SKIPPED,EXISTS,0.00s
model_hec_ras_1364.pdf,SKIPPED,EXISTS,0.00s
model_hec_ras_1365.pdf,SKIPPED,EXISTS,0.00s
model_hec_ras_1366.pdf,SKIPPED,EXISTS,0.00s
model_hec_ras_1367.pdf,SKIPPED,EXISTS,0.00s
model_hec_ras_1368.pdf,SKIPPED,EXISTS,0.00s
model_hec_ras_1369.pdf,SKIPPED,EXISTS,0.00s
model_hec_ras_1370.pdf,SKIPPED,EXISTS,0.00s
model_hec_ras_1371.pdf,SKIPPED,EXISTS,0.00s
model_hec_ras_1372.pdf,SKIPPED,EXISTS,0.00s
model_hec_ras_1373.pdf,SKIPPED,EXISTS,0.00s
model_hec_ras_1374.pdf,SKIPPED,EXISTS,0.00s
model_hec_ras_1375.pdf,SKIPPED,EXISTS,0.00s
model_hec_ras_1376.pdf,SKIPPED,EXISTS,0.00s
model_hec_ras_1377.pdf,SKIPPED,EXISTS,0.00s
model_hec_ras_1378.pdf,SKIPPED,EXISTS,0.00s
model_hec_ras_1379.pdf,SKIPPED,EXISTS,0.00s
model_hec_ras_1380.pdf,SKIPPED,EXISTS,0.00s
model_hec_ras_1381.pdf,SKIPPED,EXISTS,0.00s
model_hec_ras_1382.pdf,SKIPPED,EXISTS,0.00s
model_hec_ras_1383.pdf,SKIPPED,EXISTS,0.00s
model_hec_ras_1384.pdf,SKIPPED,EXISTS,0.00s
model_hec_ras_1385.pdf,SKIPPED,EXISTS,0.00s
model_hec_ras_1386.pdf,SKIPPED,EXISTS,0.00s
model_hec_ras_1387.pdf,SKIPPED,EXISTS,0.00s
model_hec_ras_1388.pdf,SKIPPED,EXISTS,0.00s
model_hec_ras_1389.pdf,SKIPPED,EXISTS,0.00s
model_hec_ras_1390.pdf,SKIPPED,EXISTS,0.00s
model_hec_ras_1391.pdf,SKIPPED,EXISTS,0.00s
model_hec_ras_1392.pdf,SKIPPED,EXISTS,0.00s
model_hec_ras_1393.pdf,SKIPPED,EXISTS,0.00s
model_hec_ras_1394.pdf,SKIPPED,EXISTS,0.00s
model_hec_ras_1395.pdf,SKIPPED,EXISTS,0.00s
model_hec_ras_1396.pdf,SKIPPED,EXISTS,0.00s
model_hec_ras_1397.pdf,SKIPPED,EXISTS,0.00s
model_hec_ras_1398.pdf,SKIPPED,EXISTS,0.00s
model_hec_ras_1399.pdf,SKIPPED,EXISTS,0.00s
model_hec_ras_1400.pdf,SKIPPED,EXISTS,0.00s
model_hec_ras_1401.pdf,SKIPPED,EXISTS,0.00s
model_hec_ras_1402.pdf,SKIPPED,EXISTS,0.00s
model_hec_ras_1403.pdf,SKIPPED,EXISTS,0.00s
model_hec_ras_1404.pdf,SKIPPED,EXISTS,0.00s
model_hec_ras_1405.pdf,SKIPPED,EXISTS,0.00s
model_hec_ras_1406.pdf,SKIPPED,EXISTS,0.00s
model_hec_ras_1407.pdf,SKIPPED,EXISTS,0.00s
model_hec_ras_1408.pdf,SKIPPED,EXISTS,0.00s
model_hec_ras_1409.pdf,SKIPPED,EXISTS,0.00s
model_hec_ras_1410.pdf,SKIPPED,EXISTS,0.00s
model_hec_ras_1411.pdf,SKIPPED,EXISTS,0.00s
model_hec_ras_1412.pdf,SKIPPED,EXISTS,0.00s
model_hec_ras_1413.pdf,SKIPPED,EXISTS,0.00s
model_hec_ras_1414.pdf,SKIPPED,EXISTS,0.00s
model_hec_ras_1415.pdf,SKIPPED,EXISTS,0.00s
model_hec_ras_1416.pdf,SKIPPED,EXISTS,0.00s
model_hec_ras_1417.pdf,SKIPPED,EXISTS,0.00s
model_hec_ras_1418.pdf,SKIPPED,EXISTS,0.00s
model_hec_ras_1419.pdf,SKIPPED,EXISTS,0.00s
model_hec_ras_1422.pdf,SKIPPED,EXISTS,0.00s
model_hec_ras_1423.pdf,SKIPPED,EXISTS,0.00s
model_hec_ras_1424.pdf,SKIPPED,EXISTS,0.00s
model_hec_ras_1425.pdf,SKIPPED,EXISTS,0.00s
model_hec_ras_1426.pdf,SKIPPED,EXISTS,0.00s
model_hec_ras_1427.pdf,SKIPPED,EXISTS,0.00s
model_hec_ras_1428.pdf,SKIPPED,EXISTS,0.00s
model_hec_ras_1429.pdf,SKIPPED,EXISTS,0.00s
model_hec_ras_1430.pdf,SKIPPED,EXISTS,0.00s
model_hec_ras_1431.pdf,SKIPPED,EXISTS,0.00s
model_hec_ras_1434.pdf,SKIPPED,EXISTS,0.00s
model_hec_ras_1436.pdf,SKIPPED,EXISTS,0.00s
model_hec_ras_1437.pdf,SKIPPED,EXISTS,0.00s
model_hec_ras_1439.pdf,SKIPPED,EXISTS,0.00s
model_hec_ras_1441.pdf,SKIPPED,EXISTS,0.00s
model_hec_ras_1442.pdf,SKIPPED,EXISTS,0.00s
model_hec_ras_1443.pdf,SKIPPED,EXISTS,0.00s
model_hec_ras_1444.pdf,SKIPPED,EXISTS,0.00s
model_hec_ras_1446.pdf,SKIPPED,EXISTS,0.00s
model_hec_ras_1447.pdf,SKIPPED,EXISTS,0.00s
model_hec_ras_1449.pdf,SKIPPED,EXISTS,0.00s
model_hec_ras_1452.pdf,SKIPPED,EXISTS,0.00s
model_hec_ras_1453.pdf,SKIPPED,EXISTS,0.00s
model_hec_ras_1456.pdf,SKIPPED,EXISTS,0.00s
model_hec_ras_1457.pdf,SKIPPED,EXISTS,0.00s
model_hec_ras_1464.pdf,SKIPPED,EXISTS,0.00s
model_hec_ras_1465.pdf,SKIPPED,EXISTS,0.00s
model_hec_ras_1468.pdf,SKIPPED,EXISTS,0.00s
model_hec_ras_1469.pdf,SKIPPED,EXISTS,0.00s
model_hec_ras_1473.pdf,SKIPPED,EXISTS,0.00s
model_hec_ras_1474.pdf,SKIPPED,EXISTS,0.00s
model_hec_ras_1475.pdf,SKIPPED,EXISTS,0.00s
model_hec_ras_1477.pdf,SKIPPED,EXISTS,0.00s
model_hec_ras_1478.pdf,SKIPPED,EXISTS,0.00s
model_hec_ras_1479.pdf,SKIPPED,EXISTS,0.00s
model_hec_ras_1480.pdf,SKIPPED,EXISTS,0.00s
model_hec_ras_1483.pdf,SKIPPED,EXISTS,0.00s
model_hec_ras_1485.pdf,SKIPPED,EXISTS,0.00s
model_hec_ras_1486.pdf,SKIPPED,EXISTS,0.00s
model_hec_ras_1491.pdf,SKIPPED,EXISTS,0.00s
model_hec_ras_1492.pdf,SKIPPED,EXISTS,0.00s
moharrami2021.pdf,SKIPPED,EXISTS,0.00s
mathematics-14-01383-v2.pdf,FAIL,CONNECTION_ERROR,8.67s
mq23568.pdf,SKIPPED,EXISTS,0.00s
nacar-sinan-2018.pdf,SKIPPED,EXISTS,0.00s
naresh15-04-2023.pdf,SKIPPED,EXISTS,0.00s
neuro-fuzzy-flood-forecast.pdf,SKIPPED,EXISTS,0.00s
new.pdf,SKIPPED,EXISTS,0.00s
nhess-17-1541-2017.pdf,SKIPPED,EXISTS,0.00s
nhess-2020-297.pdf,SKIPPED,EXISTS,0.00s
nhess-22-2473-2022.pdf,SKIPPED,EXISTS,0.00s
remotesensing-17-01283-v2.pdf,FAIL,CONNECTION_ERROR,8.64s
remotesensing-17-01347.pdf,FAIL,CONNECTION_ERROR,8.58s
model_hec_ras_0838.pdf,FAIL,CONNECTION_ERROR,8.60s
remotesensing-17-01814.pdf,FAIL,CONNECTION_ERROR,8.49s
s00521-022-08165-6.pdf,SKIPPED,EXISTS,0.00s
mokhtar2018.pdf,FAIL,CONNECTION_ERROR,7.91s
model_hec_ras_1232.pdf,FAIL,CONNECTION_ERROR,8.67s
s00267-024-02059-0.pdf,FAIL,CONNECTION_ERROR,8.73s
s00376-025-4540-4.pdf,FAIL,CONNECTION_ERROR,8.15s
s00477-025-02964-8.pdf,FAIL,CONNECTION_ERROR,8.32s
s10708-025-11338-0.pdf,SKIPPED,EXISTS,0.00s
s10712-022-09751-y (1).pdf,SKIPPED,EXISTS,0.00s
s10712-022-09751-y.pdf,SKIPPED,EXISTS,0.00s
s11069-015-2092-0.pdf,SKIPPED,EXISTS,0.00s
s11069-016-2601-9.pdf,SKIPPED,EXISTS,0.00s
s11069-017-2755-0.pdf,SKIPPED,EXISTS,0.00s
s11069-021-04843-1.pdf,SKIPPED,EXISTS,0.00s
nhess-24-2633-2024.pdf,FAIL,CONNECTION_ERROR,9.74s
nhess-24-2817-2024.pdf,FAIL,CONNECTION_ERROR,7.87s
s10462-025-11192-z.pdf,FAIL,CONNECTION_ERROR,8.03s
s11069-024-06629-7.pdf,SKIPPED,EXISTS,0.00s
nhess-25-1353-2025.pdf,FAIL,CONNECTION_ERROR,9.02s
nhess-25-247-2025.pdf,FAIL,CONNECTION_ERROR,8.99s
nr.08-01-06.pasichnyketal.pdf,SKIPPED,EXISTS,0.00s
ojmh_2020102715412009.pdf,SKIPPED,EXISTS,0.00s
out (1).pdf,SKIPPED,EXISTS,0.00s
out (2).pdf,SKIPPED,EXISTS,0.00s
out.pdf,SKIPPED,EXISTS,0.00s
pagination_RSE_10791.pdf,SKIPPED,EXISTS,0.00s
pangalisharma2019.pdf,SKIPPED,EXISTS,0.00s
panteras2017.pdf,SKIPPED,EXISTS,0.00s
paper37.pdf,SKIPPED,EXISTS,0.00s
s10533-024-01197-1.pdf,FAIL,CONNECTION_ERROR,8.69s
s10584-025-03904-9.pdf,FAIL,CONNECTION_ERROR,8.28s
nhess-25-3161-2025.pdf,FAIL,CONNECTION_ERROR,8.81s
s11069-024-06444-0.pdf,FAIL,CONNECTION_ERROR,9.54s
s11069-024-06688-w.pdf,FAIL,CONNECTION_ERROR,8.38s
nhess-25-335-2025.pdf,FAIL,CONNECTION_ERROR,9.17s
preprints201802.0043.v1.pdf,SKIPPED,EXISTS,0.00s
preprints201807.0624.v1.pdf,SKIPPED,EXISTS,0.00s
proceedings-02-00644.pdf,SKIPPED,EXISTS,0.00s
proceedings-07-00007-v2.pdf,SKIPPED,EXISTS,0.00s
proceedings-07-00008-v2.pdf,SKIPPED,EXISTS,0.00s
proceedings-07-00011-v2.pdf,SKIPPED,EXISTS,0.00s
proceedings-07-00021-v2.pdf,SKIPPED,EXISTS,0.00s
proceedings-48-00006-v2.pdf,SKIPPED,EXISTS,0.00s
pappenberger2005.pdf,FAIL,CONNECTION_ERROR,8.08s
nobre2011.pdf,FAIL,CONNECTION_ERROR,8.23s
s11069-024-06731-w.pdf,FAIL,CONNECTION_ERROR,8.63s
s11069-024-06949-8.pdf,FAIL,CONNECTION_ERROR,9.16s
s11069-025-07120-7.pdf,SKIPPED,EXISTS,0.00s
phrs-46-1608297.pdf,FAIL,CONNECTION_ERROR,8.47s
refice2017.pdf,SKIPPED,EXISTS,0.00s
rehman2019.pdf,SKIPPED,EXISTS,0.00s
remotesensing-03-01067.pdf,SKIPPED,EXISTS,0.00s
remotesensing-05-00687-v2.pdf,SKIPPED,EXISTS,0.00s
remotesensing-06-04870.pdf,SKIPPED,EXISTS,0.00s
remotesensing-06-05279.pdf,SKIPPED,EXISTS,0.00s
remotesensing-07-07615.pdf,SKIPPED,EXISTS,0.00s
remotesensing-07-14200-v2.pdf,SKIPPED,EXISTS,0.00s
remotesensing-07-15702.pdf,SKIPPED,EXISTS,0.00s
remotesensing-08-00311.pdf,SKIPPED,EXISTS,0.00s
remotesensing-08-00348.pdf,SKIPPED,EXISTS,0.00s
remotesensing-08-00456-v2.pdf,SKIPPED,EXISTS,0.00s
remotesensing-08-00547.pdf,SKIPPED,EXISTS,0.00s
remotesensing-08-00608.pdf,SKIPPED,EXISTS,0.00s
remotesensing-08-00625.pdf,SKIPPED,EXISTS,0.00s
remotesensing-08-00655.pdf,SKIPPED,EXISTS,0.00s
remotesensing-08-00899.pdf,SKIPPED,EXISTS,0.00s
remotesensing-09-00086.pdf,SKIPPED,EXISTS,0.00s
remotesensing-09-00174-v2.pdf,SKIPPED,EXISTS,0.00s
remotesensing-09-00313-v2.pdf,SKIPPED,EXISTS,0.00s
remotesensing-09-00593.pdf,SKIPPED,EXISTS,0.00s
remotesensing-09-00781 (1).pdf,SKIPPED,EXISTS,0.00s
remotesensing-09-00781 (2).pdf,SKIPPED,EXISTS,0.00s
remotesensing-09-00781.pdf,SKIPPED,EXISTS,0.00s
remotesensing-10-00030-v2.pdf,SKIPPED,EXISTS,0.00s
remotesensing-10-00034.pdf,SKIPPED,EXISTS,0.00s
remotesensing-10-00041.pdf,SKIPPED,EXISTS,0.00s
remotesensing-10-00078-v2.pdf,SKIPPED,EXISTS,0.00s
remotesensing-10-00217-v2.pdf,SKIPPED,EXISTS,0.00s
remotesensing-10-00292-v2.pdf,SKIPPED,EXISTS,0.00s
remotesensing-10-00583.pdf,SKIPPED,EXISTS,0.00s
remotesensing-10-00642.pdf,SKIPPED,EXISTS,0.00s
remotesensing-10-00780.pdf,SKIPPED,EXISTS,0.00s
remotesensing-10-00840-v3.pdf,SKIPPED,EXISTS,0.00s
remotesensing-10-00939.pdf,SKIPPED,EXISTS,0.00s
remotesensing-10-01023.pdf,SKIPPED,EXISTS,0.00s
remotesensing-10-01230.pdf,SKIPPED,EXISTS,0.00s
remotesensing-10-01316-v2.pdf,SKIPPED,EXISTS,0.00s
remotesensing-10-01673-v2.pdf,SKIPPED,EXISTS,0.00s
remotesensing-10-01828.pdf,SKIPPED,EXISTS,0.00s
remotesensing-11-00107.pdf,SKIPPED,EXISTS,0.00s
remotesensing-11-00255.pdf,SKIPPED,EXISTS,0.00s
remotesensing-11-00501.pdf,SKIPPED,EXISTS,0.00s
remotesensing-11-00760.pdf,SKIPPED,EXISTS,0.00s
remotesensing-11-00879.pdf,SKIPPED,EXISTS,0.00s
remotesensing-11-00915-v2.pdf,SKIPPED,EXISTS,0.00s
remotesensing-11-01280.pdf,SKIPPED,EXISTS,0.00s
remotesensing-11-01581-v2.pdf,SKIPPED,EXISTS,0.00s
remotesensing-11-01778-v3.pdf,SKIPPED,EXISTS,0.00s
remotesensing-11-02331-v2.pdf,SKIPPED,EXISTS,0.00s
remotesensing-11-02463.pdf,SKIPPED,EXISTS,0.00s
remotesensing-11-02470-v2.pdf,SKIPPED,EXISTS,0.00s
remotesensing-11-02492-v2.pdf,SKIPPED,EXISTS,0.00s
remotesensing-11-02555-v2.pdf,SKIPPED,EXISTS,0.00s
remotesensing-11-02557-v2.pdf,SKIPPED,EXISTS,0.00s
remotesensing-11-02804-v2.pdf,SKIPPED,EXISTS,0.00s
remotesensing-12-00106-v3.pdf,SKIPPED,EXISTS,0.00s
remotesensing-12-00187-v2.pdf,SKIPPED,EXISTS,0.00s
remotesensing-12-00252-v2.pdf,SKIPPED,EXISTS,0.00s
remotesensing-12-00428-v2.pdf,SKIPPED,EXISTS,0.00s
remotesensing-12-00643-v2.pdf,SKIPPED,EXISTS,0.00s
remotesensing-12-01302-v2.pdf,SKIPPED,EXISTS,0.00s
remotesensing-12-01422.pdf,SKIPPED,EXISTS,0.00s
remotesensing-12-01709-v3.pdf,SKIPPED,EXISTS,0.00s
remotesensing-12-02073-v2.pdf,SKIPPED,EXISTS,0.00s
remotesensing-12-02190.pdf,SKIPPED,EXISTS,0.00s
remotesensing-12-02235-v2.pdf,SKIPPED,EXISTS,0.00s
remotesensing-12-02236-v2.pdf,SKIPPED,EXISTS,0.00s
remotesensing-12-02532-v2.pdf,SKIPPED,EXISTS,0.00s
remotesensing-12-02688.pdf,SKIPPED,EXISTS,0.00s
remotesensing-12-03550.pdf,SKIPPED,EXISTS,0.00s
remotesensing-12-03611.pdf,SKIPPED,EXISTS,0.00s
remotesensing-12-03624-v2.pdf,SKIPPED,EXISTS,0.00s
remotesensing-12-03980-v2.pdf,SKIPPED,EXISTS,0.00s
remotesensing-13-00262-v4.pdf,SKIPPED,EXISTS,0.00s
remotesensing-13-00351-v3.pdf,SKIPPED,EXISTS,0.00s
remotesensing-13-01384-v2.pdf,SKIPPED,EXISTS,0.00s
remotesensing-13-02114-v2.pdf,SKIPPED,EXISTS,0.00s
remotesensing-13-02638-v4.pdf,SKIPPED,EXISTS,0.00s
remotesensing-13-03916-v2.pdf,SKIPPED,EXISTS,0.00s
remotesensing-13-04511-v2.pdf,SKIPPED,EXISTS,0.00s
remotesensing-13-04934-v2.pdf,SKIPPED,EXISTS,0.00s
remotesensing-13-05083-v2.pdf,SKIPPED,EXISTS,0.00s
remotesensing-13-05147-v2.pdf,SKIPPED,EXISTS,0.00s
remotesensing-14-00115.pdf,SKIPPED,EXISTS,0.00s
remotesensing-14-00246.pdf,SKIPPED,EXISTS,0.00s
s11069-024-06957-8.pdf,FAIL,CONNECTION_ERROR,8.57s
s11069-024-07039-5.pdf,FAIL,CONNECTION_ERROR,8.09s
processes-14-01303-v2.pdf,FAIL,CONNECTION_ERROR,8.92s
prusty2022.pdf,FAIL,CONNECTION_ERROR,8.44s
public-health-and-health-systems-responsiveness-during-the-2022-floods-in-pakistan-what-needs-to-be-done.pdf,FAIL,CONNECTION_ERROR,8.79s
s11069-025-07109-2.pdf,FAIL,CONNECTION_ERROR,8.15s
s11069-025-07137-y.pdf,FAIL,CONNECTION_ERROR,8.74s
remotesensing-14-01214-v2.pdf,FAIL,CONNECTION_ERROR,8.90s
remotesensing-14-02481-v2.pdf,SKIPPED,EXISTS,0.00s
remotesensing-14-03140.pdf,SKIPPED,EXISTS,0.00s
remotesensing-14-03673-v2.pdf,SKIPPED,EXISTS,0.00s
remotesensing-14-03838-v2.pdf,SKIPPED,EXISTS,0.00s
remotesensing-14-04273.pdf,SKIPPED,EXISTS,0.00s
remotesensing-14-04518.pdf,SKIPPED,EXISTS,0.00s
remotesensing-14-05008-v2.pdf,SKIPPED,EXISTS,0.00s
remotesensing-14-05505-v2.pdf,SKIPPED,EXISTS,0.00s
remotesensing-14-05721-v2.pdf,SKIPPED,EXISTS,0.00s
remotesensing-14-06005-v3.pdf,SKIPPED,EXISTS,0.00s
remotesensing-14-06239.pdf,SKIPPED,EXISTS,0.00s
remotesensing-15-01071-v2.pdf,SKIPPED,EXISTS,0.00s
remotesensing-15-01102-v2.pdf,SKIPPED,EXISTS,0.00s
remotesensing-15-01200.pdf,SKIPPED,EXISTS,0.00s
remotesensing-15-01922.pdf,SKIPPED,EXISTS,0.00s
remotesensing-15-03009-v2.pdf,SKIPPED,EXISTS,0.00s
remotesensing-15-03991.pdf,SKIPPED,EXISTS,0.00s
remotesensing-15-05037.pdf,SKIPPED,EXISTS,0.00s
remotesensing-15-05075.pdf,SKIPPED,EXISTS,0.00s
remotesensing-15-05139-v2.pdf,SKIPPED,EXISTS,0.00s
remotesensing-15-05226.pdf,SKIPPED,EXISTS,0.00s
remotesensing-15-05247.pdf,SKIPPED,EXISTS,0.00s
remotesensing-15-05379.pdf,SKIPPED,EXISTS,0.00s
remotesensing-15-05702.pdf,SKIPPED,EXISTS,0.00s
remotesensing-16-00294.pdf,SKIPPED,EXISTS,0.00s
s11069-025-07156-9.pdf,FAIL,CONNECTION_ERROR,8.46s
s11069-025-07335-8.pdf,FAIL,CONNECTION_ERROR,9.57s
remotesensing-14-01832.pdf,FAIL,CONNECTION_ERROR,8.47s
remotesensing-16-00336.pdf,SKIPPED,EXISTS,0.00s
remotesensing-16-00350-v2.pdf,SKIPPED,EXISTS,0.00s
remotesensing-16-00512.pdf,SKIPPED,EXISTS,0.00s
remotesensing-16-00656-v2.pdf,SKIPPED,EXISTS,0.00s
remotesensing-16-00858.pdf,SKIPPED,EXISTS,0.00s
remotesensing-16-02193.pdf,SKIPPED,EXISTS,0.00s
remotesensing-14-01928.pdf,FAIL,CONNECTION_ERROR,7.84s
remotesensing-16-04437-v3.pdf,SKIPPED,EXISTS,0.00s
remotesensing-14-01875-v2.pdf,FAIL,CONNECTION_ERROR,8.47s
remotesensing-17-00524.pdf,SKIPPED,EXISTS,0.00s
s11069-025-07494-8.pdf,FAIL,CONNECTION_ERROR,9.72s
s11269-023-03669-9.pdf,FAIL,CONNECTION_ERROR,8.77s
remotesensing-16-00320.pdf,FAIL,CONNECTION_ERROR,8.24s
s11269-024-03862-4.pdf,FAIL,CONNECTION_ERROR,8.96s
s11269-024-04002-8.pdf,FAIL,CONNECTION_ERROR,8.66s
remotesensing-17-00375.pdf,FAIL,CONNECTION_ERROR,8.22s
remotesensing-16-03105-v2.pdf,FAIL,CONNECTION_ERROR,9.11s
remotesensing-17-00770.pdf,FAIL,CONNECTION_ERROR,9.23s
s11269-024-04089-z.pdf,FAIL,CONNECTION_ERROR,8.67s
s12145-008-0014-3.pdf,SKIPPED,EXISTS,0.00s
s12145-009-0024-9.pdf,SKIPPED,EXISTS,0.00s
s12145-016-0274-2.pdf,SKIPPED,EXISTS,0.00s
s11269-025-04093-x.pdf,FAIL,CONNECTION_ERROR,8.73s
remotesensing-17-01189.pdf,FAIL,CONNECTION_ERROR,8.29s
remotesensing-17-01869.pdf,SKIPPED,EXISTS,0.00s
remotesensing-17-01886-v2.pdf,SKIPPED,EXISTS,0.00s
remotesensing-17-02363-v2.pdf,SKIPPED,EXISTS,0.00s
remotesensing-17-02909.pdf,SKIPPED,EXISTS,0.00s
remotesensing-17-02943.pdf,SKIPPED,EXISTS,0.00s
remotesensing-17-03471-v2.pdf,SKIPPED,EXISTS,0.00s
researchbook.pdf,SKIPPED,EXISTS,0.00s
reservioroperationThe-13th-ICSBE-Version-I.pdf,SKIPPED,EXISTS,0.00s
resources-10-00014-v3.pdf,SKIPPED,EXISTS,0.00s
resources-12-00026-v2.pdf,SKIPPED,EXISTS,0.00s
rsta.2021.0141.pdf,SKIPPED,EXISTS,0.00s
s11356-024-34286-7.pdf,FAIL,CONNECTION_ERROR,8.13s
s12517-021-07911-9.pdf,SKIPPED,EXISTS,0.00s
s11431-024-2925-8.pdf,FAIL,CONNECTION_ERROR,7.58s
remotesensing-17-01283-v2.pdf,FAIL,CONNECTION_ERROR,8.31s
remotesensing-17-01347.pdf,FAIL,CONNECTION_ERROR,8.65s
remotesensing-17-01814.pdf,FAIL,CONNECTION_ERROR,8.00s
s00521-022-08165-6.pdf,SKIPPED,EXISTS,0.00s
s12145-025-01848-3.pdf,FAIL,CONNECTION_ERROR,8.85s
s13201-014-0258-7.pdf,SKIPPED,EXISTS,0.00s
s13201-019-1026-5.pdf,SKIPPED,EXISTS,0.00s
s13201-022-01621-7.pdf,SKIPPED,EXISTS,0.00s
s00267-024-02059-0.pdf,FAIL,CONNECTION_ERROR,8.33s
s12302-024-01001-9.pdf,FAIL,CONNECTION_ERROR,9.56s
s12942-024-00372-9.pdf,FAIL,CONNECTION_ERROR,7.84s
s12916-024-03412-0.pdf,FAIL,CONNECTION_ERROR,9.01s
s00477-025-02964-8.pdf,FAIL,CONNECTION_ERROR,8.14s
s00376-025-4540-4.pdf,FAIL,CONNECTION_ERROR,8.90s
s10708-025-11338-0.pdf,SKIPPED,EXISTS,0.00s
s10712-022-09751-y (1).pdf,SKIPPED,EXISTS,0.00s
s10712-022-09751-y.pdf,SKIPPED,EXISTS,0.00s
s11069-015-2092-0.pdf,SKIPPED,EXISTS,0.00s
s11069-016-2601-9.pdf,SKIPPED,EXISTS,0.00s
s11069-017-2755-0.pdf,SKIPPED,EXISTS,0.00s
s11069-021-04843-1.pdf,SKIPPED,EXISTS,0.00s
s10462-025-11192-z.pdf,FAIL,CONNECTION_ERROR,8.05s
s11069-024-06629-7.pdf,SKIPPED,EXISTS,0.00s
s13201-024-02131-4.pdf,FAIL,CONNECTION_ERROR,7.99s
s13753-018-0195-4.pdf,SKIPPED,EXISTS,0.00s
s10533-024-01197-1.pdf,FAIL,CONNECTION_ERROR,8.59s
s13201-025-02424-2.pdf,FAIL,CONNECTION_ERROR,7.63s
s13688-025-00560-y.pdf,FAIL,CONNECTION_ERROR,8.26s
s13201-024-02293-1.pdf,FAIL,CONNECTION_ERROR,9.37s
s40562-018-0113-z.pdf,SKIPPED,EXISTS,0.00s
s10584-025-03904-9.pdf,FAIL,CONNECTION_ERROR,8.25s
s11069-024-06688-w.pdf,FAIL,CONNECTION_ERROR,8.24s
s11069-024-06444-0.pdf,FAIL,CONNECTION_ERROR,9.36s
s13753-024-00544-y.pdf,FAIL,CONNECTION_ERROR,9.39s
s40677-016-0044-y.pdf,SKIPPED,EXISTS,0.00s
s13753-024-00555-9.pdf,FAIL,CONNECTION_ERROR,7.53s
s11069-024-06731-w.pdf,FAIL,CONNECTION_ERROR,8.60s
s13753-025-00639-0.pdf,FAIL,CONNECTION_ERROR,8.38s
s40562-025-00377-7.pdf,FAIL,CONNECTION_ERROR,8.03s
s40808-016-0123-9.pdf,SKIPPED,EXISTS,0.00s
s40808-016-0207-6.pdf,SKIPPED,EXISTS,0.00s
s40808-020-00792-z.pdf,SKIPPED,EXISTS,0.00s
s40899-016-0063-6.pdf,SKIPPED,EXISTS,0.00s
s11069-024-06957-8.pdf,FAIL,CONNECTION_ERROR,7.33s
s11069-025-07120-7.pdf,SKIPPED,EXISTS,0.00s
s11069-024-06949-8.pdf,FAIL,CONNECTION_ERROR,7.64s
s11069-024-07039-5.pdf,FAIL,CONNECTION_ERROR,8.13s
s40677-024-00275-8.pdf,FAIL,CONNECTION_ERROR,9.39s
s40677-025-00309-9.pdf,FAIL,CONNECTION_ERROR,8.20s
s11069-025-07109-2.pdf,FAIL,CONNECTION_ERROR,8.00s
s40710-024-00683-w.pdf,FAIL,CONNECTION_ERROR,8.51s
s41467-023-44445-y.pdf,FAIL,CONNECTION_ERROR,8.59s
s11069-025-07156-9.pdf,FAIL,CONNECTION_ERROR,8.62s
s11069-025-07137-y.pdf,FAIL,CONNECTION_ERROR,9.00s
s11069-025-07335-8.pdf,FAIL,CONNECTION_ERROR,8.71s
s41467-023-44508-0.pdf,FAIL,CONNECTION_ERROR,8.07s
s41467-025-56654-8.pdf,FAIL,CONNECTION_ERROR,8.20s
s11069-025-07494-8.pdf,FAIL,CONNECTION_ERROR,7.94s
s41467-025-58832-0.pdf,FAIL,CONNECTION_ERROR,8.58s
s41467-025-58236-0.pdf,FAIL,CONNECTION_ERROR,8.79s
s11269-024-03862-4.pdf,FAIL,CONNECTION_ERROR,8.61s
s11269-023-03669-9.pdf,FAIL,CONNECTION_ERROR,8.97s
s11269-024-04002-8.pdf,FAIL,CONNECTION_ERROR,8.66s
s41467-025-60267-6.pdf,FAIL,CONNECTION_ERROR,7.57s
s41467-025-59261-9.pdf,FAIL,CONNECTION_ERROR,8.66s
s11269-024-04089-z.pdf,FAIL,CONNECTION_ERROR,9.22s
s12145-008-0014-3.pdf,SKIPPED,EXISTS,0.00s
s12145-009-0024-9.pdf,SKIPPED,EXISTS,0.00s
s12145-016-0274-2.pdf,SKIPPED,EXISTS,0.00s
s41467-025-60973-1.pdf,FAIL,CONNECTION_ERROR,8.51s
s11269-025-04093-x.pdf,FAIL,CONNECTION_ERROR,7.49s
s41586-024-07145-1.pdf,FAIL,CONNECTION_ERROR,8.89s
s41597-025-04554-3.pdf,SKIPPED,EXISTS,0.00s
s11356-024-34286-7.pdf,FAIL,CONNECTION_ERROR,8.51s
s12517-021-07911-9.pdf,SKIPPED,EXISTS,0.00s
s11431-024-2925-8.pdf,FAIL,CONNECTION_ERROR,9.09s
s41586-025-08647-2.pdf,FAIL,CONNECTION_ERROR,8.71s
s41598-021-86650-z.pdf,SKIPPED,EXISTS,0.00s
s41586-025-09305-3.pdf,FAIL,CONNECTION_ERROR,8.57s
s12145-025-01848-3.pdf,FAIL,CONNECTION_ERROR,7.35s
s13201-014-0258-7.pdf,SKIPPED,EXISTS,0.00s
s13201-019-1026-5.pdf,SKIPPED,EXISTS,0.00s
s13201-022-01621-7.pdf,SKIPPED,EXISTS,0.00s
s12302-024-01001-9.pdf,FAIL,CONNECTION_ERROR,7.76s
s41591-024-03358-z.pdf,FAIL,CONNECTION_ERROR,8.67s
s41598-021-83279-w.pdf,FAIL,CONNECTION_ERROR,8.62s
s12916-024-03412-0.pdf,FAIL,CONNECTION_ERROR,7.82s
s12942-024-00372-9.pdf,FAIL,CONNECTION_ERROR,8.03s
s41598-024-51850-w.pdf,FAIL,CONNECTION_ERROR,8.03s
s41598-024-59145-w.pdf,FAIL,CONNECTION_ERROR,8.34s
s13201-024-02131-4.pdf,FAIL,CONNECTION_ERROR,9.19s
s13753-018-0195-4.pdf,SKIPPED,EXISTS,0.00s
s13201-024-02293-1.pdf,FAIL,CONNECTION_ERROR,8.14s
s13201-025-02424-2.pdf,FAIL,CONNECTION_ERROR,7.74s
s41598-024-77002-8.pdf,FAIL,CONNECTION_ERROR,8.91s
s41598-024-80100-2.pdf,FAIL,CONNECTION_ERROR,8.84s
s13688-025-00560-y.pdf,FAIL,CONNECTION_ERROR,9.25s
s40562-018-0113-z.pdf,SKIPPED,EXISTS,0.00s
s41598-024-84543-5.pdf,FAIL,CONNECTION_ERROR,9.02s
s41598-024-84655-y.pdf,FAIL,CONNECTION_ERROR,8.63s
s13753-024-00544-y.pdf,FAIL,CONNECTION_ERROR,8.93s
s40677-016-0044-y.pdf,SKIPPED,EXISTS,0.00s
s13753-025-00639-0.pdf,FAIL,CONNECTION_ERROR,8.27s
s41598-025-04290-z.pdf,FAIL,CONNECTION_ERROR,8.09s
s13753-024-00555-9.pdf,FAIL,CONNECTION_ERROR,9.64s
s41598-025-04633-w.pdf,FAIL,CONNECTION_ERROR,9.36s
s40562-025-00377-7.pdf,FAIL,CONNECTION_ERROR,7.87s
s40808-016-0123-9.pdf,SKIPPED,EXISTS,0.00s
s40808-016-0207-6.pdf,SKIPPED,EXISTS,0.00s
s40808-020-00792-z.pdf,SKIPPED,EXISTS,0.00s
s40899-016-0063-6.pdf,SKIPPED,EXISTS,0.00s
s41598-025-12022-6.pdf,FAIL,CONNECTION_ERROR,8.26s
s41598-025-13025-z.pdf,FAIL,CONNECTION_ERROR,8.03s
s40677-024-00275-8.pdf,FAIL,CONNECTION_ERROR,8.99s
s40677-025-00309-9.pdf,FAIL,CONNECTION_ERROR,8.09s
s41598-025-13822-6.pdf,FAIL,CONNECTION_ERROR,8.73s
s40710-024-00683-w.pdf,FAIL,CONNECTION_ERROR,8.97s
s41598-025-86801-6.pdf,FAIL,CONNECTION_ERROR,8.18s
s41467-023-44445-y.pdf,FAIL,CONNECTION_ERROR,8.18s
s41598-025-88673-2.pdf,FAIL,CONNECTION_ERROR,7.82s
s41598-025-92734-x.pdf,FAIL,CONNECTION_ERROR,8.59s
s41612-023-00388-1.pdf,SKIPPED,EXISTS,0.00s
s41467-023-44508-0.pdf,FAIL,CONNECTION_ERROR,8.26s
s41467-025-56654-8.pdf,FAIL,CONNECTION_ERROR,8.59s
s41598-025-95230-4.pdf,FAIL,CONNECTION_ERROR,8.88s
s42452-020-2839-4.pdf,SKIPPED,EXISTS,0.00s
s42452-025-07404-4.pdf,SKIPPED,EXISTS,0.00s
s41467-025-58236-0.pdf,FAIL,CONNECTION_ERROR,8.88s
s41598-025-96107-2.pdf,FAIL,CONNECTION_ERROR,9.77s
s41467-025-58832-0.pdf,FAIL,CONNECTION_ERROR,8.46s
s41598-025-97008-0.pdf,FAIL,CONNECTION_ERROR,8.50s
s41748-025-00709-9.pdf,FAIL,CONNECTION_ERROR,9.18s
s41467-025-59261-9.pdf,FAIL,CONNECTION_ERROR,8.81s
s41467-025-60267-6.pdf,FAIL,CONNECTION_ERROR,9.04s
s42949-025-00208-w.pdf,FAIL,CONNECTION_ERROR,8.25s
s41467-025-60973-1.pdf,FAIL,CONNECTION_ERROR,8.46s
s43247-023-01165-x.pdf,FAIL,CONNECTION_ERROR,8.37s
s41586-024-07145-1.pdf,FAIL,CONNECTION_ERROR,8.62s
s41597-025-04554-3.pdf,SKIPPED,EXISTS,0.00s
s43247-024-01532-2.pdf,FAIL,CONNECTION_ERROR,8.18s
s43247-025-02293-2.pdf,FAIL,CONNECTION_ERROR,8.52s
s41586-025-08647-2.pdf,FAIL,CONNECTION_ERROR,8.59s
s41598-021-86650-z.pdf,SKIPPED,EXISTS,0.00s
s41586-025-09305-3.pdf,FAIL,CONNECTION_ERROR,9.10s
s41591-024-03358-z.pdf,FAIL,CONNECTION_ERROR,8.29s
s43247-025-02354-6.pdf,FAIL,CONNECTION_ERROR,8.85s
s41598-021-83279-w.pdf,FAIL,CONNECTION_ERROR,7.37s
s43247-025-02406-x.pdf,FAIL,CONNECTION_ERROR,7.90s
s43247-025-02461-4.pdf,FAIL,CONNECTION_ERROR,8.76s
s43247-025-02585-7.pdf,FAIL,CONNECTION_ERROR,8.37s
s41598-024-77002-8.pdf,FAIL,CONNECTION_ERROR,7.52s
s41598-024-51850-w.pdf,FAIL,CONNECTION_ERROR,9.59s
s41598-024-59145-w.pdf,FAIL,CONNECTION_ERROR,8.80s
s41598-024-80100-2.pdf,FAIL,CONNECTION_ERROR,8.38s
s43247-025-02734-y.pdf,FAIL,CONNECTION_ERROR,9.47s
s43832-024-00185-8.pdf,SKIPPED,EXISTS,0.00s
s43621-025-00799-5.pdf,FAIL,CONNECTION_ERROR,8.46s
s43621-025-01449-6.pdf,FAIL,CONNECTION_ERROR,8.88s
s43762-024-00123-3.pdf,FAIL,CONNECTION_ERROR,8.59s
s41598-024-84655-y.pdf,FAIL,CONNECTION_ERROR,8.32s
s41598-024-84543-5.pdf,FAIL,CONNECTION_ERROR,8.83s
s41598-025-04290-z.pdf,FAIL,CONNECTION_ERROR,8.72s
s41598-025-04633-w.pdf,FAIL,CONNECTION_ERROR,8.43s
s43832-025-00193-2.pdf,FAIL,CONNECTION_ERROR,8.84s
s44221-025-00388-w.pdf,FAIL,CONNECTION_ERROR,9.28s
s44221-025-00425-8.pdf,FAIL,CONNECTION_ERROR,7.89s
s44274-025-00322-7.pdf,FAIL,CONNECTION_ERROR,8.60s
s41598-025-13025-z.pdf,FAIL,CONNECTION_ERROR,8.85s
s41598-025-12022-6.pdf,FAIL,CONNECTION_ERROR,9.08s
s41598-025-13822-6.pdf,FAIL,CONNECTION_ERROR,8.68s
s41598-025-86801-6.pdf,FAIL,CONNECTION_ERROR,9.09s
s44284-025-00203-3.pdf,FAIL,CONNECTION_ERROR,8.01s
s44282-025-00190-9.pdf,FAIL,CONNECTION_ERROR,9.11s
s44288-025-00178-7.pdf,FAIL,CONNECTION_ERROR,8.49s
s44288-025-00204-8.pdf,FAIL,CONNECTION_ERROR,9.20s
s41598-025-95230-4.pdf,FAIL,CONNECTION_ERROR,8.24s
s41598-025-92734-x.pdf,FAIL,CONNECTION_ERROR,8.76s
s41612-023-00388-1.pdf,SKIPPED,EXISTS,0.00s
s41598-025-88673-2.pdf,FAIL,CONNECTION_ERROR,9.28s
s42452-020-2839-4.pdf,SKIPPED,EXISTS,0.00s
s42452-025-07404-4.pdf,SKIPPED,EXISTS,0.00s
s41598-025-96107-2.pdf,FAIL,CONNECTION_ERROR,7.82s
s44304-025-00059-6.pdf,FAIL,CONNECTION_ERROR,7.91s
sanyal2004.pdf,SKIPPED,EXISTS,0.00s
sarhadi2012.pdf,SKIPPED,EXISTS,0.00s
schumann2015.pdf,SKIPPED,EXISTS,0.00s
s44304-025-00072-9.pdf,FAIL,CONNECTION_ERROR,7.73s
s44304-025-00076-5.pdf,FAIL,CONNECTION_ERROR,8.32s
sedhyd_2019_mcmc_hms.pdf,SKIPPED,EXISTS,0.00s
sensors-17-00446-v2.pdf,SKIPPED,EXISTS,0.00s
sensors-17-01455-v2.pdf,SKIPPED,EXISTS,0.00s
sensors-18-03704.pdf,SKIPPED,EXISTS,0.00s
sensors-19-01024.pdf,SKIPPED,EXISTS,0.00s
sensors-19-01486-v2.pdf,SKIPPED,EXISTS,0.00s
sensors-19-05012.pdf,SKIPPED,EXISTS,0.00s
sensors-20-07214-v3.pdf,SKIPPED,EXISTS,0.00s
sensors-21-00280.pdf,SKIPPED,EXISTS,0.00s
sensors-21-02648-v2.pdf,SKIPPED,EXISTS,0.00s
sensors-21-03132-v2.pdf,SKIPPED,EXISTS,0.00s
sensors-22-00960.pdf,SKIPPED,EXISTS,0.00s
sensors-22-03573-v2.pdf,SKIPPED,EXISTS,0.00s
serpico2012.pdf,SKIPPED,EXISTS,0.00s
sharifi2021.pdf,SKIPPED,EXISTS,0.00s
skakun2014.pdf,SKIPPED,EXISTS,0.00s
smith1997.pdf,SKIPPED,EXISTS,0.00s
s44304-025-00082-7.pdf,FAIL,CONNECTION_ERROR,8.29s
s41748-025-00709-9.pdf,FAIL,CONNECTION_ERROR,7.99s
sciadv.adl4005.pdf,FAIL,CONNECTION_ERROR,7.59s
s41598-025-97008-0.pdf,FAIL,CONNECTION_ERROR,8.77s
s43247-023-01165-x.pdf,FAIL,CONNECTION_ERROR,8.32s
sdata2018309.pdf,FAIL,CONNECTION_ERROR,7.90s
s42949-025-00208-w.pdf,FAIL,CONNECTION_ERROR,8.96s
son2021.pdf,FAIL,CONNECTION_ERROR,8.37s
ssrn-4796097.pdf,FAIL,CONNECTION_ERROR,8.31s
ssrn-4966795.pdf,FAIL,CONNECTION_ERROR,7.57s
sustainability-10-03780.pdf,SKIPPED,EXISTS,0.00s
sustainability-11-05406-v2.pdf,SKIPPED,EXISTS,0.00s
sustainability-11-06003-v2.pdf,SKIPPED,EXISTS,0.00s
sustainability-12-05122-v2.pdf,SKIPPED,EXISTS,0.00s
sustainability-12-05784.pdf,SKIPPED,EXISTS,0.00s
sustainability-12-06080.pdf,SKIPPED,EXISTS,0.00s
sustainability-12-06588-v3.pdf,SKIPPED,EXISTS,0.00s
sustainability-12-07187-v2.pdf,SKIPPED,EXISTS,0.00s
sustainability-12-08454-v2.pdf,SKIPPED,EXISTS,0.00s
sustainability-12-09338-v2.pdf,SKIPPED,EXISTS,0.00s
sustainability-13-01291-v3.pdf,SKIPPED,EXISTS,0.00s
sustainability-13-03180-v2.pdf,SKIPPED,EXISTS,0.00s
sustainability-13-07925.pdf,SKIPPED,EXISTS,0.00s
sustainability-14-03251.pdf,SKIPPED,EXISTS,0.00s
s43247-025-02293-2.pdf,FAIL,CONNECTION_ERROR,8.30s
s43247-024-01532-2.pdf,FAIL,CONNECTION_ERROR,9.13s
s43247-025-02354-6.pdf,FAIL,CONNECTION_ERROR,8.72s
s43247-025-02406-x.pdf,FAIL,CONNECTION_ERROR,8.72s
ssrn-6448678.pdf,FAIL,CONNECTION_ERROR,9.52s
ssrn-6471361.pdf,FAIL,CONNECTION_ERROR,8.79s
stephens2014.pdf,FAIL,CONNECTION_ERROR,8.33s
sustainability-14-10430-v2.pdf,SKIPPED,EXISTS,0.00s
sustainability-14-13538.pdf,SKIPPED,EXISTS,0.00s
sustainability-14-14537-v2.pdf,SKIPPED,EXISTS,0.00s
sustainability-14-16651-v2.pdf,SKIPPED,EXISTS,0.00s
sustainability-15-01074-v2.pdf,SKIPPED,EXISTS,0.00s
sustainability-15-01468.pdf,SKIPPED,EXISTS,0.00s
sustainability-15-01758-v2.pdf,SKIPPED,EXISTS,0.00s
sustainability-15-02084.pdf,SKIPPED,EXISTS,0.00s
sustainability-15-06646.pdf,SKIPPED,EXISTS,0.00s
sustainability-15-07959.pdf,SKIPPED,EXISTS,0.00s
sustainability-15-08316-v2.pdf,SKIPPED,EXISTS,0.00s
sustainability-15-09502.pdf,SKIPPED,EXISTS,0.00s
sustainability-15-11965-v2.pdf,SKIPPED,EXISTS,0.00s
sustainability-15-12754.pdf,SKIPPED,EXISTS,0.00s
sustainability-15-14489-v3.pdf,SKIPPED,EXISTS,0.00s
sustainability-15-15223-v2.pdf,SKIPPED,EXISTS,0.00s
sustainability-16-00648.pdf,SKIPPED,EXISTS,0.00s
sustainability-16-00783-v2.pdf,SKIPPED,EXISTS,0.00s
sustainability-16-00875-v2.pdf,SKIPPED,EXISTS,0.00s
sustainability-14-04466.pdf,FAIL,CONNECTION_ERROR,8.89s
sustainability-16-05040.pdf,SKIPPED,EXISTS,0.00s
s43247-025-02585-7.pdf,FAIL,CONNECTION_ERROR,8.74s
s43247-025-02461-4.pdf,FAIL,CONNECTION_ERROR,8.99s
s43247-025-02734-y.pdf,FAIL,CONNECTION_ERROR,8.72s
s43832-024-00185-8.pdf,SKIPPED,EXISTS,0.00s
sustainability-14-04483-v2.pdf,FAIL,CONNECTION_ERROR,8.51s
sustainability-17-00217.pdf,SKIPPED,EXISTS,0.00s
s43621-025-00799-5.pdf,FAIL,CONNECTION_ERROR,9.64s
sustainability-14-04511-v4.pdf,FAIL,CONNECTION_ERROR,8.42s
sustainability-16-01226-v2.pdf,FAIL,CONNECTION_ERROR,7.91s
sustainability-16-07489.pdf,FAIL,CONNECTION_ERROR,8.97s
s43621-025-01449-6.pdf,FAIL,CONNECTION_ERROR,8.05s
s43762-024-00123-3.pdf,FAIL,CONNECTION_ERROR,8.23s
s43832-025-00193-2.pdf,FAIL,CONNECTION_ERROR,8.61s
sustainability-17-01522.pdf,FAIL,CONNECTION_ERROR,8.21s
s44221-025-00388-w.pdf,FAIL,CONNECTION_ERROR,8.51s
sustainability-17-01542.pdf,FAIL,CONNECTION_ERROR,8.97s
sustainability-17-03331.pdf,FAIL,CONNECTION_ERROR,8.40s
tdaf007.pdf,FAIL,CONNECTION_ERROR,7.50s
tnveconn_2019_106_39.pdf,SKIPPED,EXISTS,0.00s
towler-et-al-2022-incorporating-mid-term-temperature-predictions-into-streamflow-forecasts-and-operational-reservoir.pdf,SKIPPED,EXISTS,0.00s
tralli2005.pdf,SKIPPED,EXISTS,0.00s
tramutoli2007.pdf,SKIPPED,EXISTS,0.00s
ukrbotj-2025-82-5-488.pdf,SKIPPED,EXISTS,0.00s
sustainability-17-03501.pdf,FAIL,CONNECTION_ERROR,9.04s
v1_covered.pdf,SKIPPED,EXISTS,0.00s
s44221-025-00425-8.pdf,FAIL,CONNECTION_ERROR,8.92s
s44282-025-00190-9.pdf,FAIL,CONNECTION_ERROR,8.73s
s44274-025-00322-7.pdf,FAIL,CONNECTION_ERROR,9.76s
s44284-025-00203-3.pdf,FAIL,CONNECTION_ERROR,8.53s
the-impact-of-floods-on-plastic-pollution.pdf,FAIL,CONNECTION_ERROR,7.62s
voigt2016.pdf,SKIPPED,EXISTS,0.00s
vol3-issue1-article0015.pdf,SKIPPED,EXISTS,0.00s
w04w05_20091215141524.pdf,SKIPPED,EXISTS,0.00s
wainwright-ayala-2021-holistic-approaches-to-palaeohydrology-reconstructing-and-modelling-the-neolithic-river-carsamba.pdf,SKIPPED,EXISTS,0.00s
wang2018.pdf,SKIPPED,EXISTS,0.00s
water-05-01036.pdf,SKIPPED,EXISTS,0.00s
water-05-01533-v2.pdf,SKIPPED,EXISTS,0.00s
water-05-01598-v2.pdf,SKIPPED,EXISTS,0.00s
water-06-01221-v2.pdf,SKIPPED,EXISTS,0.00s
water-06-01280-v2.pdf,SKIPPED,EXISTS,0.00s
water-06-01515.pdf,SKIPPED,EXISTS,0.00s
water-06-02367.pdf,SKIPPED,EXISTS,0.00s
water-07-00420.pdf,SKIPPED,EXISTS,0.00s
water-07-01437.pdf,SKIPPED,EXISTS,0.00s
water-07-02293.pdf,SKIPPED,EXISTS,0.00s
water-07-03832.pdf,SKIPPED,EXISTS,0.00s
water-07-05155.pdf,SKIPPED,EXISTS,0.00s
water-08-00023.pdf,SKIPPED,EXISTS,0.00s
water-08-00053.pdf,SKIPPED,EXISTS,0.00s
water-08-00119.pdf,SKIPPED,EXISTS,0.00s
water-08-00228.pdf,SKIPPED,EXISTS,0.00s
water-08-00246.pdf,SKIPPED,EXISTS,0.00s
water-08-00559.pdf,SKIPPED,EXISTS,0.00s
water-09-00048.pdf,SKIPPED,EXISTS,0.00s
water-09-00168.pdf,SKIPPED,EXISTS,0.00s
water-09-00283.pdf,SKIPPED,EXISTS,0.00s
water-09-00342.pdf,SKIPPED,EXISTS,0.00s
water-09-00870.pdf,SKIPPED,EXISTS,0.00s
water-10-00079.pdf,SKIPPED,EXISTS,0.00s
water-10-00216-v2.pdf,SKIPPED,EXISTS,0.00s
water-10-00320-v2.pdf,SKIPPED,EXISTS,0.00s
water-10-00386.pdf,SKIPPED,EXISTS,0.00s
water-10-00581-v2.pdf,SKIPPED,EXISTS,0.00s
water-10-00608.pdf,SKIPPED,EXISTS,0.00s
water-10-00802.pdf,SKIPPED,EXISTS,0.00s
water-10-00876.pdf,SKIPPED,EXISTS,0.00s
water-10-00923.pdf,SKIPPED,EXISTS,0.00s
water-10-01003-v2.pdf,SKIPPED,EXISTS,0.00s
water-10-01158-v2.pdf,SKIPPED,EXISTS,0.00s
water-10-01241-v2.pdf,SKIPPED,EXISTS,0.00s
water-10-01292.pdf,SKIPPED,EXISTS,0.00s
water-10-01440.pdf,SKIPPED,EXISTS,0.00s
water-10-01595.pdf,SKIPPED,EXISTS,0.00s
water-10-01626-v2.pdf,SKIPPED,EXISTS,0.00s
water-10-01665.pdf,SKIPPED,EXISTS,0.00s
water-10-01681.pdf,SKIPPED,EXISTS,0.00s
water-11-00049.pdf,SKIPPED,EXISTS,0.00s
water-11-00052.pdf,SKIPPED,EXISTS,0.00s
water-11-00085.pdf,SKIPPED,EXISTS,0.00s
water-11-00095.pdf,SKIPPED,EXISTS,0.00s
water-11-00212.pdf,SKIPPED,EXISTS,0.00s
water-11-00266.pdf,SKIPPED,EXISTS,0.00s
water-11-00786.pdf,SKIPPED,EXISTS,0.00s
water-11-00907.pdf,SKIPPED,EXISTS,0.00s
water-11-01017.pdf,SKIPPED,EXISTS,0.00s
water-11-01387-v2.pdf,SKIPPED,EXISTS,0.00s
water-11-01418-v2.pdf,SKIPPED,EXISTS,0.00s
water-11-01571-v2.pdf,SKIPPED,EXISTS,0.00s
water-11-01615.pdf,SKIPPED,EXISTS,0.00s
water-11-01620.pdf,SKIPPED,EXISTS,0.00s
water-11-01703-v2.pdf,SKIPPED,EXISTS,0.00s
water-11-01717.pdf,SKIPPED,EXISTS,0.00s
water-11-01832.pdf,SKIPPED,EXISTS,0.00s
water-11-01887.pdf,SKIPPED,EXISTS,0.00s
water-11-02116.pdf,SKIPPED,EXISTS,0.00s
water-11-02195-v2.pdf,SKIPPED,EXISTS,0.00s
water-11-02341-v2.pdf,SKIPPED,EXISTS,0.00s
water-11-02370-v2.pdf,SKIPPED,EXISTS,0.00s
water-11-02454.pdf,SKIPPED,EXISTS,0.00s
water-11-02490.pdf,SKIPPED,EXISTS,0.00s
water-12-00096.pdf,SKIPPED,EXISTS,0.00s
water-12-00255-v2.pdf,SKIPPED,EXISTS,0.00s
water-12-00273.pdf,SKIPPED,EXISTS,0.00s
water-12-00487-v2.pdf,SKIPPED,EXISTS,0.00s
water-12-00704-v2.pdf,SKIPPED,EXISTS,0.00s
water-12-00802-v2.pdf,SKIPPED,EXISTS,0.00s
water-12-00983-v2.pdf,SKIPPED,EXISTS,0.00s
water-12-01090-v2.pdf,SKIPPED,EXISTS,0.00s
water-12-01158-v2.pdf,SKIPPED,EXISTS,0.00s
water-12-01159.pdf,SKIPPED,EXISTS,0.00s
water-12-01315.pdf,SKIPPED,EXISTS,0.00s
water-12-01347-v3.pdf,SKIPPED,EXISTS,0.00s
water-12-01549.pdf,SKIPPED,EXISTS,0.00s
water-12-01624-v3.pdf,SKIPPED,EXISTS,0.00s
water-12-01834-v2.pdf,SKIPPED,EXISTS,0.00s
water-12-01964-v2.pdf,SKIPPED,EXISTS,0.00s
water-12-02122-v2.pdf,SKIPPED,EXISTS,0.00s
water-12-02246-v2.pdf,SKIPPED,EXISTS,0.00s
water-12-02319.pdf,SKIPPED,EXISTS,0.00s
water-12-02416.pdf,SKIPPED,EXISTS,0.00s
water-12-02715-v3.pdf,SKIPPED,EXISTS,0.00s
water-12-02851-v2.pdf,SKIPPED,EXISTS,0.00s
water-12-02893-v2.pdf,SKIPPED,EXISTS,0.00s
water-12-03494-v2.pdf,SKIPPED,EXISTS,0.00s
water-13-00057-v2.pdf,SKIPPED,EXISTS,0.00s
water-13-00230-v2.pdf,SKIPPED,EXISTS,0.00s
water-13-00424-v2.pdf,SKIPPED,EXISTS,0.00s
water-13-00474-v2.pdf,SKIPPED,EXISTS,0.00s
water-13-00676.pdf,SKIPPED,EXISTS,0.00s
water-13-00872.pdf,SKIPPED,EXISTS,0.00s
water-13-01098-v2.pdf,SKIPPED,EXISTS,0.00s
water-13-01122-v2.pdf,SKIPPED,EXISTS,0.00s
water-13-01207-v2.pdf,SKIPPED,EXISTS,0.00s
water-13-01224-v3.pdf,SKIPPED,EXISTS,0.00s
water-13-01229-v2.pdf,SKIPPED,EXISTS,0.00s
water-13-01275-v2.pdf,SKIPPED,EXISTS,0.00s
water-13-01408-v2.pdf,SKIPPED,EXISTS,0.00s
thomas2007.pdf,FAIL,CONNECTION_ERROR,9.07s
water-13-01601-v2.pdf,SKIPPED,EXISTS,0.00s
water-13-01671.pdf,SKIPPED,EXISTS,0.00s
water-13-02252.pdf,SKIPPED,EXISTS,0.00s
water-13-02346-v4.pdf,SKIPPED,EXISTS,0.00s
water-13-02516.pdf,SKIPPED,EXISTS,0.00s
water-13-02667-v2.pdf,SKIPPED,EXISTS,0.00s
water-13-02713-v2.pdf,SKIPPED,EXISTS,0.00s
water-13-02881-v2.pdf,SKIPPED,EXISTS,0.00s
water-13-02926-v2.pdf,SKIPPED,EXISTS,0.00s
water-13-03039.pdf,SKIPPED,EXISTS,0.00s
water-14-00061.pdf,SKIPPED,EXISTS,0.00s
water-14-00087.pdf,SKIPPED,EXISTS,0.00s
water-14-00191.pdf,SKIPPED,EXISTS,0.00s
water-14-00284-v2.pdf,SKIPPED,EXISTS,0.00s
water-14-00792.pdf,SKIPPED,EXISTS,0.00s
water-14-00905-v3.pdf,SKIPPED,EXISTS,0.00s
urbansci-09-00070.pdf,FAIL,CONNECTION_ERROR,7.95s
vestby-et-al-2024-societal-determinants-of-flood-induced-displacement.pdf,FAIL,CONNECTION_ERROR,8.17s
s44288-025-00204-8.pdf,FAIL,CONNECTION_ERROR,7.73s
s44288-025-00178-7.pdf,FAIL,CONNECTION_ERROR,8.65s
s44304-025-00059-6.pdf,FAIL,CONNECTION_ERROR,8.32s
sanyal2004.pdf,SKIPPED,EXISTS,0.00s
sarhadi2012.pdf,SKIPPED,EXISTS,0.00s
schumann2015.pdf,SKIPPED,EXISTS,0.00s
water-13-01551.pdf,FAIL,CONNECTION_ERROR,8.88s
s44304-025-00072-9.pdf,FAIL,CONNECTION_ERROR,9.68s
water-14-01185.pdf,FAIL,CONNECTION_ERROR,8.84s
water-14-01186.pdf,FAIL,CONNECTION_ERROR,7.21s
water-14-01192.pdf,FAIL,CONNECTION_ERROR,9.09s
s44304-025-00076-5.pdf,FAIL,CONNECTION_ERROR,8.85s
sedhyd_2019_mcmc_hms.pdf,SKIPPED,EXISTS,0.00s
sensors-17-00446-v2.pdf,SKIPPED,EXISTS,0.00s
sensors-17-01455-v2.pdf,SKIPPED,EXISTS,0.00s
sensors-18-03704.pdf,SKIPPED,EXISTS,0.00s
sensors-19-01024.pdf,SKIPPED,EXISTS,0.00s
sensors-19-01486-v2.pdf,SKIPPED,EXISTS,0.00s
sensors-19-05012.pdf,SKIPPED,EXISTS,0.00s
sensors-20-07214-v3.pdf,SKIPPED,EXISTS,0.00s
sensors-21-00280.pdf,SKIPPED,EXISTS,0.00s
sensors-21-02648-v2.pdf,SKIPPED,EXISTS,0.00s
sensors-21-03132-v2.pdf,SKIPPED,EXISTS,0.00s
sensors-22-00960.pdf,SKIPPED,EXISTS,0.00s
sensors-22-03573-v2.pdf,SKIPPED,EXISTS,0.00s
serpico2012.pdf,SKIPPED,EXISTS,0.00s
sharifi2021.pdf,SKIPPED,EXISTS,0.00s
skakun2014.pdf,SKIPPED,EXISTS,0.00s
smith1997.pdf,SKIPPED,EXISTS,0.00s
s44304-025-00082-7.pdf,FAIL,CONNECTION_ERROR,8.68s
sciadv.adl4005.pdf,FAIL,CONNECTION_ERROR,8.61s
water-14-01211.pdf,FAIL,CONNECTION_ERROR,8.03s
sdata2018309.pdf,FAIL,CONNECTION_ERROR,8.19s
water-14-01213-v2.pdf,FAIL,CONNECTION_ERROR,8.45s
water-14-01226.pdf,FAIL,CONNECTION_ERROR,8.39s
son2021.pdf,FAIL,CONNECTION_ERROR,7.94s
water-14-01301-v2.pdf,FAIL,CONNECTION_ERROR,8.56s
water-14-01569-v3.pdf,SKIPPED,EXISTS,0.00s
water-14-01776.pdf,SKIPPED,EXISTS,0.00s
water-14-01856.pdf,SKIPPED,EXISTS,0.00s
water-14-02195.pdf,SKIPPED,EXISTS,0.00s
water-14-02363.pdf,SKIPPED,EXISTS,0.00s
water-14-02453.pdf,SKIPPED,EXISTS,0.00s
water-14-02612.pdf,SKIPPED,EXISTS,0.00s
water-14-02726-v2.pdf,SKIPPED,EXISTS,0.00s
water-14-02778.pdf,SKIPPED,EXISTS,0.00s
water-14-02884-v2.pdf,SKIPPED,EXISTS,0.00s
water-14-02945-v2.pdf,SKIPPED,EXISTS,0.00s
water-14-03074-v2.pdf,SKIPPED,EXISTS,0.00s
water-14-03075-v2.pdf,SKIPPED,EXISTS,0.00s
water-14-03348-v2.pdf,SKIPPED,EXISTS,0.00s
water-14-03582-v2.pdf,SKIPPED,EXISTS,0.00s
water-14-03618.pdf,SKIPPED,EXISTS,0.00s
water-14-03779.pdf,SKIPPED,EXISTS,0.00s
water-14-03936-v2.pdf,SKIPPED,EXISTS,0.00s
water-14-04020.pdf,SKIPPED,EXISTS,0.00s
water-15-00076.pdf,SKIPPED,EXISTS,0.00s
water-15-00086.pdf,SKIPPED,EXISTS,0.00s
water-15-00090-v2.pdf,SKIPPED,EXISTS,0.00s
water-15-00303-v2.pdf,SKIPPED,EXISTS,0.00s
water-15-00447-v2.pdf,SKIPPED,EXISTS,0.00s
water-15-00463-v2.pdf,SKIPPED,EXISTS,0.00s
water-15-00483-v2.pdf,SKIPPED,EXISTS,0.00s
water-15-00597.pdf,SKIPPED,EXISTS,0.00s
water-15-00681.pdf,SKIPPED,EXISTS,0.00s
water-15-00813.pdf,SKIPPED,EXISTS,0.00s
water-15-01103-v2.pdf,SKIPPED,EXISTS,0.00s
water-15-01197.pdf,SKIPPED,EXISTS,0.00s
water-15-01389-v3.pdf,SKIPPED,EXISTS,0.00s
water-15-01557-v2.pdf,SKIPPED,EXISTS,0.00s
water-15-01655-v3.pdf,SKIPPED,EXISTS,0.00s
water-15-02035.pdf,SKIPPED,EXISTS,0.00s
water-15-02077-v2.pdf,SKIPPED,EXISTS,0.00s
water-15-02246.pdf,SKIPPED,EXISTS,0.00s
water-15-02249.pdf,SKIPPED,EXISTS,0.00s
water-15-02374.pdf,SKIPPED,EXISTS,0.00s
water-15-02898-v2.pdf,SKIPPED,EXISTS,0.00s
water-15-03130.pdf,SKIPPED,EXISTS,0.00s
water-15-03303.pdf,SKIPPED,EXISTS,0.00s
water-15-03489.pdf,SKIPPED,EXISTS,0.00s
water-15-03510-v2.pdf,SKIPPED,EXISTS,0.00s
water-15-03533.pdf,SKIPPED,EXISTS,0.00s
water-15-03711.pdf,SKIPPED,EXISTS,0.00s
water-15-03772.pdf,SKIPPED,EXISTS,0.00s
water-15-03783-v2.pdf,SKIPPED,EXISTS,0.00s
water-15-03883.pdf,SKIPPED,EXISTS,0.00s
water-15-04201.pdf,SKIPPED,EXISTS,0.00s
water-15-04243.pdf,SKIPPED,EXISTS,0.00s
water-16-00039.pdf,SKIPPED,EXISTS,0.00s
water-16-00124.pdf,SKIPPED,EXISTS,0.00s
water-16-00356.pdf,SKIPPED,EXISTS,0.00s
water-16-00407-v2.pdf,SKIPPED,EXISTS,0.00s
ssrn-4796097.pdf,FAIL,CONNECTION_ERROR,8.95s
ssrn-4966795.pdf,FAIL,CONNECTION_ERROR,8.49s
sustainability-10-03780.pdf,SKIPPED,EXISTS,0.00s
sustainability-11-05406-v2.pdf,SKIPPED,EXISTS,0.00s
sustainability-11-06003-v2.pdf,SKIPPED,EXISTS,0.00s
sustainability-12-05122-v2.pdf,SKIPPED,EXISTS,0.00s
sustainability-12-05784.pdf,SKIPPED,EXISTS,0.00s
sustainability-12-06080.pdf,SKIPPED,EXISTS,0.00s
sustainability-12-06588-v3.pdf,SKIPPED,EXISTS,0.00s
sustainability-12-07187-v2.pdf,SKIPPED,EXISTS,0.00s
sustainability-12-08454-v2.pdf,SKIPPED,EXISTS,0.00s
sustainability-12-09338-v2.pdf,SKIPPED,EXISTS,0.00s
sustainability-13-01291-v3.pdf,SKIPPED,EXISTS,0.00s
sustainability-13-03180-v2.pdf,SKIPPED,EXISTS,0.00s
sustainability-13-07925.pdf,SKIPPED,EXISTS,0.00s
sustainability-14-03251.pdf,SKIPPED,EXISTS,0.00s
water-14-01302.pdf,FAIL,CONNECTION_ERROR,7.81s
ssrn-6448678.pdf,FAIL,CONNECTION_ERROR,7.97s
water-14-01312.pdf,FAIL,CONNECTION_ERROR,8.01s
water-14-01313.pdf,FAIL,CONNECTION_ERROR,9.11s
ssrn-6471361.pdf,FAIL,CONNECTION_ERROR,8.52s
water-16-00765-v2.pdf,FAIL,CONNECTION_ERROR,8.48s
water-16-00811-v2.pdf,FAIL,CONNECTION_ERROR,7.58s
sustainability-14-04466.pdf,FAIL,CONNECTION_ERROR,8.12s
sustainability-14-10430-v2.pdf,SKIPPED,EXISTS,0.00s
sustainability-14-13538.pdf,SKIPPED,EXISTS,0.00s
sustainability-14-14537-v2.pdf,SKIPPED,EXISTS,0.00s
sustainability-14-16651-v2.pdf,SKIPPED,EXISTS,0.00s
sustainability-15-01074-v2.pdf,SKIPPED,EXISTS,0.00s
sustainability-15-01468.pdf,SKIPPED,EXISTS,0.00s
sustainability-15-01758-v2.pdf,SKIPPED,EXISTS,0.00s
sustainability-15-02084.pdf,SKIPPED,EXISTS,0.00s
sustainability-15-06646.pdf,SKIPPED,EXISTS,0.00s
sustainability-15-07959.pdf,SKIPPED,EXISTS,0.00s
sustainability-15-08316-v2.pdf,SKIPPED,EXISTS,0.00s
sustainability-15-09502.pdf,SKIPPED,EXISTS,0.00s
sustainability-15-11965-v2.pdf,SKIPPED,EXISTS,0.00s
sustainability-15-12754.pdf,SKIPPED,EXISTS,0.00s
sustainability-15-14489-v3.pdf,SKIPPED,EXISTS,0.00s
sustainability-15-15223-v2.pdf,SKIPPED,EXISTS,0.00s
sustainability-16-00648.pdf,SKIPPED,EXISTS,0.00s
sustainability-16-00783-v2.pdf,SKIPPED,EXISTS,0.00s
sustainability-16-00875-v2.pdf,SKIPPED,EXISTS,0.00s
stephens2014.pdf,FAIL,CONNECTION_ERROR,9.70s
sustainability-16-05040.pdf,SKIPPED,EXISTS,0.00s
sustainability-14-04483-v2.pdf,FAIL,CONNECTION_ERROR,9.21s
sustainability-17-00217.pdf,SKIPPED,EXISTS,0.00s
water-16-01408-v2.pdf,FAIL,CONNECTION_ERROR,8.61s
water-16-01763-v2.pdf,FAIL,CONNECTION_ERROR,8.38s
sustainability-14-04511-v4.pdf,FAIL,CONNECTION_ERROR,8.44s
water-17-00181-v3.pdf,FAIL,CONNECTION_ERROR,8.15s
water-17-00177.pdf,FAIL,CONNECTION_ERROR,8.82s
sustainability-16-01226-v2.pdf,FAIL,CONNECTION_ERROR,8.44s
sustainability-17-01522.pdf,FAIL,CONNECTION_ERROR,7.82s
sustainability-16-07489.pdf,FAIL,CONNECTION_ERROR,8.94s
water-17-00198.pdf,FAIL,CONNECTION_ERROR,7.76s
water-17-00327.pdf,FAIL,CONNECTION_ERROR,8.35s
sustainability-17-01542.pdf,FAIL,CONNECTION_ERROR,8.07s
water-17-00345-v2.pdf,FAIL,CONNECTION_ERROR,7.90s
sustainability-17-03331.pdf,FAIL,CONNECTION_ERROR,8.38s
water-17-00912-v3.pdf,FAIL,CONNECTION_ERROR,8.92s
sustainability-17-03501.pdf,FAIL,CONNECTION_ERROR,8.23s
tnveconn_2019_106_39.pdf,SKIPPED,EXISTS,0.00s
towler-et-al-2022-incorporating-mid-term-temperature-predictions-into-streamflow-forecasts-and-operational-reservoir.pdf,SKIPPED,EXISTS,0.00s
tralli2005.pdf,SKIPPED,EXISTS,0.00s
tramutoli2007.pdf,SKIPPED,EXISTS,0.00s
ukrbotj-2025-82-5-488.pdf,SKIPPED,EXISTS,0.00s
tdaf007.pdf,FAIL,CONNECTION_ERROR,8.92s
v1_covered.pdf,SKIPPED,EXISTS,0.00s
water-17-00937.pdf,FAIL,CONNECTION_ERROR,8.51s
water-17-01177.pdf,FAIL,CONNECTION_ERROR,7.78s
water-17-02281.pdf,SKIPPED,EXISTS,0.00s
the-impact-of-floods-on-plastic-pollution.pdf,FAIL,CONNECTION_ERROR,8.02s
voigt2016.pdf,SKIPPED,EXISTS,0.00s
vol3-issue1-article0015.pdf,SKIPPED,EXISTS,0.00s
w04w05_20091215141524.pdf,SKIPPED,EXISTS,0.00s
wainwright-ayala-2021-holistic-approaches-to-palaeohydrology-reconstructing-and-modelling-the-neolithic-river-carsamba.pdf,SKIPPED,EXISTS,0.00s
wang2018.pdf,SKIPPED,EXISTS,0.00s
water-05-01036.pdf,SKIPPED,EXISTS,0.00s
water-05-01533-v2.pdf,SKIPPED,EXISTS,0.00s
water-05-01598-v2.pdf,SKIPPED,EXISTS,0.00s
water-06-01221-v2.pdf,SKIPPED,EXISTS,0.00s
water-06-01280-v2.pdf,SKIPPED,EXISTS,0.00s
water-06-01515.pdf,SKIPPED,EXISTS,0.00s
water-06-02367.pdf,SKIPPED,EXISTS,0.00s
water-07-00420.pdf,SKIPPED,EXISTS,0.00s
water-07-01437.pdf,SKIPPED,EXISTS,0.00s
water-07-02293.pdf,SKIPPED,EXISTS,0.00s
water-07-03832.pdf,SKIPPED,EXISTS,0.00s
water-07-05155.pdf,SKIPPED,EXISTS,0.00s
water-08-00023.pdf,SKIPPED,EXISTS,0.00s
water-08-00053.pdf,SKIPPED,EXISTS,0.00s
water-08-00119.pdf,SKIPPED,EXISTS,0.00s
water-08-00228.pdf,SKIPPED,EXISTS,0.00s
water-08-00246.pdf,SKIPPED,EXISTS,0.00s
water-08-00559.pdf,SKIPPED,EXISTS,0.00s
water-09-00048.pdf,SKIPPED,EXISTS,0.00s
water-09-00168.pdf,SKIPPED,EXISTS,0.00s
water-09-00283.pdf,SKIPPED,EXISTS,0.00s
water-09-00342.pdf,SKIPPED,EXISTS,0.00s
water-09-00870.pdf,SKIPPED,EXISTS,0.00s
water-10-00079.pdf,SKIPPED,EXISTS,0.00s
water-10-00216-v2.pdf,SKIPPED,EXISTS,0.00s
water-10-00320-v2.pdf,SKIPPED,EXISTS,0.00s
water-10-00386.pdf,SKIPPED,EXISTS,0.00s
water-10-00581-v2.pdf,SKIPPED,EXISTS,0.00s
water-10-00608.pdf,SKIPPED,EXISTS,0.00s
water-10-00802.pdf,SKIPPED,EXISTS,0.00s
water-10-00876.pdf,SKIPPED,EXISTS,0.00s
water-10-00923.pdf,SKIPPED,EXISTS,0.00s
water-10-01003-v2.pdf,SKIPPED,EXISTS,0.00s
water-10-01158-v2.pdf,SKIPPED,EXISTS,0.00s
water-10-01241-v2.pdf,SKIPPED,EXISTS,0.00s
water-10-01292.pdf,SKIPPED,EXISTS,0.00s
water-10-01440.pdf,SKIPPED,EXISTS,0.00s
water-10-01595.pdf,SKIPPED,EXISTS,0.00s
water-10-01626-v2.pdf,SKIPPED,EXISTS,0.00s
water-10-01665.pdf,SKIPPED,EXISTS,0.00s
water-10-01681.pdf,SKIPPED,EXISTS,0.00s
water-11-00049.pdf,SKIPPED,EXISTS,0.00s
water-11-00052.pdf,SKIPPED,EXISTS,0.00s
water-11-00085.pdf,SKIPPED,EXISTS,0.00s
water-11-00095.pdf,SKIPPED,EXISTS,0.00s
water-11-00212.pdf,SKIPPED,EXISTS,0.00s
water-11-00266.pdf,SKIPPED,EXISTS,0.00s
water-11-00786.pdf,SKIPPED,EXISTS,0.00s
water-11-00907.pdf,SKIPPED,EXISTS,0.00s
water-11-01017.pdf,SKIPPED,EXISTS,0.00s
water-11-01387-v2.pdf,SKIPPED,EXISTS,0.00s
water-11-01418-v2.pdf,SKIPPED,EXISTS,0.00s
water-11-01571-v2.pdf,SKIPPED,EXISTS,0.00s
water-11-01615.pdf,SKIPPED,EXISTS,0.00s
water-11-01620.pdf,SKIPPED,EXISTS,0.00s
water-11-01703-v2.pdf,SKIPPED,EXISTS,0.00s
water-11-01717.pdf,SKIPPED,EXISTS,0.00s
water-11-01832.pdf,SKIPPED,EXISTS,0.00s
water-11-01887.pdf,SKIPPED,EXISTS,0.00s
water-11-02116.pdf,SKIPPED,EXISTS,0.00s
water-11-02195-v2.pdf,SKIPPED,EXISTS,0.00s
water-11-02341-v2.pdf,SKIPPED,EXISTS,0.00s
water-11-02370-v2.pdf,SKIPPED,EXISTS,0.00s
water-11-02454.pdf,SKIPPED,EXISTS,0.00s
water-11-02490.pdf,SKIPPED,EXISTS,0.00s
water-12-00096.pdf,SKIPPED,EXISTS,0.00s
water-12-00255-v2.pdf,SKIPPED,EXISTS,0.00s
water-12-00273.pdf,SKIPPED,EXISTS,0.00s
water-12-00487-v2.pdf,SKIPPED,EXISTS,0.00s
water-12-00704-v2.pdf,SKIPPED,EXISTS,0.00s
water-12-00802-v2.pdf,SKIPPED,EXISTS,0.00s
water-12-00983-v2.pdf,SKIPPED,EXISTS,0.00s
water-12-01090-v2.pdf,SKIPPED,EXISTS,0.00s
water-12-01158-v2.pdf,SKIPPED,EXISTS,0.00s
water-12-01159.pdf,SKIPPED,EXISTS,0.00s
water-12-01315.pdf,SKIPPED,EXISTS,0.00s
water-12-01347-v3.pdf,SKIPPED,EXISTS,0.00s
water-12-01549.pdf,SKIPPED,EXISTS,0.00s
water-12-01624-v3.pdf,SKIPPED,EXISTS,0.00s
water-12-01834-v2.pdf,SKIPPED,EXISTS,0.00s
water-12-01964-v2.pdf,SKIPPED,EXISTS,0.00s
water-12-02122-v2.pdf,SKIPPED,EXISTS,0.00s
water-12-02246-v2.pdf,SKIPPED,EXISTS,0.00s
water-12-02319.pdf,SKIPPED,EXISTS,0.00s
water-12-02416.pdf,SKIPPED,EXISTS,0.00s
water-12-02715-v3.pdf,SKIPPED,EXISTS,0.00s
water-12-02851-v2.pdf,SKIPPED,EXISTS,0.00s
water-12-02893-v2.pdf,SKIPPED,EXISTS,0.00s
water-12-03494-v2.pdf,SKIPPED,EXISTS,0.00s
water-13-00057-v2.pdf,SKIPPED,EXISTS,0.00s
water-13-00230-v2.pdf,SKIPPED,EXISTS,0.00s
water-13-00424-v2.pdf,SKIPPED,EXISTS,0.00s
water-13-00474-v2.pdf,SKIPPED,EXISTS,0.00s
water-13-00676.pdf,SKIPPED,EXISTS,0.00s
water-13-00872.pdf,SKIPPED,EXISTS,0.00s
water-13-01098-v2.pdf,SKIPPED,EXISTS,0.00s
water-13-01122-v2.pdf,SKIPPED,EXISTS,0.00s
water-13-01207-v2.pdf,SKIPPED,EXISTS,0.00s
water-13-01224-v3.pdf,SKIPPED,EXISTS,0.00s
water-13-01229-v2.pdf,SKIPPED,EXISTS,0.00s
water-13-01275-v2.pdf,SKIPPED,EXISTS,0.00s
water-13-01408-v2.pdf,SKIPPED,EXISTS,0.00s
water-17-01155-v2.pdf,FAIL,CONNECTION_ERROR,9.04s
wcas-WCAS-D-21-0141.1-1.pdf,SKIPPED,EXISTS,0.00s
wcas-wcas-d-16-0107_1.pdf,SKIPPED,EXISTS,0.00s
wefo-2008waf2006082_1-1.pdf,SKIPPED,EXISTS,0.00s
wefo-WAF-D-19-0254.1.pdf,SKIPPED,EXISTS,0.00s
wefo-WAF-D-21-0056.1.pdf,SKIPPED,EXISTS,0.00s
wefo-WAF-D-21-0078.1.pdf,SKIPPED,EXISTS,0.00s
wefo-WAF-D-21-0207.1.pdf,SKIPPED,EXISTS,0.00s
wefo-WAF-D-22-0056.1.pdf,SKIPPED,EXISTS,0.00s
wefo-WAF-D-22-0070.1.pdf,SKIPPED,EXISTS,0.00s
wefo-WAF-D-22-0187.1.pdf,SKIPPED,EXISTS,0.00s
wefo-WAF-D-23-0104.1.pdf,SKIPPED,EXISTS,0.00s
wefo-waf-d-16-0094_1-1.pdf,SKIPPED,EXISTS,0.00s
wefo-waf-d-20-0028.1.pdf,SKIPPED,EXISTS,0.00s
wefo-waf-d-20-0153.1.pdf,SKIPPED,EXISTS,0.00s
thomas2007.pdf,FAIL,CONNECTION_ERROR,8.81s
water-13-01601-v2.pdf,SKIPPED,EXISTS,0.00s
water-13-01671.pdf,SKIPPED,EXISTS,0.00s
water-13-02252.pdf,SKIPPED,EXISTS,0.00s
water-13-02346-v4.pdf,SKIPPED,EXISTS,0.00s
water-13-02516.pdf,SKIPPED,EXISTS,0.00s
water-13-02667-v2.pdf,SKIPPED,EXISTS,0.00s
water-13-02713-v2.pdf,SKIPPED,EXISTS,0.00s
water-13-02881-v2.pdf,SKIPPED,EXISTS,0.00s
water-13-02926-v2.pdf,SKIPPED,EXISTS,0.00s
water-13-03039.pdf,SKIPPED,EXISTS,0.00s
water-14-00061.pdf,SKIPPED,EXISTS,0.00s
water-14-00087.pdf,SKIPPED,EXISTS,0.00s
water-14-00191.pdf,SKIPPED,EXISTS,0.00s
water-14-00284-v2.pdf,SKIPPED,EXISTS,0.00s
water-14-00792.pdf,SKIPPED,EXISTS,0.00s
water-14-00905-v3.pdf,SKIPPED,EXISTS,0.00s
water-17-01276.pdf,FAIL,CONNECTION_ERROR,9.25s
world-07-00003-v2.pdf,SKIPPED,EXISTS,0.00s
ws022043842.pdf,SKIPPED,EXISTS,0.00s
yan2015.pdf,SKIPPED,EXISTS,0.00s
yelistratova et al..pdf,SKIPPED,EXISTS,0.00s
urbansci-09-00070.pdf,FAIL,CONNECTION_ERROR,8.96s
water-17-02155-v2.pdf,FAIL,CONNECTION_ERROR,8.11s
vestby-et-al-2024-societal-determinants-of-flood-induced-displacement.pdf,FAIL,CONNECTION_ERROR,9.17s
water-17-02323.pdf,FAIL,CONNECTION_ERROR,8.19s
water-13-01551.pdf,FAIL,CONNECTION_ERROR,8.71s
wettstein_2025_oi_250034_1740757240.96384.pdf,FAIL,CONNECTION_ERROR,8.70s
zhang2020.pdf,FAIL,CONNECTION_ERROR,7.52s
water-14-01185.pdf,FAIL,CONNECTION_ERROR,8.93s
water-14-01186.pdf,FAIL,CONNECTION_ERROR,8.81s
water-14-01192.pdf,FAIL,CONNECTION_ERROR,8.27s
zheng2015.pdf,FAIL,CONNECTION_ERROR,8.81s
ХЕК РАС В РЕЖИМІ РЕАЛЬНОГО document.pdf,FAIL,CONNECTION_ERROR,7.62s
water-14-01211.pdf,FAIL,CONNECTION_ERROR,8.98s
water-14-01213-v2.pdf,FAIL,CONNECTION_ERROR,8.23s
water-14-01301-v2.pdf,FAIL,CONNECTION_ERROR,7.90s
water-14-01226.pdf,FAIL,CONNECTION_ERROR,9.07s
water-14-01569-v3.pdf,SKIPPED,EXISTS,0.00s
water-14-01776.pdf,SKIPPED,EXISTS,0.00s
water-14-01856.pdf,SKIPPED,EXISTS,0.00s
water-14-02195.pdf,SKIPPED,EXISTS,0.00s
water-14-02363.pdf,SKIPPED,EXISTS,0.00s
water-14-02453.pdf,SKIPPED,EXISTS,0.00s
water-14-02612.pdf,SKIPPED,EXISTS,0.00s
water-14-02726-v2.pdf,SKIPPED,EXISTS,0.00s
water-14-02778.pdf,SKIPPED,EXISTS,0.00s
water-14-02884-v2.pdf,SKIPPED,EXISTS,0.00s
water-14-02945-v2.pdf,SKIPPED,EXISTS,0.00s
water-14-03074-v2.pdf,SKIPPED,EXISTS,0.00s
water-14-03075-v2.pdf,SKIPPED,EXISTS,0.00s
water-14-03348-v2.pdf,SKIPPED,EXISTS,0.00s
water-14-03582-v2.pdf,SKIPPED,EXISTS,0.00s
water-14-03618.pdf,SKIPPED,EXISTS,0.00s
water-14-03779.pdf,SKIPPED,EXISTS,0.00s
water-14-03936-v2.pdf,SKIPPED,EXISTS,0.00s
water-14-04020.pdf,SKIPPED,EXISTS,0.00s
water-15-00076.pdf,SKIPPED,EXISTS,0.00s
water-15-00086.pdf,SKIPPED,EXISTS,0.00s
water-15-00090-v2.pdf,SKIPPED,EXISTS,0.00s
water-15-00303-v2.pdf,SKIPPED,EXISTS,0.00s
water-15-00447-v2.pdf,SKIPPED,EXISTS,0.00s
water-15-00463-v2.pdf,SKIPPED,EXISTS,0.00s
water-15-00483-v2.pdf,SKIPPED,EXISTS,0.00s
water-15-00597.pdf,SKIPPED,EXISTS,0.00s
water-15-00681.pdf,SKIPPED,EXISTS,0.00s
water-15-00813.pdf,SKIPPED,EXISTS,0.00s
water-15-01103-v2.pdf,SKIPPED,EXISTS,0.00s
water-15-01197.pdf,SKIPPED,EXISTS,0.00s
water-15-01389-v3.pdf,SKIPPED,EXISTS,0.00s
water-15-01557-v2.pdf,SKIPPED,EXISTS,0.00s
water-15-01655-v3.pdf,SKIPPED,EXISTS,0.00s
water-15-02035.pdf,SKIPPED,EXISTS,0.00s
water-15-02077-v2.pdf,SKIPPED,EXISTS,0.00s
water-15-02246.pdf,SKIPPED,EXISTS,0.00s
water-15-02249.pdf,SKIPPED,EXISTS,0.00s
water-15-02374.pdf,SKIPPED,EXISTS,0.00s
water-15-02898-v2.pdf,SKIPPED,EXISTS,0.00s
water-15-03130.pdf,SKIPPED,EXISTS,0.00s
water-15-03303.pdf,SKIPPED,EXISTS,0.00s
water-15-03489.pdf,SKIPPED,EXISTS,0.00s
water-15-03510-v2.pdf,SKIPPED,EXISTS,0.00s
water-15-03533.pdf,SKIPPED,EXISTS,0.00s
water-15-03711.pdf,SKIPPED,EXISTS,0.00s
water-15-03772.pdf,SKIPPED,EXISTS,0.00s
water-15-03783-v2.pdf,SKIPPED,EXISTS,0.00s
water-15-03883.pdf,SKIPPED,EXISTS,0.00s
water-15-04201.pdf,SKIPPED,EXISTS,0.00s
water-15-04243.pdf,SKIPPED,EXISTS,0.00s
water-16-00039.pdf,SKIPPED,EXISTS,0.00s
water-16-00124.pdf,SKIPPED,EXISTS,0.00s
water-16-00356.pdf,SKIPPED,EXISTS,0.00s
water-16-00407-v2.pdf,SKIPPED,EXISTS,0.00s
water-14-01302.pdf,FAIL,CONNECTION_ERROR,8.19s
water-14-01312.pdf,FAIL,CONNECTION_ERROR,9.58s
water-14-01313.pdf,FAIL,CONNECTION_ERROR,8.67s
water-16-00765-v2.pdf,FAIL,CONNECTION_ERROR,9.19s
water-16-00811-v2.pdf,FAIL,CONNECTION_ERROR,7.80s
water-17-00177.pdf,SUCCESS,FULL,58.07s
water-16-01408-v2.pdf,SUCCESS,FULL,64.19s
water-17-00181-v3.pdf,SUCCESS,FULL,61.04s
water-16-01763-v2.pdf,SUCCESS,FULL,65.26s
water-17-00198.pdf,SUCCESS,FULL,40.33s
water-17-00327.pdf,SUCCESS,FULL,36.34s
water-17-00912-v3.pdf,SUCCESS,FULL,42.39s
water-17-00345-v2.pdf,SUCCESS,FULL,42.85s
water-17-00937.pdf,SUCCESS,FULL,27.99s
water-17-01155-v2.pdf,SUCCESS,FULL,28.21s
water-17-02281.pdf,SKIPPED,EXISTS,0.00s
water-17-01177.pdf,SUCCESS,FULL,42.63s
wcas-WCAS-D-21-0141.1-1.pdf,SKIPPED,EXISTS,0.00s
wcas-wcas-d-16-0107_1.pdf,SKIPPED,EXISTS,0.00s
wefo-2008waf2006082_1-1.pdf,SKIPPED,EXISTS,0.00s
wefo-WAF-D-19-0254.1.pdf,SKIPPED,EXISTS,0.00s
wefo-WAF-D-21-0056.1.pdf,SKIPPED,EXISTS,0.00s
wefo-WAF-D-21-0078.1.pdf,SKIPPED,EXISTS,0.00s
wefo-WAF-D-21-0207.1.pdf,SKIPPED,EXISTS,0.00s
wefo-WAF-D-22-0056.1.pdf,SKIPPED,EXISTS,0.00s
wefo-WAF-D-22-0070.1.pdf,SKIPPED,EXISTS,0.00s
wefo-WAF-D-22-0187.1.pdf,SKIPPED,EXISTS,0.00s
wefo-WAF-D-23-0104.1.pdf,SKIPPED,EXISTS,0.00s
wefo-waf-d-16-0094_1-1.pdf,SKIPPED,EXISTS,0.00s
wefo-waf-d-20-0028.1.pdf,SKIPPED,EXISTS,0.00s
wefo-waf-d-20-0153.1.pdf,SKIPPED,EXISTS,0.00s
water-17-01276.pdf,SUCCESS,FULL,62.90s
world-07-00003-v2.pdf,SKIPPED,EXISTS,0.00s
ws022043842.pdf,SKIPPED,EXISTS,0.00s
yan2015.pdf,SKIPPED,EXISTS,0.00s
yelistratova et al..pdf,SKIPPED,EXISTS,0.00s
water-17-02155-v2.pdf,SUCCESS,FULL,44.83s
water-17-02323.pdf,SUCCESS,FULL,49.73s
wettstein_2025_oi_250034_1740757240.96384.pdf,SUCCESS,FULL,37.47s
zheng2015.pdf,SUCCESS,FULL,20.96s
zhang2020.pdf,SUCCESS,FULL,22.63s
ХЕК РАС В РЕЖИМІ РЕАЛЬНОГО document.pdf,SUCCESS,FULL,18.17s
